office_name,pincode,delivery_status,office_type,region,division
Ajmer H.O,305001,Delivery,HO,Ajmer,Region Ajmer
Alwar Gate Ajmer S.O,305001,Non-Delivery,PO,Ajmer,Region Ajmer
Ashok Marg Ajmer S.O,305001,Non-Delivery,PO,Ajmer,Region Ajmer
Bhajan Ganj Ajmer S.O,305001,Non-Delivery,PO,Ajmer,Region Ajmer
Dargha Shareef Ajmer S.O,305001,Non-Delivery,PO,Ajmer,Region Ajmer
Dhan Mandi Ajmer S.O,305001,Non-Delivery,PO,Ajmer,Region Ajmer
Ganj Ajmer S.O,305001,Non-Delivery,PO,Ajmer,Region Ajmer
Gujar Dharti Ajmer S.O,305001,Non-Delivery,PO,Ajmer,Region Ajmer
Jln Hospital Ajmer S.O,305001,Non-Delivery,PO,Ajmer,Region Ajmer
Jones Ganj Ajmer S.O,305001,Non-Delivery,PO,Ajmer,Region Ajmer
Kaiser Ganj Ajmer S.O,305001,Non-Delivery,PO,Ajmer,Region Ajmer
Kutchery S.O (Ajmer),305001,Non-Delivery,PO,Ajmer,Region Ajmer
Loco Work Shop Ajmer S.O,305001,Non-Delivery,PO,Ajmer,Region Ajmer
Nagra Ajmer S.O,305001,Non-Delivery,PO,Ajmer,Region Ajmer
Naya Bazar S.O (Ajmer),305001,Non-Delivery,PO,Ajmer,Region Ajmer
Raj. Edu. Board Ajmer S.O,305001,Non-Delivery,PO,Ajmer,Region Ajmer
RPSC Ajmer S.O,305001,Non-Delivery,PO,Ajmer,Region Ajmer
Session Court Ajmer S.O,305001,Non-Delivery,PO,Ajmer,Region Ajmer
Shastri Nagar S.O (Ajmer),305001,Non-Delivery,PO,Ajmer,Region Ajmer
Makhupura B.O,305002,Delivery,BO,Ajmer,Region Ajmer
Ie Makhu Pura Ajmer S.O,305002,Delivery,PO,Ajmer,Region Ajmer
Sendaria B.O,305002,Delivery,BO,Ajmer,Region Ajmer
Adarsh Nagar (Ajmer) S.O,305002,Non-Delivery,PO,Ajmer,Region Ajmer
Dorai B.O,305003,Delivery,BO,Ajmer,Region Ajmer
Somalpur B.O,305003,Delivery,BO,Ajmer,Region Ajmer
Hmt Ajmer Dtso S.O,305003,Delivery,PO,Ajmer,Region Ajmer
Ajai Nagra S.O,305003,Non-Delivery,PO,Ajmer,Region Ajmer
Chanderverdai Nagar S.O,305003,Non-Delivery,PO,Ajmer,Region Ajmer
Ram Ganj Ajmer S.O,305003,Non-Delivery,PO,Ajmer,Region Ajmer
Chorsiawas B.O,305004,Delivery,BO,Ajmer,Region Ajmer
Makarwali B.O,305004,Delivery,BO,Ajmer,Region Ajmer
Nosar B.O,305004,Delivery,BO,Ajmer,Region Ajmer
Regional College Ajmer S.O,305004,Delivery,PO,Ajmer,Region Ajmer
B.K.Kaul Nagar S.O,305004,Non-Delivery,PO,Ajmer,Region Ajmer
Panchsheel Nagar  S.O,305004,Non-Delivery,PO,Ajmer,Region Ajmer
Vaishali Nagar Ajmer S.O,305004,Non-Delivery,PO,Ajmer,Region Ajmer
Ajaiser B.O,305005,Delivery,BO,Ajmer,Region Ajmer
Hatikhera B.O,305005,Delivery,BO,Ajmer,Region Ajmer
Kharkheri B.O,305005,Delivery,BO,Ajmer,Region Ajmer
Crpf Ajmer S.O,305005,Delivery,PO,Ajmer,Region Ajmer
Gc Road Ajmer S.O,305007,Delivery,PO,Ajmer,Region Ajmer
Mayo S.O,305007,Non-Delivery,PO,Ajmer,Region Ajmer
Naka Madar Ajmer S.O,305007,Non-Delivery,PO,Ajmer,Region Ajmer
Pal Beesla Ajmer S.O,305007,Non-Delivery,PO,Ajmer,Region Ajmer
Mds University Ajmer S.O,305009,Delivery,PO,Ajmer,Region Ajmer
Hatundi B.O,305012,Delivery,BO,Ajmer,Region Ajmer
Mss Hatundi S.O,305012,Delivery,PO,Ajmer,Region Ajmer
Kanwalai B.O,305021,Delivery,BO,Ajmer,Region Ajmer
Khori B.O,305021,Delivery,BO,Ajmer,Region Ajmer
Karel S.O,305021,Delivery,PO,Ajmer,Region Ajmer
Bhagwan Pura B.O,305022,Delivery,BO,Ajmer,Region Ajmer
Deo Nagar B.O,305022,Delivery,BO,Ajmer,Region Ajmer
Ganahera B.O,305022,Delivery,BO,Ajmer,Region Ajmer
Kanas B.O,305022,Delivery,BO,Ajmer,Region Ajmer
Kishanpura B.O,305022,Delivery,BO,Ajmer,Region Ajmer
Nand B.O,305022,Delivery,BO,Ajmer,Region Ajmer
Picholia B.O,305022,Delivery,BO,Ajmer,Region Ajmer
Tilora B.O,305022,Delivery,BO,Ajmer,Region Ajmer
Pushkar S.O,305022,Delivery,PO,Ajmer,Region Ajmer
Pushkar Bazar S.O,305022,Non-Delivery,PO,Ajmer,Region Ajmer
Bhudol B.O,305023,Delivery,BO,Ajmer,Region Ajmer
Bubani B.O,305023,Delivery,BO,Ajmer,Region Ajmer
Chachiwas B.O,305023,Delivery,BO,Ajmer,Region Ajmer
Gegal Akhari B.O,305023,Delivery,BO,Ajmer,Region Ajmer
Googhra B.O,305023,Delivery,BO,Ajmer,Region Ajmer
Kayar B.O,305023,Delivery,BO,Ajmer,Region Ajmer
Ladpura B.O,305023,Delivery,BO,Ajmer,Region Ajmer
Gagwana S.O,305023,Delivery,PO,Ajmer,Region Ajmer
Mohami B.O,305023,Delivery,BO,Ajmer,Region Ajmer
Untra B.O,305023,Delivery,BO,Ajmer,Region Ajmer
Nareli B.O,305024,Delivery,BO,Ajmer,Region Ajmer
Rasoolpura B.O,305024,Delivery,BO,Ajmer,Region Ajmer
Maday S.O,305024,Delivery,PO,Ajmer,Region Ajmer
Srinagar S.O (Ajmer),305025,Delivery,PO,Ajmer,Region Ajmer
Badliya B.O,305025,Delivery,BO,Ajmer,Region Ajmer
Beer B.O,305025,Delivery,BO,Ajmer,Region Ajmer
Danta B.O,305025,Delivery,BO,Ajmer,Region Ajmer
Farkia B.O,305025,Delivery,BO,Ajmer,Region Ajmer
Jilawara B.O,305025,Delivery,BO,Ajmer,Region Ajmer
Kana Kheri B.O,305025,Delivery,BO,Ajmer,Region Ajmer
Kanpura B.O,305025,Delivery,BO,Ajmer,Region Ajmer
Mundolao B.O,305025,Delivery,BO,Ajmer,Region Ajmer
Palran B.O,305025,Delivery,BO,Ajmer,Region Ajmer
Tihari B.O,305025,Delivery,BO,Ajmer,Region Ajmer
Bithur B.O,305205,Delivery,BO,Ajmer,Region Ajmer
Kaklana B.O,305205,Delivery,BO,Ajmer,Region Ajmer
Kotaj B.O,305205,Delivery,BO,Ajmer,Region Ajmer
Maya Pur B.O,305205,Delivery,BO,Ajmer,Region Ajmer
Raj Garh (Ajmer) S.O,305205,Delivery,PO,Ajmer,Region Ajmer
Amba Masina B.O,305206,Delivery,BO,Ajmer,Region Ajmer
Bhaonta B.O,305206,Delivery,BO,Ajmer,Region Ajmer
Saradhana S.O,305206,Delivery,PO,Ajmer,Region Ajmer
Dumara B.O,305206,Delivery,BO,Ajmer,Region Ajmer
Kesarpura B.O,305206,Delivery,BO,Ajmer,Region Ajmer
Makrera B.O,305206,Delivery,BO,Ajmer,Region Ajmer
Nooriawas B.O,305206,Delivery,BO,Ajmer,Region Ajmer
Tabiji B.O,305206,Delivery,BO,Ajmer,Region Ajmer
Deo Puri B.O,305801,Delivery,BO,Ajmer,Region Ajmer
Sursara B.O,305801,Delivery,BO,Ajmer,Region Ajmer
Dhasook B.O,305801,Delivery,BO,Ajmer,Region Ajmer
Khandach B.O,305801,Delivery,BO,Ajmer,Region Ajmer
Sardar Singh Ki Dhani B.O,305801,Delivery,BO,Ajmer,Region Ajmer
Ralaota B.O,305801,Delivery,BO,Ajmer,Region Ajmer
Barna B.O,305801,Delivery,BO,Ajmer,Region Ajmer
Bandar Sindari B.O,305801,Delivery,BO,Ajmer,Region Ajmer
Sanwatsar B.O,305801,Delivery,BO,Ajmer,Region Ajmer
Jheerota B.O,305801,Delivery,BO,Ajmer,Region Ajmer
Thal B.O,305801,Delivery,BO,Ajmer,Region Ajmer
Dindwara B.O,305801,Delivery,BO,Ajmer,Region Ajmer
Katsura B.O,305801,Delivery,BO,Ajmer,Region Ajmer
Mundoti B.O,305801,Delivery,BO,Ajmer,Region Ajmer
Madanganj Kishangarh H.O,305801,Delivery,HO,Ajmer,Region Ajmer
Aditya Mills S.O,305801,Non-Delivery,PO,Ajmer,Region Ajmer
Chandra Colony S.O,305801,Non-Delivery,PO,Ajmer,Region Ajmer
Gandhi Nagar Madanganj S.O,305801,Non-Delivery,PO,Ajmer,Region Ajmer
Marble Ind. Area Kishangarh S.O,305801,Non-Delivery,PO,Ajmer,Region Ajmer
Shivaji Nagar S.O (Ajmer),305801,Non-Delivery,PO,Ajmer,Region Ajmer
Kishangarh City S.O,305802,Delivery,PO,Ajmer,Region Ajmer
Sargoan B.O,305802,Delivery,BO,Ajmer,Region Ajmer
Silora B.O,305802,Delivery,BO,Ajmer,Region Ajmer
Tikawara B.O,305802,Delivery,BO,Ajmer,Region Ajmer
Udaipur Kalan B.O,305802,Delivery,BO,Ajmer,Region Ajmer
Dhan Mandi   Kishan Garh S.O,305802,Non-Delivery,PO,Ajmer,Region Ajmer
Kuchil S.O,305811,Delivery,PO,Ajmer,Region Ajmer
Ararka B.O,305811,Delivery,BO,Ajmer,Region Ajmer
Babaicha B.O,305811,Delivery,BO,Ajmer,Region Ajmer
Chitakhera B.O,305811,Delivery,BO,Ajmer,Region Ajmer
Magara B.O,305811,Delivery,BO,Ajmer,Region Ajmer
Magri B.O,305811,Delivery,BO,Ajmer,Region Ajmer
Narwar B.O,305811,Delivery,BO,Ajmer,Region Ajmer
Harmara S.O,305812,Delivery,PO,Ajmer,Region Ajmer
Buharu B.O,305812,Delivery,BO,Ajmer,Region Ajmer
Chhota Naraina B.O,305812,Delivery,BO,Ajmer,Region Ajmer
Arain S.O,305813,Delivery,PO,Ajmer,Region Ajmer
Akodia B.O,305813,Delivery,BO,Ajmer,Region Ajmer
Bhamolao B.O,305813,Delivery,BO,Ajmer,Region Ajmer
Bhogadeet B.O,305813,Delivery,BO,Ajmer,Region Ajmer
Dadia B.O,305813,Delivery,BO,Ajmer,Region Ajmer
Dang B.O,305813,Delivery,BO,Ajmer,Region Ajmer
Gagunda B.O,305813,Delivery,BO,Ajmer,Region Ajmer
Gothiana B.O,305813,Delivery,BO,Ajmer,Region Ajmer
Kalanada B.O,305813,Delivery,BO,Ajmer,Region Ajmer
Lamba B.O,305813,Delivery,BO,Ajmer,Region Ajmer
Sandolia B.O,305813,Delivery,BO,Ajmer,Region Ajmer
Sironj B.O,305813,Delivery,BO,Ajmer,Region Ajmer
Roopnagar S.O,305814,Delivery,PO,Ajmer,Region Ajmer
Bhadoon B.O,305814,Delivery,BO,Ajmer,Region Ajmer
Jajota B.O,305814,Delivery,BO,Ajmer,Region Ajmer
Kotdi B.O,305814,Delivery,BO,Ajmer,Region Ajmer
Nawa B.O,305814,Delivery,BO,Ajmer,Region Ajmer
Nitooti B.O,305814,Delivery,BO,Ajmer,Region Ajmer
Nosal B.O,305814,Delivery,BO,Ajmer,Region Ajmer
Paner B.O,305814,Delivery,BO,Ajmer,Region Ajmer
Raghunath Pura B.O,305814,Delivery,BO,Ajmer,Region Ajmer
Sinodia B.O,305814,Delivery,BO,Ajmer,Region Ajmer
Tyod B.O,305814,Delivery,BO,Ajmer,Region Ajmer
Salemabad S.O,305815,Delivery,PO,Ajmer,Region Ajmer
Khatoli B.O,305815,Delivery,BO,Ajmer,Region Ajmer
Pinglod B.O,305815,Delivery,BO,Ajmer,Region Ajmer
Singara B.O,305815,Delivery,BO,Ajmer,Region Ajmer
Tityari B.O,305815,Delivery,BO,Ajmer,Region Ajmer
Tiloniya S.O,305816,Delivery,PO,Ajmer,Region Ajmer
Patan B.O,305816,Delivery,BO,Ajmer,Region Ajmer
Nalu B.O,305816,Delivery,BO,Ajmer,Region Ajmer
Central University of Rajasthan S.O,305817,Delivery,PO,Ajmer,Region Ajmer
Karkeri S.O,305819,Delivery,PO,Ajmer,Region Ajmer
Amarpura B.O,305819,Delivery,BO,Ajmer,Region Ajmer
Govind Garh S.O,305201,Delivery,PO,Ajmer,Region Beawar
Leswa B.O,305201,Delivery,BO,Ajmer,Region Beawar
Kharwa S.O,305202,Delivery,PO,Ajmer,Region Beawar
Gola B.O,305202,Delivery,BO,Ajmer,Region Beawar
Kanakhera B.O,305202,Delivery,BO,Ajmer,Region Beawar
Lamana B.O,305202,Delivery,BO,Ajmer,Region Beawar
Piplaj B.O,305202,Delivery,BO,Ajmer,Region Beawar
Rudlai B.O,305202,Delivery,BO,Ajmer,Region Beawar
Mangliawas S.O,305203,Delivery,PO,Ajmer,Region Beawar
Arjunpura B.O,305203,Delivery,BO,Ajmer,Region Beawar
Bhimpura B.O,305203,Delivery,BO,Ajmer,Region Beawar
Brickchiawas B.O,305203,Delivery,BO,Ajmer,Region Beawar
Leeri B.O,305203,Delivery,BO,Ajmer,Region Beawar
Pisangan S.O,305204,Delivery,PO,Ajmer,Region Beawar
Budhwara B.O,305204,Delivery,BO,Ajmer,Region Beawar
Fathepura B.O,305204,Delivery,BO,Ajmer,Region Beawar
Kalesara B.O,305204,Delivery,BO,Ajmer,Region Beawar
Karnos B.O,305204,Delivery,BO,Ajmer,Region Beawar
Mewaria B.O,305204,Delivery,BO,Ajmer,Region Beawar
Pagaran B.O,305204,Delivery,BO,Ajmer,Region Beawar
Rampura Dabla B.O,305204,Delivery,BO,Ajmer,Region Beawar
Jethana S.O,305207,Delivery,PO,Ajmer,Region Beawar
Alipura B.O,305207,Delivery,BO,Ajmer,Region Beawar
Bhadsuri B.O,305207,Delivery,BO,Ajmer,Region Beawar
Dantra B.O,305207,Delivery,BO,Ajmer,Region Beawar
Dodiana B.O,305207,Delivery,BO,Ajmer,Region Beawar
Nagelao B.O,305207,Delivery,BO,Ajmer,Region Beawar
Bhwani Khera S.O,305401,Delivery,PO,Ajmer,Region Beawar
Baghsuri B.O,305401,Delivery,BO,Ajmer,Region Beawar
Banewara B.O,305401,Delivery,BO,Ajmer,Region Beawar
Boobaniya B.O,305401,Delivery,BO,Ajmer,Region Beawar
Nandla B.O,305401,Delivery,BO,Ajmer,Region Beawar
Rajosi B.O,305401,Delivery,BO,Ajmer,Region Beawar
Ramsar S.O (Ajmer),305402,Delivery,PO,Ajmer,Region Beawar
Jhadol B.O,305402,Delivery,BO,Ajmer,Region Beawar
Mandawaria B.O,305402,Delivery,BO,Ajmer,Region Beawar
Mawasia B.O,305402,Delivery,BO,Ajmer,Region Beawar
Morajhari B.O,305402,Delivery,BO,Ajmer,Region Beawar
Samproda B.O,305402,Delivery,BO,Ajmer,Region Beawar
Tilana B.O,305402,Delivery,BO,Ajmer,Region Beawar
Sarwar S.O,305403,Delivery,PO,Ajmer,Region Beawar
Bhagwan Pura B.O,305403,Delivery,BO,Ajmer,Region Beawar
Jadana B.O,305403,Delivery,BO,Ajmer,Region Beawar
Khiriya B.O,305403,Delivery,BO,Ajmer,Region Beawar
Satolav B.O,305403,Delivery,BO,Ajmer,Region Beawar
Kekri S.O,305404,Delivery,PO,Ajmer,Region Beawar
Ajgara B.O,305404,Delivery,BO,Ajmer,Region Beawar
Bharai B.O,305404,Delivery,BO,Ajmer,Region Beawar
Jetpura B.O,305404,Delivery,BO,Ajmer,Region Beawar
Kerot B.O,305404,Delivery,BO,Ajmer,Region Beawar
Mevada Kalan B.O,305404,Delivery,BO,Ajmer,Region Beawar
Pharkia B.O,305404,Delivery,BO,Ajmer,Region Beawar
Pranhera B.O,305404,Delivery,BO,Ajmer,Region Beawar
Rampali B.O,305404,Delivery,BO,Ajmer,Region Beawar
Sanpla B.O,305404,Delivery,BO,Ajmer,Region Beawar
Sarsari B.O,305404,Delivery,BO,Ajmer,Region Beawar
Sunpa B.O,305404,Delivery,BO,Ajmer,Region Beawar
MEWADAKHURD B.O,305404,Delivery,BO,Ajmer,Region Beawar
Aloli B.O,305405,Delivery,BO,Ajmer,Region Beawar
Kadera S.O,305405,Delivery,PO,Ajmer,Region Beawar
Bhimrawas B.O,305405,Delivery,BO,Ajmer,Region Beawar
Khawas B.O,305405,Delivery,BO,Ajmer,Region Beawar
Mehru Kalan B.O,305405,Delivery,BO,Ajmer,Region Beawar
Piplaj B.O,305405,Delivery,BO,Ajmer,Region Beawar
Sankariya B.O,305405,Delivery,BO,Ajmer,Region Beawar
Harpura B.O,305406,Delivery,BO,Ajmer,Region Beawar
Hingonia B.O,305406,Delivery,BO,Ajmer,Region Beawar
Lalai B.O,305406,Delivery,BO,Ajmer,Region Beawar
Lasadia B.O,305406,Delivery,BO,Ajmer,Region Beawar
Junia S.O,305406,Delivery,PO,Ajmer,Region Beawar
Sawar S.O,305407,Delivery,PO,Ajmer,Region Beawar
Bajata B.O,305407,Delivery,BO,Ajmer,Region Beawar
Bisundri B.O,305407,Delivery,BO,Ajmer,Region Beawar
Chitiawas B.O,305407,Delivery,BO,Ajmer,Region Beawar
Ghatiyali B.O,305407,Delivery,BO,Ajmer,Region Beawar
Gordha B.O,305407,Delivery,BO,Ajmer,Region Beawar
Gulgaon B.O,305407,Delivery,BO,Ajmer,Region Beawar
Kunwar Ji Ka Kalera B.O,305407,Delivery,BO,Ajmer,Region Beawar
Kushayata B.O,305407,Delivery,BO,Ajmer,Region Beawar
Napa Khera B.O,305407,Delivery,BO,Ajmer,Region Beawar
Sadara B.O,305407,Delivery,BO,Ajmer,Region Beawar
Tankawas B.O,305407,Delivery,BO,Ajmer,Region Beawar
Bogla B.O,305408,Delivery,BO,Ajmer,Region Beawar
Dhundhari B.O,305408,Delivery,BO,Ajmer,Region Beawar
Kohda B.O,305408,Delivery,BO,Ajmer,Region Beawar
Molkiya B.O,305408,Delivery,BO,Ajmer,Region Beawar
Salari B.O,305408,Delivery,BO,Ajmer,Region Beawar
Taswaria B.O,305408,Delivery,BO,Ajmer,Region Beawar
PARA S.O,305408,Delivery,PO,Ajmer,Region Beawar
K.K.GOPAL B.O,305408,Delivery,BO,Ajmer,Region Beawar
Kaseer B.O,305412,Delivery,BO,Ajmer,Region Beawar
Manoharpura B.O,305412,Delivery,BO,Ajmer,Region Beawar
Sher Garh B.O,305412,Delivery,BO,Ajmer,Region Beawar
Siyar B.O,305412,Delivery,BO,Ajmer,Region Beawar
Fathegarh S.O,305412,Delivery,PO,Ajmer,Region Beawar
Barol B.O,305412,Delivery,BO,Ajmer,Region Beawar
Bidla B.O,305412,Delivery,BO,Ajmer,Region Beawar
Borada B.O,305412,Delivery,BO,Ajmer,Region Beawar
Dabrella B.O,305412,Delivery,BO,Ajmer,Region Beawar
Baghera S.O,305415,Delivery,PO,Ajmer,Region Beawar
Deogaon B.O,305415,Delivery,BO,Ajmer,Region Beawar
Karonj B.O,305415,Delivery,BO,Ajmer,Region Beawar
Nasirabad H.O,305601,Delivery,HO,Ajmer,Region Beawar
Dilwara B.O,305601,Delivery,BO,Ajmer,Region Beawar
Sanod B.O,305601,Delivery,BO,Ajmer,Region Beawar
Sarana B.O,305601,Delivery,BO,Ajmer,Region Beawar
Loharwara B.O,305601,Delivery,BO,Ajmer,Region Beawar
Arwar B.O,305601,Delivery,BO,Ajmer,Region Beawar
Bhatiyani B.O,305601,Delivery,BO,Ajmer,Region Beawar
Derathu B.O,305601,Delivery,BO,Ajmer,Region Beawar
Goyla B.O,305601,Delivery,BO,Ajmer,Region Beawar
Shokalia B.O,305601,Delivery,BO,Ajmer,Region Beawar
Dhal B.O,305601,Delivery,BO,Ajmer,Region Beawar
Asha Pura B.O,305601,Delivery,BO,Ajmer,Region Beawar
Bhagawant Pura B.O,305601,Delivery,BO,Ajmer,Region Beawar
Lawera B.O,305601,Delivery,BO,Ajmer,Region Beawar
Motipura B.O,305601,Delivery,BO,Ajmer,Region Beawar
Bandanwara S.O,305621,Delivery,PO,Ajmer,Region Beawar
Chhachhundra B.O,305621,Delivery,BO,Ajmer,Region Beawar
Jharwasa B.O,305621,Delivery,BO,Ajmer,Region Beawar
Karanti B.O,305621,Delivery,BO,Ajmer,Region Beawar
Kumharia B.O,305621,Delivery,BO,Ajmer,Region Beawar
Niyara B.O,305621,Delivery,BO,Ajmer,Region Beawar
Paranga B.O,305621,Delivery,BO,Ajmer,Region Beawar
Bhinai S.O,305622,Delivery,PO,Ajmer,Region Beawar
Bubkiya B.O,305622,Delivery,BO,Ajmer,Region Beawar
Dhatol B.O,305622,Delivery,BO,Ajmer,Region Beawar
Khayda B.O,305622,Delivery,BO,Ajmer,Region Beawar
Sobri B.O,305622,Delivery,BO,Ajmer,Region Beawar
Masuda S.O,305623,Delivery,PO,Ajmer,Region Beawar
Deomali B.O,305623,Delivery,BO,Ajmer,Region Beawar
Dholadanta B.O,305623,Delivery,BO,Ajmer,Region Beawar
Harrajpura B.O,305623,Delivery,BO,Ajmer,Region Beawar
Kheempura B.O,305623,Delivery,BO,Ajmer,Region Beawar
Kirap B.O,305623,Delivery,BO,Ajmer,Region Beawar
Lulwa B.O,305623,Delivery,BO,Ajmer,Region Beawar
Manpura B.O,305623,Delivery,BO,Ajmer,Region Beawar
Mayala B.O,305623,Delivery,BO,Ajmer,Region Beawar
Moyana B.O,305623,Delivery,BO,Ajmer,Region Beawar
Nandwara B.O,305623,Delivery,BO,Ajmer,Region Beawar
Shergarh B.O,305623,Delivery,BO,Ajmer,Region Beawar
Shyamgarh B.O,305623,Delivery,BO,Ajmer,Region Beawar
Bijainagar S.O,305624,Delivery,PO,Ajmer,Region Beawar
Badi B.O,305624,Delivery,BO,Ajmer,Region Beawar
Baral B.O,305624,Delivery,BO,Ajmer,Region Beawar
Barali B.O,305624,Delivery,BO,Ajmer,Region Beawar
Doulatpura B.O,305624,Delivery,BO,Ajmer,Region Beawar
Ekal Singha B.O,305624,Delivery,BO,Ajmer,Region Beawar
Nimera B.O,305624,Delivery,BO,Ajmer,Region Beawar
Ratakot B.O,305624,Delivery,BO,Ajmer,Region Beawar
Sathana B.O,305624,Delivery,BO,Ajmer,Region Beawar
Shikhrani B.O,305624,Delivery,BO,Ajmer,Region Beawar
Singhawal B.O,305624,Delivery,BO,Ajmer,Region Beawar
Jalia  II S.O,305625,Delivery,PO,Ajmer,Region Beawar
Hanutia B.O,305625,Delivery,BO,Ajmer,Region Beawar
Kaniya B.O,305625,Delivery,BO,Ajmer,Region Beawar
Lodiyana B.O,305625,Delivery,BO,Ajmer,Region Beawar
Tantoti S.O,305627,Delivery,PO,Ajmer,Region Beawar
Jotayan B.O,305627,Delivery,BO,Ajmer,Region Beawar
Kebania B.O,305627,Delivery,BO,Ajmer,Region Beawar
Kitap B.O,305627,Delivery,BO,Ajmer,Region Beawar
Rammalia B.O,305627,Delivery,BO,Ajmer,Region Beawar
Nagola S.O,305628,Delivery,PO,Ajmer,Region Beawar
Barala B.O,305628,Delivery,BO,Ajmer,Region Beawar
Kanai Kalan B.O,305628,Delivery,BO,Ajmer,Region Beawar
Kanai Khurd B.O,305628,Delivery,BO,Ajmer,Region Beawar
Kurthal B.O,305628,Delivery,BO,Ajmer,Region Beawar
Nandsi B.O,305628,Delivery,BO,Ajmer,Region Beawar
Padlia B.O,305628,Delivery,BO,Ajmer,Region Beawar
Surkhand B.O,305628,Delivery,BO,Ajmer,Region Beawar
Champaneri S.O,305629,Delivery,PO,Ajmer,Region Beawar
Gudha Khurd B.O,305629,Delivery,BO,Ajmer,Region Beawar
Lamagra B.O,305629,Delivery,BO,Ajmer,Region Beawar
Deolia Kalan B.O,305629,Delivery,BO,Ajmer,Region Beawar
Jamola S.O,305630,Delivery,PO,Ajmer,Region Beawar
Lamba Kund Ka B.O,305630,Delivery,BO,Ajmer,Region Beawar
Begliawas B.O,305630,Delivery,BO,Ajmer,Region Beawar
Jhipian B.O,305630,Delivery,BO,Ajmer,Region Beawar
Satawaria B.O,305630,Delivery,BO,Ajmer,Region Beawar
Jeewana B.O,305631,Delivery,BO,Ajmer,Region Beawar
Shivpura Ghata B.O,305631,Delivery,BO,Ajmer,Region Beawar
Dedpura B.O,305631,Delivery,BO,Ajmer,Region Beawar
RAMGARH S.O,305631,Delivery,PO,Ajmer,Region Beawar
Dewas B.O,305631,Delivery,BO,Ajmer,Region Beawar
Doulatpura B.O,305631,Delivery,BO,Ajmer,Region Beawar
Beawar [Raj] H.O,305901,Delivery,HO,Ajmer,Region Beawar
Andheri Deori B.O,305901,Delivery,BO,Ajmer,Region Beawar
Balad B.O,305901,Delivery,BO,Ajmer,Region Beawar
Sarmalia B.O,305901,Delivery,BO,Ajmer,Region Beawar
Bayala B.O,305901,Delivery,BO,Ajmer,Region Beawar
Noondri Mendratan B.O,305901,Delivery,BO,Ajmer,Region Beawar
Borwa B.O,305901,Delivery,BO,Ajmer,Region Beawar
Jalia i B.O,305901,Delivery,BO,Ajmer,Region Beawar
Malpura B.O,305901,Delivery,BO,Ajmer,Region Beawar
Sedaria B.O,305901,Delivery,BO,Ajmer,Region Beawar
Delwara B.O,305901,Delivery,BO,Ajmer,Region Beawar
Noondri Maldev B.O,305901,Delivery,BO,Ajmer,Region Beawar
Beawar Khas B.O,305901,Delivery,BO,Ajmer,Region Beawar
Jhak B.O,305901,Delivery,BO,Ajmer,Region Beawar
Narbad Khera B.O,305901,Delivery,BO,Ajmer,Region Beawar
Roopnagar B.O,305901,Delivery,BO,Ajmer,Region Beawar
Suhawa B.O,305901,Delivery,BO,Ajmer,Region Beawar
Beawar R.S. S.O,305901,Non-Delivery,PO,Ajmer,Region Beawar
Nehru Nagar (Beawar) S.O,305901,Non-Delivery,PO,Ajmer,Region Beawar
Sendra Road (Beawar) S.O,305901,Non-Delivery,PO,Ajmer,Region Beawar
Shahpura Mohalla( Beawar ) S.O,305901,Non-Delivery,PO,Ajmer,Region Beawar
Jawaja S.O,305922,Delivery,PO,Ajmer,Region Beawar
Anakar B.O,305922,Delivery,BO,Ajmer,Region Beawar
Bar Kochara B.O,305922,Delivery,BO,Ajmer,Region Beawar
Biliyawas B.O,305922,Delivery,BO,Ajmer,Region Beawar
Dewata B.O,305922,Delivery,BO,Ajmer,Region Beawar
Dunger Khera B.O,305922,Delivery,BO,Ajmer,Region Beawar
Saroth B.O,305922,Delivery,BO,Ajmer,Region Beawar
Lotiyana S.O,305923,Delivery,PO,Ajmer,Region Beawar
Rawatmal B.O,305923,Delivery,BO,Ajmer,Region Beawar
Soniana B.O,305923,Delivery,BO,Ajmer,Region Beawar
Taragarh Dadoli B.O,305923,Delivery,BO,Ajmer,Region Beawar
Todgarh S.O,305924,Delivery,PO,Ajmer,Region Beawar
Malto Ki Ber B.O,305924,Delivery,BO,Ajmer,Region Beawar
Rajiawas S.O,305925,Delivery,PO,Ajmer,Region Beawar
Atitmand B.O,305925,Delivery,BO,Ajmer,Region Beawar
Deo Khera B.O,305925,Delivery,BO,Ajmer,Region Beawar
Gohana B.O,305925,Delivery,BO,Ajmer,Region Beawar
Kalinjer B.O,305925,Delivery,BO,Ajmer,Region Beawar
Laget Khera B.O,305925,Delivery,BO,Ajmer,Region Beawar
Sarvena B.O,305925,Delivery,BO,Ajmer,Region Beawar
Shahpura B.O,305925,Delivery,BO,Ajmer,Region Beawar
Surdiya B.O,305925,Delivery,BO,Ajmer,Region Beawar
Raitakhera B.O,305925,Delivery,BO,Ajmer,Region Beawar
Barakhera S.O,305926,Delivery,PO,Ajmer,Region Beawar
Asan B.O,305926,Delivery,BO,Ajmer,Region Beawar
Bamanheda B.O,305926,Delivery,BO,Ajmer,Region Beawar
Banjari B.O,305926,Delivery,BO,Ajmer,Region Beawar
Barakhan B.O,305926,Delivery,BO,Ajmer,Region Beawar
Khodmal B.O,305926,Delivery,BO,Ajmer,Region Beawar
Palri B.O,305926,Delivery,BO,Ajmer,Region Beawar
Roop Nagar Arnali B.O,305926,Delivery,BO,Ajmer,Region Beawar
Kabra S.O,305927,Delivery,PO,Ajmer,Region Beawar
Durgawas B.O,305927,Delivery,BO,Ajmer,Region Beawar
Kishanpura B.O,305927,Delivery,BO,Ajmer,Region Beawar
Kotra B.O,305927,Delivery,BO,Ajmer,Region Beawar
Nai Kalan B.O,305927,Delivery,BO,Ajmer,Region Beawar
Bhilwara H.O,311001,Delivery,HO,Ajmer,Region Bhilwara
Azad Nagar S.O (Bhilwara),311001,Non-Delivery,PO,Ajmer,Region Bhilwara
Bapunagar Bhilwara S.O,311001,Non-Delivery,PO,Ajmer,Region Bhilwara
Bhilwara City S.O,311001,Non-Delivery,PO,Ajmer,Region Bhilwara
Bhilwara Court S.O,311001,Non-Delivery,PO,Ajmer,Region Bhilwara
Bhilwara Rly Station S.O,311001,Non-Delivery,PO,Ajmer,Region Bhilwara
Indra Market S.O,311001,Non-Delivery,PO,Ajmer,Region Bhilwara
Kashipuri Bhilwara S.O,311001,Non-Delivery,PO,Ajmer,Region Bhilwara
Krisi Upaj Mandi Bwa S.O,311001,Non-Delivery,PO,Ajmer,Region Bhilwara
Labour Colony S.O (Bhilwara),311001,Non-Delivery,PO,Ajmer,Region Bhilwara
Subhash Nagar Bhilwara S.O,311001,Non-Delivery,PO,Ajmer,Region Bhilwara
Suwana S.O,311011,Delivery,PO,Ajmer,Region Bhilwara
Arjiya B.O,311011,Delivery,BO,Ajmer,Region Bhilwara
Badla B.O,311011,Delivery,BO,Ajmer,Region Bhilwara
Ban Ka Kheda B.O,311011,Delivery,BO,Ajmer,Region Bhilwara
Bholi B.O,311011,Delivery,BO,Ajmer,Region Bhilwara
Danthal B.O,311011,Delivery,BO,Ajmer,Region Bhilwara
Haled B.O,311011,Delivery,BO,Ajmer,Region Bhilwara
Kanda B.O,311011,Delivery,BO,Ajmer,Region Bhilwara
Khedliya B.O,311011,Delivery,BO,Ajmer,Region Bhilwara
Kodu Kota B.O,311011,Delivery,BO,Ajmer,Region Bhilwara
Lasadiya B.O,311011,Delivery,BO,Ajmer,Region Bhilwara
Mahuwakhurd B.O,311011,Delivery,BO,Ajmer,Region Bhilwara
Rupaheli B.O,311011,Delivery,BO,Ajmer,Region Bhilwara
Sanganer B.O,311011,Delivery,BO,Ajmer,Region Bhilwara
Satola Ka Khera B.O,311011,Delivery,BO,Ajmer,Region Bhilwara
Seedriyas B.O,311011,Delivery,BO,Ajmer,Region Bhilwara
Udliyas B.O,311011,Delivery,BO,Ajmer,Region Bhilwara
Gulabpura S.O,311021,Delivery,PO,Ajmer,Region Bhilwara
Badla B.O,311021,Delivery,BO,Ajmer,Region Bhilwara
Gageda B.O,311021,Delivery,BO,Ajmer,Region Bhilwara
Jalampura B.O,311021,Delivery,BO,Ajmer,Region Bhilwara
Lamba Khari Ka B.O,311021,Delivery,BO,Ajmer,Region Bhilwara
Taswariya B.O,311021,Delivery,BO,Ajmer,Region Bhilwara
Hurda S.O,311022,Delivery,PO,Ajmer,Region Bhilwara
Agucha B.O,311022,Delivery,BO,Ajmer,Region Bhilwara
Kothian S.O,311023,Delivery,PO,Ajmer,Region Bhilwara
Arwar B.O,311023,Delivery,BO,Ajmer,Region Bhilwara
Dhanop B.O,311023,Delivery,BO,Ajmer,Region Bhilwara
Khamore B.O,311023,Delivery,BO,Ajmer,Region Bhilwara
Kotri Bhado Ki B.O,311023,Delivery,BO,Ajmer,Region Bhilwara
Sangria B.O,311023,Delivery,BO,Ajmer,Region Bhilwara
Itdiya B.O,311023,Non-Delivery,BO,Ajmer,Region Bhilwara
Railagaon S.O,311024,Delivery,PO,Ajmer,Region Bhilwara
Balesaria B.O,311024,Delivery,BO,Ajmer,Region Bhilwara
Bera B.O,311024,Delivery,BO,Ajmer,Region Bhilwara
Dholi B.O,311024,Delivery,BO,Ajmer,Region Bhilwara
Ghadwala Ka Kheda B.O,311024,Delivery,BO,Ajmer,Region Bhilwara
Iras B.O,311024,Delivery,BO,Ajmer,Region Bhilwara
Kaliyas B.O,311024,Delivery,BO,Ajmer,Region Bhilwara
Kundia Kalan B.O,311024,Delivery,BO,Ajmer,Region Bhilwara
Lambia Kalan B.O,311024,Delivery,BO,Ajmer,Region Bhilwara
Lambia Khurd B.O,311024,Delivery,BO,Ajmer,Region Bhilwara
Lambia Station B.O,311024,Delivery,BO,Ajmer,Region Bhilwara
Motipur B.O,311024,Delivery,BO,Ajmer,Region Bhilwara
Sareri CO B.O,311024,Delivery,BO,Ajmer,Region Bhilwara
Sodar B.O,311024,Delivery,BO,Ajmer,Region Bhilwara
Hamirgarh S.O,311025,Delivery,PO,Ajmer,Region Bhilwara
Ama B.O,311025,Delivery,BO,Ajmer,Region Bhilwara
Amli B.O,311025,Delivery,BO,Ajmer,Region Bhilwara
Bardod B.O,311025,Delivery,BO,Ajmer,Region Bhilwara
Gendliya B. O.,311025,Delivery,BO,Ajmer,Region Bhilwara
Jitya B.O,311025,Delivery,BO,Ajmer,Region Bhilwara
Kherabad B.O,311025,Delivery,BO,Ajmer,Region Bhilwara
Mangrop B.O,311025,Delivery,BO,Ajmer,Region Bhilwara
Ojayada B.O,311025,Delivery,BO,Ajmer,Region Bhilwara
Pipli B.O,311025,Delivery,BO,Ajmer,Region Bhilwara
Suthepa B.O,311025,Delivery,BO,Ajmer,Region Bhilwara
Swaroopganj B.O,311025,Delivery,BO,Ajmer,Region Bhilwara
Mod Ka Nimbahera S.O,311026,Delivery,PO,Ajmer,Region Bhilwara
Almas B.O,311026,Delivery,BO,Ajmer,Region Bhilwara
Bhagwanpura B.O,311026,Delivery,BO,Ajmer,Region Bhilwara
Bheemdiyas B.O,311026,Delivery,BO,Ajmer,Region Bhilwara
Brahmano Ki Sareri B.O,311026,Delivery,BO,Ajmer,Region Bhilwara
Ganglas B.O,311026,Delivery,BO,Ajmer,Region Bhilwara
Kabradia B.O,311026,Delivery,BO,Ajmer,Region Bhilwara
Karjaliya B.O,311026,Delivery,BO,Ajmer,Region Bhilwara
Keriya B.O,311026,Delivery,BO,Ajmer,Region Bhilwara
Palri B.O,311026,Delivery,BO,Ajmer,Region Bhilwara
Rupaheli Khurd B.O,311026,Delivery,BO,Ajmer,Region Bhilwara
Sirdiyas B.O,311026,Delivery,BO,Ajmer,Region Bhilwara
Rupaheli S.O,311030,Delivery,PO,Ajmer,Region Bhilwara
Barantia B.O,311030,Delivery,BO,Ajmer,Region Bhilwara
Bhojras B.O,311030,Delivery,BO,Ajmer,Region Bhilwara
Dabla B.O,311030,Delivery,BO,Ajmer,Region Bhilwara
Gharta B.O,311030,Delivery,BO,Ajmer,Region Bhilwara
Kasuriya B.O,311030,Delivery,BO,Ajmer,Region Bhilwara
Tumkarwar B.O,311030,Delivery,BO,Ajmer,Region Bhilwara
Kanvlias B.O,311030,Delivery,BO,Ajmer,Region Bhilwara
Jahazpur S.O,311201,Delivery,PO,Ajmer,Region Bhilwara
Amarwasi B.O,311201,Delivery,BO,Ajmer,Region Bhilwara
Borani B.O,311201,Delivery,BO,Ajmer,Region Bhilwara
Dhuwala B.O,311201,Delivery,BO,Ajmer,Region Bhilwara
Gadoli B.O,311201,Delivery,BO,Ajmer,Region Bhilwara
Gangithala B.O,311201,Delivery,BO,Ajmer,Region Bhilwara
Itunda B.O,311201,Delivery,BO,Ajmer,Region Bhilwara
Kuradia B.O,311201,Delivery,BO,Ajmer,Region Bhilwara
Luharikala B.O,311201,Delivery,BO,Ajmer,Region Bhilwara
Rawatkhera B.O,311201,Delivery,BO,Ajmer,Region Bhilwara
Sarsiya B.O,311201,Delivery,BO,Ajmer,Region Bhilwara
Tikar B.O,311201,Delivery,BO,Ajmer,Region Bhilwara
Uncha B.O,311201,Delivery,BO,Ajmer,Region Bhilwara
Pander S.O,311202,Delivery,PO,Ajmer,Region Bhilwara
Bagudar B.O,311202,Delivery,BO,Ajmer,Region Bhilwara
Bavri B.O,311202,Delivery,BO,Ajmer,Region Bhilwara
Bharni Kalan B.O,311202,Delivery,BO,Ajmer,Region Bhilwara
Bihada B.O,311202,Delivery,BO,Ajmer,Region Bhilwara
Bishniya B.O,311202,Delivery,BO,Ajmer,Region Bhilwara
Gandher B.O,311202,Delivery,BO,Ajmer,Region Bhilwara
Jamoli B.O,311202,Delivery,BO,Ajmer,Region Bhilwara
Lasadia B.O,311202,Delivery,BO,Ajmer,Region Bhilwara
Paroli B.O,311202,Delivery,BO,Ajmer,Region Bhilwara
Ropan B.O,311202,Delivery,BO,Ajmer,Region Bhilwara
Titoda B.O,311202,Delivery,BO,Ajmer,Region Bhilwara
Titodi B.O,311202,Delivery,BO,Ajmer,Region Bhilwara
Piplund S.O,311203,Delivery,PO,Ajmer,Region Bhilwara
Bai B.O,311203,Delivery,BO,Ajmer,Region Bhilwara
Bankda B.O,311203,Delivery,BO,Ajmer,Region Bhilwara
Baroda B.O,311203,Delivery,BO,Ajmer,Region Bhilwara
Biletha B.O,311203,Delivery,BO,Ajmer,Region Bhilwara
Dhor B.O,311203,Delivery,BO,Ajmer,Region Bhilwara
Gudha B.O,311203,Delivery,BO,Ajmer,Region Bhilwara
Khajuri B.O,311203,Delivery,BO,Ajmer,Region Bhilwara
Shakkargarh B.O,311203,Delivery,BO,Ajmer,Region Bhilwara
Ullela B.O,311203,Delivery,BO,Ajmer,Region Bhilwara
Shambhugarh S.O,311204,Delivery,PO,Ajmer,Region Bhilwara
Akarsada B.O,311204,Delivery,BO,Ajmer,Region Bhilwara
Amesar B.O,311204,Delivery,BO,Ajmer,Region Bhilwara
Antali B.O,311204,Delivery,BO,Ajmer,Region Bhilwara
Barsani B.O,311204,Delivery,BO,Ajmer,Region Bhilwara
Dantra B.O,311204,Delivery,BO,Ajmer,Region Bhilwara
Jagpura B.O,311204,Delivery,BO,Ajmer,Region Bhilwara
Khejri B.O,311204,Delivery,BO,Ajmer,Region Bhilwara
Motras B.O,311204,Delivery,BO,Ajmer,Region Bhilwara
Phalamada B.O,311204,Delivery,BO,Ajmer,Region Bhilwara
Sangramgarh B.O,311204,Delivery,BO,Ajmer,Region Bhilwara
Asind S.O,311301,Delivery,PO,Ajmer,Region Bhilwara
Bajunda B.O,311301,Delivery,BO,Ajmer,Region Bhilwara
Barana B.O,311301,Delivery,BO,Ajmer,Region Bhilwara
Borela B.O,311301,Delivery,BO,Ajmer,Region Bhilwara
Chainpura B.O,311301,Delivery,BO,Ajmer,Region Bhilwara
Dantra B.O,311301,Delivery,BO,Ajmer,Region Bhilwara
Darawat CO B.O,311301,Delivery,BO,Ajmer,Region Bhilwara
Daulatgarh B.O,311301,Delivery,BO,Ajmer,Region Bhilwara
Jhalriya B.O,311301,Delivery,BO,Ajmer,Region Bhilwara
Katar B.O,311301,Delivery,BO,Ajmer,Region Bhilwara
Kavlas B.O,311301,Delivery,BO,Ajmer,Region Bhilwara
Kidimal B.O,311301,Delivery,BO,Ajmer,Region Bhilwara
Lachura B.O,311301,Delivery,BO,Ajmer,Region Bhilwara
Negdia B.O,311301,Delivery,BO,Ajmer,Region Bhilwara
Parasoli B.O,311301,Delivery,BO,Ajmer,Region Bhilwara
Ragunathpura B.O,311301,Delivery,BO,Ajmer,Region Bhilwara
Ratanpura B.O,311301,Delivery,BO,Ajmer,Region Bhilwara
Rooppura B.O,311301,Delivery,BO,Ajmer,Region Bhilwara
Tiloli B.O,311301,Delivery,BO,Ajmer,Region Bhilwara
Badnore S.O,311302,Delivery,PO,Ajmer,Region Bhilwara
Bhadsi B.O,311302,Delivery,BO,Ajmer,Region Bhilwara
Bhojpura B.O,311302,Delivery,BO,Ajmer,Region Bhilwara
Bar B.O,311302,Delivery,BO,Ajmer,Region Bhilwara
Chatarpur B.O,311302,Delivery,BO,Ajmer,Region Bhilwara
Jaitgarh B.O,311302,Delivery,BO,Ajmer,Region Bhilwara
Khedela B.O,311302,Delivery,BO,Ajmer,Region Bhilwara
Mogar B.O,311302,Delivery,BO,Ajmer,Region Bhilwara
Ojhiyana B.O,311302,Delivery,BO,Ajmer,Region Bhilwara
Patan B.O,311302,Delivery,BO,Ajmer,Region Bhilwara
Pura B.O,311302,Delivery,BO,Ajmer,Region Bhilwara
Rampura B.O,311302,Delivery,BO,Ajmer,Region Bhilwara
Shekhawas B.O,311302,Delivery,BO,Ajmer,Region Bhilwara
Banera S.O,311401,Delivery,PO,Ajmer,Region Bhilwara
Babrana B.O,311401,Delivery,BO,Ajmer,Region Bhilwara
Bara Mahuwa B.O,311401,Delivery,BO,Ajmer,Region Bhilwara
Baran B.O,311401,Delivery,BO,Ajmer,Region Bhilwara
Chamanpura B.O,311401,Delivery,BO,Ajmer,Region Bhilwara
Kalsans B.O,311401,Delivery,BO,Ajmer,Region Bhilwara
Kankolia B.O,311401,Delivery,BO,Ajmer,Region Bhilwara
Kunwar B.O,311401,Delivery,BO,Ajmer,Region Bhilwara
Rakshi B.O,311401,Delivery,BO,Ajmer,Region Bhilwara
Richda B.O,311401,Delivery,BO,Ajmer,Region Bhilwara
Salriya Kalan B.O,311401,Delivery,BO,Ajmer,Region Bhilwara
Sardarnagar B.O,311401,Delivery,BO,Ajmer,Region Bhilwara
Bagore S.O,311402,Delivery,PO,Ajmer,Region Bhilwara
Adsipura B.O,311402,Delivery,BO,Ajmer,Region Bhilwara
Bavlas B.O,311402,Delivery,BO,Ajmer,Region Bhilwara
Boriapura B.O,311402,Delivery,BO,Ajmer,Region Bhilwara
Chandras B.O,311402,Delivery,BO,Ajmer,Region Bhilwara
Ghodas B.O,311402,Delivery,BO,Ajmer,Region Bhilwara
Joravarpura B.O,311402,Delivery,BO,Ajmer,Region Bhilwara
Leswa B.O,311402,Delivery,BO,Ajmer,Region Bhilwara
Sangwa B.O,311402,Delivery,BO,Ajmer,Region Bhilwara
Tunka B.O,311402,Delivery,BO,Ajmer,Region Bhilwara
Mandal S.O (Bhilwara),311403,Delivery,PO,Ajmer,Region Bhilwara
Baori B.O,311403,Delivery,BO,Ajmer,Region Bhilwara
Bhadu B.O,311403,Delivery,BO,Ajmer,Region Bhilwara
Chankhed B.O,311403,Delivery,BO,Ajmer,Region Bhilwara
Dhuwala B.O,311403,Delivery,BO,Ajmer,Region Bhilwara
Laduwas B.O,311403,Delivery,BO,Ajmer,Region Bhilwara
Luhariya B.O,311403,Delivery,BO,Ajmer,Region Bhilwara
Meja B.O,311403,Delivery,BO,Ajmer,Region Bhilwara
Santokpura B.O,311403,Delivery,BO,Ajmer,Region Bhilwara
Suras B.O,311403,Delivery,BO,Ajmer,Region Bhilwara
Thala B.O,311403,Delivery,BO,Ajmer,Region Bhilwara
Shahpura Raj S.O,311404,Delivery,PO,Ajmer,Region Bhilwara
Amli Kalan B.O,311404,Delivery,BO,Ajmer,Region Bhilwara
Arnia Ghoda B.O,311404,Delivery,BO,Ajmer,Region Bhilwara
Arnia Rasa B.O,311404,Delivery,BO,Ajmer,Region Bhilwara
Bachkhera B.O,311404,Delivery,BO,Ajmer,Region Bhilwara
Basera B.O,311404,Delivery,BO,Ajmer,Region Bhilwara
Bhojpur B.O,311404,Delivery,BO,Ajmer,Region Bhilwara
Biliya B.O,311404,Delivery,BO,Ajmer,Region Bhilwara
Borda B.O,311404,Delivery,BO,Ajmer,Region Bhilwara
Dabla Chanda B.O,311404,Delivery,BO,Ajmer,Region Bhilwara
Dabla Kachra B.O,311404,Delivery,BO,Ajmer,Region Bhilwara
Dhikola B.O,311404,Delivery,BO,Ajmer,Region Bhilwara
Kadisahna B.O,311404,Delivery,BO,Ajmer,Region Bhilwara
Lulas B.O,311404,Delivery,BO,Ajmer,Region Bhilwara
Mata Ji Ka Khera B.O,311404,Delivery,BO,Ajmer,Region Bhilwara
Mindolia B.O,311404,Delivery,BO,Ajmer,Region Bhilwara
Pratappura B.O,311404,Delivery,BO,Ajmer,Region Bhilwara
Ragurajpura B.O,311404,Delivery,BO,Ajmer,Region Bhilwara
Rahad B.O,311404,Delivery,BO,Ajmer,Region Bhilwara
Tehnal B.O,311404,Delivery,BO,Ajmer,Region Bhilwara
Mahula B.O,311404,Delivery,BO,Ajmer,Region Bhilwara
Kundgate Shahpura S.O,311404,Non-Delivery,PO,Ajmer,Region Bhilwara
Phulia Kalan S.O,311407,Delivery,PO,Ajmer,Region Bhilwara
Deoriya B.O,311407,Delivery,BO,Ajmer,Region Bhilwara
Dohriya B.O,311407,Delivery,BO,Ajmer,Region Bhilwara
Hukumpura B.O,311407,Delivery,BO,Ajmer,Region Bhilwara
Kanechan Kalan B.O,311407,Delivery,BO,Ajmer,Region Bhilwara
Kanechan Khurd B.O,311407,Delivery,BO,Ajmer,Region Bhilwara
Sangari B.O,311407,Delivery,BO,Ajmer,Region Bhilwara
Taswaria Basa B.O,311407,Delivery,BO,Ajmer,Region Bhilwara
Upreda S.O,311408,Delivery,PO,Ajmer,Region Bhilwara
Baldarkha CO B.O,311408,Delivery,BO,Ajmer,Region Bhilwara
Bamnia B.O,311408,Delivery,BO,Ajmer,Region Bhilwara
Itmaria B.O,311408,Delivery,BO,Ajmer,Region Bhilwara
Megras B.O,311408,Delivery,BO,Ajmer,Region Bhilwara
Munshi B.O,311408,Delivery,BO,Ajmer,Region Bhilwara
Nimbahera Kalan B.O,311408,Delivery,BO,Ajmer,Region Bhilwara
Phulia Khurd B.O,311408,Delivery,BO,Ajmer,Region Bhilwara
Taswaria Khurd B.O,311408,Delivery,BO,Ajmer,Region Bhilwara
Bigod S.O,311601,Delivery,PO,Ajmer,Region Bhilwara
Dhakarkhedi B.O,311601,Delivery,BO,Ajmer,Region Bhilwara
Jalia B.O,311601,Delivery,BO,Ajmer,Region Bhilwara
Jawal B.O,311601,Delivery,BO,Ajmer,Region Bhilwara
Jojwa B.O,311601,Delivery,BO,Ajmer,Region Bhilwara
Kankrolia B.O,311601,Delivery,BO,Ajmer,Region Bhilwara
Khatwara B.O,311601,Delivery,BO,Ajmer,Region Bhilwara
Kishangarh B.O,311601,Delivery,BO,Ajmer,Region Bhilwara
Nandrai B.O,311601,Delivery,BO,Ajmer,Region Bhilwara
Suras B.O,311601,Delivery,BO,Ajmer,Region Bhilwara
Bijolian S.O,311602,Delivery,PO,Ajmer,Region Bhilwara
Aroli B.O,311602,Delivery,BO,Ajmer,Region Bhilwara
Bhopatpura B.O,311602,Delivery,BO,Ajmer,Region Bhilwara
Bijolia Khurd B.O,311602,Delivery,BO,Ajmer,Region Bhilwara
Bikampura B.O,311602,Delivery,BO,Ajmer,Region Bhilwara
Chand Ji Ki Kheri B.O,311602,Delivery,BO,Ajmer,Region Bhilwara
Gopalpura B.O,311602,Delivery,BO,Ajmer,Region Bhilwara
Gudha B.O,311602,Delivery,BO,Ajmer,Region Bhilwara
Kasya Kala B.O,311602,Delivery,BO,Ajmer,Region Bhilwara
Makredi B.O,311602,Delivery,BO,Ajmer,Region Bhilwara
Naya Nagar B.O,311602,Delivery,BO,Ajmer,Region Bhilwara
Salawatia B.O,311602,Delivery,BO,Ajmer,Region Bhilwara
Tharoda B.O,311602,Delivery,BO,Ajmer,Region Bhilwara
Tiliswa B.O,311602,Delivery,BO,Ajmer,Region Bhilwara
Uma Ji Ka Kheda B.O,311602,Delivery,BO,Ajmer,Region Bhilwara
Kotri S.O (Bhilwara),311603,Delivery,PO,Ajmer,Region Bhilwara
Akola B.O,311603,Delivery,BO,Ajmer,Region Bhilwara
Barliyas B.O,311603,Delivery,BO,Ajmer,Region Bhilwara
Birdhol B.O,311603,Delivery,BO,Ajmer,Region Bhilwara
Borda B.O,311603,Delivery,BO,Ajmer,Region Bhilwara
Chhaprel B.O,311603,Delivery,BO,Ajmer,Region Bhilwara
Dantra B.O,311603,Delivery,BO,Ajmer,Region Bhilwara
Gahuli B.O,311603,Delivery,BO,Ajmer,Region Bhilwara
Gega Ka Khera B.O,311603,Delivery,BO,Ajmer,Region Bhilwara
Jeeva Ka Khera B.O,311603,Delivery,BO,Ajmer,Region Bhilwara
Kothaj B.O,311603,Delivery,BO,Ajmer,Region Bhilwara
Mansha B.O,311603,Delivery,BO,Ajmer,Region Bhilwara
Rased B.O,311603,Delivery,BO,Ajmer,Region Bhilwara
Redwas B.O,311603,Delivery,BO,Ajmer,Region Bhilwara
Reeth B.O,311603,Delivery,BO,Ajmer,Region Bhilwara
Sankda B.O,311603,Delivery,BO,Ajmer,Region Bhilwara
Swaipur B.O,311603,Delivery,BO,Ajmer,Region Bhilwara
Mandalgarh S.O,311604,Delivery,PO,Ajmer,Region Bhilwara
Baldarkha B.O,311604,Delivery,BO,Ajmer,Region Bhilwara
Barundani B.O,311604,Delivery,BO,Ajmer,Region Bhilwara
Genoli B.O,311604,Delivery,BO,Ajmer,Region Bhilwara
Kalyanpura B.O,311604,Delivery,BO,Ajmer,Region Bhilwara
Khachrol B.O,311604,Delivery,BO,Ajmer,Region Bhilwara
Ladpura B.O,311604,Delivery,BO,Ajmer,Region Bhilwara
Mahuwa B.O,311604,Delivery,BO,Ajmer,Region Bhilwara
Manpura B.O,311604,Delivery,BO,Ajmer,Region Bhilwara
Mohanpura B.O,311604,Delivery,BO,Ajmer,Region Bhilwara
Ralayata B.O,311604,Delivery,BO,Ajmer,Region Bhilwara
Sarana B.O,311604,Delivery,BO,Ajmer,Region Bhilwara
Shyam Garh B.O,311604,Delivery,BO,Ajmer,Region Bhilwara
Singoli B.O,311604,Delivery,BO,Ajmer,Region Bhilwara
Srinagar B.O,311604,Delivery,BO,Ajmer,Region Bhilwara
Kachola S.O,311605,Delivery,PO,Ajmer,Region Bhilwara
Amalda B.O,311605,Delivery,BO,Ajmer,Region Bhilwara
Amargarh B.O,311605,Delivery,BO,Ajmer,Region Bhilwara
Bhagunagar B.O,311605,Delivery,BO,Ajmer,Region Bhilwara
Dhamnia B.O,311605,Delivery,BO,Ajmer,Region Bhilwara
Jassu Ji Ka Khera B.O,311605,Delivery,BO,Ajmer,Region Bhilwara
Jhanjhola B.O,311605,Delivery,BO,Ajmer,Region Bhilwara
Kheruna B.O,311605,Delivery,BO,Ajmer,Region Bhilwara
Manoharpura B.O,311605,Delivery,BO,Ajmer,Region Bhilwara
Rajgarh B.O,311605,Delivery,BO,Ajmer,Region Bhilwara
Sarthala B.O,311605,Delivery,BO,Ajmer,Region Bhilwara
Thala B.O,311605,Delivery,BO,Ajmer,Region Bhilwara
Titoda Tehla B.O,311605,Delivery,BO,Ajmer,Region Bhilwara
Shyampura S. O.,311606,Delivery,PO,Ajmer,Region Bhilwara
Bikaran B.O,311606,Delivery,BO,Ajmer,Region Bhilwara
Jalindri B.O,311606,Delivery,BO,Ajmer,Region Bhilwara
Malka Khera B.O,311606,Delivery,BO,Ajmer,Region Bhilwara
Mangthala B.O,311606,Delivery,BO,Ajmer,Region Bhilwara
Gangapur (Bhilwara) S.O,311801,Delivery,PO,Ajmer,Region Bhilwara
Amli B.O,311801,Delivery,BO,Ajmer,Region Bhilwara
Arnia B.O,311801,Delivery,BO,Ajmer,Region Bhilwara
Ashaholi B.O,311801,Delivery,BO,Ajmer,Region Bhilwara
Bharak B.O,311801,Delivery,BO,Ajmer,Region Bhilwara
Cheerkheda B.O,311801,Delivery,BO,Ajmer,Region Bhilwara
Delana B.O,311801,Delivery,BO,Ajmer,Region Bhilwara
Ganeshpura B.O,311801,Delivery,BO,Ajmer,Region Bhilwara
Lakhola B.O,311801,Delivery,BO,Ajmer,Region Bhilwara
Nandsha B.O,311801,Delivery,BO,Ajmer,Region Bhilwara
Shivrati B.O,311801,Delivery,BO,Ajmer,Region Bhilwara
Soniyana B.O,311801,Delivery,BO,Ajmer,Region Bhilwara
Shastri Nagar Gangapur S.O,311801,Non-Delivery,PO,Ajmer,Region Bhilwara
Pur S.O (Bhilwara),311802,Delivery,PO,Ajmer,Region Bhilwara
Atun B.O,311802,Delivery,BO,Ajmer,Region Bhilwara
Bhopalgarh B.O,311802,Delivery,BO,Ajmer,Region Bhilwara
Bhunas B.O,311802,Delivery,BO,Ajmer,Region Bhilwara
Dariba B.O,311802,Delivery,BO,Ajmer,Region Bhilwara
Deoli B.O,311802,Delivery,BO,Ajmer,Region Bhilwara
Dhosar B.O,311802,Delivery,BO,Ajmer,Region Bhilwara
Dudiya B.O,311802,Delivery,BO,Ajmer,Region Bhilwara
Gundli B.O,311802,Delivery,BO,Ajmer,Region Bhilwara
Gurlan B.O,311802,Delivery,BO,Ajmer,Region Bhilwara
Karoi CO B.O,311802,Delivery,BO,Ajmer,Region Bhilwara
Kochoria B.O,311802,Delivery,BO,Ajmer,Region Bhilwara
Mahendragarh B.O,311802,Delivery,BO,Ajmer,Region Bhilwara
Malola B.O,311802,Delivery,BO,Ajmer,Region Bhilwara
Pansal B.O,311802,Delivery,BO,Ajmer,Region Bhilwara
Pithas B.O,311802,Delivery,BO,Ajmer,Region Bhilwara
Rampuria B.O,311802,Delivery,BO,Ajmer,Region Bhilwara
Sethuria B.O,311802,Delivery,BO,Ajmer,Region Bhilwara
Raipur S.O (Bhilwara),311803,Delivery,PO,Ajmer,Region Bhilwara
Bheeta B.O,311803,Delivery,BO,Ajmer,Region Bhilwara
Borana CO B.O,311803,Delivery,BO,Ajmer,Region Bhilwara
Khankhermala B.O,311803,Delivery,BO,Ajmer,Region Bhilwara
Kot B.O,311803,Delivery,BO,Ajmer,Region Bhilwara
Nahari B.O,311803,Delivery,BO,Ajmer,Region Bhilwara
Narayan Khera B.O,311803,Delivery,BO,Ajmer,Region Bhilwara
Nathdiyas B.O,311803,Delivery,BO,Ajmer,Region Bhilwara
Palran B.O,311803,Delivery,BO,Ajmer,Region Bhilwara
Pitha Ka Khera B.O,311803,Delivery,BO,Ajmer,Region Bhilwara
Sagreo B.O,311803,Delivery,BO,Ajmer,Region Bhilwara
Sarewadi B.O,311803,Delivery,BO,Ajmer,Region Bhilwara
Umari B.O,311803,Delivery,BO,Ajmer,Region Bhilwara
Raja Ji Ka Kareda S.O,311804,Delivery,PO,Ajmer,Region Bhilwara
Amalda CO B.O,311804,Delivery,BO,Ajmer,Region Bhilwara
Bagolia B.O,311804,Delivery,BO,Ajmer,Region Bhilwara
Bemali B.O,311804,Delivery,BO,Ajmer,Region Bhilwara
Bhabhana B.O,311804,Delivery,BO,Ajmer,Region Bhilwara
Chileshwar B.O,311804,Delivery,BO,Ajmer,Region Bhilwara
Chitamba B.O,311804,Delivery,BO,Ajmer,Region Bhilwara
Dahimatha B.O,311804,Delivery,BO,Ajmer,Region Bhilwara
Dhuwala B.O,311804,Delivery,BO,Ajmer,Region Bhilwara
Gorkhiya B.O,311804,Delivery,BO,Ajmer,Region Bhilwara
Gyangarh B.O,311804,Delivery,BO,Ajmer,Region Bhilwara
Marewada B.O,311804,Delivery,BO,Ajmer,Region Bhilwara
Nimbahera Jatan B.O,311804,Delivery,BO,Ajmer,Region Bhilwara
Rampuria B.O,311804,Delivery,BO,Ajmer,Region Bhilwara
Shivpur B.O,311804,Delivery,BO,Ajmer,Region Bhilwara
Thana B.O,311804,Delivery,BO,Ajmer,Region Bhilwara
Goverdhanpura B.O,311804,Delivery,BO,Ajmer,Region Bhilwara
Koshithal S.O,311805,Delivery,PO,Ajmer,Region Bhilwara
Chawandia B.O,311805,Delivery,BO,Ajmer,Region Bhilwara
Deoria B.O,311805,Delivery,BO,Ajmer,Region Bhilwara
Galwa B.O,311805,Delivery,BO,Ajmer,Region Bhilwara
Jhadol B.O,311805,Delivery,BO,Ajmer,Region Bhilwara
Khemana B.O,311805,Delivery,BO,Ajmer,Region Bhilwara
Mokhunda B.O,311805,Delivery,BO,Ajmer,Region Bhilwara
Nandsha J B.O,311805,Delivery,BO,Ajmer,Region Bhilwara
Ullai B.O,311805,Delivery,BO,Ajmer,Region Bhilwara
Sahada S.O,311806,Delivery,PO,Ajmer,Region Bhilwara
Kangani B.O,311806,Delivery,BO,Ajmer,Region Bhilwara
Khankhala B.O,311806,Delivery,BO,Ajmer,Region Bhilwara
Majhawas B.O,311806,Delivery,BO,Ajmer,Region Bhilwara
Negdia Ka Khera B.O,311806,Delivery,BO,Ajmer,Region Bhilwara
Potlan B.O,311806,Delivery,BO,Ajmer,Region Bhilwara
Salera B.O,311806,Delivery,BO,Ajmer,Region Bhilwara
Sargaon B.O,311806,Delivery,BO,Ajmer,Region Bhilwara
Satliyas B.O,311806,Delivery,BO,Ajmer,Region Bhilwara
Surawas B.O,311806,Delivery,BO,Ajmer,Region Bhilwara
Chittorgarh H.O,312001,Delivery,HO,Ajmer,Region Chittorgarh
Collectorate  Chittorgarh S.O,312001,Non-Delivery,PO,Ajmer,Region Chittorgarh
Ranasanga  Bazar  Chittorgarh S.O,312001,Non-Delivery,PO,Ajmer,Region Chittorgarh
Cement Factory S.O,312021,Delivery,PO,Ajmer,Region Chittorgarh
Barodia B.O,312021,Delivery,BO,Ajmer,Region Chittorgarh
Putholi B.O,312021,Delivery,BO,Ajmer,Region Chittorgarh
Rolahera B.O,312021,Delivery,BO,Ajmer,Region Chittorgarh
Sainik School B.O,312021,Delivery,BO,Ajmer,Region Chittorgarh
Bassi S.O (Chittorgarh),312022,Delivery,PO,Ajmer,Region Chittorgarh
Amarpura B.O,312022,Delivery,BO,Ajmer,Region Chittorgarh
Anwalhera B.O,312022,Delivery,BO,Ajmer,Region Chittorgarh
Bichhor B.O,312022,Delivery,BO,Ajmer,Region Chittorgarh
Bijaipur B.O,312022,Delivery,BO,Ajmer,Region Chittorgarh
Dugar B.O,312022,Delivery,BO,Ajmer,Region Chittorgarh
Gopalpura B.O,312022,Delivery,BO,Ajmer,Region Chittorgarh
Kheri B.O,312022,Delivery,BO,Ajmer,Region Chittorgarh
Kherpura B.O,312022,Delivery,BO,Ajmer,Region Chittorgarh
Motipura B.O,312022,Delivery,BO,Ajmer,Region Chittorgarh
Nagri B.O,312022,Delivery,BO,Ajmer,Region Chittorgarh
Pal B.O,312022,Delivery,BO,Ajmer,Region Chittorgarh
Palka B.O,312022,Delivery,BO,Ajmer,Region Chittorgarh
Parsoli B.O,312022,Delivery,BO,Ajmer,Region Chittorgarh
Rajgarh B.O,312022,Delivery,BO,Ajmer,Region Chittorgarh
Sadi B.O,312022,Delivery,BO,Ajmer,Region Chittorgarh
Sonagar B.O,312022,Delivery,BO,Ajmer,Region Chittorgarh
Abhaypur B.O,312022,Delivery,BO,Ajmer,Region Chittorgarh
Begun S.O,312023,Delivery,PO,Ajmer,Region Chittorgarh
Balkundikalan B.O,312023,Delivery,BO,Ajmer,Region Chittorgarh
Chechi  B.O,312023,Delivery,BO,Ajmer,Region Chittorgarh
Daulatpura B.O,312023,Delivery,BO,Ajmer,Region Chittorgarh
Deopura B.O,312023,Delivery,BO,Ajmer,Region Chittorgarh
Dhamancha B.O,312023,Delivery,BO,Ajmer,Region Chittorgarh
Dorai B.O,312023,Delivery,BO,Ajmer,Region Chittorgarh
Gulana B.O,312023,Delivery,BO,Ajmer,Region Chittorgarh
Jainagar B.O,312023,Delivery,BO,Ajmer,Region Chittorgarh
Jawada  1 B.O,312023,Delivery,BO,Ajmer,Region Chittorgarh
Katunda B.O,312023,Delivery,BO,Ajmer,Region Chittorgarh
Mandawari B.O,312023,Delivery,BO,Ajmer,Region Chittorgarh
Nandwai B.O,312023,Delivery,BO,Ajmer,Region Chittorgarh
Pachunda B.O,312023,Delivery,BO,Ajmer,Region Chittorgarh
Raita B.O,312023,Delivery,BO,Ajmer,Region Chittorgarh
Rawarda B.O,312023,Delivery,BO,Ajmer,Region Chittorgarh
Sadi B.O,312023,Delivery,BO,Ajmer,Region Chittorgarh
Samaria Khurd B.O,312023,Delivery,BO,Ajmer,Region Chittorgarh
Thukrai B.O,312023,Delivery,BO,Ajmer,Region Chittorgarh
Bansen B.O,312024,Delivery,BO,Ajmer,Region Chittorgarh
Akiya B.O,312024,Delivery,BO,Ajmer,Region Chittorgarh
Pipalwas B.O,312024,Delivery,BO,Ajmer,Region Chittorgarh
Bhadsaura S.O,312024,Delivery,PO,Ajmer,Region Chittorgarh
Bagund B.O,312024,Delivery,BO,Ajmer,Region Chittorgarh
Idra B.O,312024,Delivery,BO,Ajmer,Region Chittorgarh
Kunthana B.O,312024,Delivery,BO,Ajmer,Region Chittorgarh
Leswa B.O,312024,Delivery,BO,Ajmer,Region Chittorgarh
Lothiyana B.O,312024,Delivery,BO,Ajmer,Region Chittorgarh
Mangalwar B.O,312024,Delivery,BO,Ajmer,Region Chittorgarh
Morwan B.O,312024,Delivery,BO,Ajmer,Region Chittorgarh
Nagawali B.O,312024,Delivery,BO,Ajmer,Region Chittorgarh
Napania B.O,312024,Delivery,BO,Ajmer,Region Chittorgarh
Sangesara B.O,312024,Delivery,BO,Ajmer,Region Chittorgarh
Deori B.O,312025,Delivery,BO,Ajmer,Region Chittorgarh
Chittorgarh Fort B.O,312025,Delivery,BO,Ajmer,Region Chittorgarh
Netawal garh pachhali B.O,312025,Delivery,BO,Ajmer,Region Chittorgarh
Ochhari B.O,312025,Delivery,BO,Ajmer,Region Chittorgarh
Sehnwa B.O,312025,Delivery,BO,Ajmer,Region Chittorgarh
Semalpura B.O,312025,Delivery,BO,Ajmer,Region Chittorgarh
Semlia B.O,312025,Delivery,BO,Ajmer,Region Chittorgarh
Senthi S.O,312025,Delivery,PO,Ajmer,Region Chittorgarh
Mandfia S.O,312027,Delivery,PO,Ajmer,Region Chittorgarh
Bhatoli Bagrian B.O,312027,Delivery,BO,Ajmer,Region Chittorgarh
Chikarada B.O,312027,Delivery,BO,Ajmer,Region Chittorgarh
Dhanet B.O,312027,Delivery,BO,Ajmer,Region Chittorgarh
Nadakhera B.O,312027,Delivery,BO,Ajmer,Region Chittorgarh
Akola Kalan B.O,312027,Delivery,BO,Ajmer,Region Chittorgarh
Gosunda S.O,312201,Delivery,PO,Ajmer,Region Chittorgarh
Dhanet Kalan B.O,312201,Delivery,BO,Ajmer,Region Chittorgarh
Kanthariya Chobe Ji Ka B.O,312201,Delivery,BO,Ajmer,Region Chittorgarh
Kashmore B.O,312201,Delivery,BO,Ajmer,Region Chittorgarh
Mishron Ki Pipli B.O,312201,Delivery,BO,Ajmer,Region Chittorgarh
Odund B.O,312201,Delivery,BO,Ajmer,Region Chittorgarh
Pandolimataji Ki B.O,312201,Delivery,BO,Ajmer,Region Chittorgarh
Rewlia Khurd B.O,312201,Delivery,BO,Ajmer,Region Chittorgarh
Satpura B.O,312201,Delivery,BO,Ajmer,Region Chittorgarh
Surpur B.O,312201,Delivery,BO,Ajmer,Region Chittorgarh
Kapasan S.O,312202,Delivery,PO,Ajmer,Region Chittorgarh
Babarana B.O,312202,Delivery,BO,Ajmer,Region Chittorgarh
Kanakhera B.O,312202,Delivery,BO,Ajmer,Region Chittorgarh
Anoppura B.O,312202,Delivery,BO,Ajmer,Region Chittorgarh
Balarada B.O,312202,Delivery,BO,Ajmer,Region Chittorgarh
Bhatton Ka Bamniya B.O,312202,Delivery,BO,Ajmer,Region Chittorgarh
Damakhera B.O,312202,Delivery,BO,Ajmer,Region Chittorgarh
Dhamana B.O,312202,Delivery,BO,Ajmer,Region Chittorgarh
Dowani B.O,312202,Delivery,BO,Ajmer,Region Chittorgarh
Hathiyana B.O,312202,Delivery,BO,Ajmer,Region Chittorgarh
Jashma B.O,312202,Delivery,BO,Ajmer,Region Chittorgarh
Nimbahera B.O,312202,Delivery,BO,Ajmer,Region Chittorgarh
Pandoli S T B.O,312202,Delivery,BO,Ajmer,Region Chittorgarh
Rolia B.O,312202,Delivery,BO,Ajmer,Region Chittorgarh
Uchnarkhurd B.O,312202,Delivery,BO,Ajmer,Region Chittorgarh
Kapasan  Town S.O,312202,Non-Delivery,PO,Ajmer,Region Chittorgarh
Rashmi S.O,312203,Delivery,PO,Ajmer,Region Chittorgarh
Adana B.O,312203,Delivery,BO,Ajmer,Region Chittorgarh
Arni B.O,312203,Delivery,BO,Ajmer,Region Chittorgarh
Bhimgarh B.O,312203,Delivery,BO,Ajmer,Region Chittorgarh
Dindoli B.O,312203,Delivery,BO,Ajmer,Region Chittorgarh
Harnathpur B.O,312203,Delivery,BO,Ajmer,Region Chittorgarh
Jadana B.O,312203,Delivery,BO,Ajmer,Region Chittorgarh
Marmi B.O,312203,Delivery,BO,Ajmer,Region Chittorgarh
Muroli B.O,312203,Delivery,BO,Ajmer,Region Chittorgarh
Sankhali B.O,312203,Delivery,BO,Ajmer,Region Chittorgarh
Upreda B.O,312203,Delivery,BO,Ajmer,Region Chittorgarh
Bhoopal sagar S.O,312204,Delivery,PO,Ajmer,Region Chittorgarh
Bhoopal  Nagar B.O,312204,Delivery,BO,Ajmer,Region Chittorgarh
Kankarwa B.O,312204,Delivery,BO,Ajmer,Region Chittorgarh
Pari B.O,312204,Delivery,BO,Ajmer,Region Chittorgarh
Phalasiya B.O,312204,Delivery,BO,Ajmer,Region Chittorgarh
Usrol B.O,312204,Delivery,BO,Ajmer,Region Chittorgarh
Mungana B.O,312204,Delivery,BO,Ajmer,Region Chittorgarh
Akola S.O (Chittorgarh),312205,Delivery,PO,Ajmer,Region Chittorgarh
Chakunda B.O,312205,Delivery,BO,Ajmer,Region Chittorgarh
Chorwadi B.O,312205,Delivery,BO,Ajmer,Region Chittorgarh
Gundli B.O,312205,Delivery,BO,Ajmer,Region Chittorgarh
Karjali B.O,312205,Delivery,BO,Ajmer,Region Chittorgarh
Murla B.O,312205,Delivery,BO,Ajmer,Region Chittorgarh
Nilod B.ON,312205,Delivery,BO,Ajmer,Region Chittorgarh
Patoliya B.O,312205,Delivery,BO,Ajmer,Region Chittorgarh
Tana B.O,312205,Delivery,BO,Ajmer,Region Chittorgarh
Umand B.O,312205,Delivery,BO,Ajmer,Region Chittorgarh
Pahuna S.O,312206,Delivery,PO,Ajmer,Region Chittorgarh
Bhalotan Ki Kheri B.O,312206,Delivery,BO,Ajmer,Region Chittorgarh
Lasadiaya Kalan B.O,312206,Delivery,BO,Ajmer,Region Chittorgarh
Nevaria B.O,312206,Delivery,BO,Ajmer,Region Chittorgarh
Rewara B.O,312206,Delivery,BO,Ajmer,Region Chittorgarh
Sihana B.O,312206,Delivery,BO,Ajmer,Region Chittorgarh
Singhpur S.O (Chittorgarh),312207,Delivery,PO,Ajmer,Region Chittorgarh
Banakiyakalan B.O,312207,Delivery,BO,Ajmer,Region Chittorgarh
Baru B.O,312207,Delivery,BO,Ajmer,Region Chittorgarh
Hingoria B.O,312207,Delivery,BO,Ajmer,Region Chittorgarh
Jitiya B.O,312207,Delivery,BO,Ajmer,Region Chittorgarh
Langach B.O,312207,Delivery,BO,Ajmer,Region Chittorgarh
Maharaaj Ki Netawal B.O,312207,Delivery,BO,Ajmer,Region Chittorgarh
Narela B.O,312207,Delivery,BO,Ajmer,Region Chittorgarh
Tumbadia B.O,312207,Delivery,BO,Ajmer,Region Chittorgarh
Bansi S.O (Chittorgarh),312401,Delivery,PO,Ajmer,Region Chittorgarh
Badwal B.O,312401,Delivery,BO,Ajmer,Region Chittorgarh
Kewalpura B.O,312401,Delivery,BO,Ajmer,Region Chittorgarh
Mahuda B.O,312401,Delivery,BO,Ajmer,Region Chittorgarh
Doongla S.O,312402,Delivery,PO,Ajmer,Region Chittorgarh
Phalodara B.O,312402,Delivery,BO,Ajmer,Region Chittorgarh
Arned B.O,312402,Delivery,BO,Ajmer,Region Chittorgarh
Badwai B.O,312402,Delivery,BO,Ajmer,Region Chittorgarh
Biloda B.O,312402,Delivery,BO,Ajmer,Region Chittorgarh
Palod B.O,312402,Delivery,BO,Ajmer,Region Chittorgarh
Pirana B.O,312402,Delivery,BO,Ajmer,Region Chittorgarh
Rawatpura B.O,312402,Delivery,BO,Ajmer,Region Chittorgarh
Semlia Peela Khera B.O,312402,Delivery,BO,Ajmer,Region Chittorgarh
Barisadari S.O,312403,Delivery,PO,Ajmer,Region Chittorgarh
Bhatoli Brahmnan B.O,312403,Delivery,BO,Ajmer,Region Chittorgarh
Jarkhana B.O,312403,Delivery,BO,Ajmer,Region Chittorgarh
Karju B.O,312403,Delivery,BO,Ajmer,Region Chittorgarh
Khardeola B.O,312403,Delivery,BO,Ajmer,Region Chittorgarh
Kiratpura B.O,312403,Delivery,BO,Ajmer,Region Chittorgarh
Laxmipura B.O,312403,Delivery,BO,Ajmer,Region Chittorgarh
Manpura Jagir B.O,312403,Delivery,BO,Ajmer,Region Chittorgarh
Munjwa B.O,312403,Delivery,BO,Ajmer,Region Chittorgarh
Parsoli B.O,312403,Delivery,BO,Ajmer,Region Chittorgarh
Ratichandjikakhera B.O,312403,Delivery,BO,Ajmer,Region Chittorgarh
Satola B.O,312403,Delivery,BO,Ajmer,Region Chittorgarh
Bohera S.O,312404,Delivery,PO,Ajmer,Region Chittorgarh
Alod B.O,312404,Delivery,BO,Ajmer,Region Chittorgarh
Binayaka B.O,312404,Delivery,BO,Ajmer,Region Chittorgarh
Delwas B.O,312404,Delivery,BO,Ajmer,Region Chittorgarh
Karsana B.O,312404,Delivery,BO,Ajmer,Region Chittorgarh
Sangria B.O,312404,Delivery,BO,Ajmer,Region Chittorgarh
Nimbahera S.O,312601,Delivery,PO,Ajmer,Region Chittorgarh
Badolighata B.O,312601,Delivery,BO,Ajmer,Region Chittorgarh
Badolimadhosingh B.O,312601,Delivery,BO,Ajmer,Region Chittorgarh
Bangreda B.O,312601,Delivery,BO,Ajmer,Region Chittorgarh
Bari B.O,312601,Delivery,BO,Ajmer,Region Chittorgarh
Basera B.O,312601,Delivery,BO,Ajmer,Region Chittorgarh
Dalla (Kishanpura) B.O,312601,Delivery,BO,Ajmer,Region Chittorgarh
Doria B.O,312601,Delivery,BO,Ajmer,Region Chittorgarh
Gadola B.O,312601,Delivery,BO,Ajmer,Region Chittorgarh
Jaliya B.O,312601,Delivery,BO,Ajmer,Region Chittorgarh
Jawada  II B.O,312601,Delivery,BO,Ajmer,Region Chittorgarh
Keli B.O,312601,Delivery,BO,Ajmer,Region Chittorgarh
Kotri Kalan B.O,312601,Delivery,BO,Ajmer,Region Chittorgarh
Lasdawn B.O,312601,Delivery,BO,Ajmer,Region Chittorgarh
Marjivi B.O,312601,Delivery,BO,Ajmer,Region Chittorgarh
Phalwa B.O,312601,Delivery,BO,Ajmer,Region Chittorgarh
Ranikhera B.O,312601,Delivery,BO,Ajmer,Region Chittorgarh
Rassoolpura B.O,312601,Delivery,BO,Ajmer,Region Chittorgarh
Bhadesar S.O,312602,Delivery,PO,Ajmer,Region Chittorgarh
Asawara B.O,312602,Delivery,BO,Ajmer,Region Chittorgarh
Bhalundi B.O,312602,Delivery,BO,Ajmer,Region Chittorgarh
Dheerji Ka Khera B.O,312602,Delivery,BO,Ajmer,Region Chittorgarh
Potlajagir B.O,312602,Delivery,BO,Ajmer,Region Chittorgarh
Nikumbh S.O,312603,Delivery,PO,Ajmer,Region Chittorgarh
Bhanuja B.O,312603,Delivery,BO,Ajmer,Region Chittorgarh
Gardana B.O,312603,Delivery,BO,Ajmer,Region Chittorgarh
Khermalia B.O,312603,Delivery,BO,Ajmer,Region Chittorgarh
Napawali B.O,312603,Delivery,BO,Ajmer,Region Chittorgarh
Peend B.O,312603,Delivery,BO,Ajmer,Region Chittorgarh
Punawali B.O,312603,Delivery,BO,Ajmer,Region Chittorgarh
Sadalkhera B.O,312603,Delivery,BO,Ajmer,Region Chittorgarh
Chhoti Sadari S.O,312604,Delivery,PO,Ajmer,Region Chittorgarh
Ambawali B.O,312604,Delivery,BO,Ajmer,Region Chittorgarh
Dhaula pani B.O,312604,Delivery,BO,Ajmer,Region Chittorgarh
Gagrol B.O,312604,Delivery,BO,Ajmer,Region Chittorgarh
Ganeshpura B.O,312604,Delivery,BO,Ajmer,Region Chittorgarh
Gomana B.O,312604,Delivery,BO,Ajmer,Region Chittorgarh
Jalodia B.O,312604,Delivery,BO,Ajmer,Region Chittorgarh
Karunda B.O,312604,Delivery,BO,Ajmer,Region Chittorgarh
Kesunda B.O,312604,Delivery,BO,Ajmer,Region Chittorgarh
Narani B.O,312604,Delivery,BO,Ajmer,Region Chittorgarh
Peelikheda B.O,312604,Delivery,BO,Ajmer,Region Chittorgarh
Pithalwadikalan B.O,312604,Delivery,BO,Ajmer,Region Chittorgarh
Semarthali B.O,312604,Delivery,BO,Ajmer,Region Chittorgarh
Siyakhedi B.O,312604,Delivery,BO,Ajmer,Region Chittorgarh
Subi B.O,312604,Delivery,BO,Ajmer,Region Chittorgarh
Swaroopganj B.O,312604,Delivery,BO,Ajmer,Region Chittorgarh
Pratap garh S.O (Chittorgarh),312605,Delivery,PO,Ajmer,Region Chittorgarh
Achalpur B.O,312605,Delivery,BO,Ajmer,Region Chittorgarh
Akhepur B.O,312605,Delivery,BO,Ajmer,Region Chittorgarh
Amlawad B.O,312605,Delivery,BO,Ajmer,Region Chittorgarh
Angora B.O,312605,Delivery,BO,Ajmer,Region Chittorgarh
Anoppura B.O,312605,Delivery,BO,Ajmer,Region Chittorgarh
Anwleshwar B.O,312605,Delivery,BO,Ajmer,Region Chittorgarh
Asawata B.O,312605,Delivery,BO,Ajmer,Region Chittorgarh
Bajranggarh B.O,312605,Delivery,BO,Ajmer,Region Chittorgarh
Barilank B.O,312605,Delivery,BO,Ajmer,Region Chittorgarh
Barotha B.O,312605,Delivery,BO,Ajmer,Region Chittorgarh
Basad B.O,312605,Delivery,BO,Ajmer,Region Chittorgarh
Basera B.O,312605,Delivery,BO,Ajmer,Region Chittorgarh
Bilesari B.O,312605,Delivery,BO,Ajmer,Region Chittorgarh
Chiklad B.O,312605,Delivery,BO,Ajmer,Region Chittorgarh
Dabda B.O,312605,Delivery,BO,Ajmer,Region Chittorgarh
Devgarh B.O,312605,Delivery,BO,Ajmer,Region Chittorgarh
Dewad B.O,312605,Delivery,BO,Ajmer,Region Chittorgarh
Gandher B.O,312605,Delivery,BO,Ajmer,Region Chittorgarh
Gotarsi B.O,312605,Delivery,BO,Ajmer,Region Chittorgarh
Gyaspur B.O,312605,Delivery,BO,Ajmer,Region Chittorgarh
Jhansri B.O,312605,Delivery,BO,Ajmer,Region Chittorgarh
Jolar B.O,312605,Delivery,BO,Ajmer,Region Chittorgarh
Kachotiya B.O,312605,Delivery,BO,Ajmer,Region Chittorgarh
Kalyanpura B.O,312605,Delivery,BO,Ajmer,Region Chittorgarh
Kerwas B.O,312605,Delivery,BO,Ajmer,Region Chittorgarh
Kherot B.O,312605,Delivery,BO,Ajmer,Region Chittorgarh
Kotwal B.O,312605,Delivery,BO,Ajmer,Region Chittorgarh
Kulthana B.O,312605,Delivery,BO,Ajmer,Region Chittorgarh
Kuni B.O,312605,Delivery,BO,Ajmer,Region Chittorgarh
Luharia B.O,312605,Delivery,BO,Ajmer,Region Chittorgarh
Mandawara B.O,312605,Delivery,BO,Ajmer,Region Chittorgarh
Mandkalan B.O,312605,Delivery,BO,Ajmer,Region Chittorgarh
Manohar Garh B.O,312605,Delivery,BO,Ajmer,Region Chittorgarh
Mota Dhamaniya B.O,312605,Delivery,BO,Ajmer,Region Chittorgarh
Motikhedi B.O,312605,Delivery,BO,Ajmer,Region Chittorgarh
Nakor B.O,312605,Delivery,BO,Ajmer,Region Chittorgarh
Pal B.O,312605,Delivery,BO,Ajmer,Region Chittorgarh
Pandawa B.O,312605,Delivery,BO,Ajmer,Region Chittorgarh
Padliya B.O,312605,Delivery,BO,Ajmer,Region Chittorgarh
Pateliya B.O,312605,Delivery,BO,Ajmer,Region Chittorgarh
Rampuria B.O,312605,Delivery,BO,Ajmer,Region Chittorgarh
Ratanpuria B.O,312605,Delivery,BO,Ajmer,Region Chittorgarh
Richawara B.O,312605,Delivery,BO,Ajmer,Region Chittorgarh
Selarpura Kalan B.O,312605,Delivery,BO,Ajmer,Region Chittorgarh
Suhagpura B.O,312605,Delivery,BO,Ajmer,Region Chittorgarh
Varmandal B.O,312605,Delivery,BO,Ajmer,Region Chittorgarh
Veerpur B.O,312605,Delivery,BO,Ajmer,Region Chittorgarh
Kutchery Partabgarh S.O,312605,Non-Delivery,PO,Ajmer,Region Chittorgarh
Kanera S.O,312606,Delivery,PO,Ajmer,Region Chittorgarh
Bangreda Ghata B.O,312606,Delivery,BO,Ajmer,Region Chittorgarh
Melana B.O,312606,Delivery,BO,Ajmer,Region Chittorgarh
Sarsi B.O,312606,Delivery,BO,Ajmer,Region Chittorgarh
Shambhupura S.O,312612,Delivery,PO,Ajmer,Region Chittorgarh
Arniapanth B.O,312612,Delivery,BO,Ajmer,Region Chittorgarh
Ghatiawali B.O,312612,Delivery,BO,Ajmer,Region Chittorgarh
Gilund B.O,312612,Delivery,BO,Ajmer,Region Chittorgarh
Jalampura B.O,312612,Delivery,BO,Ajmer,Region Chittorgarh
Samari B.O,312612,Delivery,BO,Ajmer,Region Chittorgarh
Satkhanda B.O,312612,Delivery,BO,Ajmer,Region Chittorgarh
Sawa S.O,312613,Delivery,PO,Ajmer,Region Chittorgarh
Chiksi B.O,312613,Delivery,BO,Ajmer,Region Chittorgarh
Kannoj B.O,312613,Delivery,BO,Ajmer,Region Chittorgarh
Nahargarh B.O,312613,Delivery,BO,Ajmer,Region Chittorgarh
Sukhwara B.O,312613,Delivery,BO,Ajmer,Region Chittorgarh
Binota S.O,312614,Delivery,PO,Ajmer,Region Chittorgarh
Bambori B.O,312614,Delivery,BO,Ajmer,Region Chittorgarh
Bhagwanpura B.O,312614,Delivery,BO,Ajmer,Region Chittorgarh
Jaloda Jagir B.O00,312614,Delivery,BO,Ajmer,Region Chittorgarh
Khodip B.O,312614,Delivery,BO,Ajmer,Region Chittorgarh
Mandla Charan B.O,312614,Delivery,BO,Ajmer,Region Chittorgarh
Nannana B.O,312614,Delivery,BO,Ajmer,Region Chittorgarh
Arnod S.O,312615,Delivery,PO,Ajmer,Region Chittorgarh
Achalawada B.O,312615,Delivery,BO,Ajmer,Region Chittorgarh
Achnera B.O,312615,Delivery,BO,Ajmer,Region Chittorgarh
Badwaskalan B.O,312615,Delivery,BO,Ajmer,Region Chittorgarh
Bedma B.O,312615,Delivery,BO,Ajmer,Region Chittorgarh
Chupna B.O,312615,Delivery,BO,Ajmer,Region Chittorgarh
Fathegarh B.O,312615,Delivery,BO,Ajmer,Region Chittorgarh
Hinglat B.O,312615,Delivery,BO,Ajmer,Region Chittorgarh
Jajli B.O,312615,Delivery,BO,Ajmer,Region Chittorgarh
Kanad B.O,312615,Delivery,BO,Ajmer,Region Chittorgarh
Kotri B.O,312615,Delivery,BO,Ajmer,Region Chittorgarh
Lalgarh B.O,312615,Delivery,BO,Ajmer,Region Chittorgarh
Moheda B.O,312615,Delivery,BO,Ajmer,Region Chittorgarh
Mowai B.O,312615,Delivery,BO,Ajmer,Region Chittorgarh
Nagdi B.O,312615,Delivery,BO,Ajmer,Region Chittorgarh
Naugama B.O,312615,Delivery,BO,Ajmer,Region Chittorgarh
Sagathali Thana B.O,312615,Delivery,BO,Ajmer,Region Chittorgarh
Veerawali B.O,312615,Delivery,BO,Ajmer,Region Chittorgarh
Dhamotar  S.O,312616,Delivery,PO,Ajmer,Region Chittorgarh
Baori Khera B.O,312616,Delivery,BO,Ajmer,Region Chittorgarh
Barawarda B.O,312616,Delivery,BO,Ajmer,Region Chittorgarh
Bori B.O,312616,Delivery,BO,Ajmer,Region Chittorgarh
Dhiknia B.O,312616,Delivery,BO,Ajmer,Region Chittorgarh
Dudhli Tanda B.O,312616,Delivery,BO,Ajmer,Region Chittorgarh
Kheranarsingh Mata B.O,312616,Delivery,BO,Ajmer,Region Chittorgarh
Madhura Talab B.O,312616,Delivery,BO,Ajmer,Region Chittorgarh
Meriyakhedi B.O,312616,Delivery,BO,Ajmer,Region Chittorgarh
Narayankheda B.O,312616,Delivery,BO,Ajmer,Region Chittorgarh
Sidhpura B.O,312616,Delivery,BO,Ajmer,Region Chittorgarh
Teela B.O,312616,Delivery,BO,Ajmer,Region Chittorgarh
Untakheda B.O,312616,Delivery,BO,Ajmer,Region Chittorgarh
Kailash  Nagar S.O,312617,Delivery,PO,Ajmer,Region Chittorgarh
Dalot S.O,312619,Delivery,PO,Ajmer,Region Chittorgarh
Ambirama B.O,312619,Delivery,BO,Ajmer,Region Chittorgarh
Banslai B.O,312619,Delivery,BO,Ajmer,Region Chittorgarh
Bardia B.O,312619,Delivery,BO,Ajmer,Region Chittorgarh
Barisagthali B.O,312619,Delivery,BO,Ajmer,Region Chittorgarh
Bori B.O,312619,Delivery,BO,Ajmer,Region Chittorgarh
Chakunda B.O,312619,Delivery,BO,Ajmer,Region Chittorgarh
Chandera B.O,312619,Delivery,BO,Ajmer,Region Chittorgarh
Jeerawata B.O,312619,Delivery,BO,Ajmer,Region Chittorgarh
KANGARH.BO,312619,Delivery,BO,Ajmer,Region Chittorgarh
Ninor B.O,312619,Delivery,BO,Ajmer,Region Chittorgarh
Raipur B.O,312619,Delivery,BO,Ajmer,Region Chittorgarh
Raipurjangal B.O,312619,Delivery,BO,Ajmer,Region Chittorgarh
Salamgarh B.O,312619,Delivery,BO,Ajmer,Region Chittorgarh
Sewna B.O,312619,Delivery,BO,Ajmer,Region Chittorgarh
Unthel B.O,312619,Delivery,BO,Ajmer,Region Chittorgarh
Mangrol S.O (Chittorgarh),312620,Delivery,PO,Ajmer,Region Chittorgarh
Arnia Joshi B.O,312620,Delivery,BO,Ajmer,Region Chittorgarh
Arnoda B.O,312620,Delivery,BO,Ajmer,Region Chittorgarh
Bhawaliya B.O,312620,Delivery,BO,Ajmer,Region Chittorgarh
Karunda B.O,312620,Delivery,BO,Ajmer,Region Chittorgarh
Udpura B.O,312620,Delivery,BO,Ajmer,Region Chittorgarh
Unkliya B.O,312620,Delivery,BO,Ajmer,Region Chittorgarh
Adityapuram S.O,312622,Delivery,PO,Ajmer,Region Chittorgarh
Rathajana S.O,312623,Delivery,PO,Ajmer,Region Chittorgarh
Bardia B.O,312623,Delivery,BO,Ajmer,Region Chittorgarh
Bhuwasia B.O,312623,Delivery,BO,Ajmer,Region Chittorgarh
Gadola B.O,312623,Delivery,BO,Ajmer,Region Chittorgarh
Kanora B.O,312623,Delivery,BO,Ajmer,Region Chittorgarh
Kesharpura B.O,312623,Delivery,BO,Ajmer,Region Chittorgarh
Kheda B.O,312623,Delivery,BO,Ajmer,Region Chittorgarh
Khoria B.O,312623,Delivery,BO,Ajmer,Region Chittorgarh
Magroda B.O,312623,Delivery,BO,Ajmer,Region Chittorgarh
Panmodi B.O,312623,Delivery,BO,Ajmer,Region Chittorgarh
Piloo B.O,312623,Delivery,BO,Ajmer,Region Chittorgarh
Sakriya B.O,312623,Delivery,BO,Ajmer,Region Chittorgarh
Semnop B.O,312623,Delivery,BO,Ajmer,Region Chittorgarh
Thada B.O,312623,Delivery,BO,Ajmer,Region Chittorgarh
Prathvipura BO,312624,Delivery,BO,Ajmer,Region Chittorgarh
Peepalkhunt S.O,312624,Delivery,PO,Ajmer,Region Chittorgarh
Kelamela B.O,312624,Delivery,BO,Ajmer,Region Chittorgarh
Nayan B.O,312624,Delivery,BO,Ajmer,Region Chittorgarh
Bori B.O,312624,Delivery,BO,Ajmer,Region Chittorgarh
Chhari B.O,312624,Delivery,BO,Ajmer,Region Chittorgarh
Dunglavani B.O,312624,Delivery,BO,Ajmer,Region Chittorgarh
Ghantali B.O,312624,Delivery,BO,Ajmer,Region Chittorgarh
Jethalia B.O,312624,Delivery,BO,Ajmer,Region Chittorgarh
Kupda B.O,312624,Delivery,BO,Ajmer,Region Chittorgarh
Semaliya B.O,312624,Delivery,BO,Ajmer,Region Chittorgarh
Sodalpur B.O,312624,Delivery,BO,Ajmer,Region Chittorgarh
Sowaniya B.O,312624,Delivery,BO,Ajmer,Region Chittorgarh
Jamli B.O,312624,Delivery,BO,Ajmer,Region Chittorgarh
Dhariawad S.O,312625,Delivery,PO,Ajmer,Region Chittorgarh
Bhojpur B.O,312625,Delivery,BO,Ajmer,Region Chittorgarh
Chari B.O,312625,Delivery,BO,Ajmer,Region Chittorgarh
Dantalia B.O,312625,Delivery,BO,Ajmer,Region Chittorgarh
Devla B.O,312625,Delivery,BO,Ajmer,Region Chittorgarh
Gadriawas B.O,312625,Delivery,BO,Ajmer,Region Chittorgarh
Gadwas B.O,312625,Delivery,BO,Ajmer,Region Chittorgarh
Jhadoli B.O,312625,Delivery,BO,Ajmer,Region Chittorgarh
Keshariawad B.O,312625,Delivery,BO,Ajmer,Region Chittorgarh
Lohagarh B.O,312625,Delivery,BO,Ajmer,Region Chittorgarh
Managaon B.O,312625,Delivery,BO,Ajmer,Region Chittorgarh
Pahada B.O,312625,Delivery,BO,Ajmer,Region Chittorgarh
Parel B.O,312625,Delivery,BO,Ajmer,Region Chittorgarh
Piplia B.O,312625,Delivery,BO,Ajmer,Region Chittorgarh
Sihar B.O,312625,Delivery,BO,Ajmer,Region Chittorgarh
NALWA BO,312625,Delivery,BO,Ajmer,Region Chittorgarh
AAd B.O,312626,Delivery,BO,Ajmer,Region Chittorgarh
Anant B.O,312626,Delivery,BO,Ajmer,Region Chittorgarh
Bharkundi B.O,312626,Delivery,BO,Ajmer,Region Chittorgarh
Boria B.O,312626,Delivery,BO,Ajmer,Region Chittorgarh
Gopalpura B.O,312626,Delivery,BO,Ajmer,Region Chittorgarh
Khunta B.O,312626,Delivery,BO,Ajmer,Region Chittorgarh
Lodia B.O,312626,Delivery,BO,Ajmer,Region Chittorgarh
Mandvi B.O,312626,Delivery,BO,Ajmer,Region Chittorgarh
Mungana B.O,312626,Delivery,BO,Ajmer,Region Chittorgarh
Parsola S.O,312626,Delivery,PO,Ajmer,Region Chittorgarh
Sadas S.O,312627,Delivery,PO,Ajmer,Region Chittorgarh
Gangrar S.O,312901,Delivery,PO,Ajmer,Region Chittorgarh
Bavlas B.O,312901,Delivery,BO,Ajmer,Region Chittorgarh
Bolon Ka Sanwata B.O,312901,Delivery,BO,Ajmer,Region Chittorgarh
Bood B.O,312901,Delivery,BO,Ajmer,Region Chittorgarh
Borda B.O,312901,Delivery,BO,Ajmer,Region Chittorgarh
Chogawadi B.O,312901,Delivery,BO,Ajmer,Region Chittorgarh
Jawasia B.O,312901,Delivery,BO,Ajmer,Region Chittorgarh
Jojron Ka Kheda B.O,312901,Delivery,BO,Ajmer,Region Chittorgarh
Kanti B.O,312901,Delivery,BO,Ajmer,Region Chittorgarh
Kharkhanda B.O,312901,Delivery,BO,Ajmer,Region Chittorgarh
Kunwalia B.O,312901,Delivery,BO,Ajmer,Region Chittorgarh
Mandfiya B.O,312901,Delivery,BO,Ajmer,Region Chittorgarh
Raghunathpura B.O,312901,Delivery,BO,Ajmer,Region Chittorgarh
Rood B.O,312901,Delivery,BO,Ajmer,Region Chittorgarh
Sadi B.O,312901,Delivery,BO,Ajmer,Region Chittorgarh
Soniyana B.O,312901,Delivery,BO,Ajmer,Region Chittorgarh
Sudri B.O,312901,Delivery,BO,Ajmer,Region Chittorgarh
Suwania B.O,312901,Delivery,BO,Ajmer,Region Chittorgarh
Tumbadia B.O,312901,Delivery,BO,Ajmer,Region Chittorgarh
Undwa B.O,312901,Delivery,BO,Ajmer,Region Chittorgarh
Gothada B.O,313611,Delivery,BO,Ajmer,Region Chittorgarh
Anushakti S.O,323303,Delivery,PO,Ajmer,Region Chittorgarh
Bhenshroadgarh S.O,323304,Delivery,PO,Ajmer,Region Chittorgarh
Borav B.O,323304,Delivery,BO,Ajmer,Region Chittorgarh
Gopalpura B.O,323304,Delivery,BO,Ajmer,Region Chittorgarh
Meghniwas B.O,323304,Delivery,BO,Ajmer,Region Chittorgarh
Sripura B.O,323304,Delivery,BO,Ajmer,Region Chittorgarh
Tambolia B.O,323304,Delivery,BO,Ajmer,Region Chittorgarh
Rawatbhatta  Bazar S.O,323305,Delivery,PO,Ajmer,Region Chittorgarh
Vikram Nagar S.O,323306,Delivery,PO,Ajmer,Region Chittorgarh
Mandesara B.O,323306,Delivery,BO,Ajmer,Region Chittorgarh
Rajpura B.O,323306,Delivery,BO,Ajmer,Region Chittorgarh
Bhabhanagar S.O,323307,Delivery,PO,Ajmer,Region Chittorgarh
Badoliya B.O,323307,Delivery,BO,Ajmer,Region Chittorgarh
Barodia B.O,323307,Delivery,BO,Ajmer,Region Chittorgarh
Eklingpura B.O,323307,Delivery,BO,Ajmer,Region Chittorgarh
Jalkhera B.O,323307,Delivery,BO,Ajmer,Region Chittorgarh
Khatikhera B.O,323307,Delivery,BO,Ajmer,Region Chittorgarh
Mohana B.O,323307,Delivery,BO,Ajmer,Region Chittorgarh
Dungarpur H.O,314001,Delivery,HO,Ajmer,Region Dungarpur
Rampur Mewada B.O,314001,Delivery,BO,Ajmer,Region Dungarpur
Sundarpur B.O,314001,Delivery,BO,Ajmer,Region Dungarpur
Wer B.O,314001,Delivery,BO,Ajmer,Region Dungarpur
Mada B.O,314001,Delivery,BO,Ajmer,Region Dungarpur
Mandwa B.O,314001,Delivery,BO,Ajmer,Region Dungarpur
Mathugamda B.O,314001,Delivery,BO,Ajmer,Region Dungarpur
Biladi B.O,314001,Delivery,BO,Ajmer,Region Dungarpur
Metali B.O,314001,Delivery,BO,Ajmer,Region Dungarpur
Mewada B.O,314001,Delivery,BO,Ajmer,Region Dungarpur
Rohanwara B.O,314001,Delivery,BO,Ajmer,Region Dungarpur
Veerpur B.O,314001,Delivery,BO,Ajmer,Region Dungarpur
Jalukuwa B.O,314001,Delivery,BO,Ajmer,Region Dungarpur
Piplada B.O,314001,Delivery,BO,Ajmer,Region Dungarpur
Surpur B.O,314001,Delivery,BO,Ajmer,Region Dungarpur
Teejwar B.O,314001,Delivery,BO,Ajmer,Region Dungarpur
Galander B.O,314001,Delivery,BO,Ajmer,Region Dungarpur
Kherwara Chela B.O,314001,Delivery,BO,Ajmer,Region Dungarpur
Pal Mathugamda B.O,314001,Delivery,BO,Ajmer,Region Dungarpur
Gamdi Ahada B.O,314001,Delivery,BO,Ajmer,Region Dungarpur
Dungarpur Gapsagar S.O,314001,Non-Delivery,PO,Ajmer,Region Dungarpur
Bara B.O,314011,Delivery,BO,Ajmer,Region Dungarpur
Bokhla B.O,314011,Delivery,BO,Ajmer,Region Dungarpur
Dewal B.O,314011,Delivery,BO,Ajmer,Region Dungarpur
Gamdi Deval B.O,314011,Delivery,BO,Ajmer,Region Dungarpur
Gamdi Pal B.O,314011,Delivery,BO,Ajmer,Region Dungarpur
Gardhuna B.O,314011,Delivery,BO,Ajmer,Region Dungarpur
Gumanpura B.O,314011,Delivery,BO,Ajmer,Region Dungarpur
Rampur Sati B.O,314011,Delivery,BO,Ajmer,Region Dungarpur
Shishod B.O,314011,Delivery,BO,Ajmer,Region Dungarpur
Tadi Obri B.O,314011,Delivery,BO,Ajmer,Region Dungarpur
Vagdari B.O,314011,Delivery,BO,Ajmer,Region Dungarpur
Paldeval S.O,314011,Delivery,PO,Ajmer,Region Dungarpur
Amaritia B.O,314021,Delivery,BO,Ajmer,Region Dungarpur
Gol B.O,314021,Delivery,BO,Ajmer,Region Dungarpur
Khudarda B.O,314021,Delivery,BO,Ajmer,Region Dungarpur
Parda Itiwar B.O,314021,Delivery,BO,Ajmer,Region Dungarpur
Raiki B.O,314021,Delivery,BO,Ajmer,Region Dungarpur
Somkamla Amba B.O,314021,Delivery,BO,Ajmer,Region Dungarpur
Tokwasa B.O,314021,Delivery,BO,Ajmer,Region Dungarpur
Aspur S.O,314021,Delivery,PO,Ajmer,Region Dungarpur
Bhakhrad B.O,314022,Delivery,BO,Ajmer,Region Dungarpur
Bharga B.O,314022,Delivery,BO,Ajmer,Region Dungarpur
Biloora B.O,314022,Delivery,BO,Ajmer,Region Dungarpur
Devpur B.O,314022,Delivery,BO,Ajmer,Region Dungarpur
Dolpur B.O,314022,Delivery,BO,Ajmer,Region Dungarpur
Gamdi B.O,314022,Delivery,BO,Ajmer,Region Dungarpur
Jogiwara B.O,314022,Delivery,BO,Ajmer,Region Dungarpur
Khanan B.O,314022,Delivery,BO,Ajmer,Region Dungarpur
Lodawal B.O,314022,Delivery,BO,Ajmer,Region Dungarpur
Miyala B.O,314022,Delivery,BO,Ajmer,Region Dungarpur
Munged B.O,314022,Delivery,BO,Ajmer,Region Dungarpur
Nandli B.O,314022,Delivery,BO,Ajmer,Region Dungarpur
Nithauva B.O,314022,Delivery,BO,Ajmer,Region Dungarpur
Pal Nithauwa B.O,314022,Delivery,BO,Ajmer,Region Dungarpur
Pindawal B.O,314022,Delivery,BO,Ajmer,Region Dungarpur
Rinchha B.O,314022,Delivery,BO,Ajmer,Region Dungarpur
Sagot B.O,314022,Delivery,BO,Ajmer,Region Dungarpur
Solanj B.O,314022,Delivery,BO,Ajmer,Region Dungarpur
Talora B.O,314022,Delivery,BO,Ajmer,Region Dungarpur
Valai B.O,314022,Delivery,BO,Ajmer,Region Dungarpur
Sabla S.O,314022,Delivery,PO,Ajmer,Region Dungarpur
Bhasore B.O,314023,Delivery,BO,Ajmer,Region Dungarpur
Gada Kumaria B.O,314023,Delivery,BO,Ajmer,Region Dungarpur
Galiana B.O,314023,Delivery,BO,Ajmer,Region Dungarpur
Jashpur Jabka B.O,314023,Delivery,BO,Ajmer,Region Dungarpur
Khalil B.O,314023,Delivery,BO,Ajmer,Region Dungarpur
Kokapur B.O,314023,Delivery,BO,Ajmer,Region Dungarpur
Lilwasa B.O,314023,Delivery,BO,Ajmer,Region Dungarpur
Mowai B.O,314023,Delivery,BO,Ajmer,Region Dungarpur
Bankora S.O,314023,Delivery,PO,Ajmer,Region Dungarpur
Akhaipur B.O,314024,Delivery,BO,Ajmer,Region Dungarpur
Gamdi Devki B.O,314024,Delivery,BO,Ajmer,Region Dungarpur
Karada B.O,314024,Delivery,BO,Ajmer,Region Dungarpur
Oad B.O,314024,Delivery,BO,Ajmer,Region Dungarpur
Padra B.O,314024,Delivery,BO,Ajmer,Region Dungarpur
Padwa S.O (Dungarpur),314024,Delivery,PO,Ajmer,Region Dungarpur
Ara B.O,314025,Delivery,BO,Ajmer,Region Dungarpur
Varsinghpur B.O,314025,Delivery,BO,Ajmer,Region Dungarpur
Gamda Brahamania B.O,314025,Delivery,BO,Ajmer,Region Dungarpur
Gowadi B.O,314025,Delivery,BO,Ajmer,Region Dungarpur
Palmavit B.O,314025,Delivery,BO,Ajmer,Region Dungarpur
Sagwara S.O,314025,Delivery,PO,Ajmer,Region Dungarpur
Sagwara Bazar S.O,314025,Non-Delivery,PO,Ajmer,Region Dungarpur
Silohi B.O,314026,Delivery,BO,Ajmer,Region Dungarpur
Galiakot S.O,314026,Delivery,PO,Ajmer,Region Dungarpur
Ambada B.O,314027,Delivery,BO,Ajmer,Region Dungarpur
Chadoli B.O,314027,Delivery,BO,Ajmer,Region Dungarpur
Daiyana B.O,314027,Delivery,BO,Ajmer,Region Dungarpur
Diwda Chhota B.O,314027,Delivery,BO,Ajmer,Region Dungarpur
Ghata Ka Gaon B.O,314027,Delivery,BO,Ajmer,Region Dungarpur
Ghotad B.O,314027,Delivery,BO,Ajmer,Region Dungarpur
Hadmala B.O,314027,Delivery,BO,Ajmer,Region Dungarpur
Leemri B.O,314027,Delivery,BO,Ajmer,Region Dungarpur
Mewara B.O,314027,Delivery,BO,Ajmer,Region Dungarpur
Semlia Ghata B.O,314027,Delivery,BO,Ajmer,Region Dungarpur
Suraj Gaon B.O,314027,Delivery,BO,Ajmer,Region Dungarpur
Khadagda S.O,314027,Delivery,PO,Ajmer,Region Dungarpur
Kolkhanda B.O,314028,Delivery,BO,Ajmer,Region Dungarpur
Mandav B.O,314028,Delivery,BO,Ajmer,Region Dungarpur
Mando Ki Pal B.O,314028,Delivery,BO,Ajmer,Region Dungarpur
Punali S.O,314028,Delivery,PO,Ajmer,Region Dungarpur
Beejawara B.O,314029,Delivery,BO,Ajmer,Region Dungarpur
Gara Bejaniya B.O,314029,Delivery,BO,Ajmer,Region Dungarpur
Kahela B.O,314029,Delivery,BO,Ajmer,Region Dungarpur
Nandod B.O,314029,Delivery,BO,Ajmer,Region Dungarpur
Nokhna B.O,314029,Delivery,BO,Ajmer,Region Dungarpur
Nougama B.O,314029,Delivery,BO,Ajmer,Region Dungarpur
Tamtiya B.O,314029,Delivery,BO,Ajmer,Region Dungarpur
Varda B.O,314029,Delivery,BO,Ajmer,Region Dungarpur
Thakarda S.O,314029,Delivery,PO,Ajmer,Region Dungarpur
Ambada B.O,314030,Delivery,BO,Ajmer,Region Dungarpur
Badgama B.O,314030,Delivery,BO,Ajmer,Region Dungarpur
Bawadi B.O,314030,Delivery,BO,Ajmer,Region Dungarpur
Dhangaon B.O,314030,Delivery,BO,Ajmer,Region Dungarpur
Doongar B.O,314030,Delivery,BO,Ajmer,Region Dungarpur
Dungarsaran B.O,314030,Delivery,BO,Ajmer,Region Dungarpur
Gara Mertiya B.O,314030,Delivery,BO,Ajmer,Region Dungarpur
Gariyata B.O,314030,Delivery,BO,Ajmer,Region Dungarpur
Gundlara B.O,314030,Delivery,BO,Ajmer,Region Dungarpur
Jasela B.O,314030,Delivery,BO,Ajmer,Region Dungarpur
Kherasa B.O,314030,Delivery,BO,Ajmer,Region Dungarpur
Kochri B.O,314030,Delivery,BO,Ajmer,Region Dungarpur
Kuwan B.O,314030,Delivery,BO,Ajmer,Region Dungarpur
Nandia B.O,314030,Delivery,BO,Ajmer,Region Dungarpur
Panch Kundli B.O,314030,Delivery,BO,Ajmer,Region Dungarpur
Ramsore B.O,314030,Delivery,BO,Ajmer,Region Dungarpur
Rathari B.O,314030,Delivery,BO,Ajmer,Region Dungarpur
Saleda B.O,314030,Delivery,BO,Ajmer,Region Dungarpur
Sendola B.O,314030,Delivery,BO,Ajmer,Region Dungarpur
Tamboliya B.O,314030,Delivery,BO,Ajmer,Region Dungarpur
Chikhli S.O (Dungarpur),314030,Delivery,PO,Ajmer,Region Dungarpur
Bageri B.O,314031,Delivery,BO,Ajmer,Region Dungarpur
Diwda Bada B.O,314031,Delivery,BO,Ajmer,Region Dungarpur
Jethana B.O,314031,Delivery,BO,Ajmer,Region Dungarpur
Semalia Pandya B.O,314031,Delivery,BO,Ajmer,Region Dungarpur
Vandarved B.O,314031,Delivery,BO,Ajmer,Region Dungarpur
Bhiluda S.O,314031,Delivery,PO,Ajmer,Region Dungarpur
Buchiya Bada B.O,314032,Delivery,BO,Ajmer,Region Dungarpur
Gada Jhumji B.O,314032,Delivery,BO,Ajmer,Region Dungarpur
Gada Wasan B.O,314032,Delivery,BO,Ajmer,Region Dungarpur
Kariyana B.O,314032,Delivery,BO,Ajmer,Region Dungarpur
Khadlai B.O,314032,Delivery,BO,Ajmer,Region Dungarpur
Padardi Badi B.O,314032,Delivery,BO,Ajmer,Region Dungarpur
Semaliya B.O,314032,Delivery,BO,Ajmer,Region Dungarpur
Vamasa B.O,314032,Delivery,BO,Ajmer,Region Dungarpur
Saroda S.O,314032,Delivery,PO,Ajmer,Region Dungarpur
Bhojato Ka Oda B.O,314034,Delivery,BO,Ajmer,Region Dungarpur
Deosomnath B.O,314034,Delivery,BO,Ajmer,Region Dungarpur
Devla B.O,314034,Delivery,BO,Ajmer,Region Dungarpur
Dhatana B.O,314034,Delivery,BO,Ajmer,Region Dungarpur
Falonj B.O,314034,Delivery,BO,Ajmer,Region Dungarpur
Ganeshpur B.O,314034,Delivery,BO,Ajmer,Region Dungarpur
Hathai B.O,314034,Delivery,BO,Ajmer,Region Dungarpur
Indora B.O,314034,Delivery,BO,Ajmer,Region Dungarpur
Kanthari B.O,314034,Delivery,BO,Ajmer,Region Dungarpur
Kareliya B.O,314034,Delivery,BO,Ajmer,Region Dungarpur
Khempur B.O,314034,Delivery,BO,Ajmer,Region Dungarpur
Kheda Samor B.O,314034,Delivery,BO,Ajmer,Region Dungarpur
Odwariya B.O,314034,Delivery,BO,Ajmer,Region Dungarpur
Parda Thoor B.O,314034,Delivery,BO,Ajmer,Region Dungarpur
Ragunathpura B.O,314034,Delivery,BO,Ajmer,Region Dungarpur
Sakani B.O,314034,Delivery,BO,Ajmer,Region Dungarpur
Savgarh B.O,314034,Delivery,BO,Ajmer,Region Dungarpur
Thoor ki pal B.O,314034,Delivery,BO,Ajmer,Region Dungarpur
Ramgarh S.O (Dungarpur),314034,Delivery,PO,Ajmer,Region Dungarpur
Baba Ki Bar B.O,314035,Delivery,BO,Ajmer,Region Dungarpur
Bhamai B.O,314035,Delivery,BO,Ajmer,Region Dungarpur
Bhesara Bara B.O,314035,Delivery,BO,Ajmer,Region Dungarpur
Gada Jasrajpur B.O,314035,Delivery,BO,Ajmer,Region Dungarpur
Jhosawa B.O,314035,Delivery,BO,Ajmer,Region Dungarpur
Jogpur B.O,314035,Delivery,BO,Ajmer,Region Dungarpur
Kasariya B.O,314035,Delivery,BO,Ajmer,Region Dungarpur
Likhatiya  B.O,314035,Delivery,BO,Ajmer,Region Dungarpur
Parda Mataji B.O,314035,Delivery,BO,Ajmer,Region Dungarpur
Ratriya B.O,314035,Delivery,BO,Ajmer,Region Dungarpur
Ubli B.O,314035,Delivery,BO,Ajmer,Region Dungarpur
Chitri S.O,314035,Delivery,PO,Ajmer,Region Dungarpur
Asela B.O,314036,Delivery,BO,Ajmer,Region Dungarpur
Dhavri B.O,314036,Delivery,BO,Ajmer,Region Dungarpur
Dowda B.O,314036,Delivery,BO,Ajmer,Region Dungarpur
Gada Moraiya B.O,314036,Delivery,BO,Ajmer,Region Dungarpur
Kheda Kachawasa B.O,314036,Delivery,BO,Ajmer,Region Dungarpur
Kherwara Sulai B.O,314036,Delivery,BO,Ajmer,Region Dungarpur
Naraniya B.O,314036,Delivery,BO,Ajmer,Region Dungarpur
Pagara B.O,314036,Delivery,BO,Ajmer,Region Dungarpur
Paldhara B.O,314036,Delivery,BO,Ajmer,Region Dungarpur
Underda B.O,314036,Delivery,BO,Ajmer,Region Dungarpur
Upergaon B.O,314036,Delivery,BO,Ajmer,Region Dungarpur
Vassi B.O,314036,Delivery,BO,Ajmer,Region Dungarpur
Damdi S.O,314036,Delivery,PO,Ajmer,Region Dungarpur
Balota B.O,314037,Delivery,BO,Ajmer,Region Dungarpur
Bilia Badgama B.O,314037,Delivery,BO,Ajmer,Region Dungarpur
Chouki B.O,314037,Delivery,BO,Ajmer,Region Dungarpur
Dojapal B.O,314037,Delivery,BO,Ajmer,Region Dungarpur
Hirata B.O,314037,Delivery,BO,Ajmer,Region Dungarpur
Kanhari B.O,314037,Delivery,BO,Ajmer,Region Dungarpur
Nalwarda B.O,314037,Delivery,BO,Ajmer,Region Dungarpur
Salaj B.O,314037,Delivery,BO,Ajmer,Region Dungarpur
Surata B.O,314037,Delivery,BO,Ajmer,Region Dungarpur
Antri S.O (Dungarpur),314037,Delivery,PO,Ajmer,Region Dungarpur
Baroda B.O,314038,Delivery,BO,Ajmer,Region Dungarpur
Bhiyodi B.O,314038,Delivery,BO,Ajmer,Region Dungarpur
Bodigama Kalan B.O,314038,Delivery,BO,Ajmer,Region Dungarpur
Borigama Chhota B.O,314038,Delivery,BO,Ajmer,Region Dungarpur
Ghotada B.O,314038,Delivery,BO,Ajmer,Region Dungarpur
Jhariyana B.O,314038,Delivery,BO,Ajmer,Region Dungarpur
Kabja B.O,314038,Delivery,BO,Ajmer,Region Dungarpur
Katisor B.O,314038,Delivery,BO,Ajmer,Region Dungarpur
Lapania B.O,314038,Delivery,BO,Ajmer,Region Dungarpur
Mal B.O,314038,Delivery,BO,Ajmer,Region Dungarpur
Pachalasa Bada B.O,314038,Delivery,BO,Ajmer,Region Dungarpur
Pachlasa Chhota B.O,314038,Delivery,BO,Ajmer,Region Dungarpur
Vasunder Chhoti B.O,314038,Delivery,BO,Ajmer,Region Dungarpur
Punjpur S.O,314038,Delivery,PO,Ajmer,Region Dungarpur
Barbudnia B.O,314401,Delivery,BO,Ajmer,Region Dungarpur
Decha B.O,314401,Delivery,BO,Ajmer,Region Dungarpur
Parda Mehton ka B.O,314401,Delivery,BO,Ajmer,Region Dungarpur
Pepala Gunj B.O,314401,Delivery,BO,Ajmer,Region Dungarpur
Phaota B.O,314401,Delivery,BO,Ajmer,Region Dungarpur
Virat B.O,314401,Delivery,BO,Ajmer,Region Dungarpur
Obri S.O,314401,Delivery,PO,Ajmer,Region Dungarpur
Bansia B.O,314402,Delivery,BO,Ajmer,Region Dungarpur
Bodamali B.O,314402,Delivery,BO,Ajmer,Region Dungarpur
Gandhwa B.O,314402,Delivery,BO,Ajmer,Region Dungarpur
Ghuver B.O,314402,Delivery,BO,Ajmer,Region Dungarpur
Karawada B.O,314402,Delivery,BO,Ajmer,Region Dungarpur
Nagria Panchela B.O,314402,Delivery,BO,Ajmer,Region Dungarpur
Pohri Khatu B.O,314402,Delivery,BO,Ajmer,Region Dungarpur
Pohri Patelan B.O,314402,Delivery,BO,Ajmer,Region Dungarpur
Vedsa B.O,314402,Delivery,BO,Ajmer,Region Dungarpur
Dhambola S.O,314402,Delivery,PO,Ajmer,Region Dungarpur
Badi Likhi B.O,314403,Delivery,BO,Ajmer,Region Dungarpur
Charwara B.O,314403,Delivery,BO,Ajmer,Region Dungarpur
Gara Gokal B.O,314403,Delivery,BO,Ajmer,Region Dungarpur
Jalap B.O,314403,Delivery,BO,Ajmer,Region Dungarpur
Jhalai B.O,314403,Delivery,BO,Ajmer,Region Dungarpur
Mandli B.O,314403,Delivery,BO,Ajmer,Region Dungarpur
Rasta B.O,314403,Delivery,BO,Ajmer,Region Dungarpur
Sadaria B.O,314403,Delivery,BO,Ajmer,Region Dungarpur
Sakarsi B.O,314403,Delivery,BO,Ajmer,Region Dungarpur
Sarthuna B.O,314403,Delivery,BO,Ajmer,Region Dungarpur
Seethal B.O,314403,Delivery,BO,Ajmer,Region Dungarpur
Simalwara S.O,314403,Delivery,PO,Ajmer,Region Dungarpur
Bera B.O,314404,Delivery,BO,Ajmer,Region Dungarpur
Bhinda B.O,314404,Delivery,BO,Ajmer,Region Dungarpur
Genji B.O,314404,Delivery,BO,Ajmer,Region Dungarpur
Ghata B.O,314404,Delivery,BO,Ajmer,Region Dungarpur
Jhontri B.O,314404,Delivery,BO,Ajmer,Region Dungarpur
Mahudipal B.O,314404,Delivery,BO,Ajmer,Region Dungarpur
Pagara B.O,314404,Delivery,BO,Ajmer,Region Dungarpur
Pokhrun B.O,314404,Delivery,BO,Ajmer,Region Dungarpur
Rainta B.O,314404,Delivery,BO,Ajmer,Region Dungarpur
Sansarpur B.O,314404,Delivery,BO,Ajmer,Region Dungarpur
Venja B.O,314404,Delivery,BO,Ajmer,Region Dungarpur
Vikasnagar S.O (Dungarpur),314404,Delivery,PO,Ajmer,Region Dungarpur
Bandela B.O,314406,Delivery,BO,Ajmer,Region Dungarpur
Bankra B.O,314406,Delivery,BO,Ajmer,Region Dungarpur
Bhachdhia B.O,314406,Delivery,BO,Ajmer,Region Dungarpur
Dariyati B.O,314406,Delivery,BO,Ajmer,Region Dungarpur
Dhodhra B.O,314406,Delivery,BO,Ajmer,Region Dungarpur
Dhoondhariya B.O,314406,Delivery,BO,Ajmer,Region Dungarpur
Dookan B.O,314406,Delivery,BO,Ajmer,Region Dungarpur
Jharani B.O,314406,Delivery,BO,Ajmer,Region Dungarpur
Jorawarpur B.O,314406,Delivery,BO,Ajmer,Region Dungarpur
Malakholda B.O,314406,Delivery,BO,Ajmer,Region Dungarpur
Punawada B.O,314406,Delivery,BO,Ajmer,Region Dungarpur
Rajpur B.O,314406,Delivery,BO,Ajmer,Region Dungarpur
Peeth S.O,314406,Delivery,PO,Ajmer,Region Dungarpur
Amzara B.O,314801,Delivery,BO,Ajmer,Region Dungarpur
Barothi B.O,314801,Delivery,BO,Ajmer,Region Dungarpur
Chhapi B.O,314801,Delivery,BO,Ajmer,Region Dungarpur
Chundawada B.O,314801,Delivery,BO,Ajmer,Region Dungarpur
Dhamod B.O,314801,Delivery,BO,Ajmer,Region Dungarpur
Ger B.O,314801,Delivery,BO,Ajmer,Region Dungarpur
Khajuri B.O,314801,Delivery,BO,Ajmer,Region Dungarpur
Kherwara B.O,314801,Delivery,BO,Ajmer,Region Dungarpur
Malmatha B.O,314801,Delivery,BO,Ajmer,Region Dungarpur
Modar B.O,314801,Delivery,BO,Ajmer,Region Dungarpur
Palisoda B.O,314801,Delivery,BO,Ajmer,Region Dungarpur
Palpadar B.O,314801,Delivery,BO,Ajmer,Region Dungarpur
Ratanpur B.O,314801,Delivery,BO,Ajmer,Region Dungarpur
Talaiya B.O,314801,Delivery,BO,Ajmer,Region Dungarpur
Bichhiwara S.O,314801,Delivery,PO,Ajmer,Region Dungarpur
Balwara B.O,314804,Delivery,BO,Ajmer,Region Dungarpur
Bhiyana B.O,314804,Delivery,BO,Ajmer,Region Dungarpur
Bori B.O,314804,Delivery,BO,Ajmer,Region Dungarpur
Garmala B.O,314804,Delivery,BO,Ajmer,Region Dungarpur
Ghugra B.O,314804,Delivery,BO,Ajmer,Region Dungarpur
Karoli B.O,314804,Delivery,BO,Ajmer,Region Dungarpur
Navalshyam B.O,314804,Delivery,BO,Ajmer,Region Dungarpur
Odabada B.O,314804,Delivery,BO,Ajmer,Region Dungarpur
Sabli B.O,314804,Delivery,BO,Ajmer,Region Dungarpur
Sanchia B.O,314804,Delivery,BO,Ajmer,Region Dungarpur
Thana B.O,314804,Delivery,BO,Ajmer,Region Dungarpur
Kanba S.O,314804,Delivery,PO,Ajmer,Region Dungarpur
Bari B.O,327001,Delivery,BO,Ajmer,Region Dungarpur
Banswara H.O,327001,Delivery,HO,Ajmer,Region Dungarpur
Borwat B.O,327001,Delivery,BO,Ajmer,Region Dungarpur
Jhupel B.O,327001,Delivery,BO,Ajmer,Region Dungarpur
Kalakhet B.O,327001,Delivery,BO,Ajmer,Region Dungarpur
Khajuri B.O,327001,Delivery,BO,Ajmer,Region Dungarpur
Tajpur B.O,327001,Delivery,BO,Ajmer,Region Dungarpur
Chriyawasa B.O,327001,Delivery,BO,Ajmer,Region Dungarpur
Dana Khari B.O,327001,Delivery,BO,Ajmer,Region Dungarpur
Danpur B.O,327001,Delivery,BO,Ajmer,Region Dungarpur
Lodha B.O,327001,Delivery,BO,Ajmer,Region Dungarpur
Navagoan B.O,327001,Delivery,BO,Ajmer,Region Dungarpur
Bor Khaber B.O,327001,Delivery,BO,Ajmer,Region Dungarpur
Godi Tajpur B.O,327001,Delivery,BO,Ajmer,Region Dungarpur
Katumbi B.O,327001,Delivery,BO,Ajmer,Region Dungarpur
Kundla Kalan B.O,327001,Delivery,BO,Ajmer,Region Dungarpur
Nalda B.O,327001,Delivery,BO,Ajmer,Region Dungarpur
Chanduji Ka Gara B.O,327001,Delivery,BO,Ajmer,Region Dungarpur
Fefar B.O,327001,Delivery,BO,Ajmer,Region Dungarpur
Khandu B.O,327001,Delivery,BO,Ajmer,Region Dungarpur
Kheda Khas B.O,327001,Delivery,BO,Ajmer,Region Dungarpur
Kundal B.O,327001,Delivery,BO,Ajmer,Region Dungarpur
Rohida B.O,327001,Delivery,BO,Ajmer,Region Dungarpur
Surpur B.O,327001,Delivery,BO,Ajmer,Region Dungarpur
Upla Ghantala B.O,327001,Delivery,BO,Ajmer,Region Dungarpur
Badgoan B.O,327001,Delivery,BO,Ajmer,Region Dungarpur
Badliya B.O,327001,Delivery,BO,Ajmer,Region Dungarpur
Kotra B.O,327001,Delivery,BO,Ajmer,Region Dungarpur
Sevna B.O,327001,Delivery,BO,Ajmer,Region Dungarpur
Sundni B.O,327001,Delivery,BO,Ajmer,Region Dungarpur
Tamtiya B.O,327001,Delivery,BO,Ajmer,Region Dungarpur
Bhapor B.O,327001,Delivery,BO,Ajmer,Region Dungarpur
Chacha Kota B.O,327001,Delivery,BO,Ajmer,Region Dungarpur
Kupda B.O,327001,Delivery,BO,Ajmer,Region Dungarpur
Kuwania B.O,327001,Delivery,BO,Ajmer,Region Dungarpur
Nichala Ghantala B.O,327001,Delivery,BO,Ajmer,Region Dungarpur
Thikariya B.O,327001,Delivery,BO,Ajmer,Region Dungarpur
Chhoti Sarwan B.O,327001,Delivery,BO,Ajmer,Region Dungarpur
Galkiya B.O,327001,Delivery,BO,Ajmer,Region Dungarpur
Harnathpura B.O,327001,Delivery,BO,Ajmer,Region Dungarpur
Mordi Nichali B.O,327001,Delivery,BO,Ajmer,Region Dungarpur
Panchalwasa B.O,327001,Delivery,BO,Ajmer,Region Dungarpur
Badrel Khurd B.O,327001,Delivery,BO,Ajmer,Region Dungarpur
Boriya B.O,327001,Delivery,BO,Ajmer,Region Dungarpur
Jahapura B.O,327001,Delivery,BO,Ajmer,Region Dungarpur
Kaserpura B.O,327001,Delivery,BO,Ajmer,Region Dungarpur
Maheshpura B.O,327001,Delivery,BO,Ajmer,Region Dungarpur
Mokampura B.O,327001,Delivery,BO,Ajmer,Region Dungarpur
Napla B.O,327001,Delivery,BO,Ajmer,Region Dungarpur
Palaswani B.O,327001,Delivery,BO,Ajmer,Region Dungarpur
Singhpura B.O,327001,Delivery,BO,Ajmer,Region Dungarpur
Banswara City S.O,327001,Non-Delivery,PO,Ajmer,Region Dungarpur
Banswara Ind. Area S.O,327001,Non-Delivery,PO,Ajmer,Region Dungarpur
Banswara Mahi Colony S.O,327001,Non-Delivery,PO,Ajmer,Region Dungarpur
Banswara Prathvi Ganj S.O,327001,Non-Delivery,PO,Ajmer,Region Dungarpur
Amar singh Ka Garha B.O,327021,Delivery,BO,Ajmer,Region Dungarpur
Asan B.O,327021,Delivery,BO,Ajmer,Region Dungarpur
Bamanparda B.O,327021,Delivery,BO,Ajmer,Region Dungarpur
Bhimpur B.O,327021,Delivery,BO,Ajmer,Region Dungarpur
Bhoyar B.O,327021,Delivery,BO,Ajmer,Region Dungarpur
Bhuwasa B.O,327021,Delivery,BO,Ajmer,Region Dungarpur
Borda B.O,327021,Delivery,BO,Ajmer,Region Dungarpur
Buda Bassi B.O,327021,Delivery,BO,Ajmer,Region Dungarpur
Dukawara B.O,327021,Delivery,BO,Ajmer,Region Dungarpur
Karanpur B.O,327021,Delivery,BO,Ajmer,Region Dungarpur
Mota Goan B.O,327021,Delivery,BO,Ajmer,Region Dungarpur
Mota Tanda B.O,327021,Delivery,BO,Ajmer,Region Dungarpur
Ganoda S.O,327021,Delivery,PO,Ajmer,Region Dungarpur
Agarpura B.O,327022,Delivery,BO,Ajmer,Region Dungarpur
Asoda B.O,327022,Delivery,BO,Ajmer,Region Dungarpur
Berwa B.O,327022,Delivery,BO,Ajmer,Region Dungarpur
Bhagora B.O,327022,Delivery,BO,Ajmer,Region Dungarpur
Bori B.O,327022,Delivery,BO,Ajmer,Region Dungarpur
Chopasang B.O,327022,Delivery,BO,Ajmer,Region Dungarpur
Daduka B.O,327022,Delivery,BO,Ajmer,Region Dungarpur
Jharas B.O,327022,Delivery,BO,Ajmer,Region Dungarpur
Kheran Ka Parda B.O,327022,Delivery,BO,Ajmer,Region Dungarpur
Khodan B.O,327022,Delivery,BO,Ajmer,Region Dungarpur
Malana B.O,327022,Delivery,BO,Ajmer,Region Dungarpur
Matwala B.O,327022,Delivery,BO,Ajmer,Region Dungarpur
Mor B.O,327022,Delivery,BO,Ajmer,Region Dungarpur
Naya Goan B.O,327022,Delivery,BO,Ajmer,Region Dungarpur
Samagarha B.O,327022,Delivery,BO,Ajmer,Region Dungarpur
Umbada B.O,327022,Delivery,BO,Ajmer,Region Dungarpur
Garhi S.O (Banswara),327022,Delivery,PO,Ajmer,Region Dungarpur
Amarthun B.O,327023,Delivery,BO,Ajmer,Region Dungarpur
Badana B.O,327023,Delivery,BO,Ajmer,Region Dungarpur
Delwara Lokiya B.O,327023,Delivery,BO,Ajmer,Region Dungarpur
Devda B.O,327023,Delivery,BO,Ajmer,Region Dungarpur
Doodka B.O,327023,Delivery,BO,Ajmer,Region Dungarpur
Jagpura B.O,327023,Delivery,BO,Ajmer,Region Dungarpur
Jharkaniya B.O,327023,Delivery,BO,Ajmer,Region Dungarpur
Kanji Ka Gara B.O,327023,Delivery,BO,Ajmer,Region Dungarpur
Padal Badi B.O,327023,Delivery,BO,Ajmer,Region Dungarpur
Padal Chhoti B.O,327023,Delivery,BO,Ajmer,Region Dungarpur
Padoli Gordhan B.O,327023,Delivery,BO,Ajmer,Region Dungarpur
Padoli Rathor B.O,327023,Delivery,BO,Ajmer,Region Dungarpur
Runjia B.O,327023,Delivery,BO,Ajmer,Region Dungarpur
Sanawasa B.O,327023,Delivery,BO,Ajmer,Region Dungarpur
Ghatol S.O,327023,Delivery,PO,Ajmer,Region Dungarpur
Partapur S.O,327024,Delivery,PO,Ajmer,Region Dungarpur
Bachadiya B.O,327025,Delivery,BO,Ajmer,Region Dungarpur
Badi Saredi B.O,327025,Delivery,BO,Ajmer,Region Dungarpur
Bhimsore B.O,327025,Delivery,BO,Ajmer,Region Dungarpur
Gamdi B.O,327025,Delivery,BO,Ajmer,Region Dungarpur
Kheda B.O,327025,Delivery,BO,Ajmer,Region Dungarpur
Kunwala B.O,327025,Delivery,BO,Ajmer,Region Dungarpur
Kushalpura B.O,327025,Delivery,BO,Ajmer,Region Dungarpur
Masotiya B.O,327025,Delivery,BO,Ajmer,Region Dungarpur
Sagwadiya B.O,327025,Delivery,BO,Ajmer,Region Dungarpur
Sakaria B.O,327025,Delivery,BO,Ajmer,Region Dungarpur
Saredi Chhoti B.O,327025,Delivery,BO,Ajmer,Region Dungarpur
Sundanpur B.O,327025,Delivery,BO,Ajmer,Region Dungarpur
Vajwanaia B.O,327025,Delivery,BO,Ajmer,Region Dungarpur
Talwara S.O,327025,Delivery,PO,Ajmer,Region Dungarpur
Badgun B.O,327026,Delivery,BO,Ajmer,Region Dungarpur
Bhungda B.O,327026,Delivery,BO,Ajmer,Region Dungarpur
Cheev B.O,327026,Delivery,BO,Ajmer,Region Dungarpur
Kherdabada B.O,327026,Delivery,BO,Ajmer,Region Dungarpur
Mahidam S.O,327026,Delivery,PO,Ajmer,Region Dungarpur
Borpi Khera B.O,327027,Delivery,BO,Ajmer,Region Dungarpur
Kanthao B.O,327027,Delivery,BO,Ajmer,Region Dungarpur
Kherwa B.O,327027,Delivery,BO,Ajmer,Region Dungarpur
Miyasa B.O,327027,Delivery,BO,Ajmer,Region Dungarpur
Mudasal B.O,327027,Delivery,BO,Ajmer,Region Dungarpur
Narwali B.O,327027,Delivery,BO,Ajmer,Region Dungarpur
Dungar B.O,327027,Delivery,BO,Ajmer,Region Dungarpur
Dagal B.O,327027,Delivery,BO,Ajmer,Region Dungarpur
Dungariya B.O,327027,Delivery,BO,Ajmer,Region Dungarpur
Rupji Ka Kheda B.O,327027,Delivery,BO,Ajmer,Region Dungarpur
Sarodia B.O,327027,Delivery,BO,Ajmer,Region Dungarpur
Khamera S.O,327027,Delivery,PO,Ajmer,Region Dungarpur
Ambalia B.O,327031,Delivery,BO,Ajmer,Region Dungarpur
Badliya B.O,327031,Delivery,BO,Ajmer,Region Dungarpur
Bareth B.O,327031,Delivery,BO,Ajmer,Region Dungarpur
Barjodia B.O,327031,Delivery,BO,Ajmer,Region Dungarpur
Chandwara B.O,327031,Delivery,BO,Ajmer,Region Dungarpur
Cheekli Teja B.O,327031,Delivery,BO,Ajmer,Region Dungarpur
Chhaja B.O,327031,Delivery,BO,Ajmer,Region Dungarpur
Dokar B.O,327031,Delivery,BO,Ajmer,Region Dungarpur
Kajelia B.O,327031,Delivery,BO,Ajmer,Region Dungarpur
Madkola B.O,327031,Delivery,BO,Ajmer,Region Dungarpur
Minapadar B.O,327031,Delivery,BO,Ajmer,Region Dungarpur
Mundri B.O,327031,Delivery,BO,Ajmer,Region Dungarpur
Naharpura B.O,327031,Delivery,BO,Ajmer,Region Dungarpur
Obla B.O,327031,Delivery,BO,Ajmer,Region Dungarpur
Phalwa B.O,327031,Delivery,BO,Ajmer,Region Dungarpur
Sundrao B.O,327031,Delivery,BO,Ajmer,Region Dungarpur
Tamtiya B.O,327031,Delivery,BO,Ajmer,Region Dungarpur
Anandpuri S.O (Banswara),327031,Delivery,PO,Ajmer,Region Dungarpur
Ajna B.O,327032,Delivery,BO,Ajmer,Region Dungarpur
Bassi Badi B.O,327032,Delivery,BO,Ajmer,Region Dungarpur
Biloda B.O,327032,Delivery,BO,Ajmer,Region Dungarpur
Kesharpura B.O,327032,Delivery,BO,Ajmer,Region Dungarpur
Kotada B.O,327032,Delivery,BO,Ajmer,Region Dungarpur
Nawadhara B.O,327032,Delivery,BO,Ajmer,Region Dungarpur
Paderi B.O,327032,Delivery,BO,Ajmer,Region Dungarpur
Panchawara B.O,327032,Delivery,BO,Ajmer,Region Dungarpur
Saranpur B.O,327032,Delivery,BO,Ajmer,Region Dungarpur
Vakhatpura B.O,327032,Delivery,BO,Ajmer,Region Dungarpur
Arthuna S.O,327032,Delivery,PO,Ajmer,Region Dungarpur
Ador B.O,327034,Delivery,BO,Ajmer,Region Dungarpur
Amja B.O,327034,Delivery,BO,Ajmer,Region Dungarpur
Bhatar B.O,327034,Delivery,BO,Ajmer,Region Dungarpur
Gopinath Ka Garha B.O,327034,Delivery,BO,Ajmer,Region Dungarpur
Madlada B.O,327034,Delivery,BO,Ajmer,Region Dungarpur
Nahali B.O,327034,Delivery,BO,Ajmer,Region Dungarpur
Odwara B.O,327034,Delivery,BO,Ajmer,Region Dungarpur
Panasi Chhoti B.O,327034,Delivery,BO,Ajmer,Region Dungarpur
Paraheda B.O,327034,Delivery,BO,Ajmer,Region Dungarpur
Pindarama B.O,327034,Delivery,BO,Ajmer,Region Dungarpur
Raiyana B.O,327034,Delivery,BO,Ajmer,Region Dungarpur
Tamtiya Rathor B.O,327034,Delivery,BO,Ajmer,Region Dungarpur
Jolana S.O,327034,Delivery,PO,Ajmer,Region Dungarpur
Bhaler Bhodar B.O,327601,Delivery,BO,Ajmer,Region Dungarpur
Chordi B.O,327601,Delivery,BO,Ajmer,Region Dungarpur
Dhalar B.O,327601,Delivery,BO,Ajmer,Region Dungarpur
Gangad Talai B.O,327601,Delivery,BO,Ajmer,Region Dungarpur
Handi B.O,327601,Delivery,BO,Ajmer,Region Dungarpur
Jambudi B.O,327601,Delivery,BO,Ajmer,Region Dungarpur
Jhanjharwa B.O,327601,Delivery,BO,Ajmer,Region Dungarpur
Jher Moti B.O,327601,Delivery,BO,Ajmer,Region Dungarpur
Khodalim B.O,327601,Delivery,BO,Ajmer,Region Dungarpur
Khunta Galia B.O,327601,Delivery,BO,Ajmer,Region Dungarpur
Lankai B.O,327601,Delivery,BO,Ajmer,Region Dungarpur
Moti Timbi B.O,327601,Delivery,BO,Ajmer,Region Dungarpur
Ram ka Munna B.O,327601,Delivery,BO,Ajmer,Region Dungarpur
Rohaniya B.O,327601,Delivery,BO,Ajmer,Region Dungarpur
Rohanwari B.O,327601,Delivery,BO,Ajmer,Region Dungarpur
Salia B.O,327601,Delivery,BO,Ajmer,Region Dungarpur
Sallopat B.O,327601,Delivery,BO,Ajmer,Region Dungarpur
Sangariya B.O,327601,Delivery,BO,Ajmer,Region Dungarpur
Shergarh B.O,327601,Delivery,BO,Ajmer,Region Dungarpur
Udaipura B.O,327601,Delivery,BO,Ajmer,Region Dungarpur
Ummadgarhi B.O,327601,Delivery,BO,Ajmer,Region Dungarpur
Bagidora S.O,327601,Delivery,PO,Ajmer,Region Dungarpur
Andheshwar B.O,327602,Delivery,BO,Ajmer,Region Dungarpur
Chaura Kalan B.O,327602,Delivery,BO,Ajmer,Region Dungarpur
Dungra Chhota B.O,327602,Delivery,BO,Ajmer,Region Dungarpur
Dungra Kalan B.O,327602,Delivery,BO,Ajmer,Region Dungarpur
Godawara Nareng B.O,327602,Delivery,BO,Ajmer,Region Dungarpur
Himmatgarh B.O,327602,Delivery,BO,Ajmer,Region Dungarpur
Itala B.O,327602,Delivery,BO,Ajmer,Region Dungarpur
Jalampura B.O,327602,Delivery,BO,Ajmer,Region Dungarpur
Kesharwadi B.O,327602,Delivery,BO,Ajmer,Region Dungarpur
Khundni Rupa B.O,327602,Delivery,BO,Ajmer,Region Dungarpur
Machchar Para B.O,327602,Delivery,BO,Ajmer,Region Dungarpur
Magarda Bada B.O,327602,Delivery,BO,Ajmer,Region Dungarpur
Mahudi Maska B.O,327602,Delivery,BO,Ajmer,Region Dungarpur
Rath Dhanraj B.O,327602,Delivery,BO,Ajmer,Region Dungarpur
Rohaniya Laxman Singh B.O,327602,Delivery,BO,Ajmer,Region Dungarpur
Tambesara B.O,327602,Delivery,BO,Ajmer,Region Dungarpur
Tanda Mangla B.O,327602,Delivery,BO,Ajmer,Region Dungarpur
Tandi Kalan B.O,327602,Delivery,BO,Ajmer,Region Dungarpur
Sajjan Garh S.O,327602,Delivery,PO,Ajmer,Region Dungarpur
Balawara B.O,327603,Delivery,BO,Ajmer,Region Dungarpur
Bansala B.O,327603,Delivery,BO,Ajmer,Region Dungarpur
Bodigama B.O,327603,Delivery,BO,Ajmer,Region Dungarpur
Patan B.O,327603,Delivery,BO,Ajmer,Region Dungarpur
Naugama B.O,327603,Delivery,BO,Ajmer,Region Dungarpur
Chhinch S.O,327603,Delivery,PO,Ajmer,Region Dungarpur
Bodigama B.O,327604,Delivery,BO,Ajmer,Region Dungarpur
Budwa B.O,327604,Delivery,BO,Ajmer,Region Dungarpur
Chokhala B.O,327604,Delivery,BO,Ajmer,Region Dungarpur
Karji B.O,327604,Delivery,BO,Ajmer,Region Dungarpur
Limthan B.O,327604,Delivery,BO,Ajmer,Region Dungarpur
Pali Kalan B.O,327604,Delivery,BO,Ajmer,Region Dungarpur
Sagrod B.O,327604,Delivery,BO,Ajmer,Region Dungarpur
Saliya B.O,327604,Delivery,BO,Ajmer,Region Dungarpur
Samaria B.O,327604,Delivery,BO,Ajmer,Region Dungarpur
Surwania B.O,327604,Delivery,BO,Ajmer,Region Dungarpur
Barodia S.O,327604,Delivery,PO,Ajmer,Region Dungarpur
Akhebhanji Ka Gara B.O,327605,Delivery,BO,Ajmer,Region Dungarpur
Lasada B.O,327605,Delivery,BO,Ajmer,Region Dungarpur
Paloda B.O,327605,Delivery,BO,Ajmer,Region Dungarpur
Thikariya B.O,327605,Delivery,BO,Ajmer,Region Dungarpur
Luharia S.O,327605,Delivery,PO,Ajmer,Region Dungarpur
Biladi B.O,327606,Delivery,BO,Ajmer,Region Dungarpur
Lilwani B.O,327606,Delivery,BO,Ajmer,Region Dungarpur
Mahudi B.O,327606,Delivery,BO,Ajmer,Region Dungarpur
Nagawara B.O,327606,Delivery,BO,Ajmer,Region Dungarpur
Peeplod B.O,327606,Delivery,BO,Ajmer,Region Dungarpur
Rakho B.O,327606,Delivery,BO,Ajmer,Region Dungarpur
Sagwa B.O,327606,Delivery,BO,Ajmer,Region Dungarpur
Suwala B.O,327606,Delivery,BO,Ajmer,Region Dungarpur
Kalinjara S.O,327606,Delivery,PO,Ajmer,Region Dungarpur
Badi Sarwa B.O,327801,Delivery,BO,Ajmer,Region Dungarpur
Badli Pada B.O,327801,Delivery,BO,Ajmer,Region Dungarpur
Badwasa B.O,327801,Delivery,BO,Ajmer,Region Dungarpur
Bassi B.O,327801,Delivery,BO,Ajmer,Region Dungarpur
Charkani B.O,327801,Delivery,BO,Ajmer,Region Dungarpur
Chhoti Sarwa B.O,327801,Delivery,BO,Ajmer,Region Dungarpur
Dhumath B.O,327801,Delivery,BO,Ajmer,Region Dungarpur
Jhikali B.O,327801,Delivery,BO,Ajmer,Region Dungarpur
Kalinjara B.O,327801,Delivery,BO,Ajmer,Region Dungarpur
Kotra Ranga B.O,327801,Delivery,BO,Ajmer,Region Dungarpur
Kushalapada B.O,327801,Delivery,BO,Ajmer,Region Dungarpur
Loharia B.O,327801,Delivery,BO,Ajmer,Region Dungarpur
Mokampura B.O,327801,Delivery,BO,Ajmer,Region Dungarpur
Mundri B.O,327801,Delivery,BO,Ajmer,Region Dungarpur
Padikalan B.O,327801,Delivery,BO,Ajmer,Region Dungarpur
Patan B.O,327801,Delivery,BO,Ajmer,Region Dungarpur
Ramgarh B.O,327801,Delivery,BO,Ajmer,Region Dungarpur
Sabalpur B.O,327801,Delivery,BO,Ajmer,Region Dungarpur
Timbada B.O,327801,Delivery,BO,Ajmer,Region Dungarpur
Unkala B.O,327801,Delivery,BO,Ajmer,Region Dungarpur
Kushalgarh S.O,327801,Delivery,PO,Ajmer,Region Dungarpur
Kushal Garh Bazar S.O,327801,Non-Delivery,PO,Ajmer,Region Dungarpur
Kota H.O,324001,Delivery,HO,Ajmer,Region Kota
Kota Kutchery S.O,324001,Non-Delivery,PO,Ajmer,Region Kota
Nayapura Kota S.O,324001,Non-Delivery,PO,Ajmer,Region Kota
Subhash Marg Kota S.O,324001,Non-Delivery,PO,Ajmer,Region Kota
Naya Nohra B.O,324002,Delivery,BO,Ajmer,Region Kota
Kota Jn. S.O,324002,Delivery,PO,Ajmer,Region Kota
Arjunpura B.O,324002,Delivery,BO,Ajmer,Region Kota
Kishan Pura Takiya B.O,324002,Delivery,BO,Ajmer,Region Kota
Sogaria B.O,324002,Delivery,BO,Ajmer,Region Kota
Borkheda B.O,324002,Delivery,BO,Ajmer,Region Kota
New Railway Colony Kota S.O,324002,Non-Delivery,PO,Ajmer,Region Kota
Wagon Repair Colony Kota S.O,324002,Non-Delivery,PO,Ajmer,Region Kota
Industerial Estate Kota S.O,324003,Delivery,PO,Ajmer,Region Kota
Udyog Puri Kota S.O,324004,Delivery,PO,Ajmer,Region Kota
P.I.P. Kota S.O,324005,Delivery,PO,Ajmer,Region Kota
Mahaveer Nagar Kota S.O,324005,Non-Delivery,PO,Ajmer,Region Kota
Talwandi Kota S.O,324005,Non-Delivery,PO,Ajmer,Region Kota
Vigyan Nagar Kota S.O,324005,Non-Delivery,PO,Ajmer,Region Kota
Kota City S.O,324006,Delivery,PO,Ajmer,Region Kota
Kaithuni Pole Kota S.O,324006,Non-Delivery,PO,Ajmer,Region Kota
Subzi Mandi Kota S.O,324006,Non-Delivery,PO,Ajmer,Region Kota
New Grain Mandi Kota H.O,324007,Delivery,HO,Ajmer,Region Kota
Chhawni Ram Chandra Pura S.O,324007,Non-Delivery,PO,Ajmer,Region Kota
Gumanpura Kota S.O,324007,Non-Delivery,PO,Ajmer,Region Kota
Small Industrial Area Kota S.O,324007,Non-Delivery,PO,Ajmer,Region Kota
Thermal Colony Kota S.O,324008,Delivery,PO,Ajmer,Region Kota
Girdharpura B.O,324008,Delivery,BO,Ajmer,Region Kota
Nanta B.O,324008,Delivery,BO,Ajmer,Region Kota
Dadabari Kota S.O,324009,Delivery,PO,Ajmer,Region Kota
Engineering College Kota S.O,324010,Delivery,PO,Ajmer,Region Kota
Borabas B.O,324010,Delivery,BO,Ajmer,Region Kota
Dolya B.O,324010,Delivery,BO,Ajmer,Region Kota
Kaithun S.O,325001,Delivery,PO,Ajmer,Region Kota
Aamli B.O,325001,Delivery,BO,Ajmer,Region Kota
Aralia Jagir B.O,325001,Delivery,BO,Ajmer,Region Kota
Arand Kheda B.O,325001,Delivery,BO,Ajmer,Region Kota
Baniani B.O,325001,Delivery,BO,Ajmer,Region Kota
Deoli B.O,325001,Delivery,BO,Ajmer,Region Kota
Dhakadkhedi B.O,325001,Delivery,BO,Ajmer,Region Kota
Dhoti B.O,325001,Delivery,BO,Ajmer,Region Kota
Gandiphali B.O,325001,Delivery,BO,Ajmer,Region Kota
Golana B.O,325001,Delivery,BO,Ajmer,Region Kota
Jakhora B.O,325001,Delivery,BO,Ajmer,Region Kota
Khajuri B.O,325001,Delivery,BO,Ajmer,Region Kota
Khajurna B.O.,325001,Delivery,BO,Ajmer,Region Kota
Khandgaon B.O,325001,Delivery,BO,Ajmer,Region Kota
Kherdarasoolpur B.O,325001,Delivery,BO,Ajmer,Region Kota
Khurad B.O,325001,Delivery,BO,Ajmer,Region Kota
Mawasa B.O,325001,Delivery,BO,Ajmer,Region Kota
Cable Nagar S.O,325003,Delivery,PO,Ajmer,Region Kota
Bhanwaria B.O,325003,Delivery,BO,Ajmer,Region Kota
Dhani Kasar B.O,325003,Delivery,BO,Ajmer,Region Kota
Gopalpura B.O,325003,Delivery,BO,Ajmer,Region Kota
Mandana B.O,325003,Delivery,BO,Ajmer,Region Kota
Mandlya B.O,325003,Delivery,BO,Ajmer,Region Kota
Ranpur B.O,325003,Delivery,BO,Ajmer,Region Kota
Ummedpura B.O,325003,Delivery,BO,Ajmer,Region Kota
Itawa S.O,325004,Delivery,PO,Ajmer,Region Kota
Bambolia Kalan B.O,325004,Delivery,BO,Ajmer,Region Kota
Binayaka B.O,325004,Delivery,BO,Ajmer,Region Kota
Gainta B.O,325004,Delivery,BO,Ajmer,Region Kota
Ganeshganj B.O,325004,Delivery,BO,Ajmer,Region Kota
Karwad B.O,325004,Delivery,BO,Ajmer,Region Kota
Khyawada B.O,325004,Delivery,BO,Ajmer,Region Kota
Nonera B.O,325004,Delivery,BO,Ajmer,Region Kota
Piplda B.O,325004,Delivery,BO,Ajmer,Region Kota
Pushod B.O,325004,Delivery,BO,Ajmer,Region Kota
Rajopa B.O,325004,Delivery,BO,Ajmer,Region Kota
Ranodia B.O,325004,Delivery,BO,Ajmer,Region Kota
Shahnawda B.O,325004,Delivery,BO,Ajmer,Region Kota
Khatoli S.O,325009,Delivery,PO,Ajmer,Region Kota
Bagli B.O,325009,Delivery,BO,Ajmer,Region Kota
Balupa B.O,325009,Delivery,BO,Ajmer,Region Kota
Borda B.O,325009,Delivery,BO,Ajmer,Region Kota
Chhapol B.O,325009,Delivery,BO,Ajmer,Region Kota
Dhipari B.O,325009,Delivery,BO,Ajmer,Region Kota
Jatwada B.O,325009,Delivery,BO,Ajmer,Region Kota
Jorawarpura B.O,325009,Delivery,BO,Ajmer,Region Kota
Kakrawada B.O,325009,Delivery,BO,Ajmer,Region Kota
Miyana B.O,325009,Delivery,BO,Ajmer,Region Kota
Nimola B.O,325009,Delivery,BO,Ajmer,Region Kota
Talab B.O,325009,Delivery,BO,Ajmer,Region Kota
Digod S.O,325201,Delivery,PO,Ajmer,Region Kota
Dungarja B.O,325201,Delivery,BO,Ajmer,Region Kota
Kotsuan B.O,325201,Delivery,BO,Ajmer,Region Kota
Manasgaon B.O,325201,Delivery,BO,Ajmer,Region Kota
Nimoda B.O,325201,Delivery,BO,Ajmer,Region Kota
Parliya B.O,325201,Delivery,BO,Ajmer,Region Kota
Tathed B.O,325201,Delivery,BO,Ajmer,Region Kota
Bhojya Kheri B.O,325202,Delivery,BO,Ajmer,Region Kota
Khajurana Kalan B.O,325202,Delivery,BO,Ajmer,Region Kota
Mandeeta B.O,325202,Delivery,BO,Ajmer,Region Kota
Mirja Pur B.O,325202,Delivery,BO,Ajmer,Region Kota
Palaitha B.O,325202,Delivery,BO,Ajmer,Region Kota
Raj Garh B.O,325202,Delivery,BO,Ajmer,Region Kota
Anta S.O,325202,Delivery,PO,Ajmer,Region Kota
Sorsan B.O,325202,Delivery,BO,Ajmer,Region Kota
Thikaria B.O,325202,Delivery,BO,Ajmer,Region Kota
Simlia S.O,325203,Delivery,PO,Ajmer,Region Kota
Bhanda Hera B.O,325203,Delivery,BO,Ajmer,Region Kota
Choma Malian B.O,325203,Delivery,BO,Ajmer,Region Kota
Dhaba B.O,325203,Delivery,BO,Ajmer,Region Kota
Golya Hedi B.O,325203,Delivery,BO,Ajmer,Region Kota
Haripura B.O,325203,Delivery,BO,Ajmer,Region Kota
Polai Kalan B.O,325203,Delivery,BO,Ajmer,Region Kota
Rel B.O,325203,Delivery,BO,Ajmer,Region Kota
Suhana B.O,325203,Delivery,BO,Ajmer,Region Kota
Ukalda B.O,325203,Delivery,BO,Ajmer,Region Kota
Sultanpur S.O,325204,Delivery,PO,Ajmer,Region Kota
Amarpura B.O,325204,Delivery,BO,Ajmer,Region Kota
Banethia B.O,325204,Delivery,BO,Ajmer,Region Kota
Barod B.O,325204,Delivery,BO,Ajmer,Region Kota
Budha Deet B.O,325204,Delivery,BO,Ajmer,Region Kota
Dhanwa B.O,325204,Delivery,BO,Ajmer,Region Kota
Jhargaon B.O,325204,Delivery,BO,Ajmer,Region Kota
Kharula B.O,325204,Delivery,BO,Ajmer,Region Kota
Kherli Tanwaran B.O,325204,Delivery,BO,Ajmer,Region Kota
Kishorepura B.O,325204,Delivery,BO,Ajmer,Region Kota
Kotradeep Singh B.O,325204,Delivery,BO,Ajmer,Region Kota
Lakh Sanija B.O,325204,Delivery,BO,Ajmer,Region Kota
Mandanpura B.O,325204,Delivery,BO,Ajmer,Region Kota
Mandawara B.O,325204,Delivery,BO,Ajmer,Region Kota
Morpa B.O,325204,Delivery,BO,Ajmer,Region Kota
Nautara B.O,325204,Delivery,BO,Ajmer,Region Kota
Takarwara B.O,325204,Delivery,BO,Ajmer,Region Kota
Toran B.O,325204,Delivery,BO,Ajmer,Region Kota
Ummedpura B.O,325204,Delivery,BO,Ajmer,Region Kota
Baran MDG S.O,325205,Delivery,PO,Ajmer,Region Kota
Barana B.O,325205,Delivery,BO,Ajmer,Region Kota
Batawada B.O,325205,Delivery,BO,Ajmer,Region Kota
Bengana B.O,325205,Delivery,BO,Ajmer,Region Kota
Chhajawa B.O,325205,Delivery,BO,Ajmer,Region Kota
Dhoti B.O,325205,Delivery,BO,Ajmer,Region Kota
Fatehpur B.O,325205,Delivery,BO,Ajmer,Region Kota
Gajanpura B.O,325205,Delivery,BO,Ajmer,Region Kota
Iklera B.O,325205,Delivery,BO,Ajmer,Region Kota
Kalmanda B.O,325205,Delivery,BO,Ajmer,Region Kota
Karnaheda B.O,325205,Delivery,BO,Ajmer,Region Kota
Kherali B.O,325205,Delivery,BO,Ajmer,Region Kota
Mandola B.O,325205,Delivery,BO,Ajmer,Region Kota
Mathna B.O,325205,Delivery,BO,Ajmer,Region Kota
Melkheri B.O,325205,Delivery,BO,Ajmer,Region Kota
Moondla Bisoti B.O,325205,Delivery,BO,Ajmer,Region Kota
Nareda B.O,325205,Delivery,BO,Ajmer,Region Kota
Patheda B.O,325205,Delivery,BO,Ajmer,Region Kota
Ratawad B.O,325205,Delivery,BO,Ajmer,Region Kota
Sundlak B.O,325205,Delivery,BO,Ajmer,Region Kota
Krishi Upaj Mandi Baran S.O,325205,Non-Delivery,PO,Ajmer,Region Kota
Siswali S.O,325206,Delivery,PO,Ajmer,Region Kota
Badgaon B.O,325206,Delivery,BO,Ajmer,Region Kota
Baldarah B.O,325206,Delivery,BO,Ajmer,Region Kota
Patunda B.O,325206,Delivery,BO,Ajmer,Region Kota
Raithal B.O,325206,Delivery,BO,Ajmer,Region Kota
Shahpura B.O,325206,Delivery,BO,Ajmer,Region Kota
Tisaya B.O,325206,Delivery,BO,Ajmer,Region Kota
Udpura B.O,325206,Delivery,BO,Ajmer,Region Kota
Bapawar S.O,325207,Delivery,PO,Ajmer,Region Kota
Khedia B.O,325207,Delivery,BO,Ajmer,Region Kota
Kunjed B.O,325207,Delivery,BO,Ajmer,Region Kota
Labaniya B.O,325207,Delivery,BO,Ajmer,Region Kota
Laturi B.O,325207,Delivery,BO,Ajmer,Region Kota
Moi Kalan B.O,325207,Delivery,BO,Ajmer,Region Kota
Sahrod B.O,325207,Delivery,BO,Ajmer,Region Kota
Tulsan B.O,325207,Delivery,BO,Ajmer,Region Kota
Bamla B.O,325207,Delivery,BO,Ajmer,Region Kota
Gadepan S.O,325208,Delivery,PO,Ajmer,Region Kota
Bamori B.O,325208,Delivery,BO,Ajmer,Region Kota
Bhaura B.O,325208,Delivery,BO,Ajmer,Region Kota
Sarola B.O,325208,Delivery,BO,Ajmer,Region Kota
Badwa B.O,325209,Delivery,BO,Ajmer,Region Kota
Bamolia Kalan B.O,325209,Delivery,BO,Ajmer,Region Kota
Jai Nagar B.O,325209,Delivery,BO,Ajmer,Region Kota
Kachri B.O,325209,Delivery,BO,Ajmer,Region Kota
Pachel Kalan B.O,325209,Delivery,BO,Ajmer,Region Kota
Sorkhand Kalan B.O,325209,Delivery,BO,Ajmer,Region Kota
Tam Khera B.O,325209,Delivery,BO,Ajmer,Region Kota
Bijora B.O,325209,Delivery,BO,Ajmer,Region Kota
Anta Gas Power Project Anta S.O,325209,Delivery,PO,Ajmer,Region Kota
Ayana S.O,325214,Delivery,PO,Ajmer,Region Kota
Ayani B.O,325214,Delivery,BO,Ajmer,Region Kota
Durjanpura B.O,325214,Delivery,BO,Ajmer,Region Kota
Jaloda Khatian B.O,325214,Delivery,BO,Ajmer,Region Kota
Laxmi Pura B.O,325214,Delivery,BO,Ajmer,Region Kota
Luhawad B.O,325214,Delivery,BO,Ajmer,Region Kota
Mangrol S.O,325215,Delivery,PO,Ajmer,Region Kota
Asnawar B.O,325215,Delivery,BO,Ajmer,Region Kota
Bamori Kalan B.O,325215,Delivery,BO,Ajmer,Region Kota
Bhatwada B.O,325215,Delivery,BO,Ajmer,Region Kota
Dhumar Khedi B.O,325215,Delivery,BO,Ajmer,Region Kota
Ishwarpura B.O,325215,Delivery,BO,Ajmer,Region Kota
Jaloda Tejaji B.O,325215,Delivery,BO,Ajmer,Region Kota
Jarela B.O,325215,Delivery,BO,Ajmer,Region Kota
Karwari Kalan B.O,325215,Delivery,BO,Ajmer,Region Kota
Kishanpura B.O,325215,Delivery,BO,Ajmer,Region Kota
Mal Bamori B.O,325215,Delivery,BO,Ajmer,Region Kota
Mau B.O,325215,Delivery,BO,Ajmer,Region Kota
Piplod Kalan B.O,325215,Delivery,BO,Ajmer,Region Kota
Raingarh B.O,325215,Delivery,BO,Ajmer,Region Kota
Ramgarh B.O,325215,Delivery,BO,Ajmer,Region Kota
Relawan  B.O. B.O,325215,Delivery,BO,Ajmer,Region Kota
Sevni B.O,325215,Delivery,BO,Ajmer,Region Kota
Simlia B.O,325215,Delivery,BO,Ajmer,Region Kota
Kishan Ganj S.O,325216,Delivery,PO,Ajmer,Region Kota
Bajrang Garh B.O,325216,Delivery,BO,Ajmer,Region Kota
Bansthuni B.O,325216,Delivery,BO,Ajmer,Region Kota
Baroni B.O,325216,Delivery,BO,Ajmer,Region Kota
Digodpar B.O,325216,Delivery,BO,Ajmer,Region Kota
Garda B.O,325216,Delivery,BO,Ajmer,Region Kota
Missai B.O,325216,Delivery,BO,Ajmer,Region Kota
Sakrawada B.O,325216,Delivery,BO,Ajmer,Region Kota
Shahabad S.O (Baran),325217,Delivery,PO,Ajmer,Region Kota
Agar B.O,325217,Delivery,BO,Ajmer,Region Kota
Bamangaon B.O,325217,Delivery,BO,Ajmer,Region Kota
Beel Kheda Dang B.O,325217,Delivery,BO,Ajmer,Region Kota
Beel Kheda Mal B.O,325217,Delivery,BO,Ajmer,Region Kota
Benta B.O,325217,Delivery,BO,Ajmer,Region Kota
Bhoyal B.O,325217,Delivery,BO,Ajmer,Region Kota
Deori B.O,325217,Delivery,BO,Ajmer,Region Kota
Dhikwani B.O,325217,Delivery,BO,Ajmer,Region Kota
Ganeshpura B.O,325217,Delivery,BO,Ajmer,Region Kota
Kasba Nonera B.O,325217,Delivery,BO,Ajmer,Region Kota
Kasba Thana B.O,325217,Delivery,BO,Ajmer,Region Kota
Khanda Sahrol B.O,325217,Delivery,BO,Ajmer,Region Kota
Khatka B.O,325217,Delivery,BO,Ajmer,Region Kota
Mahodra B.O,325217,Delivery,BO,Ajmer,Region Kota
Mundiyar B.O,325217,Delivery,BO,Ajmer,Region Kota
Natai B.O,325217,Delivery,BO,Ajmer,Region Kota
Rajpur B.O,325217,Delivery,BO,Ajmer,Region Kota
Sahrol Taleti B.O,325217,Delivery,BO,Ajmer,Region Kota
Samrania B.O,325217,Delivery,BO,Ajmer,Region Kota
Sanwara B.O,325217,Delivery,BO,Ajmer,Region Kota
Shubhadra Colony B.O,325217,Delivery,BO,Ajmer,Region Kota
ATRU S.O,325218,Delivery,PO,Ajmer,Region Kota
Anatana B.O,325218,Delivery,BO,Ajmer,Region Kota
Ardan B.O,325218,Delivery,BO,Ajmer,Region Kota
Barlan B.O,325218,Delivery,BO,Ajmer,Region Kota
Chardana B.O,325218,Delivery,BO,Ajmer,Region Kota
Jalwara B.O,325218,Delivery,BO,Ajmer,Region Kota
Kachra B.O,325218,Delivery,BO,Ajmer,Region Kota
Khuri B.O,325218,Delivery,BO,Ajmer,Region Kota
Marma Chah B.O,325218,Delivery,BO,Ajmer,Region Kota
Merma Talab B.O,325218,Delivery,BO,Ajmer,Region Kota
Mundla B.O,325218,Delivery,BO,Ajmer,Region Kota
Patna B.O,325218,Delivery,BO,Ajmer,Region Kota
Piplod B.O,325218,Delivery,BO,Ajmer,Region Kota
Salpura S.O,325219,Delivery,PO,Ajmer,Region Kota
Dilod B.O,325219,Delivery,BO,Ajmer,Region Kota
Hani Heda B.O,325219,Delivery,BO,Ajmer,Region Kota
Hathidilod B.O,325219,Delivery,BO,Ajmer,Region Kota
Kharkheda Ramlothan B.O,325219,Delivery,BO,Ajmer,Region Kota
Kundi B.O,325219,Delivery,BO,Ajmer,Region Kota
Mawasa B.O,325219,Delivery,BO,Ajmer,Region Kota
Mothpur B.O,325219,Delivery,BO,Ajmer,Region Kota
Musai Gujaran B.O,325219,Delivery,BO,Ajmer,Region Kota
Nanawata B.O,325219,Delivery,BO,Ajmer,Region Kota
Phool Barod B.O,325219,Delivery,BO,Ajmer,Region Kota
Tancha B.O,325219,Delivery,BO,Ajmer,Region Kota
Chhabra S.O,325220,Delivery,PO,Ajmer,Region Kota
Bapcha B.O,325220,Delivery,BO,Ajmer,Region Kota
Batawada Par B.O,325220,Delivery,BO,Ajmer,Region Kota
Bhilwada Neecha B.O,325220,Delivery,BO,Ajmer,Region Kota
Bhulon B.O,325220,Delivery,BO,Ajmer,Region Kota
Bhuwakheri B.O,325220,Delivery,BO,Ajmer,Region Kota
Chachoda B.O,325220,Delivery,BO,Ajmer,Region Kota
Godia Mehar B.O,325220,Delivery,BO,Ajmer,Region Kota
Halgana B.O,325220,Delivery,BO,Ajmer,Region Kota
Hana Heri B.O,325220,Delivery,BO,Ajmer,Region Kota
Jaipla B.O,325220,Delivery,BO,Ajmer,Region Kota
Kadia Ban B.O,325220,Delivery,BO,Ajmer,Region Kota
Kadia Hat B.O,325220,Delivery,BO,Ajmer,Region Kota
Kadia Nohar B.O,325220,Delivery,BO,Ajmer,Region Kota
Kotrapar B.O,325220,Delivery,BO,Ajmer,Region Kota
Kotri B.O,325220,Delivery,BO,Ajmer,Region Kota
Kulinjara B.O,325220,Delivery,BO,Ajmer,Region Kota
Mundkya B.O,325220,Delivery,BO,Ajmer,Region Kota
Nipania B.O,325220,Delivery,BO,Ajmer,Region Kota
Pachpada B.O,325220,Delivery,BO,Ajmer,Region Kota
Pali B.O,325220,Delivery,BO,Ajmer,Region Kota
Phalia B.O,325220,Delivery,BO,Ajmer,Region Kota
Semli B.O,325220,Delivery,BO,Ajmer,Region Kota
Teetar Kheri B.O,325220,Delivery,BO,Ajmer,Region Kota
Telni B.O,325220,Delivery,BO,Ajmer,Region Kota
Chhipa Barod S.O,325221,Delivery,PO,Ajmer,Region Kota
Ajnawar B.O,325221,Delivery,BO,Ajmer,Region Kota
Bamorighata B.O,325221,Delivery,BO,Ajmer,Region Kota
Banjari B.O,325221,Delivery,BO,Ajmer,Region Kota
Bhavpura B.O,325221,Delivery,BO,Ajmer,Region Kota
Bilendi B.O,325221,Delivery,BO,Ajmer,Region Kota
Deori jodh B.O,325221,Delivery,BO,Ajmer,Region Kota
Dholam B.O,325221,Delivery,BO,Ajmer,Region Kota
Digod Jagir B.O,325221,Delivery,BO,Ajmer,Region Kota
Digod Khalsa B.O,325221,Delivery,BO,Ajmer,Region Kota
Gagchana B.O,325221,Delivery,BO,Ajmer,Region Kota
Gordhanpra B.O,325221,Delivery,BO,Ajmer,Region Kota
Harnawda Shaji ED B.O,325221,Delivery,BO,Ajmer,Region Kota
Jhinjhni B.O,325221,Delivery,BO,Ajmer,Region Kota
Kachnariya Kalan B.O,325221,Delivery,BO,Ajmer,Region Kota
Kalmodiya B.O,325221,Delivery,BO,Ajmer,Region Kota
Kalpajagir B.O,325221,Delivery,BO,Ajmer,Region Kota
Khajuria B.O,325221,Delivery,BO,Ajmer,Region Kota
Mohkampura B.O,325221,Delivery,BO,Ajmer,Region Kota
Rai B.O,325221,Delivery,BO,Ajmer,Region Kota
Sahjanpur B.O,325221,Delivery,BO,Ajmer,Region Kota
Sarthal B.O,325221,Delivery,BO,Ajmer,Region Kota
Sethkolu B.O,325221,Delivery,BO,Ajmer,Region Kota
Bohat S.O,325222,Delivery,PO,Ajmer,Region Kota
Bada B.O,325222,Delivery,BO,Ajmer,Region Kota
Hingonia B.O,325222,Delivery,BO,Ajmer,Region Kota
Koyala B.O,325222,Delivery,BO,Ajmer,Region Kota
Miyada B.O,325222,Delivery,BO,Ajmer,Region Kota
Simli B.O,325222,Delivery,BO,Ajmer,Region Kota
Tisaya B.O,325222,Delivery,BO,Ajmer,Region Kota
Lisadia B.O,325222,Delivery,BO,Ajmer,Region Kota
Atone S.O,325223,Delivery,PO,Ajmer,Region Kota
Badora B.O,325223,Delivery,BO,Ajmer,Region Kota
Bamori B.O,325223,Delivery,BO,Ajmer,Region Kota
Bhensara B.O,325223,Delivery,BO,Ajmer,Region Kota
Bichalas B.O,325223,Delivery,BO,Ajmer,Region Kota
Katawar B.O,325223,Delivery,BO,Ajmer,Region Kota
Richhanda B.O,325223,Delivery,BO,Ajmer,Region Kota
Sakatpur B.O,325223,Delivery,BO,Ajmer,Region Kota
Shergarh B.O,325223,Delivery,BO,Ajmer,Region Kota
Kelwara S.O,325224,Delivery,PO,Ajmer,Region Kota
Badipura B.O,325224,Delivery,BO,Ajmer,Region Kota
Balda B.O,325224,Delivery,BO,Ajmer,Region Kota
Bhanwargarh B.O,325224,Delivery,BO,Ajmer,Region Kota
Chhaatarganj B.O,325224,Delivery,BO,Ajmer,Region Kota
Ghatti Colony B.O,325224,Delivery,BO,Ajmer,Region Kota
Khandela B.O,325224,Delivery,BO,Ajmer,Region Kota
Kherli B.O,325224,Delivery,BO,Ajmer,Region Kota
Nahargarth B.O,325224,Delivery,BO,Ajmer,Region Kota
Paraniya B.O,325224,Delivery,BO,Ajmer,Region Kota
Sangod S.O,325601,Delivery,PO,Ajmer,Region Kota
Borina Kalan B.O,325601,Delivery,BO,Ajmer,Region Kota
Digod B.O,325601,Delivery,BO,Ajmer,Region Kota
Hingi B.O,325601,Delivery,BO,Ajmer,Region Kota
Kamolar B.O,325601,Delivery,BO,Ajmer,Region Kota
Kishanpura B.O,325601,Delivery,BO,Ajmer,Region Kota
Kundanpur B.O,325601,Delivery,BO,Ajmer,Region Kota
Kuradia B.O,325601,Delivery,BO,Ajmer,Region Kota
Mandap B.O,325601,Delivery,BO,Ajmer,Region Kota
Rolana B.O,325601,Delivery,BO,Ajmer,Region Kota
Shyampura B.O,325601,Delivery,BO,Ajmer,Region Kota
Vinod Khurd B.O,325601,Delivery,BO,Ajmer,Region Kota
Kanwas S.O,325602,Delivery,PO,Ajmer,Region Kota
Anwan B.O,325602,Delivery,BO,Ajmer,Region Kota
Baluheda B.O,325602,Delivery,BO,Ajmer,Region Kota
Bansya hedi B.O,325602,Delivery,BO,Ajmer,Region Kota
Darrah B.O,325602,Delivery,BO,Ajmer,Region Kota
Dhulet B.O,325602,Delivery,BO,Ajmer,Region Kota
Hingonia B.O,325602,Delivery,BO,Ajmer,Region Kota
Mamore B.O,325602,Delivery,BO,Ajmer,Region Kota
Sawan Bhadon B.O,325602,Delivery,BO,Ajmer,Region Kota
Jhalawar H.O,326001,Delivery,HO,Ajmer,Region Kota
Mandawar B.O,326001,Delivery,BO,Ajmer,Region Kota
Mundla B.O,326001,Delivery,BO,Ajmer,Region Kota
Borda Mau B.O,326001,Delivery,BO,Ajmer,Region Kota
Bagher B.O,326001,Delivery,BO,Ajmer,Region Kota
Bhimsagar Dam B.O,326001,Delivery,BO,Ajmer,Region Kota
Duragpura B.O,326001,Delivery,BO,Ajmer,Region Kota
Gagron B.O,326001,Delivery,BO,Ajmer,Region Kota
Gordhanpura B.O,326001,Delivery,BO,Ajmer,Region Kota
Harigarh B.O,326001,Delivery,BO,Ajmer,Region Kota
Laiphal B.O,326001,Delivery,BO,Ajmer,Region Kota
Collectorate Jhalawar S.O,326001,Non-Delivery,PO,Ajmer,Region Kota
Asnawar S.O,326021,Delivery,PO,Ajmer,Region Kota
Barodia B.O,326021,Delivery,BO,Ajmer,Region Kota
Dungargaon B.O,326021,Delivery,BO,Ajmer,Region Kota
Iktasa B.O,326021,Delivery,BO,Ajmer,Region Kota
Junakheda B.O,326021,Delivery,BO,Ajmer,Region Kota
Lawasal B.O,326021,Delivery,BO,Ajmer,Region Kota
Panwasa B.O,326021,Delivery,BO,Ajmer,Region Kota
Ruparel B.O,326021,Delivery,BO,Ajmer,Region Kota
Bakani S.O,326022,Delivery,PO,Ajmer,Region Kota
Agaria B.O,326022,Delivery,BO,Ajmer,Region Kota
Baday B.O,326022,Delivery,BO,Ajmer,Region Kota
Dev Nagar B.O,326022,Delivery,BO,Ajmer,Region Kota
Garwada B.O,326022,Delivery,BO,Ajmer,Region Kota
Gurukul B.O,326022,Delivery,BO,Ajmer,Region Kota
Karal Gaon B.O,326022,Delivery,BO,Ajmer,Region Kota
Kushalpura B.O,326022,Delivery,BO,Ajmer,Region Kota
Modi B.O,326022,Delivery,BO,Ajmer,Region Kota
Nanore B.O,326022,Delivery,BO,Ajmer,Region Kota
Thobariya Khurd B.O,326022,Delivery,BO,Ajmer,Region Kota
Jhalara Patan City S.O,326023,Delivery,PO,Ajmer,Region Kota
Badbad B.O,326023,Delivery,BO,Ajmer,Region Kota
Bhanwarsa B.O,326023,Delivery,BO,Ajmer,Region Kota
Deori B.O,326023,Delivery,BO,Ajmer,Region Kota
Dunda B.O,326023,Delivery,BO,Ajmer,Region Kota
Govindpura B.O,326023,Delivery,BO,Ajmer,Region Kota
Guradkheda B.O,326023,Delivery,BO,Ajmer,Region Kota
Kalmandi Kalan B.O,326023,Delivery,BO,Ajmer,Region Kota
Khanpuria B.O,326023,Delivery,BO,Ajmer,Region Kota
Nasirabad B.O,326023,Delivery,BO,Ajmer,Region Kota
Parlia Kulmi B.O,326023,Delivery,BO,Ajmer,Region Kota
Ratlai B.O,326023,Delivery,BO,Ajmer,Region Kota
Richhawan B.O,326023,Delivery,BO,Ajmer,Region Kota
Rijhone B.O,326023,Delivery,BO,Ajmer,Region Kota
Rundlao B.O,326023,Delivery,BO,Ajmer,Region Kota
Salawad B.O,326023,Delivery,BO,Ajmer,Region Kota
Titarwasa  B.O,326023,Delivery,BO,Ajmer,Region Kota
Aklera S.O,326033,Delivery,PO,Ajmer,Region Kota
Ametha B.O,326033,Delivery,BO,Ajmer,Region Kota
Badwad B.O,326033,Delivery,BO,Ajmer,Region Kota
Baira Garh B.O,326033,Delivery,BO,Ajmer,Region Kota
Churalia B.O,326033,Delivery,BO,Ajmer,Region Kota
Deori Kalan B.O,326033,Delivery,BO,Ajmer,Region Kota
Gehu Khedi B.O,326033,Delivery,BO,Ajmer,Region Kota
Kam Khera B.O,326033,Delivery,BO,Ajmer,Region Kota
Lasudia Shaha B.O,326033,Delivery,BO,Ajmer,Region Kota
Lhas B.O,326033,Delivery,BO,Ajmer,Region Kota
Maithun B.O,326033,Delivery,BO,Ajmer,Region Kota
Mishroli B.O,326033,Delivery,BO,Ajmer,Region Kota
Saredi B.O,326033,Delivery,BO,Ajmer,Region Kota
Thanawad B.O,326033,Delivery,BO,Ajmer,Region Kota
Thedol B.O,326033,Delivery,BO,Ajmer,Region Kota
Turkadia B.O,326033,Delivery,BO,Ajmer,Region Kota
Pirawa S.O,326034,Delivery,PO,Ajmer,Region Kota
Dabla Bhoj B.O,326034,Delivery,BO,Ajmer,Region Kota
Danta B.O,326034,Delivery,BO,Ajmer,Region Kota
Dharonia B.O,326034,Delivery,BO,Ajmer,Region Kota
Govindpura B.O,326034,Delivery,BO,Ajmer,Region Kota
Harnawda Gaja B.O,326034,Delivery,BO,Ajmer,Region Kota
Khairana B.O,326034,Delivery,BO,Ajmer,Region Kota
Kharpakalan B.O,326034,Delivery,BO,Ajmer,Region Kota
Kotri B.O,326034,Delivery,BO,Ajmer,Region Kota
Naulai B.O,326034,Delivery,BO,Ajmer,Region Kota
Odiya Khedi B.O,326034,Delivery,BO,Ajmer,Region Kota
Ramai Dalpat B.O,326034,Delivery,BO,Ajmer,Region Kota
Rampuria B.O,326034,Delivery,BO,Ajmer,Region Kota
Saroniya B.O,326034,Delivery,BO,Ajmer,Region Kota
Sarola S.O,326035,Delivery,PO,Ajmer,Region Kota
Akawad Khurd B.O,326035,Delivery,BO,Ajmer,Region Kota
Bareda B.O,326035,Delivery,BO,Ajmer,Region Kota
Chanpa Khurd B.O,326035,Delivery,BO,Ajmer,Region Kota
Dhanoda B.O,326035,Delivery,BO,Ajmer,Region Kota
Karanwas B.O,326035,Delivery,BO,Ajmer,Region Kota
Malanwas B.O,326035,Delivery,BO,Ajmer,Region Kota
Taraj B.O,326035,Delivery,BO,Ajmer,Region Kota
Raipur S.O (Jhalawar),326036,Delivery,PO,Ajmer,Region Kota
Banore B.O,326036,Delivery,BO,Ajmer,Region Kota
Dewal Kheda B.O,326036,Delivery,BO,Ajmer,Region Kota
Ditya Khedi B.O,326036,Delivery,BO,Ajmer,Region Kota
Fateh Garh B.O,326036,Delivery,BO,Ajmer,Region Kota
Himmat Garh B.O,326036,Delivery,BO,Ajmer,Region Kota
Jhumki B.O,326036,Delivery,BO,Ajmer,Region Kota
Kali Talai B.O,326036,Delivery,BO,Ajmer,Region Kota
Kutki B.O,326036,Delivery,BO,Ajmer,Region Kota
Mathania B.O,326036,Delivery,BO,Ajmer,Region Kota
Piplod B.O,326036,Delivery,BO,Ajmer,Region Kota
Salri B.O,326036,Delivery,BO,Ajmer,Region Kota
Semli Khan B.O,326036,Delivery,BO,Ajmer,Region Kota
Soyala B.O,326036,Delivery,BO,Ajmer,Region Kota
Suwas B.O,326036,Delivery,BO,Ajmer,Region Kota
Manohar Thana S.O,326037,Delivery,PO,Ajmer,Region Kota
Anwalheda B.O,326037,Delivery,BO,Ajmer,Region Kota
Baneth B.O,326037,Delivery,BO,Ajmer,Region Kota
Banskheda B.O,326037,Delivery,BO,Ajmer,Region Kota
Banskhedi B.O,326037,Delivery,BO,Ajmer,Region Kota
Chandipur B.O,326037,Delivery,BO,Ajmer,Region Kota
Chandpura Bheelan B.O,326037,Delivery,BO,Ajmer,Region Kota
Dangipura B.O,326037,Delivery,BO,Ajmer,Region Kota
Garbolia B.O,326037,Delivery,BO,Ajmer,Region Kota
Jawar B.O,326037,Delivery,BO,Ajmer,Region Kota
Khatkakhedi B.O,326037,Delivery,BO,Ajmer,Region Kota
Kherkheda B.O,326037,Delivery,BO,Ajmer,Region Kota
Kolukheri Kalan B.O,326037,Delivery,BO,Ajmer,Region Kota
Kolukheri Maliyan B.O,326037,Delivery,BO,Ajmer,Region Kota
Maharajpura B.O,326037,Delivery,BO,Ajmer,Region Kota
Manpasar B.O,326037,Delivery,BO,Ajmer,Region Kota
Pindola B.O,326037,Delivery,BO,Ajmer,Region Kota
Ranwasia B.O,326037,Delivery,BO,Ajmer,Region Kota
Samrol B.O,326037,Delivery,BO,Ajmer,Region Kota
Semlihat B.O,326037,Delivery,BO,Ajmer,Region Kota
Sorti B.O,326037,Delivery,BO,Ajmer,Region Kota
Thiakria B.O,326037,Delivery,BO,Ajmer,Region Kota
Todri Jagannath B.O,326037,Delivery,BO,Ajmer,Region Kota
Todrimeeran B.O,326037,Delivery,BO,Ajmer,Region Kota
Khanpur S.O,326038,Delivery,PO,Ajmer,Region Kota
Akodiya B.O,326038,Delivery,BO,Ajmer,Region Kota
Bhagwanpura B.O,326038,Delivery,BO,Ajmer,Region Kota
Dahikheda B.O,326038,Delivery,BO,Ajmer,Region Kota
Dobra B.O,326038,Delivery,BO,Ajmer,Region Kota
Gadarwada Noorji B.O,326038,Delivery,BO,Ajmer,Region Kota
Golana B.O,326038,Delivery,BO,Ajmer,Region Kota
Jarga B.O,326038,Delivery,BO,Ajmer,Region Kota
Jolpa B.O,326038,Delivery,BO,Ajmer,Region Kota
Kanwarpura B.O,326038,Delivery,BO,Ajmer,Region Kota
Khandi B.O,326038,Delivery,BO,Ajmer,Region Kota
Leemi B.O,326038,Delivery,BO,Ajmer,Region Kota
Maraitha B.O,326038,Delivery,BO,Ajmer,Region Kota
Pakhrana B.O,326038,Delivery,BO,Ajmer,Region Kota
Panwar B.O,326038,Delivery,BO,Ajmer,Region Kota
Piplaj B.O,326038,Delivery,BO,Ajmer,Region Kota
Sojpur B.O,326038,Delivery,BO,Ajmer,Region Kota
Sumar B.O,326038,Delivery,BO,Ajmer,Region Kota
Ghatoli S.O,326039,Delivery,PO,Ajmer,Region Kota
Asalpur B.O,326039,Delivery,BO,Ajmer,Region Kota
Bahalta B.O,326039,Delivery,BO,Ajmer,Region Kota
Banskhedi Lodhan B.O,326039,Delivery,BO,Ajmer,Region Kota
Binda Kheda B.O,326039,Delivery,BO,Ajmer,Region Kota
Borband B.O,326039,Delivery,BO,Ajmer,Region Kota
Borkhedi Gujran B.O,326039,Delivery,BO,Ajmer,Region Kota
Gopalpura B.O,326039,Delivery,BO,Ajmer,Region Kota
Gulkhedi,326039,Delivery,BO,Ajmer,Region Kota
Kohri Jhar B.O,326039,Delivery,BO,Ajmer,Region Kota
Pachola  B.O,326039,Delivery,BO,Ajmer,Region Kota
Sarda B.O,326039,Delivery,BO,Ajmer,Region Kota
Sarkhandia B.O,326039,Delivery,BO,Ajmer,Region Kota
Umaria B.O,326039,Delivery,BO,Ajmer,Region Kota
Shrichhattarpur S.O,326501,Delivery,PO,Ajmer,Region Kota
Bhilwari B.O,326501,Delivery,BO,Ajmer,Region Kota
Gadia B.O,326501,Delivery,BO,Ajmer,Region Kota
Gundi B.O,326501,Delivery,BO,Ajmer,Region Kota
Jawahar Nagar B.O,326501,Delivery,BO,Ajmer,Region Kota
Kanwara B.O,326501,Delivery,BO,Ajmer,Region Kota
Khod B.O,326501,Delivery,BO,Ajmer,Region Kota
Piplia B.O,326501,Delivery,BO,Ajmer,Region Kota
Rajpura B.O,326501,Delivery,BO,Ajmer,Region Kota
Samrai B.O,326501,Delivery,BO,Ajmer,Region Kota
Bhawanimandi S.O,326502,Delivery,PO,Ajmer,Region Kota
Anwali Kalan B.O,326502,Delivery,BO,Ajmer,Region Kota
Ganeshpura B.O,326502,Delivery,BO,Ajmer,Region Kota
Ghatod B.O,326502,Delivery,BO,Ajmer,Region Kota
Guradia Mana B.O,326502,Delivery,BO,Ajmer,Region Kota
Kundi Kheda B.O,326502,Delivery,BO,Ajmer,Region Kota
Mogra B.O,326502,Delivery,BO,Ajmer,Region Kota
Narayan Kheda B.O,326502,Delivery,BO,Ajmer,Region Kota
Sulia B.O,326502,Delivery,BO,Ajmer,Region Kota
Pach Pahar S.O,326512,Delivery,PO,Ajmer,Region Kota
Awar B.O,326512,Delivery,BO,Ajmer,Region Kota
Bani B.O,326512,Delivery,BO,Ajmer,Region Kota
Bisthunia B.O,326512,Delivery,BO,Ajmer,Region Kota
Devgarh B.O,326512,Delivery,BO,Ajmer,Region Kota
Guradia Joga B.O,326512,Delivery,BO,Ajmer,Region Kota
Guradia Kalan B.O,326512,Delivery,BO,Ajmer,Region Kota
Guradia Khurd B.O,326512,Delivery,BO,Ajmer,Region Kota
Gurah B.O,326512,Delivery,BO,Ajmer,Region Kota
Karawan B.O,326512,Delivery,BO,Ajmer,Region Kota
Maralwada B.O,326512,Delivery,BO,Ajmer,Region Kota
Mishroli B.O,326512,Delivery,BO,Ajmer,Region Kota
Naharghatta B.O,326512,Delivery,BO,Ajmer,Region Kota
Pagaria B.O,326512,Delivery,BO,Ajmer,Region Kota
Sarod B.O,326512,Delivery,BO,Ajmer,Region Kota
Silahgarh B.O,326512,Delivery,BO,Ajmer,Region Kota
Singhpur B.O,326512,Delivery,BO,Ajmer,Region Kota
Sunel S.O,326513,Delivery,PO,Ajmer,Region Kota
Bolia Bujurg B.O,326513,Delivery,BO,Ajmer,Region Kota
Chachhlao B.O,326513,Delivery,BO,Ajmer,Region Kota
Dabla Kheenchi B.O,326513,Delivery,BO,Ajmer,Region Kota
Dola B.O,326513,Delivery,BO,Ajmer,Region Kota
Dubalia B.O,326513,Delivery,BO,Ajmer,Region Kota
Gadia B.O,326513,Delivery,BO,Ajmer,Region Kota
Hemda B.O,326513,Delivery,BO,Ajmer,Region Kota
Karodia B.O,326513,Delivery,BO,Ajmer,Region Kota
Mangispur B.O,326513,Delivery,BO,Ajmer,Region Kota
Osav B.O,326513,Delivery,BO,Ajmer,Region Kota
Salotia B.O,326513,Delivery,BO,Ajmer,Region Kota
Sangria B.O,326513,Delivery,BO,Ajmer,Region Kota
Semlia B.O,326513,Delivery,BO,Ajmer,Region Kota
Sirpoi B.O,326513,Delivery,BO,Ajmer,Region Kota
Unhel B.O,326513,Delivery,BO,Ajmer,Region Kota
Dag S.O,326514,Delivery,PO,Ajmer,Region Kota
Devgarh B.O,326514,Delivery,BO,Ajmer,Region Kota
Dhaturia B.O,326514,Delivery,BO,Ajmer,Region Kota
Dobra B.O,326514,Delivery,BO,Ajmer,Region Kota
Dodi B.O,326514,Delivery,BO,Ajmer,Region Kota
Dudhalia B.O,326514,Delivery,BO,Ajmer,Region Kota
Harnawda B.O,326514,Delivery,BO,Ajmer,Region Kota
Jagdishpura B.O,326514,Delivery,BO,Ajmer,Region Kota
Jamuniya B.O,326514,Delivery,BO,Ajmer,Region Kota
Kayasara B.O,326514,Delivery,BO,Ajmer,Region Kota
Luharia B.O,326514,Delivery,BO,Ajmer,Region Kota
Mandirpur B.O,326514,Delivery,BO,Ajmer,Region Kota
Nandpur B.O,326514,Delivery,BO,Ajmer,Region Kota
Piplia Khurd B.O,326514,Delivery,BO,Ajmer,Region Kota
Tisai B.O,326514,Delivery,BO,Ajmer,Region Kota
Chaumahla S.O,326515,Delivery,PO,Ajmer,Region Kota
Bardia Veer Ji B.O,326515,Delivery,BO,Ajmer,Region Kota
Berla B.O,326515,Delivery,BO,Ajmer,Region Kota
Chara B.O,326515,Delivery,BO,Ajmer,Region Kota
Keetia B.O,326515,Delivery,BO,Ajmer,Region Kota
Kumthia B.O,326515,Delivery,BO,Ajmer,Region Kota
Kundla B.O,326515,Delivery,BO,Ajmer,Region Kota
Magsi B.O,326515,Delivery,BO,Ajmer,Region Kota
Parapeeli B.O,326515,Delivery,BO,Ajmer,Region Kota
Parlia B.O,326515,Delivery,BO,Ajmer,Region Kota
Ranaira B.O,326515,Delivery,BO,Ajmer,Region Kota
Rawangurari B.O,326515,Delivery,BO,Ajmer,Region Kota
Talawali B.O,326515,Delivery,BO,Ajmer,Region Kota
Unhel Nagdev B.O,326515,Delivery,BO,Ajmer,Region Kota
Gangdhar S.O,326516,Delivery,PO,Ajmer,Region Kota
Guradia Jhala B.O,326516,Delivery,BO,Ajmer,Region Kota
Kachnara B.O,326516,Delivery,BO,Ajmer,Region Kota
Kelu Kheri B.O,326516,Delivery,BO,Ajmer,Region Kota
Rojhana B.O,326516,Delivery,BO,Ajmer,Region Kota
Rampura B.O,326516,Delivery,BO,Ajmer,Region Kota
Sarwad B.O,326516,Delivery,BO,Ajmer,Region Kota
Sunari B.O,326516,Delivery,BO,Ajmer,Region Kota
Morak S.O,326517,Delivery,PO,Ajmer,Region Kota
Kamalpura B.O,326517,Delivery,BO,Ajmer,Region Kota
Kheemuch B.O,326517,Delivery,BO,Ajmer,Region Kota
Kukra Khurd B.O,326517,Delivery,BO,Ajmer,Region Kota
Chechat S.O,326518,Delivery,PO,Ajmer,Region Kota
Alod B.O,326518,Delivery,BO,Ajmer,Region Kota
Deoli B.O,326518,Delivery,BO,Ajmer,Region Kota
Ghatoli B.O,326518,Delivery,BO,Ajmer,Region Kota
Hatiya Kheri B.O,326518,Delivery,BO,Ajmer,Region Kota
Khedli B.O,326518,Delivery,BO,Ajmer,Region Kota
Ruddha Kheda B.O,326518,Delivery,BO,Ajmer,Region Kota
Salera Khurd B.O,326518,Delivery,BO,Ajmer,Region Kota
Ram Ganj Mandi S.O,326519,Delivery,PO,Ajmer,Region Kota
Deoli Khurd B.O,326519,Delivery,BO,Ajmer,Region Kota
Julmi B.O,326519,Delivery,BO,Ajmer,Region Kota
Kudaila B.O,326519,Delivery,BO,Ajmer,Region Kota
Kumbhkot B.O,326519,Delivery,BO,Ajmer,Region Kota
Pipa Khedi B.O,326519,Delivery,BO,Ajmer,Region Kota
Satal Khedi B.O,326519,Delivery,BO,Ajmer,Region Kota
Undwa B.O,326519,Delivery,BO,Ajmer,Region Kota
Barodia Kalan B.O,326520,Delivery,BO,Ajmer,Region Kota
Budh Khan B.O,326520,Delivery,BO,Ajmer,Region Kota
Morak Gaon B.O,326520,Delivery,BO,Ajmer,Region Kota
Aditya Nagar S.O,326520,Delivery,PO,Ajmer,Region Kota
Khairabad S.O (Kota),326529,Delivery,PO,Ajmer,Region Kota
Goyanda B.O,326529,Delivery,BO,Ajmer,Region Kota
Richhadia B.O,326529,Delivery,BO,Ajmer,Region Kota
Suket S.O,326530,Delivery,PO,Ajmer,Region Kota
Salawad Khurd B.O,326530,Delivery,BO,Ajmer,Region Kota
Chhinod B.O,328216,Delivery,BO,Ajmer,Region Kota
Tonk Raj H.O,304001,Delivery,HO,Ajmer,Region Tonk
Geroli B.O,304001,Delivery,BO,Ajmer,Region Tonk
Chandlai B.O,304001,Delivery,BO,Ajmer,Region Tonk
Chhan B.O,304001,Delivery,BO,Ajmer,Region Tonk
Dakhiya B.O,304001,Delivery,BO,Ajmer,Region Tonk
Dardahind B.O,304001,Delivery,BO,Ajmer,Region Tonk
Galod B.O,304001,Delivery,BO,Ajmer,Region Tonk
Sonwa B.O,304001,Delivery,BO,Ajmer,Region Tonk
Takholi B.O,304001,Delivery,BO,Ajmer,Region Tonk
Wazirpura B.O,304001,Delivery,BO,Ajmer,Region Tonk
Kabra B.O,304001,Delivery,BO,Ajmer,Region Tonk
Mandawar B.O,304001,Delivery,BO,Ajmer,Region Tonk
Bharni B.O,304001,Delivery,BO,Ajmer,Region Tonk
Deoli Bhanchi B.O,304001,Delivery,BO,Ajmer,Region Tonk
Dodwari B.O,304001,Delivery,BO,Ajmer,Region Tonk
Ghas B.O,304001,Delivery,BO,Ajmer,Region Tonk
Pasrotia B.O,304001,Delivery,BO,Ajmer,Region Tonk
Raj.State Tennries Ltd. B.O,304001,Delivery,BO,Ajmer,Region Tonk
Harchandera B.O,304001,Delivery,BO,Ajmer,Region Tonk
Lamba B.O,304001,Delivery,BO,Ajmer,Region Tonk
Lawadar B.O,304001,Delivery,BO,Ajmer,Region Tonk
Mehandwas B.O,304001,Delivery,BO,Ajmer,Region Tonk
Sankhana B.O,304001,Delivery,BO,Ajmer,Region Tonk
Dhuwan B.O,304001,Delivery,BO,Ajmer,Region Tonk
Palda B.O,304001,Delivery,BO,Ajmer,Region Tonk
Soran B.O,304001,Delivery,BO,Ajmer,Region Tonk
Arniya Kedar B.O,304001,Delivery,BO,Ajmer,Region Tonk
Bambore B.O,304001,Delivery,BO,Ajmer,Region Tonk
Govt.College Tonk S.O,304001,Non-Delivery,PO,Ajmer,Region Tonk
Jumma Masjid Tonk S.O,304001,Non-Delivery,PO,Ajmer,Region Tonk
Purani Tonk S.O,304001,Non-Delivery,PO,Ajmer,Region Tonk
Quafala Bazar Tonk S.O,304001,Non-Delivery,PO,Ajmer,Region Tonk
Newai S.O,304021,Delivery,PO,Ajmer,Region Tonk
Baroni B.O,304021,Delivery,BO,Ajmer,Region Tonk
Chainpuria B.O,304021,Delivery,BO,Ajmer,Region Tonk
Chanani B.O,304021,Delivery,BO,Ajmer,Region Tonk
Dangarthal B.O,304021,Delivery,BO,Ajmer,Region Tonk
Hatuna B.O,304021,Delivery,BO,Ajmer,Region Tonk
Jaulan B.O,304021,Delivery,BO,Ajmer,Region Tonk
Jugalpura B.O,304021,Delivery,BO,Ajmer,Region Tonk
Khandewat B.O,304021,Delivery,BO,Ajmer,Region Tonk
Khandwa B.O,304021,Delivery,BO,Ajmer,Region Tonk
Luhara B.O,304021,Delivery,BO,Ajmer,Region Tonk
Mundia B.O,304021,Delivery,BO,Ajmer,Region Tonk
Natwara B.O,304021,Delivery,BO,Ajmer,Region Tonk
Pahari B.O,304021,Delivery,BO,Ajmer,Region Tonk
Parana B.O,304021,Delivery,BO,Ajmer,Region Tonk
Rajwas B.O,304021,Delivery,BO,Ajmer,Region Tonk
Seedra B.O,304021,Delivery,BO,Ajmer,Region Tonk
Siras B.O,304021,Delivery,BO,Ajmer,Region Tonk
Sohela B.O,304021,Delivery,BO,Ajmer,Region Tonk
Newai RS S.O,304021,Non-Delivery,PO,Ajmer,Region Tonk
Banasthali Vidya Peeth S.O,304022,Delivery,PO,Ajmer,Region Tonk
Chaturbhujpura B.O,304022,Delivery,BO,Ajmer,Region Tonk
Palai B.O,304022,Delivery,BO,Ajmer,Region Tonk
Raholi B.O,304022,Delivery,BO,Ajmer,Region Tonk
Sunara B.O,304022,Delivery,BO,Ajmer,Region Tonk
Jodhpuria B.O,304022,Delivery,BO,Ajmer,Region Tonk
Aligarh S.O (Tonk),304023,Delivery,PO,Ajmer,Region Tonk
Amli B.O,304023,Delivery,BO,Ajmer,Region Tonk
Bilota B.O,304023,Delivery,BO,Ajmer,Region Tonk
Choru B.O,304023,Delivery,BO,Ajmer,Region Tonk
Deoli B.O,304023,Delivery,BO,Ajmer,Region Tonk
Hedri Pura B.O,304023,Delivery,BO,Ajmer,Region Tonk
Kholiya B.O,304023,Delivery,BO,Ajmer,Region Tonk
Kunder B.O,304023,Delivery,BO,Ajmer,Region Tonk
Mandawara B.O,304023,Delivery,BO,Ajmer,Region Tonk
Mohammed Pura B.O,304023,Delivery,BO,Ajmer,Region Tonk
Payga B.O,304023,Delivery,BO,Ajmer,Region Tonk
Pchala B.O,304023,Delivery,BO,Ajmer,Region Tonk
Shop B.O,304023,Delivery,BO,Ajmer,Region Tonk
Uniara S.O,304024,Delivery,PO,Ajmer,Region Tonk
Balithal B.O,304024,Delivery,BO,Ajmer,Region Tonk
Banetha B.O,304024,Delivery,BO,Ajmer,Region Tonk
Bosariya B.O,304024,Delivery,BO,Ajmer,Region Tonk
Jhundwa B.O,304024,Delivery,BO,Ajmer,Region Tonk
Kachrawata B.O,304024,Delivery,BO,Ajmer,Region Tonk
Khatoli B.O,304024,Delivery,BO,Ajmer,Region Tonk
Khelniya B.O,304024,Delivery,BO,Ajmer,Region Tonk
Mohammed Garh B.O,304024,Delivery,BO,Ajmer,Region Tonk
Palai B.O,304024,Delivery,BO,Ajmer,Region Tonk
Roop Pura B.O,304024,Delivery,BO,Ajmer,Region Tonk
Sunthra B.O,304024,Delivery,BO,Ajmer,Region Tonk
Sureli B.O,304024,Delivery,BO,Ajmer,Region Tonk
Jhilai S.O,304025,Delivery,PO,Ajmer,Region Tonk
Bahad B.O,304025,Delivery,BO,Ajmer,Region Tonk
Bhartala B.O,304025,Delivery,BO,Ajmer,Region Tonk
Datwas B.O,304025,Delivery,BO,Ajmer,Region Tonk
Dehlod B.O,304025,Delivery,BO,Ajmer,Region Tonk
Jamdoli B.O,304025,Delivery,BO,Ajmer,Region Tonk
Khareda Bujurg B.O,304025,Delivery,BO,Ajmer,Region Tonk
Khirgi B.O,304025,Delivery,BO,Ajmer,Region Tonk
Lalwadi B.O,304025,Delivery,BO,Ajmer,Region Tonk
Mahapura B.O,304025,Delivery,BO,Ajmer,Region Tonk
Nayagaon B.O,304025,Delivery,BO,Ajmer,Region Tonk
Nohata B.O,304025,Delivery,BO,Ajmer,Region Tonk
Sirohi B.O,304025,Delivery,BO,Ajmer,Region Tonk
Titonli(Badagaon) B.O,304025,Delivery,BO,Ajmer,Region Tonk
Nagarfort S.O,304026,Delivery,PO,Ajmer,Region Tonk
Balunda B.O,304026,Delivery,BO,Ajmer,Region Tonk
Chandwar B.O,304026,Delivery,BO,Ajmer,Region Tonk
Charnet B.O,304026,Delivery,BO,Ajmer,Region Tonk
Gurai B.O,304026,Delivery,BO,Ajmer,Region Tonk
Satwara B.O,304026,Delivery,BO,Ajmer,Region Tonk
Gothara B.O,304026,Delivery,BO,Ajmer,Region Tonk
Kakor B.O,304026,Delivery,BO,Ajmer,Region Tonk
Phuleta B.O,304026,Delivery,BO,Ajmer,Region Tonk
Ranipura B.O,304026,Delivery,BO,Ajmer,Region Tonk
Roopwas B.O,304026,Delivery,BO,Ajmer,Region Tonk
Avikanagar S.O,304501,Delivery,PO,Ajmer,Region Tonk
Chandsen B.O,304501,Delivery,BO,Ajmer,Region Tonk
Kadila B.O,304501,Delivery,BO,Ajmer,Region Tonk
Kalmanda B.O,304501,Delivery,BO,Ajmer,Region Tonk
Malpura S.O,304502,Delivery,PO,Ajmer,Region Tonk
Aliyari B.O,304502,Delivery,BO,Ajmer,Region Tonk
Awara B.O,304502,Delivery,BO,Ajmer,Region Tonk
Datob B.O,304502,Delivery,BO,Ajmer,Region Tonk
Dungri Kalan B.O,304502,Delivery,BO,Ajmer,Region Tonk
Ganwar B.O,304502,Delivery,BO,Ajmer,Region Tonk
Indoli B.O,304502,Delivery,BO,Ajmer,Region Tonk
Kantoli B.O,304502,Delivery,BO,Ajmer,Region Tonk
Kookar B.O,304502,Delivery,BO,Ajmer,Region Tonk
Kuharakalan B.O,304502,Delivery,BO,Ajmer,Region Tonk
Kurar B.O,304502,Delivery,BO,Ajmer,Region Tonk
Mandolai B.O,304502,Delivery,BO,Ajmer,Region Tonk
Mehrun B.O,304502,Delivery,BO,Ajmer,Region Tonk
Moar B.O,304502,Delivery,BO,Ajmer,Region Tonk
Nagar B.O,304502,Delivery,BO,Ajmer,Region Tonk
Pachewar B.O,304502,Delivery,BO,Ajmer,Region Tonk
Panwalia B.O,304502,Delivery,BO,Ajmer,Region Tonk
Parli B.O,304502,Delivery,BO,Ajmer,Region Tonk
Rajpura B.O,304502,Delivery,BO,Ajmer,Region Tonk
Reendliya B.O,304502,Delivery,BO,Ajmer,Region Tonk
Reendliya Rampura B.O,304502,Delivery,BO,Ajmer,Region Tonk
Sanwaria B.O,304502,Delivery,BO,Ajmer,Region Tonk
Tilanju B.O,304502,Delivery,BO,Ajmer,Region Tonk
Tordisagar B.O,304502,Delivery,BO,Ajmer,Region Tonk
Uniara Khurd B.O,304502,Delivery,BO,Ajmer,Region Tonk
Lambaharisingh S.O,304503,Delivery,PO,Ajmer,Region Tonk
Antoli B.O,304503,Delivery,BO,Ajmer,Region Tonk
Budha Dewal B.O,304503,Delivery,BO,Ajmer,Region Tonk
Jharli B.O,304503,Delivery,BO,Ajmer,Region Tonk
Kacholia B.O,304503,Delivery,BO,Ajmer,Region Tonk
Morla B.O,304503,Delivery,BO,Ajmer,Region Tonk
Sindoliya B.O,304503,Delivery,BO,Ajmer,Region Tonk
Diggi S.O,304504,Delivery,PO,Ajmer,Region Tonk
Bheepur B.O,304504,Delivery,BO,Ajmer,Region Tonk
Borkhandi B.O,304504,Delivery,BO,Ajmer,Region Tonk
Chainpura B.O,304504,Delivery,BO,Ajmer,Region Tonk
Chavandia B.O,304504,Delivery,BO,Ajmer,Region Tonk
Chosla B.O,304504,Delivery,BO,Ajmer,Region Tonk
Deshma B.O,304504,Delivery,BO,Ajmer,Region Tonk
Dholi B.O,304504,Delivery,BO,Ajmer,Region Tonk
Jhirana B.O,304504,Delivery,BO,Ajmer,Region Tonk
Lawa B.O,304504,Delivery,BO,Ajmer,Region Tonk
Malikpur B.O,304504,Delivery,BO,Ajmer,Region Tonk
Naner B.O,304504,Delivery,BO,Ajmer,Region Tonk
Nimera B.O,304504,Delivery,BO,Ajmer,Region Tonk
Sitarampura B.O,304504,Delivery,BO,Ajmer,Region Tonk
Soda B.O,304504,Delivery,BO,Ajmer,Region Tonk
Soda Baori B.O,304504,Delivery,BO,Ajmer,Region Tonk
Todarai Singh S.O,304505,Delivery,PO,Ajmer,Region Tonk
Bansera B.O,304505,Delivery,BO,Ajmer,Region Tonk
Baori B.O,304505,Delivery,BO,Ajmer,Region Tonk
Barwas B.O,304505,Delivery,BO,Ajmer,Region Tonk
Bassi B.O,304505,Delivery,BO,Ajmer,Region Tonk
Bhanwata B.O,304505,Delivery,BO,Ajmer,Region Tonk
Bhasu B.O,304505,Delivery,BO,Ajmer,Region Tonk
Bisalpur B.O,304505,Delivery,BO,Ajmer,Region Tonk
Dabardumba B.O,304505,Delivery,BO,Ajmer,Region Tonk
Ganeti B.O,304505,Delivery,BO,Ajmer,Region Tonk
Hamirpur B.O,304505,Delivery,BO,Ajmer,Region Tonk
Indokia B.O,304505,Delivery,BO,Ajmer,Region Tonk
Kakalwad B.O,304505,Delivery,BO,Ajmer,Region Tonk
Khareda B.O,304505,Delivery,BO,Ajmer,Region Tonk
Lamba Kalan B.O,304505,Delivery,BO,Ajmer,Region Tonk
Laxmipura B.O,304505,Delivery,BO,Ajmer,Region Tonk
Mor Bhatiyan B.O,304505,Delivery,BO,Ajmer,Region Tonk
Mundia Kalan B.O,304505,Delivery,BO,Ajmer,Region Tonk
Thadoli B.O,304505,Delivery,BO,Ajmer,Region Tonk
Nasirda S.O,304507,Delivery,PO,Ajmer,Region Tonk
Beejwad B.O,304507,Delivery,BO,Ajmer,Region Tonk
Dabar Kalan B.O,304507,Delivery,BO,Ajmer,Region Tonk
Hisampur B.O,304507,Delivery,BO,Ajmer,Region Tonk
Maleda B.O,304507,Delivery,BO,Ajmer,Region Tonk
Thanwala B.O,304507,Delivery,BO,Ajmer,Region Tonk
Titaria B.O,304507,Delivery,BO,Ajmer,Region Tonk
Peeplu S.O,304801,Delivery,PO,Ajmer,Region Tonk
Bagari B.O,304801,Delivery,BO,Ajmer,Region Tonk
Bagdawa B.O,304801,Delivery,BO,Ajmer,Region Tonk
Chogai B.O,304801,Delivery,BO,Ajmer,Region Tonk
Dardaturki B.O,304801,Delivery,BO,Ajmer,Region Tonk
Kashipura B.O,304801,Delivery,BO,Ajmer,Region Tonk
Kathmana B.O,304801,Delivery,BO,Ajmer,Region Tonk
Loharwara B.O,304801,Delivery,BO,Ajmer,Region Tonk
Phyawadi B.O,304801,Delivery,BO,Ajmer,Region Tonk
Ranoli B.O,304801,Delivery,BO,Ajmer,Region Tonk
Sandera B.O,304801,Delivery,BO,Ajmer,Region Tonk
Duni S.O (Tonk),304802,Delivery,PO,Ajmer,Region Tonk
Anwan B.O,304802,Delivery,BO,Ajmer,Region Tonk
Banthali B.O,304802,Delivery,BO,Ajmer,Region Tonk
Dewarawas B.O,304802,Delivery,BO,Ajmer,Region Tonk
Ghad B.O,304802,Delivery,BO,Ajmer,Region Tonk
Juniya B.O,304802,Delivery,BO,Ajmer,Region Tonk
Kanwara B.O,304802,Delivery,BO,Ajmer,Region Tonk
Rajkot B.O,304802,Delivery,BO,Ajmer,Region Tonk
Santhali B.O,304802,Delivery,BO,Ajmer,Region Tonk
Sitapura B.O,304802,Delivery,BO,Ajmer,Region Tonk
Tonkrawas B.O,304802,Delivery,BO,Ajmer,Region Tonk
Panwar S.O,304803,Delivery,PO,Ajmer,Region Tonk
Chandli B.O,304803,Delivery,BO,Ajmer,Region Tonk
Niwaria B.O,304803,Delivery,BO,Ajmer,Region Tonk
Polyada B.O,304803,Delivery,BO,Ajmer,Region Tonk
Sanwatgarh B.O,304803,Delivery,BO,Ajmer,Region Tonk
Deoli S.O (Tonk),304804,Delivery,PO,Ajmer,Region Tonk
Ambapura Colony Daulta B.O,304804,Delivery,BO,Ajmer,Region Tonk
Botunda B.O,304804,Delivery,BO,Ajmer,Region Tonk
Deoli Gaon B.O,304804,Delivery,BO,Ajmer,Region Tonk
Gaonri B.O,304804,Delivery,BO,Ajmer,Region Tonk
Kaseer B.O,304804,Delivery,BO,Ajmer,Region Tonk
Rajmahal B.O,304804,Delivery,BO,Ajmer,Region Tonk
Deoli Bazar S.O,304804,Non-Delivery,PO,Ajmer,Region Tonk
Bundi H.O,323001,Delivery,HO,Ajmer,Region Tonk
Badodiya B.O,323001,Delivery,BO,Ajmer,Region Tonk
Dolara B.O,323001,Delivery,BO,Ajmer,Region Tonk
Lalpura B.O,323001,Delivery,BO,Ajmer,Region Tonk
Ramnagar B.O,323001,Delivery,BO,Ajmer,Region Tonk
Chatarpura B.O,323001,Delivery,BO,Ajmer,Region Tonk
Khiniya B.O,323001,Delivery,BO,Ajmer,Region Tonk
Borkhandi B.O,323001,Delivery,BO,Ajmer,Region Tonk
Talab Gaon B.O,323001,Delivery,BO,Ajmer,Region Tonk
Mangal B.O,323001,Delivery,BO,Ajmer,Region Tonk
Matunda B.O,323001,Delivery,BO,Ajmer,Region Tonk
Gudha Nathawatan B.O,323001,Delivery,BO,Ajmer,Region Tonk
Neem Ka Kheda B.O,323001,Delivery,BO,Ajmer,Region Tonk
Ramganj B.O,323001,Delivery,BO,Ajmer,Region Tonk
Silore B.O,323001,Delivery,BO,Ajmer,Region Tonk
New Colony Bundi S.O,323001,Non-Delivery,PO,Ajmer,Region Tonk
Balchand Para Bundi S.O,323001,Non-Delivery,PO,Ajmer,Region Tonk
Talera S.O (Bundi),323021,Delivery,PO,Ajmer,Region Tonk
Alphanagar B.O,323021,Delivery,BO,Ajmer,Region Tonk
Anthada B.O,323021,Delivery,BO,Ajmer,Region Tonk
Bajar B.O,323021,Delivery,BO,Ajmer,Region Tonk
Ballop B.O,323021,Delivery,BO,Ajmer,Region Tonk
Barundhan B.O,323021,Delivery,BO,Ajmer,Region Tonk
Dehit B.O,323021,Delivery,BO,Ajmer,Region Tonk
Dora B.O,323021,Delivery,BO,Ajmer,Region Tonk
Gumanpura B.O,323021,Delivery,BO,Ajmer,Region Tonk
Jamitpura B.O,323021,Delivery,BO,Ajmer,Region Tonk
Jhakhmund B.O,323021,Delivery,BO,Ajmer,Region Tonk
Ladpura B.O,323021,Delivery,BO,Ajmer,Region Tonk
Laxmipura B.O,323021,Delivery,BO,Ajmer,Region Tonk
Leeleda B.O,323021,Delivery,BO,Ajmer,Region Tonk
Notada B.O,323021,Delivery,BO,Ajmer,Region Tonk
Sunwasa B.O,323021,Delivery,BO,Ajmer,Region Tonk
Namana S.O,323022,Delivery,PO,Ajmer,Region Tonk
Amli B.O,323022,Delivery,BO,Ajmer,Region Tonk
Budhpura B.O,323022,Delivery,BO,Ajmer,Region Tonk
Dabi B.O,323022,Delivery,BO,Ajmer,Region Tonk
Dhanesar B.O,323022,Delivery,BO,Ajmer,Region Tonk
Gadarda B.O,323022,Delivery,BO,Ajmer,Region Tonk
Kalpuria B.O,323022,Delivery,BO,Ajmer,Region Tonk
Khadipur B.O,323022,Delivery,BO,Ajmer,Region Tonk
Lambakho B.O,323022,Delivery,BO,Ajmer,Region Tonk
Loicha B.O,323022,Delivery,BO,Ajmer,Region Tonk
Jawahar Sagar Dam B.O,323022,Delivery,BO,Ajmer,Region Tonk
Chatarganj B.O,323023,Delivery,BO,Ajmer,Region Tonk
Sahaspuriya B.O,323023,Delivery,BO,Ajmer,Region Tonk
Hindoli S.O,323023,Delivery,PO,Ajmer,Region Tonk
Ramchandra Ji Ka Kheda B.O,323024,Delivery,BO,Ajmer,Region Tonk
Sathur B.O,323024,Delivery,BO,Ajmer,Region Tonk
Abar B.O,323024,Delivery,BO,Ajmer,Region Tonk
Alod B.O,323024,Delivery,BO,Ajmer,Region Tonk
Basoli B.O,323024,Delivery,BO,Ajmer,Region Tonk
Chetan B.O,323024,Delivery,BO,Ajmer,Region Tonk
Dhowara B.O,323024,Delivery,BO,Ajmer,Region Tonk
Guda Turkadi B.O,323024,Delivery,BO,Ajmer,Region Tonk
Mendi B.O,323024,Delivery,BO,Ajmer,Region Tonk
Negharh B.O,323024,Delivery,BO,Ajmer,Region Tonk
Owan B.O,323024,Delivery,BO,Ajmer,Region Tonk
Baranaya Gaon S.O,323024,Delivery,PO,Ajmer,Region Tonk
Umar S.O,323025,Delivery,PO,Ajmer,Region Tonk
Basni B.O,323025,Delivery,BO,Ajmer,Region Tonk
Guda Gokulpura B.O,323025,Delivery,BO,Ajmer,Region Tonk
Kachola B.O,323025,Delivery,BO,Ajmer,Region Tonk
Pagaran B.O,323025,Delivery,BO,Ajmer,Region Tonk
Pech Ki Baori B.O,323025,Delivery,BO,Ajmer,Region Tonk
Phalenda B.O,323025,Delivery,BO,Ajmer,Region Tonk
Thana B.O,323025,Delivery,BO,Ajmer,Region Tonk
Tonkra B.O,323025,Delivery,BO,Ajmer,Region Tonk
Vijaygarh B.O,323025,Delivery,BO,Ajmer,Region Tonk
Ranipura B.O,323026,Delivery,BO,Ajmer,Region Tonk
Ronija B.O,323026,Delivery,BO,Ajmer,Region Tonk
Sanwatgarh B.O,323026,Delivery,BO,Ajmer,Region Tonk
Soran B.O,323026,Delivery,BO,Ajmer,Region Tonk
Bherupura Antri B.O,323026,Delivery,BO,Ajmer,Region Tonk
Akoda B.O,323026,Delivery,BO,Ajmer,Region Tonk
Thikarda B.O,323026,Delivery,BO,Ajmer,Region Tonk
Borda B.O,323026,Delivery,BO,Ajmer,Region Tonk
Bhawanipura B.O,323026,Delivery,BO,Ajmer,Region Tonk
Gothra B.O,323026,Delivery,BO,Ajmer,Region Tonk
Dablana S.O,323026,Delivery,PO,Ajmer,Region Tonk
Arnetha B.O,323301,Delivery,BO,Ajmer,Region Tonk
Balkasa B.O,323301,Delivery,BO,Ajmer,Region Tonk
Chardana B.O,323301,Delivery,BO,Ajmer,Region Tonk
Hingonia B.O,323301,Delivery,BO,Ajmer,Region Tonk
Jaithal B.O,323301,Delivery,BO,Ajmer,Region Tonk
Jaloda B.O,323301,Delivery,BO,Ajmer,Region Tonk
Karwala Ki Jhopri B.O,323301,Delivery,BO,Ajmer,Region Tonk
Roteda B.O,323301,Delivery,BO,Ajmer,Region Tonk
Kapren S.O,323301,Delivery,PO,Ajmer,Region Tonk
Kesoraipatan S.O,323601,Delivery,PO,Ajmer,Region Tonk
Bhiya B.O,323602,Delivery,BO,Ajmer,Region Tonk
Chitawa B.O,323602,Delivery,BO,Ajmer,Region Tonk
Gamach B.O,323602,Delivery,BO,Ajmer,Region Tonk
Karwala B.O,323602,Delivery,BO,Ajmer,Region Tonk
Lesarda B.O,323602,Delivery,BO,Ajmer,Region Tonk
Maiza B.O,323602,Delivery,BO,Ajmer,Region Tonk
Radi B.O,323602,Delivery,BO,Ajmer,Region Tonk
Sarsala B.O,323602,Delivery,BO,Ajmer,Region Tonk
Songar B.O,323602,Delivery,BO,Ajmer,Region Tonk
Tirath B.O,323602,Delivery,BO,Ajmer,Region Tonk
Kesoraipatan Sugar Factoy S.O,323602,Delivery,PO,Ajmer,Region Tonk
Ajanda B.O,323603,Delivery,BO,Ajmer,Region Tonk
Bada Kheda B.O,323603,Delivery,BO,Ajmer,Region Tonk
Baswada B.O,323603,Delivery,BO,Ajmer,Region Tonk
Dei Kheda B.O,323603,Delivery,BO,Ajmer,Region Tonk
Dhagaria B.O,323603,Delivery,BO,Ajmer,Region Tonk
Ghat Ka Barana B.O,323603,Delivery,BO,Ajmer,Region Tonk
Laban B.O,323603,Delivery,BO,Ajmer,Region Tonk
Makhida B.O,323603,Delivery,BO,Ajmer,Region Tonk
Notada B.O,323603,Delivery,BO,Ajmer,Region Tonk
Papdi B.O,323603,Delivery,BO,Ajmer,Region Tonk
Rebarpura B.O,323603,Delivery,BO,Ajmer,Region Tonk
Sakhawda B.O,323603,Delivery,BO,Ajmer,Region Tonk
Utharana B.O,323603,Delivery,BO,Ajmer,Region Tonk
Lakheri S.O,323603,Delivery,PO,Ajmer,Region Tonk
Babai B.O,323613,Delivery,BO,Ajmer,Region Tonk
Mohanpura B.O,323613,Delivery,BO,Ajmer,Region Tonk
Indergarh S.O (Bundi),323613,Delivery,PO,Ajmer,Region Tonk
Sumerganj Mandi S.O,323614,Delivery,PO,Ajmer,Region Tonk
Anghora B.O,323614,Delivery,BO,Ajmer,Region Tonk
Balban B.O,323614,Delivery,BO,Ajmer,Region Tonk
Chanda Khurd B.O,323614,Delivery,BO,Ajmer,Region Tonk
Daulatpura B.O,323614,Delivery,BO,Ajmer,Region Tonk
Nawalpura B.O,323614,Delivery,BO,Ajmer,Region Tonk
Lakheri Gaon S.O,323615,Delivery,PO,Ajmer,Region Tonk
Antarda B.O,323616,Delivery,BO,Ajmer,Region Tonk
Kaithuda B.O,323616,Delivery,BO,Ajmer,Region Tonk
Khajoori B.O,323616,Delivery,BO,Ajmer,Region Tonk
Mani B.O,323616,Delivery,BO,Ajmer,Region Tonk
Neem Ka Khera B.O,323616,Delivery,BO,Ajmer,Region Tonk
Renthoda B.O,323616,Delivery,BO,Ajmer,Region Tonk
Talwas B.O,323616,Delivery,BO,Ajmer,Region Tonk
Jarkhoda B.O,323616,Delivery,BO,Ajmer,Region Tonk
Karwar S.O,323616,Delivery,PO,Ajmer,Region Tonk
Nainwan S.O,323801,Delivery,PO,Ajmer,Region Tonk
Bachola B.O,323801,Delivery,BO,Ajmer,Region Tonk
Balapura B.O,323801,Delivery,BO,Ajmer,Region Tonk
Bamangaon B.O,323801,Delivery,BO,Ajmer,Region Tonk
Chainpuria B.O,323801,Delivery,BO,Ajmer,Region Tonk
Dhanugaon B.O,323801,Delivery,BO,Ajmer,Region Tonk
Gambhira B.O,323801,Delivery,BO,Ajmer,Region Tonk
Jajawar B.O,323801,Delivery,BO,Ajmer,Region Tonk
Khanpura B.O,323801,Delivery,BO,Ajmer,Region Tonk
Phuleta B.O,323801,Delivery,BO,Ajmer,Region Tonk
Rajalawata B.O,323801,Delivery,BO,Ajmer,Region Tonk
Samidhi B.O,323801,Delivery,BO,Ajmer,Region Tonk
Sisola B.O,323801,Delivery,BO,Ajmer,Region Tonk
Suwania B.O,323801,Delivery,BO,Ajmer,Region Tonk
Bansi B.O,323802,Delivery,BO,Ajmer,Region Tonk
Bhajneri B.O,323802,Delivery,BO,Ajmer,Region Tonk
Dabeta B.O,323802,Delivery,BO,Ajmer,Region Tonk
Dokun B.O,323802,Delivery,BO,Ajmer,Region Tonk
Dugari B.O,323802,Delivery,BO,Ajmer,Region Tonk
Guda Deo Ji B.O,323802,Delivery,BO,Ajmer,Region Tonk
Gudasadawartia B.O,323802,Delivery,BO,Ajmer,Region Tonk
Morsan B.O,323802,Delivery,BO,Ajmer,Region Tonk
Sadera B.O,323802,Delivery,BO,Ajmer,Region Tonk
Sahan B.O,323802,Delivery,BO,Ajmer,Region Tonk
Dei S.O,323802,Delivery,PO,Ajmer,Region Tonk
Ajeta B.O,323803,Delivery,BO,Ajmer,Region Tonk
Bamori B.O,323803,Delivery,BO,Ajmer,Region Tonk
Bherupura Ojhha B.O,323803,Delivery,BO,Ajmer,Region Tonk
Borda Kachhiyan B.O,323803,Delivery,BO,Ajmer,Region Tonk
Gendoli B.O,323803,Delivery,BO,Ajmer,Region Tonk
Jetpur B.O,323803,Delivery,BO,Ajmer,Region Tonk
Jhali Ji Ka Barana B.O,323803,Delivery,BO,Ajmer,Region Tonk
Khyawda B.O,323803,Delivery,BO,Ajmer,Region Tonk
Luharpura B.O,323803,Delivery,BO,Ajmer,Region Tonk
Nayagaon B.O,323803,Delivery,BO,Ajmer,Region Tonk
Peepliya B.O,323803,Delivery,BO,Ajmer,Region Tonk
Pholai B.O,323803,Delivery,BO,Ajmer,Region Tonk
Raithal B.O,323803,Delivery,BO,Ajmer,Region Tonk
Rajwas B.O,323803,Delivery,BO,Ajmer,Region Tonk
Rehana B.O,323803,Delivery,BO,Ajmer,Region Tonk
Jawati Kalan B.O,323803,Delivery,BO,Ajmer,Region Tonk
Khatkar S.O,323803,Delivery,PO,Ajmer,Region Tonk
Bhim S.O,305921,Delivery,PO,Ajmer,Region Udaipur
Ajitgarh B.O,305921,Delivery,BO,Ajmer,Region Udaipur
Balli Ijassa Kheda B.O,305921,Delivery,BO,Ajmer,Region Udaipur
Dansaria B.O,305921,Delivery,BO,Ajmer,Region Udaipur
Godhaji Ja Gaon B.O,305921,Delivery,BO,Ajmer,Region Udaipur
Kaladeh B.O,305921,Delivery,BO,Ajmer,Region Udaipur
Kukar Khera B.O,305921,Delivery,BO,Ajmer,Region Udaipur
Kukra B.O,305921,Delivery,BO,Ajmer,Region Udaipur
Samliya B.O,305921,Delivery,BO,Ajmer,Region Udaipur
Togi B.O,305921,Delivery,BO,Ajmer,Region Udaipur
Kotra S.O (Udaipur),307025,Delivery,PO,Ajmer,Region Udaipur
Bakhel B.O,307025,Delivery,BO,Ajmer,Region Udaipur
Barli B.O,307025,Delivery,BO,Ajmer,Region Udaipur
Bikarni B.O,307025,Delivery,BO,Ajmer,Region Udaipur
Dhedmaria B.O,307025,Delivery,BO,Ajmer,Region Udaipur
Guran B.O,307025,Delivery,BO,Ajmer,Region Udaipur
Jed B.O,307025,Delivery,BO,Ajmer,Region Udaipur
Jogiwara B.O,307025,Delivery,BO,Ajmer,Region Udaipur
Juda B.O,307025,Delivery,BO,Ajmer,Region Udaipur
Kagwas B.O,307025,Delivery,BO,Ajmer,Region Udaipur
Khajuria B.O,307025,Delivery,BO,Ajmer,Region Udaipur
Mahad B.O,307025,Delivery,BO,Ajmer,Region Udaipur
Mahadi B.O,307025,Delivery,BO,Ajmer,Region Udaipur
Mamer B.O,307025,Delivery,BO,Ajmer,Region Udaipur
Mandawal B.O,307025,Delivery,BO,Ajmer,Region Udaipur
Mandwa B.O,307025,Delivery,BO,Ajmer,Region Udaipur
Medi B.O,307025,Delivery,BO,Ajmer,Region Udaipur
Merpur B.O,307025,Delivery,BO,Ajmer,Region Udaipur
Nayawas B.O,307025,Delivery,BO,Ajmer,Region Udaipur
Sada B.O,307025,Delivery,BO,Ajmer,Region Udaipur
Samoli B.O,307025,Delivery,BO,Ajmer,Region Udaipur
Sandraf B.O,307025,Delivery,BO,Ajmer,Region Udaipur
Udaipur Shastri Circle S.O,313001,Delivery,PO,Ajmer,Region Udaipur
Balicha B.O,313001,Delivery,BO,Ajmer,Region Udaipur
Bhuwana B.O,313001,Delivery,BO,Ajmer,Region Udaipur
Dakan Kotra B.O,313001,Delivery,BO,Ajmer,Region Udaipur
Dhinkli B.O,313001,Delivery,BO,Ajmer,Region Udaipur
Dhundi B.O,313001,Delivery,BO,Ajmer,Region Udaipur
Fatehpur B.O,313001,Delivery,BO,Ajmer,Region Udaipur
Karda B.O,313001,Delivery,BO,Ajmer,Region Udaipur
Kathar B.O,313001,Delivery,BO,Ajmer,Region Udaipur
Kewda Khurd B.O,313001,Delivery,BO,Ajmer,Region Udaipur
Palodara B.O,313001,Delivery,BO,Ajmer,Region Udaipur
Paner B.O,313001,Delivery,BO,Ajmer,Region Udaipur
Piladhar B.O,313001,Delivery,BO,Ajmer,Region Udaipur
Royda B.O,313001,Delivery,BO,Ajmer,Region Udaipur
Saveena B.O,313001,Delivery,BO,Ajmer,Region Udaipur
Titardi B.O,313001,Delivery,BO,Ajmer,Region Udaipur
Udaipur City S.O,313001,Non-Delivery,PO,Ajmer,Region Udaipur
Udaipur Fatehpura S.O,313001,Non-Delivery,PO,Ajmer,Region Udaipur
Udaipur Macchala Magra S.O,313001,Non-Delivery,PO,Ajmer,Region Udaipur
Udaipur Naya Sarafa S.O,313001,Non-Delivery,PO,Ajmer,Region Udaipur
Udaipur Palace Road S.O,313001,Non-Delivery,PO,Ajmer,Region Udaipur
Udaipur Pratapnagar S.O,313001,Non-Delivery,PO,Ajmer,Region Udaipur
Udaipur Railway Station S.O,313001,Non-Delivery,PO,Ajmer,Region Udaipur
Udaipur Rani Road S.O,313001,Non-Delivery,PO,Ajmer,Region Udaipur
Udaipur Station Road S.O,313001,Non-Delivery,PO,Ajmer,Region Udaipur
Udaipur Surajpole S.O,313001,Non-Delivery,PO,Ajmer,Region Udaipur
Udaipur University Campus S.O,313001,Non-Delivery,PO,Ajmer,Region Udaipur
Udaipur H Magri S.O,313002,Delivery,PO,Ajmer,Region Udaipur
Udaipur Industrial Area S.O,313003,Delivery,PO,Ajmer,Region Udaipur
Bhoiyon Ki Pancholi B.O,313003,Delivery,BO,Ajmer,Region Udaipur
Kaladwas B.O,313003,Delivery,BO,Ajmer,Region Udaipur
Kanpur B.O,313003,Delivery,BO,Ajmer,Region Udaipur
Lakadwas B.O,313003,Delivery,BO,Ajmer,Region Udaipur
Matoon B.O,313003,Delivery,BO,Ajmer,Region Udaipur
Jhamar Kotra B.O,313003,Delivery,BO,Ajmer,Region Udaipur
Udaipur H.O,313004,Delivery,HO,Ajmer,Region Udaipur
Badgaon S.O,313011,Delivery,PO,Ajmer,Region Udaipur
Barda B.O,313011,Delivery,BO,Ajmer,Region Udaipur
Bari Tb (S) B.O,313011,Delivery,BO,Ajmer,Region Udaipur
Bedla B.O,313011,Delivery,BO,Ajmer,Region Udaipur
Bhutala B.O,313011,Delivery,BO,Ajmer,Region Udaipur
Godach B.O,313011,Delivery,BO,Ajmer,Region Udaipur
Iswal B.O,313011,Delivery,BO,Ajmer,Region Udaipur
Kadia B.O,313011,Delivery,BO,Ajmer,Region Udaipur
Lakhawali B.O,313011,Delivery,BO,Ajmer,Region Udaipur
Losing B.O,313011,Delivery,BO,Ajmer,Region Udaipur
Loyra B.O,313011,Delivery,BO,Ajmer,Region Udaipur
Madar B.O,313011,Delivery,BO,Ajmer,Region Udaipur
Nedach B.O,313011,Delivery,BO,Ajmer,Region Udaipur
Sapetia B.O,313011,Delivery,BO,Ajmer,Region Udaipur
Shobhagpura B.O,313011,Delivery,BO,Ajmer,Region Udaipur
Thoor B.O,313011,Delivery,BO,Ajmer,Region Udaipur
Narayan Seva Sansthan,313011,Delivery,BO,Ajmer,Region Udaipur
Chansda B.O,313015,Delivery,BO,Ajmer,Region Udaipur
Kharwa B.O,313015,Delivery,BO,Ajmer,Region Udaipur
Umaramines B.O,313015,Delivery,BO,Ajmer,Region Udaipur
Dabok S.O,313022,Delivery,PO,Ajmer,Region Udaipur
Daroli B.O,313022,Delivery,BO,Ajmer,Region Udaipur
Gupri B.O,313022,Delivery,BO,Ajmer,Region Udaipur
Khedi B.O,313022,Delivery,BO,Ajmer,Region Udaipur
Merta B.O,313022,Delivery,BO,Ajmer,Region Udaipur
Nandwel B.O,313022,Delivery,BO,Ajmer,Region Udaipur
Zinc Smelter S.O,313024,Delivery,PO,Ajmer,Region Udaipur
Bhalon Ka Guda B.O,313024,Delivery,BO,Ajmer,Region Udaipur
Bhensda Kalan B.O,313024,Delivery,BO,Ajmer,Region Udaipur
Bichhadi B.O,313024,Delivery,BO,Ajmer,Region Udaipur
Debari B.O,313024,Delivery,BO,Ajmer,Region Udaipur
Gudli B.O,313024,Delivery,BO,Ajmer,Region Udaipur
Sakroda B.O,313024,Delivery,BO,Ajmer,Region Udaipur
Intali Khera S.O,313026,Delivery,PO,Ajmer,Region Udaipur
Badawali B.O,313026,Delivery,BO,Ajmer,Region Udaipur
Baroda B.O,313026,Delivery,BO,Ajmer,Region Udaipur
Bhoraipal B.O,313026,Delivery,BO,Ajmer,Region Udaipur
Dagar B.O,313026,Delivery,BO,Ajmer,Region Udaipur
Godasar B.O,313026,Delivery,BO,Ajmer,Region Udaipur
Intali Pal B.O,313026,Delivery,BO,Ajmer,Region Udaipur
Katev B.O,313026,Delivery,BO,Ajmer,Region Udaipur
Mallada B.O,313026,Delivery,BO,Ajmer,Region Udaipur
Noli B.O,313026,Delivery,BO,Ajmer,Region Udaipur
Pandiyawara B.O,313026,Delivery,BO,Ajmer,Region Udaipur
Rathora B.O,313026,Delivery,BO,Ajmer,Region Udaipur
Shaktawat Ka Guda B.O,313026,Delivery,BO,Ajmer,Region Udaipur
Tokar B.O,313026,Delivery,BO,Ajmer,Region Udaipur
Adkalia B.O,313027,Delivery,BO,Ajmer,Region Udaipur
Bamnia B.O,313027,Delivery,BO,Ajmer,Region Udaipur
Banoda B.O,313027,Delivery,BO,Ajmer,Region Udaipur
Bassi B.O,313027,Delivery,BO,Ajmer,Region Udaipur
Bassi Junjawat B.O,313027,Delivery,BO,Ajmer,Region Udaipur
Bedawal B.O,313027,Delivery,BO,Ajmer,Region Udaipur
Chiboda B.O,313027,Delivery,BO,Ajmer,Region Udaipur
Dal B.O,313027,Delivery,BO,Ajmer,Region Udaipur
Deogam B.O,313027,Delivery,BO,Ajmer,Region Udaipur
Dharod B.O,313027,Delivery,BO,Ajmer,Region Udaipur
Gamda Pal B.O,313027,Delivery,BO,Ajmer,Region Udaipur
Isarwas Dangiyan B.O,313027,Delivery,BO,Ajmer,Region Udaipur
Jambuda B.O,313027,Delivery,BO,Ajmer,Region Udaipur
Karawali B.O,313027,Delivery,BO,Ajmer,Region Udaipur
Kharka B.O,313027,Delivery,BO,Ajmer,Region Udaipur
Kherad B.O,313027,Delivery,BO,Ajmer,Region Udaipur
Malpur B.O,313027,Delivery,BO,Ajmer,Region Udaipur
Morila B.O,313027,Delivery,BO,Ajmer,Region Udaipur
Orwaria B.O,313027,Delivery,BO,Ajmer,Region Udaipur
Saradi B.O,313027,Delivery,BO,Ajmer,Region Udaipur
Seria B.O,313027,Delivery,BO,Ajmer,Region Udaipur
Thada B.O,313027,Delivery,BO,Ajmer,Region Udaipur
Salumber S.O,313027,Delivery,PO,Ajmer,Region Udaipur
Toda B.O,313027,Delivery,BO,Ajmer,Region Udaipur
Nai S.O,313031,Delivery,PO,Ajmer,Region Udaipur
Alsigarh B.O,313031,Delivery,BO,Ajmer,Region Udaipur
Bari Undri B.O,313031,Delivery,BO,Ajmer,Region Udaipur
Bujhra B.O,313031,Delivery,BO,Ajmer,Region Udaipur
Pai B.O,313031,Delivery,BO,Ajmer,Region Udaipur
Sisarma B.O,313031,Delivery,BO,Ajmer,Region Udaipur
Jhallara S.O,313038,Delivery,PO,Ajmer,Region Udaipur
Amloda B.O,313038,Delivery,BO,Ajmer,Region Udaipur
Bhabrana B.O,313038,Delivery,BO,Ajmer,Region Udaipur
Budel B.O,313038,Delivery,BO,Ajmer,Region Udaipur
Dholgiri Ka Khera B.O,313038,Delivery,BO,Ajmer,Region Udaipur
Ghated B.O,313038,Delivery,BO,Ajmer,Region Udaipur
Jetana B.O,313038,Delivery,BO,Ajmer,Region Udaipur
Jodhpur Khurd B.O,313038,Delivery,BO,Ajmer,Region Udaipur
Kalyankalan B.O,313038,Delivery,BO,Ajmer,Region Udaipur
Karakalan B.O,313038,Delivery,BO,Ajmer,Region Udaipur
Manpur B.O,313038,Delivery,BO,Ajmer,Region Udaipur
Matasula B.O,313038,Delivery,BO,Ajmer,Region Udaipur
Nayagaon B.O,313038,Delivery,BO,Ajmer,Region Udaipur
Payara B.O,313038,Delivery,BO,Ajmer,Region Udaipur
Samoda B.O,313038,Delivery,BO,Ajmer,Region Udaipur
Sheshpur B.O,313038,Delivery,BO,Ajmer,Region Udaipur
Khemli S.O,313201,Delivery,PO,Ajmer,Region Udaipur
Bijanwas B.O,313201,Delivery,BO,Ajmer,Region Udaipur
Boyana B.O,313201,Delivery,BO,Ajmer,Region Udaipur
Chandesara B.O,313201,Delivery,BO,Ajmer,Region Udaipur
Dholi Magri B.O,313201,Delivery,BO,Ajmer,Region Udaipur
Ghasa B.O,313201,Delivery,BO,Ajmer,Region Udaipur
Nahar Magra B.O,313201,Delivery,BO,Ajmer,Region Udaipur
Rakhyawal B.O,313201,Delivery,BO,Ajmer,Region Udaipur
Salera Kalan B.O,313201,Delivery,BO,Ajmer,Region Udaipur
Sangwa B.O,313201,Delivery,BO,Ajmer,Region Udaipur
Veerdholia B.O,313201,Delivery,BO,Ajmer,Region Udaipur
Delwara S.O,313202,Delivery,PO,Ajmer,Region Udaipur
Bilota B.O,313202,Delivery,BO,Ajmer,Region Udaipur
Chirwa B.O,313202,Delivery,BO,Ajmer,Region Udaipur
Kailashpuri B.O,313202,Delivery,BO,Ajmer,Region Udaipur
Kaliwas B.O,313202,Delivery,BO,Ajmer,Region Udaipur
Manakwas B.O,313202,Delivery,BO,Ajmer,Region Udaipur
Negadia B.O,313202,Delivery,BO,Ajmer,Region Udaipur
Rama B.O,313202,Delivery,BO,Ajmer,Region Udaipur
Shishvi B.O,313202,Delivery,BO,Ajmer,Region Udaipur
Mavli Jn. S.O,313203,Delivery,PO,Ajmer,Region Udaipur
Bhimal B.O,313203,Delivery,BO,Ajmer,Region Udaipur
Gadoli B.O,313203,Delivery,BO,Ajmer,Region Udaipur
Khempur B.O,313203,Delivery,BO,Ajmer,Region Udaipur
Ladani B.O,313203,Delivery,BO,Ajmer,Region Udaipur
Lopada B.O,313203,Delivery,BO,Ajmer,Region Udaipur
Phalichada B.O,313203,Delivery,BO,Ajmer,Region Udaipur
Sakroda B.O,313203,Delivery,BO,Ajmer,Region Udaipur
Vadiyar B.O,313203,Delivery,BO,Ajmer,Region Udaipur
Palana Khurd S.O,313204,Delivery,PO,Ajmer,Region Udaipur
Bhansol Garwara B.O,313204,Delivery,BO,Ajmer,Region Udaipur
Jawad B.O,313204,Delivery,BO,Ajmer,Region Udaipur
Mahuda B.O,313204,Delivery,BO,Ajmer,Region Udaipur
Noorda B.O,313204,Delivery,BO,Ajmer,Region Udaipur
Palan Kalan B.O,313204,Delivery,BO,Ajmer,Region Udaipur
Sindhu B.O,313204,Delivery,BO,Ajmer,Region Udaipur
Thamla B.O,313204,Delivery,BO,Ajmer,Region Udaipur
Uthnol B.O,313204,Delivery,BO,Ajmer,Region Udaipur
Wanri B.O,313204,Delivery,BO,Ajmer,Region Udaipur
Fatehnagar S.O (Udaipur),313205,Delivery,PO,Ajmer,Region Udaipur
Badgaon B.O,313205,Delivery,BO,Ajmer,Region Udaipur
Changedi B.O,313205,Delivery,BO,Ajmer,Region Udaipur
Intali B.O,313205,Delivery,BO,Ajmer,Region Udaipur
Vasni Kalan B.O,313205,Delivery,BO,Ajmer,Region Udaipur
Sanwar S.O (Udaipur),313206,Delivery,PO,Ajmer,Region Udaipur
Dhaneria B.O,313206,Delivery,BO,Ajmer,Region Udaipur
Jewana B.O,313206,Delivery,BO,Ajmer,Region Udaipur
Khartana B.O,313206,Delivery,BO,Ajmer,Region Udaipur
Morath B.O,313206,Delivery,BO,Ajmer,Region Udaipur
Gilund S.O,313207,Delivery,PO,Ajmer,Region Udaipur
Khad Bamnia B.O,313207,Delivery,BO,Ajmer,Region Udaipur
Kkundia B.O,313207,Delivery,BO,Ajmer,Region Udaipur
Pachhamata B.O,313207,Delivery,BO,Ajmer,Region Udaipur
Panotia B.O,313207,Delivery,BO,Ajmer,Region Udaipur
Dariba S.O,313211,Delivery,PO,Ajmer,Region Udaipur
Charana B.O,313211,Delivery,BO,Ajmer,Region Udaipur
Gawaardi B.O,313211,Delivery,BO,Ajmer,Region Udaipur
Kabra B.O,313211,Delivery,BO,Ajmer,Region Udaipur
Kotri B.O,313211,Delivery,BO,Ajmer,Region Udaipur
Rajpura B.O,313211,Delivery,BO,Ajmer,Region Udaipur
Nathdwara S.O,313301,Delivery,PO,Ajmer,Region Udaipur
Bagol B.O,313301,Delivery,BO,Ajmer,Region Udaipur
Dhayla B.O,313301,Delivery,BO,Ajmer,Region Udaipur
Gunjol B.O,313301,Delivery,BO,Ajmer,Region Udaipur
Karoli B.O,313301,Delivery,BO,Ajmer,Region Udaipur
Kessuli B.O,313301,Delivery,BO,Ajmer,Region Udaipur
Kunthwa B.O,313301,Delivery,BO,Ajmer,Region Udaipur
Lal Madri B.O,313301,Delivery,BO,Ajmer,Region Udaipur
Mandiyana B.O,313301,Delivery,BO,Ajmer,Region Udaipur
Odan B.O,313301,Delivery,BO,Ajmer,Region Udaipur
Salore B.O,313301,Delivery,BO,Ajmer,Region Udaipur
Shishoda B.O,313301,Delivery,BO,Ajmer,Region Udaipur
Nathdwara Chaupati S.O,313301,Non-Delivery,PO,Ajmer,Region Udaipur
Goanguda S.O,313321,Delivery,PO,Ajmer,Region Udaipur
Bhada Bhanuja B.O,313321,Delivery,BO,Ajmer,Region Udaipur
Bhensa Kamed B.O,313321,Delivery,BO,Ajmer,Region Udaipur
Jhalon Ki Madar B.O,313321,Delivery,BO,Ajmer,Region Udaipur
Koshiwara B.O,313321,Delivery,BO,Ajmer,Region Udaipur
Machind B.O,313321,Delivery,BO,Ajmer,Region Udaipur
Morcha B.O,313321,Delivery,BO,Ajmer,Region Udaipur
Sameecha B.O,313321,Delivery,BO,Ajmer,Region Udaipur
Usar B.O,313321,Delivery,BO,Ajmer,Region Udaipur
Pipla B.O,313321,Delivery,BO,Ajmer,Region Udaipur
Khamnore S.O,313322,Delivery,PO,Ajmer,Region Udaipur
Balicha B.O,313322,Delivery,BO,Ajmer,Region Udaipur
Kadmal B.O,313322,Delivery,BO,Ajmer,Region Udaipur
Molela B.O,313322,Delivery,BO,Ajmer,Region Udaipur
Saloda B.O,313322,Delivery,BO,Ajmer,Region Udaipur
Sema B.O,313322,Delivery,BO,Ajmer,Region Udaipur
Semal B.O,313322,Delivery,BO,Ajmer,Region Udaipur
Unwas B.O,313322,Delivery,BO,Ajmer,Region Udaipur
Vati B.O,313322,Delivery,BO,Ajmer,Region Udaipur
Tantol B.O,313322,Delivery,BO,Ajmer,Region Udaipur
Kotharia S.O (Rajsamand),313323,Delivery,PO,Ajmer,Region Udaipur
Akodara B.O,313323,Delivery,BO,Ajmer,Region Udaipur
Bamanhera B.O,313323,Delivery,BO,Ajmer,Region Udaipur
Bijnol B.O,313323,Delivery,BO,Ajmer,Region Udaipur
Maja B.O,313323,Delivery,BO,Ajmer,Region Udaipur
Namana B.O,313323,Delivery,BO,Ajmer,Region Udaipur
Pakhand B.O,313323,Delivery,BO,Ajmer,Region Udaipur
Kankroli H.O,313324,Delivery,HO,Ajmer,Region Udaipur
Masatiyon Ki Madri B.O,313324,Delivery,BO,Ajmer,Region Udaipur
Mohi B.O,313324,Delivery,BO,Ajmer,Region Udaipur
Bhana B.O,313324,Delivery,BO,Ajmer,Region Udaipur
Boraj B.O,313324,Delivery,BO,Ajmer,Region Udaipur
Gajpur B.O,313324,Delivery,BO,Ajmer,Region Udaipur
Piparda B.O,313324,Delivery,BO,Ajmer,Region Udaipur
Mahalon Ki Pipli B.O,313324,Delivery,BO,Ajmer,Region Udaipur
Pharara B.O,313324,Delivery,BO,Ajmer,Region Udaipur
Sayon Ka Khera B.O,313324,Delivery,BO,Ajmer,Region Udaipur
Badrada B.O,313324,Delivery,BO,Ajmer,Region Udaipur
Sanghat Kalan B.O,313324,Delivery,BO,Ajmer,Region Udaipur
Sundarcha B.O,313324,Delivery,BO,Ajmer,Region Udaipur
Bhawa B.O,313324,Delivery,BO,Ajmer,Region Udaipur
Piplantri B.O,313324,Delivery,BO,Ajmer,Region Udaipur
Punawali B.O,313324,Delivery,BO,Ajmer,Region Udaipur
Sakroda B.O,313324,Delivery,BO,Ajmer,Region Udaipur
Kalinjar B.O,313324,Delivery,BO,Ajmer,Region Udaipur
Mundol B.O,313324,Delivery,BO,Ajmer,Region Udaipur
Koyal B.O,313324,Delivery,BO,Ajmer,Region Udaipur
Pasund B.O,313324,Delivery,BO,Ajmer,Region Udaipur
Rajsamand S.O,313324,Non-Delivery,PO,Ajmer,Region Udaipur
Kelwara S.O,313325,Delivery,PO,Ajmer,Region Udaipur
Antri B.O,313325,Delivery,BO,Ajmer,Region Udaipur
Bankora B.O,313325,Delivery,BO,Ajmer,Region Udaipur
Baradara B.O,313325,Delivery,BO,Ajmer,Region Udaipur
Kadia B.O,313325,Delivery,BO,Ajmer,Region Udaipur
Kankrwa B.O,313325,Delivery,BO,Ajmer,Region Udaipur
Kanooja B.O,313325,Delivery,BO,Ajmer,Region Udaipur
Kesar B.O,313325,Delivery,BO,Ajmer,Region Udaipur
Kuncholi B.O,313325,Delivery,BO,Ajmer,Region Udaipur
Majera B.O,313325,Delivery,BO,Ajmer,Region Udaipur
Oda B.O,313325,Delivery,BO,Ajmer,Region Udaipur
Taladari B.O,313325,Delivery,BO,Ajmer,Region Udaipur
Koaria S.O,313327,Delivery,PO,Ajmer,Region Udaipur
Binol B.O,313327,Delivery,BO,Ajmer,Region Udaipur
Galwa B.O,313327,Delivery,BO,Ajmer,Region Udaipur
Jetpura B.O,313327,Delivery,BO,Ajmer,Region Udaipur
Jhor B.O,313327,Delivery,BO,Ajmer,Region Udaipur
Phiyawadi B.O,313327,Delivery,BO,Ajmer,Region Udaipur
Pipli Ahiran B.O,313327,Delivery,BO,Ajmer,Region Udaipur
Kuraj S.O,313328,Delivery,PO,Ajmer,Region Udaipur
Gogathala B.O,313328,Delivery,BO,Ajmer,Region Udaipur
Jitawas B.O,313328,Delivery,BO,Ajmer,Region Udaipur
Junda B.O,313328,Delivery,BO,Ajmer,Region Udaipur
Khandel B.O,313328,Delivery,BO,Ajmer,Region Udaipur
Lapsia B.O,313328,Delivery,BO,Ajmer,Region Udaipur
Railmagra S.O,313329,Delivery,PO,Ajmer,Region Udaipur
Bamnia Kalan B.O,313329,Delivery,BO,Ajmer,Region Udaipur
Banerian B.O,313329,Delivery,BO,Ajmer,Region Udaipur
Chowkdi B.O,313329,Delivery,BO,Ajmer,Region Udaipur
Pipli Dadiyan B.O,313329,Delivery,BO,Ajmer,Region Udaipur
Sadri B.O,313329,Delivery,BO,Ajmer,Region Udaipur
Sakrawas B.O,313329,Delivery,BO,Ajmer,Region Udaipur
Sansera B.O,313329,Delivery,BO,Ajmer,Region Udaipur
Lawa Sardargarh S.O,313330,Delivery,PO,Ajmer,Region Udaipur
Dowra B.O,313330,Delivery,BO,Ajmer,Region Udaipur
Jilola B.O,313330,Delivery,BO,Ajmer,Region Udaipur
Lodiyana B.O,313330,Delivery,BO,Ajmer,Region Udaipur
Olanakhera B.O,313330,Delivery,BO,Ajmer,Region Udaipur
Panotia B.O,313330,Delivery,BO,Ajmer,Region Udaipur
Sakroda B.O,313330,Delivery,BO,Ajmer,Region Udaipur
Deogarh S.O (Rajsamand),313331,Delivery,PO,Ajmer,Region Udaipur
Anjana B.O,313331,Delivery,BO,Ajmer,Region Udaipur
Bagana B.O,313331,Delivery,BO,Ajmer,Region Udaipur
Barjal B.O,313331,Delivery,BO,Ajmer,Region Udaipur
Chhaplian B.O,313331,Delivery,BO,Ajmer,Region Udaipur
Daver B.O,313331,Delivery,BO,Ajmer,Region Udaipur
Isharmand B.O,313331,Delivery,BO,Ajmer,Region Udaipur
Kakrod B.O,313331,Delivery,BO,Ajmer,Region Udaipur
Kalesaria B.O,313331,Delivery,BO,Ajmer,Region Udaipur
Khamlighat B.O,313331,Delivery,BO,Ajmer,Region Udaipur
Kundwa B.O,313331,Delivery,BO,Ajmer,Region Udaipur
Lasani B.O,313331,Delivery,BO,Ajmer,Region Udaipur
Madaria B.O,313331,Delivery,BO,Ajmer,Region Udaipur
Nardaska Guda B.O,313331,Delivery,BO,Ajmer,Region Udaipur
Pardi B.O,313331,Delivery,BO,Ajmer,Region Udaipur
Pipli B.O,313331,Delivery,BO,Ajmer,Region Udaipur
Ranchhedi B.O,313331,Delivery,BO,Ajmer,Region Udaipur
Savadari B.O,313331,Delivery,BO,Ajmer,Region Udaipur
Tal B.O,313331,Delivery,BO,Ajmer,Region Udaipur
Charbhuja Road S.O,313332,Delivery,PO,Ajmer,Region Udaipur
Aagaria B.O,313332,Delivery,BO,Ajmer,Region Udaipur
Bikawas B.O,313332,Delivery,BO,Ajmer,Region Udaipur
Gosundi B.O,313332,Delivery,BO,Ajmer,Region Udaipur
Goval B.O,313332,Delivery,BO,Ajmer,Region Udaipur
Jeeran B.O,313332,Delivery,BO,Ajmer,Region Udaipur
Khakharmala B.O,313332,Delivery,BO,Ajmer,Region Udaipur
Kuanthal B.O,313332,Delivery,BO,Ajmer,Region Udaipur
Liki B.O,313332,Delivery,BO,Ajmer,Region Udaipur
Mad B.O,313332,Delivery,BO,Ajmer,Region Udaipur
Nanana B.O,313332,Delivery,BO,Ajmer,Region Udaipur
Narana B.O,313332,Delivery,BO,Ajmer,Region Udaipur
Selaguda B.O,313332,Delivery,BO,Ajmer,Region Udaipur
Tikar B.O,313332,Delivery,BO,Ajmer,Region Udaipur
Charbhuja S.O,313333,Delivery,PO,Ajmer,Region Udaipur
Bansa B.O,313333,Delivery,BO,Ajmer,Region Udaipur
Janawad B.O,313333,Delivery,BO,Ajmer,Region Udaipur
Jhilwara B.O,313333,Delivery,BO,Ajmer,Region Udaipur
Kalaguman B.O,313333,Delivery,BO,Ajmer,Region Udaipur
Kharnota B.O,313333,Delivery,BO,Ajmer,Region Udaipur
Lambodi B.O,313333,Delivery,BO,Ajmer,Region Udaipur
Manawaton Ka Guda B.O,313333,Delivery,BO,Ajmer,Region Udaipur
Sathia B.O,313333,Delivery,BO,Ajmer,Region Udaipur
Sevantri B.O,313333,Delivery,BO,Ajmer,Region Udaipur
Sunkhar B.O,313333,Delivery,BO,Ajmer,Region Udaipur
Thurawad B.O,313333,Delivery,BO,Ajmer,Region Udaipur
Todawara Gujran B.O,313333,Delivery,BO,Ajmer,Region Udaipur
Umarwas B.O,313333,Delivery,BO,Ajmer,Region Udaipur
Rinchhed B.O,313333,Non-Delivery,BO,Ajmer,Region Udaipur
Kelwa S.O (Rajsamand),313334,Delivery,PO,Ajmer,Region Udaipur
Aidana B.O,313334,Delivery,BO,Ajmer,Region Udaipur
Antalia B.O,313334,Delivery,BO,Ajmer,Region Udaipur
Atma B.O,313334,Delivery,BO,Ajmer,Region Udaipur
Dhaneen B.O,313334,Delivery,BO,Ajmer,Region Udaipur
Dhanyla B.O,313334,Delivery,BO,Ajmer,Region Udaipur
Jhanjhar B.O,313334,Delivery,BO,Ajmer,Region Udaipur
Khatmala B.O,313334,Delivery,BO,Ajmer,Region Udaipur
Merda Khalsa B.O,313334,Delivery,BO,Ajmer,Region Udaipur
Padasali B.O,313334,Delivery,BO,Ajmer,Region Udaipur
Sapol B.O,313334,Delivery,BO,Ajmer,Region Udaipur
Siyana B.O,313334,Delivery,BO,Ajmer,Region Udaipur
Tansol B.O,313334,Delivery,BO,Ajmer,Region Udaipur
Tunkra B.O,313334,Delivery,BO,Ajmer,Region Udaipur
Barar S.O,313341,Delivery,PO,Ajmer,Region Udaipur
Baggad B.O,313341,Delivery,BO,Ajmer,Region Udaipur
Hamelon Ki Bar B.O,313341,Delivery,BO,Ajmer,Region Udaipur
Kachhabali B.O,313341,Delivery,BO,Ajmer,Region Udaipur
Lakha Guda B.O,313341,Delivery,BO,Ajmer,Region Udaipur
Mandawar B.O,313341,Delivery,BO,Ajmer,Region Udaipur
Miyala B.O,313341,Delivery,BO,Ajmer,Region Udaipur
Thikarwas B.O,313341,Delivery,BO,Ajmer,Region Udaipur
T F Kankroli S.O,313342,Delivery,PO,Ajmer,Region Udaipur
Bhatoli B.O,313342,Delivery,BO,Ajmer,Region Udaipur
Dhoinda B.O,313342,Delivery,BO,Ajmer,Region Udaipur
Emdi B.O,313342,Delivery,BO,Ajmer,Region Udaipur
Naogama B.O,313342,Delivery,BO,Ajmer,Region Udaipur
Rajiawas B.O,313342,Delivery,BO,Ajmer,Region Udaipur
Vallabhnagar S.O (Udaipur),313601,Delivery,PO,Ajmer,Region Udaipur
ARS Station B.O,313601,Delivery,BO,Ajmer,Region Udaipur
Balathal B.O,313601,Delivery,BO,Ajmer,Region Udaipur
Bhatewaar B.O,313601,Delivery,BO,Ajmer,Region Udaipur
Dhamania B.O,313601,Delivery,BO,Ajmer,Region Udaipur
Karanpur B.O,313601,Delivery,BO,Ajmer,Region Udaipur
Kikawas B.O,313601,Delivery,BO,Ajmer,Region Udaipur
Nawania B.O,313601,Delivery,BO,Ajmer,Region Udaipur
Puria Kheri B.O,313601,Delivery,BO,Ajmer,Region Udaipur
Rundera B.O,313601,Delivery,BO,Ajmer,Region Udaipur
Tarawat B.O,313601,Delivery,BO,Ajmer,Region Udaipur
Kheroda S.O,313602,Delivery,PO,Ajmer,Region Udaipur
Amar Pura B.O,313602,Delivery,BO,Ajmer,Region Udaipur
Arinda B.O,313602,Delivery,BO,Ajmer,Region Udaipur
Baggad B.O,313602,Delivery,BO,Ajmer,Region Udaipur
Barodia B.O,313602,Delivery,BO,Ajmer,Region Udaipur
Batharda Kalan B.O,313602,Delivery,BO,Ajmer,Region Udaipur
Batharda Khurd B.O,313602,Delivery,BO,Ajmer,Region Udaipur
Kharsan B.O,313602,Delivery,BO,Ajmer,Region Udaipur
Majawada B.O,313602,Delivery,BO,Ajmer,Region Udaipur
Menar B.O,313602,Delivery,BO,Ajmer,Region Udaipur
Modi B.O,313602,Delivery,BO,Ajmer,Region Udaipur
Onarsingh Ki Bhagal B.O,313602,Delivery,BO,Ajmer,Region Udaipur
Vana B.O,313602,Delivery,BO,Ajmer,Region Udaipur
Bhinder S.O (Udaipur),313603,Delivery,PO,Ajmer,Region Udaipur
Badgaon B.O,313603,Delivery,BO,Ajmer,Region Udaipur
Bansada B.O,313603,Delivery,BO,Ajmer,Region Udaipur
Bhopa Khera B.O,313603,Delivery,BO,Ajmer,Region Udaipur
Chargadia B.O,313603,Delivery,BO,Ajmer,Region Udaipur
Dhundia B.O,313603,Delivery,BO,Ajmer,Region Udaipur
Hinta B.O,313603,Delivery,BO,Ajmer,Region Udaipur
Kkunthwas B.O,313603,Delivery,BO,Ajmer,Region Udaipur
Kundai B.O,313603,Delivery,BO,Ajmer,Region Udaipur
Motida B.O,313603,Delivery,BO,Ajmer,Region Udaipur
Saleda B.O,313603,Delivery,BO,Ajmer,Region Udaipur
Sarangpura B.O,313603,Delivery,BO,Ajmer,Region Udaipur
Kanore S.O,313604,Delivery,PO,Ajmer,Region Udaipur
Agad B.O,313604,Delivery,BO,Ajmer,Region Udaipur
Akola B.O,313604,Delivery,BO,Ajmer,Region Udaipur
Amar Pura B.O,313604,Delivery,BO,Ajmer,Region Udaipur
Anjani B.O,313604,Delivery,BO,Ajmer,Region Udaipur
Arnia B.O,313604,Delivery,BO,Ajmer,Region Udaipur
Baalicha B.O,313604,Delivery,BO,Ajmer,Region Udaipur
Bharev B.O,313604,Delivery,BO,Ajmer,Region Udaipur
Deolia B.O,313604,Delivery,BO,Ajmer,Region Udaipur
Dhamniya B.O,313604,Delivery,BO,Ajmer,Region Udaipur
Dhikiya B.O,313604,Delivery,BO,Ajmer,Region Udaipur
Dholia B.O,313604,Delivery,BO,Ajmer,Region Udaipur
Kali Bhit B.O,313604,Delivery,BO,Ajmer,Region Udaipur
Kun B.O,313604,Delivery,BO,Ajmer,Region Udaipur
Laku Ka Lewa B.O,313604,Delivery,BO,Ajmer,Region Udaipur
Lasadia B.O,313604,Delivery,BO,Ajmer,Region Udaipur
Lunda B.O,313604,Delivery,BO,Ajmer,Region Udaipur
Pithalpura B.O,313604,Delivery,BO,Ajmer,Region Udaipur
Sarangpura B.O,313604,Delivery,BO,Ajmer,Region Udaipur
Ambassa B.O,313701,Delivery,BO,Ajmer,Region Udaipur
Amiwara B.O,313701,Delivery,BO,Ajmer,Region Udaipur
Amlia B.O,313701,Delivery,BO,Ajmer,Region Udaipur
Bichhiwara B.O,313701,Delivery,BO,Ajmer,Region Udaipur
Daiya B.O,313701,Delivery,BO,Ajmer,Region Udaipur
Kolyari B.O,313701,Delivery,BO,Ajmer,Region Udaipur
Lathuni B.O,313701,Delivery,BO,Ajmer,Region Udaipur
Manpur B.O,313701,Delivery,BO,Ajmer,Region Udaipur
Nichli Sigri B.O,313701,Delivery,BO,Ajmer,Region Udaipur
Oda B.O,313701,Delivery,BO,Ajmer,Region Udaipur
Som B.O,313701,Delivery,BO,Ajmer,Region Udaipur
Upreta B.O,313701,Delivery,BO,Ajmer,Region Udaipur
Phalasia S.O,313701,Delivery,PO,Ajmer,Region Udaipur
Jhadol (P) S.O,313702,Delivery,PO,Ajmer,Region Udaipur
Adkalia B.O,313702,Delivery,BO,Ajmer,Region Udaipur
B K Kherwara B.O,313702,Delivery,BO,Ajmer,Region Udaipur
Damana B.O,313702,Delivery,BO,Ajmer,Region Udaipur
Dewas B.O,313702,Delivery,BO,Ajmer,Region Udaipur
Dheemari B.O,313702,Delivery,BO,Ajmer,Region Udaipur
Dodawali B.O,313702,Delivery,BO,Ajmer,Region Udaipur
Godana B.O,313702,Delivery,BO,Ajmer,Region Udaipur
Gogala B.O,313702,Delivery,BO,Ajmer,Region Udaipur
Gorana B.O,313702,Delivery,BO,Ajmer,Region Udaipur
Khakhad B.O,313702,Delivery,BO,Ajmer,Region Udaipur
Mohd. Phalasia B.O,313702,Delivery,BO,Ajmer,Region Udaipur
Sultan Ji ka  Kherwara B.O,313702,Delivery,BO,Ajmer,Region Udaipur
Baghpura B.O,313702,Delivery,BO,Ajmer,Region Udaipur
Jekra B.O,313702,Delivery,BO,Ajmer,Region Udaipur
Madla B.O,313702,Delivery,BO,Ajmer,Region Udaipur
Madri B.O,313702,Delivery,BO,Ajmer,Region Udaipur
Makradeo B.O,313702,Delivery,BO,Ajmer,Region Udaipur
Pipalwara B.O,313702,Delivery,BO,Ajmer,Region Udaipur
Saradeet B.O,313702,Delivery,BO,Ajmer,Region Udaipur
Kurawar S.O (Udaipur),313703,Delivery,PO,Ajmer,Region Udaipur
Adwas B.O,313703,Delivery,BO,Ajmer,Region Udaipur
Ajbara B.O,313703,Delivery,BO,Ajmer,Region Udaipur
Bemla B.O,313703,Delivery,BO,Ajmer,Region Udaipur
Dantesar B.O,313703,Delivery,BO,Ajmer,Region Udaipur
Jagat B.O,313703,Delivery,BO,Ajmer,Region Udaipur
Jawad B.O,313703,Delivery,BO,Ajmer,Region Udaipur
Methudi B.O,313703,Delivery,BO,Ajmer,Region Udaipur
Naijhar B.O,313703,Delivery,BO,Ajmer,Region Udaipur
Semal B.O,313703,Delivery,BO,Ajmer,Region Udaipur
Shishvi B.O,313703,Delivery,BO,Ajmer,Region Udaipur
Wali B.O,313703,Delivery,BO,Ajmer,Region Udaipur
Sayra S.O,313704,Delivery,PO,Ajmer,Region Udaipur
B K Kalwana B.O,313704,Delivery,BO,Ajmer,Region Udaipur
Bhanpura B.O,313704,Delivery,BO,Ajmer,Region Udaipur
Bokhada B.O,313704,Delivery,BO,Ajmer,Region Udaipur
Diyan B.O,313704,Delivery,BO,Ajmer,Region Udaipur
Ganawal B.O,313704,Delivery,BO,Ajmer,Region Udaipur
Jemli B.O,313704,Delivery,BO,Ajmer,Region Udaipur
Kamol B.O,313704,Delivery,BO,Ajmer,Region Udaipur
Padrada B.O,313704,Delivery,BO,Ajmer,Region Udaipur
Palasma B.O,313704,Delivery,BO,Ajmer,Region Udaipur
Punawali B.O,313704,Delivery,BO,Ajmer,Region Udaipur
Roachh B.O,313704,Delivery,BO,Ajmer,Region Udaipur
Semad B.O,313704,Delivery,BO,Ajmer,Region Udaipur
Singhara B.O,313704,Delivery,BO,Ajmer,Region Udaipur
Suavaton Ka Guda B.O,313704,Delivery,BO,Ajmer,Region Udaipur
Tarpal B.O,313704,Delivery,BO,Ajmer,Region Udaipur
Gogunda S.O,313705,Delivery,PO,Ajmer,Region Udaipur
Bagdunda B.O,313705,Delivery,BO,Ajmer,Region Udaipur
Bhadviguda B.O,313705,Delivery,BO,Ajmer,Region Udaipur
Chatia Khedi B.O,313705,Delivery,BO,Ajmer,Region Udaipur
Chhali B.O,313705,Delivery,BO,Ajmer,Region Udaipur
Chorbaori B.O,313705,Delivery,BO,Ajmer,Region Udaipur
Kachhaba B.O,313705,Delivery,BO,Ajmer,Region Udaipur
Mada B.O,313705,Delivery,BO,Ajmer,Region Udaipur
Majawad B.O,313705,Delivery,BO,Ajmer,Region Udaipur
Majawadi B.O,313705,Delivery,BO,Ajmer,Region Udaipur
Modi B.O,313705,Delivery,BO,Ajmer,Region Udaipur
Morwal B.O,313705,Delivery,BO,Ajmer,Region Udaipur
Nal B.O,313705,Delivery,BO,Ajmer,Region Udaipur
Obra Kalan B.O,313705,Delivery,BO,Ajmer,Region Udaipur
Ravlia Khurd B.O,313705,Delivery,BO,Ajmer,Region Udaipur
Rawalia Kalan B.O,313705,Delivery,BO,Ajmer,Region Udaipur
Surajgarh B.O,313705,Delivery,BO,Ajmer,Region Udaipur
Bambora S.O,313706,Delivery,PO,Ajmer,Region Udaipur
Ballabh B.O,313706,Delivery,BO,Ajmer,Region Udaipur
Dhavdi B.O,313706,Delivery,BO,Ajmer,Region Udaipur
Gingla B.O,313706,Delivery,BO,Ajmer,Region Udaipur
Gudel B.O,313706,Delivery,BO,Ajmer,Region Udaipur
Idana B.O,313706,Delivery,BO,Ajmer,Region Udaipur
Mayada B.O,313706,Delivery,BO,Ajmer,Region Udaipur
Panund B.O,313706,Delivery,BO,Ajmer,Region Udaipur
Phila B.O,313706,Delivery,BO,Ajmer,Region Udaipur
Sihad B.O,313706,Delivery,BO,Ajmer,Region Udaipur
Sulawas B.O,313706,Delivery,BO,Ajmer,Region Udaipur
Tekan B.O,313706,Delivery,BO,Ajmer,Region Udaipur
Utharda B.O,313706,Delivery,BO,Ajmer,Region Udaipur
Gudli B.O,313706,Delivery,BO,Ajmer,Region Udaipur
Nandeshma S.O,313708,Delivery,PO,Ajmer,Region Udaipur
Bekria B.O,313708,Delivery,BO,Ajmer,Region Udaipur
Dhol B.O,313708,Delivery,BO,Ajmer,Region Udaipur
Gogrood B.O,313708,Delivery,BO,Ajmer,Region Udaipur
Jaswantgarh B.O,313708,Delivery,BO,Ajmer,Region Udaipur
Jhadoli B.O,313708,Delivery,BO,Ajmer,Region Udaipur
Kyari B.O,313708,Delivery,BO,Ajmer,Region Udaipur
Loharcha B.O,313708,Delivery,BO,Ajmer,Region Udaipur
Malwa Ka Chora B.O,313708,Delivery,BO,Ajmer,Region Udaipur
Mewaron Ka Math B.O,313708,Delivery,BO,Ajmer,Region Udaipur
Pipla B.O,313708,Delivery,BO,Ajmer,Region Udaipur
Rao Madra B.O,313708,Delivery,BO,Ajmer,Region Udaipur
Saidem B.O,313708,Delivery,BO,Ajmer,Region Udaipur
Teja Ka Was B.O,313708,Delivery,BO,Ajmer,Region Udaipur
Parsad S.O,313801,Delivery,PO,Ajmer,Region Udaipur
Barapal B.O,313801,Delivery,BO,Ajmer,Region Udaipur
Chanawada B.O,313801,Delivery,BO,Ajmer,Region Udaipur
Kaya B.O,313801,Delivery,BO,Ajmer,Region Udaipur
Paduna B.O,313801,Delivery,BO,Ajmer,Region Udaipur
Pal Kharwad B.O,313801,Delivery,BO,Ajmer,Region Udaipur
Sarupal B.O,313801,Delivery,BO,Ajmer,Region Udaipur
Tidi B.O,313801,Delivery,BO,Ajmer,Region Udaipur
Balua B.O,313802,Delivery,BO,Ajmer,Region Udaipur
Bhudar B.O,313802,Delivery,BO,Ajmer,Region Udaipur
Bilakh B.O,313802,Delivery,BO,Ajmer,Region Udaipur
Garnalakotra B.O,313802,Delivery,BO,Ajmer,Region Udaipur
Godawat Gorimba B.O,313802,Delivery,BO,Ajmer,Region Udaipur
Kagdar B.O,313802,Delivery,BO,Ajmer,Region Udaipur
Kanuwara B.O,313802,Delivery,BO,Ajmer,Region Udaipur
Kojawara B.O,313802,Delivery,BO,Ajmer,Region Udaipur
Massaron Ki Obri B.O,313802,Delivery,BO,Ajmer,Region Udaipur
Paderi B.O,313802,Delivery,BO,Ajmer,Region Udaipur
Pareda B.O,313802,Delivery,BO,Ajmer,Region Udaipur
Pipli (A) B.O,313802,Delivery,BO,Ajmer,Region Udaipur
Pipli (B) B.O,313802,Delivery,BO,Ajmer,Region Udaipur
Sagwara B.O,313802,Delivery,BO,Ajmer,Region Udaipur
Ugamna Kotra B.O,313802,Delivery,BO,Ajmer,Region Udaipur
Rishabhdeo S.O,313802,Delivery,PO,Ajmer,Region Udaipur
Kherwara S.O,313803,Delivery,PO,Ajmer,Region Udaipur
Badla B.O,313803,Delivery,BO,Ajmer,Region Udaipur
Barothi B.O,313803,Delivery,BO,Ajmer,Region Udaipur
Bawalwara B.O,313803,Delivery,BO,Ajmer,Region Udaipur
Bayri B.O,313803,Delivery,BO,Ajmer,Region Udaipur
Bhanda B.O,313803,Delivery,BO,Ajmer,Region Udaipur
Dhinkwas B.O,313803,Delivery,BO,Ajmer,Region Udaipur
Ghodi B.O,313803,Delivery,BO,Ajmer,Region Udaipur
Jawas B.O,313803,Delivery,BO,Ajmer,Region Udaipur
Karchha B.O,313803,Delivery,BO,Ajmer,Region Udaipur
Katarwas B.O,313803,Delivery,BO,Ajmer,Region Udaipur
Khandiobri B.O,313803,Delivery,BO,Ajmer,Region Udaipur
Khanmeen B.O,313803,Delivery,BO,Ajmer,Region Udaipur
Larathi B.O,313803,Delivery,BO,Ajmer,Region Udaipur
Pograkalan B.O,313803,Delivery,BO,Ajmer,Region Udaipur
Saroli B.O,313803,Delivery,BO,Ajmer,Region Udaipur
Sulai B.O,313803,Delivery,BO,Ajmer,Region Udaipur
Suveri B.O,313803,Delivery,BO,Ajmer,Region Udaipur
Chhani S.O (Udaipur),313804,Delivery,PO,Ajmer,Region Udaipur
Adiwali B.O,313804,Delivery,BO,Ajmer,Region Udaipur
Balicha B.O,313804,Delivery,BO,Ajmer,Region Udaipur
Dabaycha B.O,313804,Delivery,BO,Ajmer,Region Udaipur
Deri B.O,313804,Delivery,BO,Ajmer,Region Udaipur
Harshawara B.O,313804,Delivery,BO,Ajmer,Region Udaipur
Jayra B.O,313804,Delivery,BO,Ajmer,Region Udaipur
Kanbai B.O,313804,Delivery,BO,Ajmer,Region Udaipur
Karawada B.O,313804,Delivery,BO,Ajmer,Region Udaipur
Nayagaon B.O,313804,Delivery,BO,Ajmer,Region Udaipur
Patia B.O,313804,Delivery,BO,Ajmer,Region Udaipur
Sarera B.O,313804,Delivery,BO,Ajmer,Region Udaipur
Sundra B.O,313804,Delivery,BO,Ajmer,Region Udaipur
Thana B.O,313804,Delivery,BO,Ajmer,Region Udaipur
Dhelana,313805,Delivery,PO,Ajmer,Region Udaipur
Zawar Mines S.O,313901,Delivery,PO,Ajmer,Region Udaipur
Deopura B.O,313901,Delivery,BO,Ajmer,Region Udaipur
Jawar B.O,313901,Delivery,BO,Ajmer,Region Udaipur
Mahuwara B.O,313901,Delivery,BO,Ajmer,Region Udaipur
Padla B.O,313901,Delivery,BO,Ajmer,Region Udaipur
Singhatwara B.O,313901,Delivery,BO,Ajmer,Region Udaipur
Sarara S.O,313902,Delivery,PO,Ajmer,Region Udaipur
Bana Khurd B.O,313902,Delivery,BO,Ajmer,Region Udaipur
Kejad B.O,313902,Delivery,BO,Ajmer,Region Udaipur
Pal Nimboda B.O,313902,Delivery,BO,Ajmer,Region Udaipur
Pal Sarara B.O,313902,Delivery,BO,Ajmer,Region Udaipur
Sagtara B.O,313902,Delivery,BO,Ajmer,Region Udaipur
Semari S.O,313903,Delivery,PO,Ajmer,Region Udaipur
Chandora B.O,313903,Delivery,BO,Ajmer,Region Udaipur
Chorai B.O,313903,Delivery,BO,Ajmer,Region Udaipur
Depur B.O,313903,Delivery,BO,Ajmer,Region Udaipur
Dhankiwara B.O,313903,Delivery,BO,Ajmer,Region Udaipur
Jambuda B.O,313903,Delivery,BO,Ajmer,Region Udaipur
Kalyanpur B.O,313903,Delivery,BO,Ajmer,Region Udaipur
Kolar B.O,313903,Delivery,BO,Ajmer,Region Udaipur
Kunda B.O,313903,Delivery,BO,Ajmer,Region Udaipur
Kuradia B.O,313903,Delivery,BO,Ajmer,Region Udaipur
Medi Dhani B.O,313903,Delivery,BO,Ajmer,Region Udaipur
Navda B.O,313903,Delivery,BO,Ajmer,Region Udaipur
Rajol B.O,313903,Delivery,BO,Ajmer,Region Udaipur
Sagtari B.O,313903,Delivery,BO,Ajmer,Region Udaipur
Shayampura B.O,313903,Delivery,BO,Ajmer,Region Udaipur
Surkhand Ka Khera B.O,313903,Delivery,BO,Ajmer,Region Udaipur
Chawand S.O,313904,Delivery,PO,Ajmer,Region Udaipur
Katanwara B.O,313904,Delivery,BO,Ajmer,Region Udaipur
Dayli B.O,313904,Delivery,BO,Ajmer,Region Udaipur
Nathara B.O,313904,Delivery,BO,Ajmer,Region Udaipur
Thana B.O,313904,Delivery,BO,Ajmer,Region Udaipur
Jhadol (S) S.O,313905,Delivery,PO,Ajmer,Region Udaipur
Badgaon B.O,313905,Delivery,BO,Ajmer,Region Udaipur
Chatpur B.O,313905,Delivery,BO,Ajmer,Region Udaipur
Dhingri B.O,313905,Delivery,BO,Ajmer,Region Udaipur
Ghatod B.O,313905,Delivery,BO,Ajmer,Region Udaipur
Kantora B.O,313905,Delivery,BO,Ajmer,Region Udaipur
Sallada B.O,313905,Delivery,BO,Ajmer,Region Udaipur
Sarsia B.O,313905,Delivery,BO,Ajmer,Region Udaipur
Shyampura B.O,313905,Delivery,BO,Ajmer,Region Udaipur
Udaipuria Jagir B.O,313905,Delivery,BO,Ajmer,Region Udaipur
Veerpura B.O,313905,Delivery,BO,Ajmer,Region Udaipur
Ogna S.O,313906,Delivery,PO,Ajmer,Region Udaipur
Beerothi B.O,313906,Delivery,BO,Ajmer,Region Udaipur
Gejvi B.O,313906,Delivery,BO,Ajmer,Region Udaipur
Padawali B.O,313906,Delivery,BO,Ajmer,Region Udaipur
Sameeja B.O,313906,Delivery,BO,Ajmer,Region Udaipur
Vass B.O,313906,Delivery,BO,Ajmer,Region Udaipur
Alwar H.O,301001,Delivery,HO,Jaipur,HQ Region Alwar
Khuteta Kalan B.O,301001,Delivery,BO,Jaipur,HQ Region Alwar
Machari B.O,301001,Delivery,BO,Jaipur,HQ Region Alwar
Madhogarh B.O,301001,Delivery,BO,Jaipur,HQ Region Alwar
Raisis B.O,301001,Delivery,BO,Jaipur,HQ Region Alwar
Akbarpur B.O,301001,Delivery,BO,Jaipur,HQ Region Alwar
Bamboli B.O,301001,Delivery,BO,Jaipur,HQ Region Alwar
Nangli Megha B.O,301001,Delivery,BO,Jaipur,HQ Region Alwar
Mahuakhurd B.O,301001,Delivery,BO,Jaipur,HQ Region Alwar
Umren B.O,301001,Delivery,BO,Jaipur,HQ Region Alwar
Burja B.O,301001,Delivery,BO,Jaipur,HQ Region Alwar
Ghat B.O,301001,Delivery,BO,Jaipur,HQ Region Alwar
Bhoggore B.O,301001,Delivery,BO,Jaipur,HQ Region Alwar
Diwakari B.O,301001,Delivery,BO,Jaipur,HQ Region Alwar
Siliserh B.O,301001,Delivery,BO,Jaipur,HQ Region Alwar
Bagarrajput B.O,301001,Delivery,BO,Jaipur,HQ Region Alwar
Toolera B.O,301001,Delivery,BO,Jaipur,HQ Region Alwar
Alwar Bus Stand S.O,301001,Non-Delivery,PO,Jaipur,HQ Region Alwar
Aryanagar Alwar S.O,301001,Non-Delivery,PO,Jaipur,HQ Region Alwar
Delhi Gate Alwar S.O,301001,Non-Delivery,PO,Jaipur,HQ Region Alwar
H.B.Colony Alwar S.O,301001,Non-Delivery,PO,Jaipur,HQ Region Alwar
Malakhera Gate Alwar S.O,301001,Non-Delivery,PO,Jaipur,HQ Region Alwar
Railway Station Alwar S.O,301001,Non-Delivery,PO,Jaipur,HQ Region Alwar
Hnuman circle Alwar,301001,Non-Delivery,PO,Jaipur,HQ Region Alwar
Sectt. Alwar S.O,301001,Non-Delivery,PO,Jaipur,HQ Region Alwar
Shivajee Park Alwar S.O,301001,Non-Delivery,PO,Jaipur,HQ Region Alwar
Tripoliya Alwar S.O,301001,Non-Delivery,PO,Jaipur,HQ Region Alwar
MOTIDOONGRI S.O,301002,Delivery,PO,Jaipur,HQ Region Alwar
Khazuri Bass S.O,301018,Delivery,PO,Jaipur,HQ Region Alwar
Sheetal B.O,301018,Delivery,BO,Jaipur,HQ Region Alwar
Silarpur B.O,301018,Delivery,BO,Jaipur,HQ Region Alwar
Bhiwari Ind. Area. Alwar S.O,301019,Delivery,PO,Jaipur,HQ Region Alwar
Shahdod B.O,301019,Delivery,BO,Jaipur,HQ Region Alwar
R.H.B. Bhiwari S.O,301019,Non-Delivery,PO,Jaipur,HQ Region Alwar
Barrod S.O,301020,Delivery,PO,Jaipur,HQ Region Alwar
Dooghera B.O,301020,Delivery,BO,Jaipur,HQ Region Alwar
Karoda B.O,301020,Delivery,BO,Jaipur,HQ Region Alwar
Kolila B.O,301020,Delivery,BO,Jaipur,HQ Region Alwar
Barodameo S.O,301021,Delivery,PO,Jaipur,HQ Region Alwar
Beda B.O,301021,Delivery,BO,Jaipur,HQ Region Alwar
Buntoli B.O,301021,Delivery,BO,Jaipur,HQ Region Alwar
Butiyana B.O,301021,Delivery,BO,Jaipur,HQ Region Alwar
Deenar B.O,301021,Delivery,BO,Jaipur,HQ Region Alwar
Gandura B.O,301021,Delivery,BO,Jaipur,HQ Region Alwar
Itera B.O,301021,Delivery,BO,Jaipur,HQ Region Alwar
Molia B.O,301021,Delivery,BO,Jaipur,HQ Region Alwar
Nibhera B.O,301021,Delivery,BO,Jaipur,HQ Region Alwar
Nizamnagar B.O,301021,Delivery,BO,Jaipur,HQ Region Alwar
Sadhka B.O,301021,Delivery,BO,Jaipur,HQ Region Alwar
Thanagazi S.O,301022,Delivery,PO,Jaipur,HQ Region Alwar
Bhandrol B.O,301022,Delivery,BO,Jaipur,HQ Region Alwar
Bhangroli B.O,301022,Delivery,BO,Jaipur,HQ Region Alwar
Dera Bamanwas B.O,301022,Delivery,BO,Jaipur,HQ Region Alwar
Duhar Chogan B.O,301022,Delivery,BO,Jaipur,HQ Region Alwar
Dwarapur B.O,301022,Delivery,BO,Jaipur,HQ Region Alwar
Garh Basai B.O,301022,Delivery,BO,Jaipur,HQ Region Alwar
Gudhachurani B.O,301022,Delivery,BO,Jaipur,HQ Region Alwar
Kishori B.O,301022,Delivery,BO,Jaipur,HQ Region Alwar
Malutana B.O,301022,Delivery,BO,Jaipur,HQ Region Alwar
Saleta B.O,301022,Delivery,BO,Jaipur,HQ Region Alwar
Sariska Palace B.O,301022,Delivery,BO,Jaipur,HQ Region Alwar
Seelibaori B.O,301022,Delivery,BO,Jaipur,HQ Region Alwar
Suratgarh B.O,301022,Delivery,BO,Jaipur,HQ Region Alwar
Vijay Mandir S.O,301023,Delivery,PO,Jaipur,HQ Region Alwar
Shahpur B.O,301023,Delivery,BO,Jaipur,HQ Region Alwar
Chandoli B.O,301023,Delivery,BO,Jaipur,HQ Region Alwar
Jatiyana B.O,301023,Delivery,BO,Jaipur,HQ Region Alwar
Parisal B.O,301023,Delivery,BO,Jaipur,HQ Region Alwar
Rata Khurd B.O,301023,Delivery,BO,Jaipur,HQ Region Alwar
Narainpur S.O (Alwar),301024,Delivery,PO,Jaipur,HQ Region Alwar
Ajabpura B.O,301024,Delivery,BO,Jaipur,HQ Region Alwar
Bamanwas Kankar B.O,301024,Delivery,BO,Jaipur,HQ Region Alwar
Basaijogian B.O,301024,Delivery,BO,Jaipur,HQ Region Alwar
Bilali B.O,301024,Delivery,BO,Jaipur,HQ Region Alwar
Chatarpura B.O,301024,Delivery,BO,Jaipur,HQ Region Alwar
Garhi B.O,301024,Delivery,BO,Jaipur,HQ Region Alwar
Gyanpura B.O,301024,Delivery,BO,Jaipur,HQ Region Alwar
KARANA B.O,301024,Delivery,BO,Jaipur,HQ Region Alwar
kherkheri Kalan B.O,301024,Delivery,BO,Jaipur,HQ Region Alwar
Kolahera B.O,301024,Delivery,BO,Jaipur,HQ Region Alwar
Mundawar B.O,301024,Delivery,BO,Jaipur,HQ Region Alwar
Nayabas B.O,301024,Delivery,BO,Jaipur,HQ Region Alwar
Neemuchana B.O,301024,Delivery,BO,Jaipur,HQ Region Alwar
Vijayapura B.O,301024,Delivery,BO,Jaipur,HQ Region Alwar
CHANDPURI B.O,301024,Delivery,BO,Jaipur,HQ Region Alwar
Nogaon S.O,301025,Delivery,PO,Jaipur,HQ Region Alwar
Beejwa B.O,301025,Delivery,BO,Jaipur,HQ Region Alwar
Cheerwa B.O,301025,Delivery,BO,Jaipur,HQ Region Alwar
Dhanwari B.O,301025,Delivery,BO,Jaipur,HQ Region Alwar
Mubarikpur B.O,301025,Delivery,BO,Jaipur,HQ Region Alwar
Neekuch B.O,301025,Delivery,BO,Jaipur,HQ Region Alwar
Pata B.O,301025,Delivery,BO,Jaipur,HQ Region Alwar
Raghunathgarh B.O,301025,Delivery,BO,Jaipur,HQ Region Alwar
Rasgaon B.O,301025,Delivery,BO,Jaipur,HQ Region Alwar
Ramgarh S.O (Alwar),301026,Delivery,PO,Jaipur,HQ Region Alwar
Alaora B.O,301026,Delivery,BO,Jaipur,HQ Region Alwar
Chomu B.O,301026,Delivery,BO,Jaipur,HQ Region Alwar
Indpura B.O,301026,Delivery,BO,Jaipur,HQ Region Alwar
KHERI B.O,301026,Delivery,BO,Jaipur,HQ Region Alwar
khilora B.O,301026,Delivery,BO,Jaipur,HQ Region Alwar
Kkoh B.O,301026,Delivery,BO,Jaipur,HQ Region Alwar
Malpur B.O,301026,Delivery,BO,Jaipur,HQ Region Alwar
Milakpur B.O,301026,Delivery,BO,Jaipur,HQ Region Alwar
Naswari B.O,301026,Delivery,BO,Jaipur,HQ Region Alwar
Peproli B.O,301026,Delivery,BO,Jaipur,HQ Region Alwar
Sainthli B.O,301026,Delivery,BO,Jaipur,HQ Region Alwar
Sirmor B.O,301026,Delivery,BO,Jaipur,HQ Region Alwar
Pratap Garh S.O (Alwar),301027,Delivery,PO,Jaipur,HQ Region Alwar
Ramji ka Guwada B.O,301027,Delivery,BO,Jaipur,HQ Region Alwar
Agar B.O,301027,Delivery,BO,Jaipur,HQ Region Alwar
Ajabgarh B.O,301027,Delivery,BO,Jaipur,HQ Region Alwar
Jhiri B.O,301027,Delivery,BO,Jaipur,HQ Region Alwar
Lalpura B.O,301027,Delivery,BO,Jaipur,HQ Region Alwar
Nangalbani B.O,301027,Delivery,BO,Jaipur,HQ Region Alwar
Padakchapli B.O,301027,Delivery,BO,Jaipur,HQ Region Alwar
Piplai B.O,301027,Delivery,BO,Jaipur,HQ Region Alwar
Samra B.O,301027,Delivery,BO,Jaipur,HQ Region Alwar
Bahadurpur S.O,301028,Delivery,PO,Jaipur,HQ Region Alwar
Bhajera B.O,301028,Delivery,BO,Jaipur,HQ Region Alwar
Chikani B.O,301028,Delivery,BO,Jaipur,HQ Region Alwar
Chorotipahar B.O,301028,Delivery,BO,Jaipur,HQ Region Alwar
Kakrali Meo B.O,301028,Delivery,BO,Jaipur,HQ Region Alwar
Karoli B.O,301028,Delivery,BO,Jaipur,HQ Region Alwar
Kherajahar B.O,301028,Delivery,BO,Jaipur,HQ Region Alwar
Kithoor B.O,301028,Delivery,BO,Jaipur,HQ Region Alwar
Raibka B.O,301028,Delivery,BO,Jaipur,HQ Region Alwar
Shahdoli B.O,301028,Delivery,BO,Jaipur,HQ Region Alwar
Untwal B.O,301028,Delivery,BO,Jaipur,HQ Region Alwar
Matasya Ind. Area S.O,301030,Delivery,PO,Jaipur,HQ Region Alwar
Bahala B.O,301030,Delivery,BO,Jaipur,HQ Region Alwar
Bhageet B.O,301030,Delivery,BO,Jaipur,HQ Region Alwar
Desula B.O,301030,Delivery,BO,Jaipur,HQ Region Alwar
Jatpur B.O,301030,Delivery,BO,Jaipur,HQ Region Alwar
Khanpur Jat B.O,301030,Delivery,BO,Jaipur,HQ Region Alwar
Kherli Syed B.O,301030,Delivery,BO,Jaipur,HQ Region Alwar
Salpur B.O,301030,Delivery,BO,Jaipur,HQ Region Alwar
Ronijathan S.O,301035,Delivery,PO,Jaipur,HQ Region Alwar
Adoli B.O,301035,Delivery,BO,Jaipur,HQ Region Alwar
Bhanokhar B.O,301035,Delivery,BO,Jaipur,HQ Region Alwar
Bhanwar B.O,301035,Delivery,BO,Jaipur,HQ Region Alwar
Jatwara B.O,301035,Delivery,BO,Jaipur,HQ Region Alwar
Kheda Kalyanpur B.O,301035,Delivery,BO,Jaipur,HQ Region Alwar
Khoh B.O,301035,Delivery,BO,Jaipur,HQ Region Alwar
Khonkhar B.O,301035,Delivery,BO,Jaipur,HQ Region Alwar
New Jahadu B.O,301035,Delivery,BO,Jaipur,HQ Region Alwar
Sahari B.O,301035,Delivery,BO,Jaipur,HQ Region Alwar
Salwari B.O,301035,Delivery,BO,Jaipur,HQ Region Alwar
Ajerka S.O,301401,Delivery,PO,Jaipur,HQ Region Alwar
A.G.Dadhiya B.O,301401,Delivery,BO,Jaipur,HQ Region Alwar
Basni B.O,301401,Delivery,BO,Jaipur,HQ Region Alwar
Beejwar Chauhan B.O,301401,Delivery,BO,Jaipur,HQ Region Alwar
Bhanot B.O,301401,Delivery,BO,Jaipur,HQ Region Alwar
Gaduwas B.O,301401,Delivery,BO,Jaipur,HQ Region Alwar
Jonal B.O,301401,Delivery,BO,Jaipur,HQ Region Alwar
Manka B.O,301401,Delivery,BO,Jaipur,HQ Region Alwar
Saraikalan B.O,301401,Delivery,BO,Jaipur,HQ Region Alwar
Seelgaon B.O,301401,Delivery,BO,Jaipur,HQ Region Alwar
Sihalikalan B.O,301401,Delivery,BO,Jaipur,HQ Region Alwar
Bansur S.O,301402,Delivery,PO,Jaipur,HQ Region Alwar
Bhupsera B.O,301402,Delivery,BO,Jaipur,HQ Region Alwar
Buteri B.O,301402,Delivery,BO,Jaipur,HQ Region Alwar
Choola B.O,301402,Delivery,BO,Jaipur,HQ Region Alwar
Fetehpur B.O,301402,Delivery,BO,Jaipur,HQ Region Alwar
Girudi B.O,301402,Delivery,BO,Jaipur,HQ Region Alwar
Gunta B.O,301402,Delivery,BO,Jaipur,HQ Region Alwar
Hamirpur B.O,301402,Delivery,BO,Jaipur,HQ Region Alwar
Hazipur B.O,301402,Delivery,BO,Jaipur,HQ Region Alwar
Holawas B.O,301402,Delivery,BO,Jaipur,HQ Region Alwar
Khera B.O,301402,Delivery,BO,Jaipur,HQ Region Alwar
Khori B.O,301402,Delivery,BO,Jaipur,HQ Region Alwar
Lakkakanagal B.O,301402,Delivery,BO,Jaipur,HQ Region Alwar
Lekri B.O,301402,Delivery,BO,Jaipur,HQ Region Alwar
Mahanpur B.O,301402,Delivery,BO,Jaipur,HQ Region Alwar
Ratanpura B.O,301402,Delivery,BO,Jaipur,HQ Region Alwar
Santhalpur B.O,301402,Delivery,BO,Jaipur,HQ Region Alwar
Shyampura B.O,301402,Delivery,BO,Jaipur,HQ Region Alwar
Harsauli S.O,301403,Delivery,PO,Jaipur,HQ Region Alwar
Nangal Salia B.O,301403,Delivery,BO,Jaipur,HQ Region Alwar
Jatiyana B.O,301403,Delivery,BO,Jaipur,HQ Region Alwar
Khanpur Ahir B.O,301403,Delivery,BO,Jaipur,HQ Region Alwar
Mirjapur B.O,301403,Delivery,BO,Jaipur,HQ Region Alwar
Patalia B.O,301403,Delivery,BO,Jaipur,HQ Region Alwar
Bagheri kala BO,301403,Delivery,BO,Jaipur,HQ Region Alwar
Khairthal S.O,301404,Delivery,PO,Jaipur,HQ Region Alwar
Bahroj B.O,301404,Delivery,BO,Jaipur,HQ Region Alwar
Basai Kalan B.O,301404,Delivery,BO,Jaipur,HQ Region Alwar
Ghatla B.O,301404,Delivery,BO,Jaipur,HQ Region Alwar
Ismailpur B.O,301404,Delivery,BO,Jaipur,HQ Region Alwar
Jindoli B.O,301404,Delivery,BO,Jaipur,HQ Region Alwar
Mator B.O,301404,Delivery,BO,Jaipur,HQ Region Alwar
Noor Nagar B.O,301404,Delivery,BO,Jaipur,HQ Region Alwar
Pahel B.O,301404,Delivery,BO,Jaipur,HQ Region Alwar
Patan Mewan B.O,301404,Delivery,BO,Jaipur,HQ Region Alwar
Ranoth B.O,301404,Delivery,BO,Jaipur,HQ Region Alwar
Rasgan B.O,301404,Delivery,BO,Jaipur,HQ Region Alwar
Sorkha Kalan B.O,301404,Delivery,BO,Jaipur,HQ Region Alwar
Tatarpur B.O,301404,Delivery,BO,Jaipur,HQ Region Alwar
Vallabhgram B.O,301404,Delivery,BO,Jaipur,HQ Region Alwar
Kishan Garh Bass S.O,301405,Delivery,PO,Jaipur,HQ Region Alwar
Baghora B.O,301405,Delivery,BO,Jaipur,HQ Region Alwar
Bambora B.O,301405,Delivery,BO,Jaipur,HQ Region Alwar
Baskripal Nagar B.O,301405,Delivery,BO,Jaipur,HQ Region Alwar
Bhindoosi B.O,301405,Delivery,BO,Jaipur,HQ Region Alwar
Ghasoli B.O,301405,Delivery,BO,Jaipur,HQ Region Alwar
Gothra B.O,301405,Delivery,BO,Jaipur,HQ Region Alwar
Kalgaon B.O,301405,Delivery,BO,Jaipur,HQ Region Alwar
Khanpur Mewan B.O,301405,Delivery,BO,Jaipur,HQ Region Alwar
Langerwas B.O,301405,Delivery,BO,Jaipur,HQ Region Alwar
Mahond B.O,301405,Delivery,BO,Jaipur,HQ Region Alwar
Mancha B.O,301405,Delivery,BO,Jaipur,HQ Region Alwar
Mandha B.O,301405,Delivery,BO,Jaipur,HQ Region Alwar
Moosakhera B.O,301405,Delivery,BO,Jaipur,HQ Region Alwar
Mothuka B.O,301405,Delivery,BO,Jaipur,HQ Region Alwar
Tarwala B.O,301405,Delivery,BO,Jaipur,HQ Region Alwar
Tehnoli B.O,301405,Delivery,BO,Jaipur,HQ Region Alwar
Thons B.O,301405,Delivery,BO,Jaipur,HQ Region Alwar
Veersingh Pur B.O,301405,Delivery,BO,Jaipur,HQ Region Alwar
Gahankar B.O,301405,Delivery,BO,Jaipur,HQ Region Alwar
ALAMDIKA B.O,301405,Delivery,BO,Jaipur,HQ Region Alwar
MACHHROLI B.O,301405,Delivery,BO,Jaipur,HQ Region Alwar
Malakhera S.O,301406,Delivery,PO,Jaipur,HQ Region Alwar
Balata B.O,301406,Delivery,BO,Jaipur,HQ Region Alwar
Barkhera B.O,301406,Delivery,BO,Jaipur,HQ Region Alwar
Beejwar B.O,301406,Delivery,BO,Jaipur,HQ Region Alwar
Dhakpuri B.O,301406,Delivery,BO,Jaipur,HQ Region Alwar
Haldeena B.O,301406,Delivery,BO,Jaipur,HQ Region Alwar
Jamalpur B.O,301406,Delivery,BO,Jaipur,HQ Region Alwar
Kalsara B.O,301406,Delivery,BO,Jaipur,HQ Region Alwar
Kerwawal B.O,301406,Delivery,BO,Jaipur,HQ Region Alwar
Khareda B.O,301406,Delivery,BO,Jaipur,HQ Region Alwar
Leeli B.O,301406,Delivery,BO,Jaipur,HQ Region Alwar
Nithari B.O,301406,Delivery,BO,Jaipur,HQ Region Alwar
Pala B.O,301406,Delivery,BO,Jaipur,HQ Region Alwar
Prithvipura B.O,301406,Delivery,BO,Jaipur,HQ Region Alwar
Mandawar S.O (Alwar),301407,Delivery,PO,Jaipur,HQ Region Alwar
Balluwas B.O,301407,Delivery,BO,Jaipur,HQ Region Alwar
Basmenpur B.O,301407,Delivery,BO,Jaipur,HQ Region Alwar
Chandpur B.O,301407,Delivery,BO,Jaipur,HQ Region Alwar
Gopipura B.O,301407,Delivery,BO,Jaipur,HQ Region Alwar
Sheopur B.O,301407,Delivery,BO,Jaipur,HQ Region Alwar
Rajgarh (Alwar) S.O,301408,Delivery,PO,Jaipur,HQ Region Alwar
Ballupura B.O,301408,Delivery,BO,Jaipur,HQ Region Alwar
Barer B.O,301408,Delivery,BO,Jaipur,HQ Region Alwar
Binjari B.O,301408,Delivery,BO,Jaipur,HQ Region Alwar
Dhamred B.O,301408,Delivery,BO,Jaipur,HQ Region Alwar
Doroli B.O,301408,Delivery,BO,Jaipur,HQ Region Alwar
Dubbi B.O,301408,Delivery,BO,Jaipur,HQ Region Alwar
Karoth B.O,301408,Delivery,BO,Jaipur,HQ Region Alwar
Machari B.O,301408,Delivery,BO,Jaipur,HQ Region Alwar
Moonpur B.O,301408,Delivery,BO,Jaipur,HQ Region Alwar
Pada B.O,301408,Delivery,BO,Jaipur,HQ Region Alwar
Srichandpura B.O,301408,Delivery,BO,Jaipur,HQ Region Alwar
Surer B.O,301408,Delivery,BO,Jaipur,HQ Region Alwar
Thana B.O,301408,Delivery,BO,Jaipur,HQ Region Alwar
Vabeli B.O,301408,Delivery,BO,Jaipur,HQ Region Alwar
"Machari Chowk,rajgarh S.O",301408,Non-Delivery,PO,Jaipur,HQ Region Alwar
Reni S.O,301409,Delivery,PO,Jaipur,HQ Region Alwar
Bhajera B.O,301409,Delivery,BO,Jaipur,HQ Region Alwar
Bhuda B.O,301409,Delivery,BO,Jaipur,HQ Region Alwar
Bulari B.O,301409,Delivery,BO,Jaipur,HQ Region Alwar
Dera B.O,301409,Delivery,BO,Jaipur,HQ Region Alwar
Intoli B.O,301409,Delivery,BO,Jaipur,HQ Region Alwar
Jamdoli B.O,301409,Delivery,BO,Jaipur,HQ Region Alwar
Karanpura B.O,301409,Delivery,BO,Jaipur,HQ Region Alwar
Keelpurkhera B.O,301409,Delivery,BO,Jaipur,HQ Region Alwar
Mundia B.O,301409,Delivery,BO,Jaipur,HQ Region Alwar
Parbeni B.O,301409,Delivery,BO,Jaipur,HQ Region Alwar
Pragpura B.O,301409,Delivery,BO,Jaipur,HQ Region Alwar
Saloli B.O,301409,Delivery,BO,Jaipur,HQ Region Alwar
Tehtra B.O,301409,Delivery,BO,Jaipur,HQ Region Alwar
Tehla S.O,301410,Delivery,PO,Jaipur,HQ Region Alwar
Baldeogarh B.O,301410,Delivery,BO,Jaipur,HQ Region Alwar
Dariba Project B.O,301410,Delivery,BO,Jaipur,HQ Region Alwar
Ghewar B.O,301410,Delivery,BO,Jaipur,HQ Region Alwar
Golakabas B.O,301410,Delivery,BO,Jaipur,HQ Region Alwar
Gordhanpura B.O,301410,Delivery,BO,Jaipur,HQ Region Alwar
Khoh B.O,301410,Delivery,BO,Jaipur,HQ Region Alwar
Syaluta B.O,301410,Delivery,BO,Jaipur,HQ Region Alwar
Talab B.O,301410,Delivery,BO,Jaipur,HQ Region Alwar
Tilwar B.O,301410,Delivery,BO,Jaipur,HQ Region Alwar
Tizara S.O,301411,Delivery,PO,Jaipur,HQ Region Alwar
Baghora B.O,301411,Delivery,BO,Jaipur,HQ Region Alwar
Bandra B.O,301411,Delivery,BO,Jaipur,HQ Region Alwar
Bichhala B.O,301411,Delivery,BO,Jaipur,HQ Region Alwar
Bilaspur B.O,301411,Delivery,BO,Jaipur,HQ Region Alwar
Birampur B.O,301411,Delivery,BO,Jaipur,HQ Region Alwar
Gotoli B.O,301411,Delivery,BO,Jaipur,HQ Region Alwar
Hameerka B.O,301411,Delivery,BO,Jaipur,HQ Region Alwar
Hingwahera B.O,301411,Delivery,BO,Jaipur,HQ Region Alwar
Isroda B.O,301411,Delivery,BO,Jaipur,HQ Region Alwar
Jeroli B.O,301411,Delivery,BO,Jaipur,HQ Region Alwar
Mundana B.O,301411,Delivery,BO,Jaipur,HQ Region Alwar
Palpur B.O,301411,Delivery,BO,Jaipur,HQ Region Alwar
Rabhana B.O,301411,Delivery,BO,Jaipur,HQ Region Alwar
Sarheta B.O,301411,Delivery,BO,Jaipur,HQ Region Alwar
Shahbad B.O,301411,Delivery,BO,Jaipur,HQ Region Alwar
Titarka B.O,301411,Delivery,BO,Jaipur,HQ Region Alwar
Phullawas B.O,301411,Non-Delivery,BO,Jaipur,HQ Region Alwar
Harsora S.O,301412,Delivery,PO,Jaipur,HQ Region Alwar
Alanpur B.O,301412,Delivery,BO,Jaipur,HQ Region Alwar
Babari B.O,301412,Delivery,BO,Jaipur,HQ Region Alwar
Babaria B.O,301412,Delivery,BO,Jaipur,HQ Region Alwar
Bamanwas B.O,301412,Delivery,BO,Jaipur,HQ Region Alwar
Bhagukawas B.O,301412,Delivery,BO,Jaipur,HQ Region Alwar
Shamda B.O,301412,Delivery,BO,Jaipur,HQ Region Alwar
Garhi Sawai Ram S.O,301413,Delivery,PO,Jaipur,HQ Region Alwar
Barkokhurd B.O,301413,Delivery,BO,Jaipur,HQ Region Alwar
Bhikhaheri B.O,301413,Delivery,BO,Jaipur,HQ Region Alwar
Gothra B.O,301413,Delivery,BO,Jaipur,HQ Region Alwar
Jhalatala B.O,301413,Delivery,BO,Jaipur,HQ Region Alwar
Kanethi B.O,301413,Delivery,BO,Jaipur,HQ Region Alwar
Kheramangal Singh B.O,301413,Delivery,BO,Jaipur,HQ Region Alwar
Pinan B.O,301413,Delivery,BO,Jaipur,HQ Region Alwar
Sehra B.O,301413,Delivery,BO,Jaipur,HQ Region Alwar
Todanagar B.O,301413,Delivery,BO,Jaipur,HQ Region Alwar
Dhigawara S.O,301414,Delivery,PO,Jaipur,HQ Region Alwar
Bahali B.O,301414,Delivery,BO,Jaipur,HQ Region Alwar
Beleta B.O,301414,Delivery,BO,Jaipur,HQ Region Alwar
Bhandodi B.O,301414,Delivery,BO,Jaipur,HQ Region Alwar
Chandupura B.O,301414,Delivery,BO,Jaipur,HQ Region Alwar
Nawalpura B.O,301414,Delivery,BO,Jaipur,HQ Region Alwar
Palwa B.O,301414,Delivery,BO,Jaipur,HQ Region Alwar
Patan B.O,301414,Delivery,BO,Jaipur,HQ Region Alwar
Poonkher B.O,301414,Delivery,BO,Jaipur,HQ Region Alwar
Rajpur S.O (Alwar),301415,Delivery,PO,Jaipur,HQ Region Alwar
Nathalwara B.O,301415,Delivery,BO,Jaipur,HQ Region Alwar
Sakat B.O,301415,Delivery,BO,Jaipur,HQ Region Alwar
Bighota B.O,301415,Delivery,BO,Jaipur,HQ Region Alwar
Devti B.O,301415,Delivery,BO,Jaipur,HQ Region Alwar
Neemla B.O,301415,Delivery,BO,Jaipur,HQ Region Alwar
Koondla B.O,301415,Delivery,BO,Jaipur,HQ Region Alwar
Motiwara B.O,301415,Delivery,BO,Jaipur,HQ Region Alwar
Rampur S.O (Alwar),301416,Delivery,PO,Jaipur,HQ Region Alwar
Karni Kot S.O,301427,Delivery,PO,Jaipur,HQ Region Alwar
Bhungra Ahir B.O,301427,Delivery,BO,Jaipur,HQ Region Alwar
Hatoondi B.O,301427,Delivery,BO,Jaipur,HQ Region Alwar
Jasai B.O,301427,Delivery,BO,Jaipur,HQ Region Alwar
Mundanwara Kalan B.O,301427,Delivery,BO,Jaipur,HQ Region Alwar
Padmara Khurd B.O,301427,Delivery,BO,Jaipur,HQ Region Alwar
Peepli B.O,301427,Delivery,BO,Jaipur,HQ Region Alwar
Rajwara B.O,301427,Delivery,BO,Jaipur,HQ Region Alwar
Sodawas B.O,301427,Delivery,BO,Jaipur,HQ Region Alwar
Govind Garh Alwar S.O,301604,Delivery,PO,Jaipur,HQ Region Alwar
Dongri B.O,301604,Delivery,BO,Jaipur,HQ Region Alwar
Khera Mahmood B.O,301604,Delivery,BO,Jaipur,HQ Region Alwar
Phari B.O,301604,Delivery,BO,Jaipur,HQ Region Alwar
Rambas B.O,301604,Delivery,BO,Jaipur,HQ Region Alwar
Sedampur B.O,301604,Delivery,BO,Jaipur,HQ Region Alwar
Semla Khurd B.O,301604,Delivery,BO,Jaipur,HQ Region Alwar
Bahror H.O,301701,Delivery,HO,Jaipur,HQ Region Alwar
gadoj B.O,301701,Delivery,BO,Jaipur,HQ Region Alwar
Nangal Khoria B.O,301701,Delivery,BO,Jaipur,HQ Region Alwar
Tasing B.O,301701,Delivery,BO,Jaipur,HQ Region Alwar
Gunti B.O,301701,Delivery,BO,Jaipur,HQ Region Alwar
Jaguwas B.O,301701,Delivery,BO,Jaipur,HQ Region Alwar
Kankardopa B.O,301701,Delivery,BO,Jaipur,HQ Region Alwar
Manchal B.O,301701,Delivery,BO,Jaipur,HQ Region Alwar
Sherpur B.O,301701,Delivery,BO,Jaipur,HQ Region Alwar
Khatankhera B.O,301701,Delivery,BO,Jaipur,HQ Region Alwar
Jainpurwas B.O,301701,Delivery,BO,Jaipur,HQ Region Alwar
Hamidpur B.O,301701,Delivery,BO,Jaipur,HQ Region Alwar
Pahari B.O,301701,Delivery,BO,Jaipur,HQ Region Alwar
Mohammedpur B.O,301701,Delivery,BO,Jaipur,HQ Region Alwar
Rewali B.O,301701,Delivery,BO,Jaipur,HQ Region Alwar
Kotkassim S.O,301702,Delivery,PO,Jaipur,HQ Region Alwar
Beelaheri B.O,301702,Delivery,BO,Jaipur,HQ Region Alwar
Bhagana B.O,301702,Delivery,BO,Jaipur,HQ Region Alwar
Ikrotia B.O,301702,Delivery,BO,Jaipur,HQ Region Alwar
Jodia B.O,301702,Delivery,BO,Jaipur,HQ Region Alwar
Kalgaon B.O,301702,Delivery,BO,Jaipur,HQ Region Alwar
Khanpur B.O,301702,Delivery,BO,Jaipur,HQ Region Alwar
Khutabpura B.O,301702,Delivery,BO,Jaipur,HQ Region Alwar
Ladpur B.O,301702,Delivery,BO,Jaipur,HQ Region Alwar
Matalwas B.O,301702,Delivery,BO,Jaipur,HQ Region Alwar
Palpur B.O,301702,Delivery,BO,Jaipur,HQ Region Alwar
Pur B.O,301702,Delivery,BO,Jaipur,HQ Region Alwar
Ujoli B.O,301702,Delivery,BO,Jaipur,HQ Region Alwar
Majari Kalan S.O,301703,Delivery,PO,Jaipur,HQ Region Alwar
Aklimpur B.O,301703,Delivery,BO,Jaipur,HQ Region Alwar
Doomroli B.O,301703,Delivery,BO,Jaipur,HQ Region Alwar
Dosod B.O,301703,Delivery,BO,Jaipur,HQ Region Alwar
Kanhawas B.O,301703,Delivery,BO,Jaipur,HQ Region Alwar
Kayasa B.O,301703,Delivery,BO,Jaipur,HQ Region Alwar
Majrikanhawas B.O,301703,Delivery,BO,Jaipur,HQ Region Alwar
Talwana B.O,301703,Delivery,BO,Jaipur,HQ Region Alwar
Mandhan S.O,301704,Delivery,PO,Jaipur,HQ Region Alwar
Dabarwas B.O,301704,Delivery,BO,Jaipur,HQ Region Alwar
Giglana B.O,301704,Delivery,BO,Jaipur,HQ Region Alwar
Huria Kalan B.O,301704,Delivery,BO,Jaipur,HQ Region Alwar
Kathoowas B.O,301704,Delivery,BO,Jaipur,HQ Region Alwar
Khoondrot B.O,301704,Delivery,BO,Jaipur,HQ Region Alwar
Mehtawas B.O,301704,Delivery,BO,Jaipur,HQ Region Alwar
Nanagwas B.O,301704,Delivery,BO,Jaipur,HQ Region Alwar
Partapur B.O,301704,Delivery,BO,Jaipur,HQ Region Alwar
Neemrana S.O,301705,Delivery,PO,Jaipur,HQ Region Alwar
Gheelot B.O,301705,Delivery,BO,Jaipur,HQ Region Alwar
Naghori B.O,301705,Delivery,BO,Jaipur,HQ Region Alwar
Pratapsinghpura B.O,301705,Delivery,BO,Jaipur,HQ Region Alwar
Rodwal B.O,301705,Delivery,BO,Jaipur,HQ Region Alwar
Shahjahanpur S.O,301706,Delivery,PO,Jaipur,HQ Region Alwar
Chaubara B.O,301706,Delivery,BO,Jaipur,HQ Region Alwar
Gugalkota B.O,301706,Delivery,BO,Jaipur,HQ Region Alwar
Jonicha Khurd B.O,301706,Delivery,BO,Jaipur,HQ Region Alwar
Jonichakalan B.O,301706,Delivery,BO,Jaipur,HQ Region Alwar
Palwa B.O,301706,Delivery,BO,Jaipur,HQ Region Alwar
Pholadpur B.O,301706,Delivery,BO,Jaipur,HQ Region Alwar
Sakatpura (Bawad) B.O,301706,Delivery,BO,Jaipur,HQ Region Alwar
Tapukara S.O,301707,Delivery,PO,Jaipur,HQ Region Alwar
Bhonker B.O,301707,Delivery,BO,Jaipur,HQ Region Alwar
Budhi Bawal B.O,301707,Delivery,BO,Jaipur,HQ Region Alwar
Chauharpur B.O,301707,Delivery,BO,Jaipur,HQ Region Alwar
Gwalda B.O,301707,Delivery,BO,Jaipur,HQ Region Alwar
Jhiwana B.O,301707,Delivery,BO,Jaipur,HQ Region Alwar
Joria B.O,301707,Delivery,BO,Jaipur,HQ Region Alwar
Maseet B.O,301707,Delivery,BO,Jaipur,HQ Region Alwar
Mehesra B.O,301707,Delivery,BO,Jaipur,HQ Region Alwar
Milakpur Turk B.O,301707,Delivery,BO,Jaipur,HQ Region Alwar
Kutina S.O,301708,Delivery,PO,Jaipur,HQ Region Alwar
Nagli B.O,301708,Delivery,BO,Jaipur,HQ Region Alwar
Raisarana B.O,301708,Delivery,BO,Jaipur,HQ Region Alwar
Santo B.O,301708,Delivery,BO,Jaipur,HQ Region Alwar
Siryani B.O,301708,Delivery,BO,Jaipur,HQ Region Alwar
Gandala S.O,301709,Delivery,PO,Jaipur,HQ Region Alwar
Basai B.O,301709,Delivery,BO,Jaipur,HQ Region Alwar
Budhwal B.O,301709,Delivery,BO,Jaipur,HQ Region Alwar
Khohar B.O,301709,Delivery,BO,Jaipur,HQ Region Alwar
Peepli B.O,301709,Delivery,BO,Jaipur,HQ Region Alwar
Jakhrana S.O,301713,Delivery,PO,Jaipur,HQ Region Alwar
Anantpura B.O,301713,Delivery,BO,Jaipur,HQ Region Alwar
Guwana B.O,301713,Delivery,BO,Jaipur,HQ Region Alwar
Khohrana B.O,301713,Delivery,BO,Jaipur,HQ Region Alwar
Khohri B.O,301713,Delivery,BO,Jaipur,HQ Region Alwar
Maharajawas B.O,301713,Delivery,BO,Jaipur,HQ Region Alwar
Bahror Jat S.O,301714,Delivery,PO,Jaipur,HQ Region Alwar
Jalawas B.O,301714,Delivery,BO,Jaipur,HQ Region Alwar
Sanoli B.O,301714,Delivery,BO,Jaipur,HQ Region Alwar
Kathumar S.O,321605,Delivery,PO,Jaipur,HQ Region Alwar
Arwa B.O,321605,Delivery,BO,Jaipur,HQ Region Alwar
Bahtookalan B.O,321605,Delivery,BO,Jaipur,HQ Region Alwar
Baseth B.O,321605,Delivery,BO,Jaipur,HQ Region Alwar
Isrota B.O,321605,Delivery,BO,Jaipur,HQ Region Alwar
Kherameda B.O,321605,Delivery,BO,Jaipur,HQ Region Alwar
Masari B.O,321605,Delivery,BO,Jaipur,HQ Region Alwar
Mathuraheda B.O,321605,Delivery,BO,Jaipur,HQ Region Alwar
Methna B.O,321605,Delivery,BO,Jaipur,HQ Region Alwar
Reta B.O,321605,Delivery,BO,Jaipur,HQ Region Alwar
Sonkh B.O,321605,Delivery,BO,Jaipur,HQ Region Alwar
Sudiana B.O,321605,Delivery,BO,Jaipur,HQ Region Alwar
Tasai B.O,321605,Delivery,BO,Jaipur,HQ Region Alwar
Tikri B.O,321605,Delivery,BO,Jaipur,HQ Region Alwar
Titpuri B.O,321605,Delivery,BO,Jaipur,HQ Region Alwar
Kherli S.O,321606,Delivery,PO,Jaipur,HQ Region Alwar
Dantia B.O,321606,Delivery,BO,Jaipur,HQ Region Alwar
Daroda B.O,321606,Delivery,BO,Jaipur,HQ Region Alwar
Doroli B.O,321606,Delivery,BO,Jaipur,HQ Region Alwar
Garu B.O,321606,Delivery,BO,Jaipur,HQ Region Alwar
Kalwari B.O,321606,Delivery,BO,Jaipur,HQ Region Alwar
Natoj B.O,321606,Delivery,BO,Jaipur,HQ Region Alwar
Samuchi B.O,321606,Delivery,BO,Jaipur,HQ Region Alwar
Sonkher B.O,321606,Delivery,BO,Jaipur,HQ Region Alwar
Sonkheri B.O,321606,Delivery,BO,Jaipur,HQ Region Alwar
Laxman Garh S.O,321607,Delivery,PO,Jaipur,HQ Region Alwar
Barodakan B.O,321607,Delivery,BO,Jaipur,HQ Region Alwar
Bichgaon B.O,321607,Delivery,BO,Jaipur,HQ Region Alwar
Harsana B.O,321607,Delivery,BO,Jaipur,HQ Region Alwar
Hasanpur B.O,321607,Delivery,BO,Jaipur,HQ Region Alwar
Jadla B.O,321607,Delivery,BO,Jaipur,HQ Region Alwar
Jaoli B.O,321607,Delivery,BO,Jaipur,HQ Region Alwar
Khudiana B.O,321607,Delivery,BO,Jaipur,HQ Region Alwar
Leeli B.O,321607,Delivery,BO,Jaipur,HQ Region Alwar
Nangalkhanjadi B.O,321607,Delivery,BO,Jaipur,HQ Region Alwar
Noorpurganjpur B.O,321607,Delivery,BO,Jaipur,HQ Region Alwar
Ramnagar B.O,321607,Delivery,BO,Jaipur,HQ Region Alwar
Sorai B.O,321607,Delivery,BO,Jaipur,HQ Region Alwar
Toda B.O,321607,Delivery,BO,Jaipur,HQ Region Alwar
Mauj Pur S.O,321633,Delivery,PO,Jaipur,HQ Region Alwar
Bedar B.O,321633,Delivery,BO,Jaipur,HQ Region Alwar
Berla B.O,321633,Delivery,BO,Jaipur,HQ Region Alwar
Bharkol B.O,321633,Delivery,BO,Jaipur,HQ Region Alwar
Chhilori B.O,321633,Delivery,BO,Jaipur,HQ Region Alwar
Chimrauli Gaur B.O,321633,Delivery,BO,Jaipur,HQ Region Alwar
Devli B.O,321633,Delivery,BO,Jaipur,HQ Region Alwar
Khoramalawali B.O,321633,Delivery,BO,Jaipur,HQ Region Alwar
Bharatpur H.O,321001,Delivery,HO,Jaipur,HQ Region Bharatpur
Malah B.O,321001,Delivery,BO,Jaipur,HQ Region Bharatpur
Behnera B.O,321001,Delivery,BO,Jaipur,HQ Region Bharatpur
Sogar B.O,321001,Delivery,BO,Jaipur,HQ Region Bharatpur
Bachhamdi Noh B.O,321001,Delivery,BO,Jaipur,HQ Region Bharatpur
Ghusiyari B.O,321001,Delivery,BO,Jaipur,HQ Region Bharatpur
Undra B.O,321001,Delivery,BO,Jaipur,HQ Region Bharatpur
Chichana B.O,321001,Delivery,BO,Jaipur,HQ Region Bharatpur
Chiksana B.O,321001,Delivery,BO,Jaipur,HQ Region Bharatpur
Forest Lodge B.O,321001,Delivery,BO,Jaipur,HQ Region Bharatpur
Sunari B.O,321001,Delivery,BO,Jaipur,HQ Region Bharatpur
Barso B.O,321001,Delivery,BO,Jaipur,HQ Region Bharatpur
Aghapur B.O,321001,Delivery,BO,Jaipur,HQ Region Bharatpur
Ikran B.O,321001,Delivery,BO,Jaipur,HQ Region Bharatpur
Tuhiya B.O,321001,Delivery,BO,Jaipur,HQ Region Bharatpur
Khemra B.O.,321001,Delivery,BO,Jaipur,HQ Region Bharatpur
PUNJABI NAGLA,321001,Delivery,BO,Jaipur,HQ Region Bharatpur
Gudawali B.O,321001,Delivery,BO,Jaipur,HQ Region Bharatpur
Anahgatebharatpur S.O,321001,Non-Delivery,PO,Jaipur,HQ Region Bharatpur
Bharatpur Agency S.O,321001,Non-Delivery,PO,Jaipur,HQ Region Bharatpur
Bharatpur City S.O,321001,Non-Delivery,PO,Jaipur,HQ Region Bharatpur
Collectorate BTP S.O,321001,Non-Delivery,PO,Jaipur,HQ Region Bharatpur
Gopalgarh BTP S.O,321001,Non-Delivery,PO,Jaipur,HQ Region Bharatpur
Kotwalibharatpur S.O,321001,Non-Delivery,PO,Jaipur,HQ Region Bharatpur
Krishna Colony BTP S.O,321001,Non-Delivery,PO,Jaipur,HQ Region Bharatpur
Kumhergate BTP S.O,321001,Non-Delivery,PO,Jaipur,HQ Region Bharatpur
Mathura Gate BTP S.O,321001,Non-Delivery,PO,Jaipur,HQ Region Bharatpur
New Mandi BTP S.O,321001,Non-Delivery,PO,Jaipur,HQ Region Bharatpur
Ranjeet Nagar BTP S.O,321001,Non-Delivery,PO,Jaipur,HQ Region Bharatpur
Barakhur B.O,321021,Delivery,BO,Jaipur,HQ Region Bharatpur
Gaomdi B.O,321021,Delivery,BO,Jaipur,HQ Region Bharatpur
Hatheni B.O,321021,Delivery,BO,Jaipur,HQ Region Bharatpur
Phulwara B.O,321021,Delivery,BO,Jaipur,HQ Region Bharatpur
Pipla B.O,321021,Delivery,BO,Jaipur,HQ Region Bharatpur
Jaghina S.O,321021,Delivery,PO,Jaipur,HQ Region Bharatpur
Akata B.O,321022,Delivery,BO,Jaipur,HQ Region Bharatpur
Anand Dadri B.O,321022,Delivery,BO,Jaipur,HQ Region Bharatpur
Barauli Dhau B.O,321022,Delivery,BO,Jaipur,HQ Region Bharatpur
Bhandara B.O,321022,Delivery,BO,Jaipur,HQ Region Bharatpur
Bilond B.O,321022,Delivery,BO,Jaipur,HQ Region Bharatpur
Bilong B.O,321022,Delivery,BO,Jaipur,HQ Region Bharatpur
Bolkhera B.O,321022,Delivery,BO,Jaipur,HQ Region Bharatpur
Chhichhalwari B.O,321022,Delivery,BO,Jaipur,HQ Region Bharatpur
Dhamari B.O,321022,Delivery,BO,Jaipur,HQ Region Bharatpur
Dhilawati B.O,321022,Delivery,BO,Jaipur,HQ Region Bharatpur
Garh Ajan B.O,321022,Delivery,BO,Jaipur,HQ Region Bharatpur
Indrauli B.O,321022,Delivery,BO,Jaipur,HQ Region Bharatpur
Luhesor B.O,321022,Delivery,BO,Jaipur,HQ Region Bharatpur
Matuki B.O,321022,Delivery,BO,Jaipur,HQ Region Bharatpur
Musepur B.O,321022,Delivery,BO,Jaipur,HQ Region Bharatpur
Pasopa B.O,321022,Delivery,BO,Jaipur,HQ Region Bharatpur
Sablana B.O,321022,Delivery,BO,Jaipur,HQ Region Bharatpur
Sunhera B.O,321022,Delivery,BO,Jaipur,HQ Region Bharatpur
Kamanlsg S.O,321022,Delivery,PO,Jaipur,HQ Region Bharatpur
Badipur B.O,321023,Delivery,BO,Jaipur,HQ Region Bharatpur
Bamanwari B.O,321023,Delivery,BO,Jaipur,HQ Region Bharatpur
Dandera B.O,321023,Delivery,BO,Jaipur,HQ Region Bharatpur
Gaomri B.O,321023,Delivery,BO,Jaipur,HQ Region Bharatpur
Ghosinga B.O,321023,Delivery,BO,Jaipur,HQ Region Bharatpur
Nogaom B.O,321023,Delivery,BO,Jaipur,HQ Region Bharatpur
Nonera B.O,321023,Delivery,BO,Jaipur,HQ Region Bharatpur
Pai B.O,321023,Delivery,BO,Jaipur,HQ Region Bharatpur
Saheda B.O,321023,Delivery,BO,Jaipur,HQ Region Bharatpur
Satwas B.O,321023,Delivery,BO,Jaipur,HQ Region Bharatpur
Sehson B.O,321023,Delivery,BO,Jaipur,HQ Region Bharatpur
Unchera B.O,321023,Delivery,BO,Jaipur,HQ Region Bharatpur
Jurhera S.O,321023,Delivery,PO,Jaipur,HQ Region Bharatpur
Alamshah B.O,321024,Delivery,BO,Jaipur,HQ Region Bharatpur
Alghani B.O,321024,Delivery,BO,Jaipur,HQ Region Bharatpur
Berru B.O,321024,Delivery,BO,Jaipur,HQ Region Bharatpur
Boodli B.O,321024,Delivery,BO,Jaipur,HQ Region Bharatpur
Dawak B.O,321024,Delivery,BO,Jaipur,HQ Region Bharatpur
Gulpada B.O,321024,Delivery,BO,Jaipur,HQ Region Bharatpur
Jai Sri B.O,321024,Delivery,BO,Jaipur,HQ Region Bharatpur
Jalalpur B.O,321024,Delivery,BO,Jaipur,HQ Region Bharatpur
Jhanjhar B.O,321024,Delivery,BO,Jaipur,HQ Region Bharatpur
Kaithwara B.O,321024,Delivery,BO,Jaipur,HQ Region Bharatpur
Kakrala B.O,321024,Delivery,BO,Jaipur,HQ Region Bharatpur
Khesti B.O,321024,Delivery,BO,Jaipur,HQ Region Bharatpur
Khohri B.O,321024,Delivery,BO,Jaipur,HQ Region Bharatpur
Olanda B.O,321024,Delivery,BO,Jaipur,HQ Region Bharatpur
Palka B.O,321024,Delivery,BO,Jaipur,HQ Region Bharatpur
Pipalkheda B.O,321024,Delivery,BO,Jaipur,HQ Region Bharatpur
Ranf B.O,321024,Delivery,BO,Jaipur,HQ Region Bharatpur
Teski B.O,321024,Delivery,BO,Jaipur,HQ Region Bharatpur
Sikri S.O,321024,Delivery,PO,Jaipur,HQ Region Bharatpur
Ajan B.O,321025,Delivery,BO,Jaipur,HQ Region Bharatpur
Bilothi B.O,321025,Delivery,BO,Jaipur,HQ Region Bharatpur
Dhormui B.O,321025,Delivery,BO,Jaipur,HQ Region Bharatpur
Jatoli Rathbhan B.O,321025,Delivery,BO,Jaipur,HQ Region Bharatpur
Moroli Kalan B.O,321025,Delivery,BO,Jaipur,HQ Region Bharatpur
Santruk B.O,321025,Delivery,BO,Jaipur,HQ Region Bharatpur
Takha B.O,321025,Delivery,BO,Jaipur,HQ Region Bharatpur
Rareh S.O,321025,Delivery,PO,Jaipur,HQ Region Bharatpur
Baben B.O,321026,Delivery,BO,Jaipur,HQ Region Bharatpur
Bhandore B.O,321026,Delivery,BO,Jaipur,HQ Region Bharatpur
Borai B.O,321026,Delivery,BO,Jaipur,HQ Region Bharatpur
Dehra B.O,321026,Delivery,BO,Jaipur,HQ Region Bharatpur
Kasoda B.O,321026,Delivery,BO,Jaipur,HQ Region Bharatpur
Madhoni B.O,321026,Delivery,BO,Jaipur,HQ Region Bharatpur
Murwara B.O,321026,Delivery,BO,Jaipur,HQ Region Bharatpur
Kanjoli Line S.O,321026,Delivery,PO,Jaipur,HQ Region Bharatpur
Atari B.O,321028,Delivery,BO,Jaipur,HQ Region Bharatpur
Barkheda B.O,321028,Delivery,BO,Jaipur,HQ Region Bharatpur
Dehra B.O,321028,Delivery,BO,Jaipur,HQ Region Bharatpur
Dharsoni B.O,321028,Delivery,BO,Jaipur,HQ Region Bharatpur
Hatizar B.O,321028,Delivery,BO,Jaipur,HQ Region Bharatpur
Jahangirpur B.O,321028,Delivery,BO,Jaipur,HQ Region Bharatpur
Lakhanpur B.O,321028,Delivery,BO,Jaipur,HQ Region Bharatpur
Mai B.O,321028,Delivery,BO,Jaipur,HQ Region Bharatpur
Paraswara B.O,321028,Delivery,BO,Jaipur,HQ Region Bharatpur
Pingora B.O,321028,Delivery,BO,Jaipur,HQ Region Bharatpur
Shekhpur B.O,321028,Delivery,BO,Jaipur,HQ Region Bharatpur
Kherli Gadasia S.O,321028,Delivery,PO,Jaipur,HQ Region Bharatpur
Badangarh B.O,321201,Delivery,BO,Jaipur,HQ Region Bharatpur
Astawan B.O,321201,Delivery,BO,Jaipur,HQ Region Bharatpur
Birheru B.O,321201,Delivery,BO,Jaipur,HQ Region Bharatpur
Dhanwara B.O,321201,Delivery,BO,Jaipur,HQ Region Bharatpur
Mehrawar B.O,321201,Delivery,BO,Jaipur,HQ Region Bharatpur
Pala B.O,321201,Delivery,BO,Jaipur,HQ Region Bharatpur
Pichumar B.O,321201,Delivery,BO,Jaipur,HQ Region Bharatpur
Sikrori B.O,321201,Delivery,BO,Jaipur,HQ Region Bharatpur
Sinsini B.O,321201,Delivery,BO,Jaipur,HQ Region Bharatpur
Saint BO,321201,Delivery,BO,Jaipur,HQ Region Bharatpur
Kumher S.O,321201,Delivery,PO,Jaipur,HQ Region Bharatpur
Abhorra B.O,321202,Delivery,BO,Jaipur,HQ Region Bharatpur
Awar B.O,321202,Delivery,BO,Jaipur,HQ Region Bharatpur
Gunsara B.O,321202,Delivery,BO,Jaipur,HQ Region Bharatpur
Kasot B.O,321202,Delivery,BO,Jaipur,HQ Region Bharatpur
Konrer B.O,321202,Delivery,BO,Jaipur,HQ Region Bharatpur
Talfara B.O,321202,Delivery,BO,Jaipur,HQ Region Bharatpur
Tamrer B.O,321202,Delivery,BO,Jaipur,HQ Region Bharatpur
Penghore S.O,321202,Delivery,PO,Jaipur,HQ Region Bharatpur
Deeg H.O,321203,Delivery,HO,Jaipur,HQ Region Bharatpur
Chulhera B.O,321203,Delivery,BO,Jaipur,HQ Region Bharatpur
Guhana B.O,321203,Delivery,BO,Jaipur,HQ Region Bharatpur
Khoh B.O,321203,Delivery,BO,Jaipur,HQ Region Bharatpur
Nigoi B.O,321203,Delivery,BO,Jaipur,HQ Region Bharatpur
Bahtana B.O,321203,Delivery,BO,Jaipur,HQ Region Bharatpur
Bahaj B.O,321203,Delivery,BO,Jaipur,HQ Region Bharatpur
Pasta B.O,321203,Delivery,BO,Jaipur,HQ Region Bharatpur
Au B.O,321203,Delivery,BO,Jaipur,HQ Region Bharatpur
Parmadra B.O,321203,Delivery,BO,Jaipur,HQ Region Bharatpur
Samai Kheda B.O,321203,Delivery,BO,Jaipur,HQ Region Bharatpur
Baroli Chuth B.O,321203,Delivery,BO,Jaipur,HQ Region Bharatpur
Jateri B.O,321203,Delivery,BO,Jaipur,HQ Region Bharatpur
Nehra Chauth B.O,321203,Delivery,BO,Jaipur,HQ Region Bharatpur
Khohri B.O,321203,Delivery,BO,Jaipur,HQ Region Bharatpur
Didawali B.O,321203,Delivery,BO,Jaipur,HQ Region Bharatpur
Iklera B.O,321203,Delivery,BO,Jaipur,HQ Region Bharatpur
Bhonri B.O,321204,Delivery,BO,Jaipur,HQ Region Bharatpur
Bodoli Dahar B.O,321204,Delivery,BO,Jaipur,HQ Region Bharatpur
Dhoolet B.O,321204,Delivery,BO,Jaipur,HQ Region Bharatpur
Gangora B.O,321204,Delivery,BO,Jaipur,HQ Region Bharatpur
Ghatmika B.O,321204,Delivery,BO,Jaipur,HQ Region Bharatpur
Gopalgarh B.O,321204,Delivery,BO,Jaipur,HQ Region Bharatpur
Jotri Peepal B.O,321204,Delivery,BO,Jaipur,HQ Region Bharatpur
Jotruhalla B.O,321204,Delivery,BO,Jaipur,HQ Region Bharatpur
Kathol B.O,321204,Delivery,BO,Jaipur,HQ Region Bharatpur
Khandeola B.O,321204,Delivery,BO,Jaipur,HQ Region Bharatpur
Ladamka B.O,321204,Delivery,BO,Jaipur,HQ Region Bharatpur
Nagla Satwari B.O,321204,Delivery,BO,Jaipur,HQ Region Bharatpur
Papra B.O,321204,Delivery,BO,Jaipur,HQ Region Bharatpur
Pathroli B.O,321204,Delivery,BO,Jaipur,HQ Region Bharatpur
Samler B.O,321204,Delivery,BO,Jaipur,HQ Region Bharatpur
Saumka B.O,321204,Delivery,BO,Jaipur,HQ Region Bharatpur
Ubhaka B.O,321204,Delivery,BO,Jaipur,HQ Region Bharatpur
Pahari S.O (Bharatpur),321204,Delivery,PO,Jaipur,HQ Region Bharatpur
Bhatpura B.O,321205,Delivery,BO,Jaipur,HQ Region Bharatpur
Dundawal B.O,321205,Delivery,BO,Jaipur,HQ Region Bharatpur
Jaluki B.O,321205,Delivery,BO,Jaipur,HQ Region Bharatpur
Khakhawali B.O,321205,Delivery,BO,Jaipur,HQ Region Bharatpur
Manota Kalan B.O,321205,Delivery,BO,Jaipur,HQ Region Bharatpur
Moondoti B.O,321205,Delivery,BO,Jaipur,HQ Region Bharatpur
Mundiya B.O,321205,Delivery,BO,Jaipur,HQ Region Bharatpur
Padalwas B.O,321205,Delivery,BO,Jaipur,HQ Region Bharatpur
Pendka B.O,321205,Delivery,BO,Jaipur,HQ Region Bharatpur
Poonchhari B.O,321205,Delivery,BO,Jaipur,HQ Region Bharatpur
Sadpuri B.O,321205,Delivery,BO,Jaipur,HQ Region Bharatpur
Semla Kalan B.O,321205,Delivery,BO,Jaipur,HQ Region Bharatpur
Semli B.O,321205,Delivery,BO,Jaipur,HQ Region Bharatpur
Sirthala B.O,321205,Delivery,BO,Jaipur,HQ Region Bharatpur
Sundrawali B.O,321205,Delivery,BO,Jaipur,HQ Region Bharatpur
Tarondar B.O,321205,Delivery,BO,Jaipur,HQ Region Bharatpur
Thoon B.O,321205,Delivery,BO,Jaipur,HQ Region Bharatpur
KUMHAREDI B.O,321205,Delivery,BO,Jaipur,HQ Region Bharatpur
Nagar S.O (Bharatpur),321205,Delivery,PO,Jaipur,HQ Region Bharatpur
Bedham B.O,321206,Delivery,BO,Jaipur,HQ Region Bharatpur
Moroli B.O,321206,Delivery,BO,Jaipur,HQ Region Bharatpur
Dantlothi B.O,321206,Delivery,BO,Jaipur,HQ Region Bharatpur
Panhori B.O,321206,Delivery,BO,Jaipur,HQ Region Bharatpur
Syorawali B.O,321206,Delivery,BO,Jaipur,HQ Region Bharatpur
Shiswara B.O,321206,Delivery,BO,Jaipur,HQ Region Bharatpur
Usrani B.O,321206,Delivery,BO,Jaipur,HQ Region Bharatpur
Thairwa,321206,Delivery,BO,Jaipur,HQ Region Bharatpur
Sabora B.O,321206,Delivery,BO,Jaipur,HQ Region Bharatpur
Hingota B.O,321206,Delivery,BO,Jaipur,HQ Region Bharatpur
Jatoli Thoon B.O,321206,Delivery,BO,Jaipur,HQ Region Bharatpur
Janoothar S.O,321206,Delivery,PO,Jaipur,HQ Region Bharatpur
Bansi B.O,321301,Delivery,BO,Jaipur,HQ Region Bharatpur
Bareh Mafi B.O,321301,Delivery,BO,Jaipur,HQ Region Bharatpur
Bargha B.O,321301,Delivery,BO,Jaipur,HQ Region Bharatpur
Bhainsa B.O,321301,Delivery,BO,Jaipur,HQ Region Bharatpur
Kurka B.O,321301,Delivery,BO,Jaipur,HQ Region Bharatpur
Pichuna S.O,321301,Delivery,PO,Jaipur,HQ Region Bharatpur
Andhiyari B.O,321302,Delivery,BO,Jaipur,HQ Region Bharatpur
Bachhamdi B.O,321302,Delivery,BO,Jaipur,HQ Region Bharatpur
Ekta B.O,321302,Delivery,BO,Jaipur,HQ Region Bharatpur
Milakpur B.O,321302,Delivery,BO,Jaipur,HQ Region Bharatpur
Mudhera B.O,321302,Delivery,BO,Jaipur,HQ Region Bharatpur
Nagla Tehriyan B.O,321302,Delivery,BO,Jaipur,HQ Region Bharatpur
Nekpur B.O,321302,Delivery,BO,Jaipur,HQ Region Bharatpur
Sehna B.O,321302,Delivery,BO,Jaipur,HQ Region Bharatpur
Veerampura B.O,321302,Delivery,BO,Jaipur,HQ Region Bharatpur
Uchain S.O,321302,Delivery,PO,Jaipur,HQ Region Bharatpur
Ajau B.O,321303,Delivery,BO,Jaipur,HQ Region Bharatpur
Bansi Khurd B.O,321303,Delivery,BO,Jaipur,HQ Region Bharatpur
Bhont B.O,321303,Delivery,BO,Jaipur,HQ Region Bharatpur
Dhanota B.O,321303,Delivery,BO,Jaipur,HQ Region Bharatpur
Gagwana B.O,321303,Delivery,BO,Jaipur,HQ Region Bharatpur
Helak B.O,321303,Delivery,BO,Jaipur,HQ Region Bharatpur
Jharoli B.O,321303,Delivery,BO,Jaipur,HQ Region Bharatpur
Kumha B.O,321303,Delivery,BO,Jaipur,HQ Region Bharatpur
Ludhawai B.O,321303,Delivery,BO,Jaipur,HQ Region Bharatpur
Mahua B.O,321303,Delivery,BO,Jaipur,HQ Region Bharatpur
Mudota B.O,321303,Delivery,BO,Jaipur,HQ Region Bharatpur
Par B.O,321303,Delivery,BO,Jaipur,HQ Region Bharatpur
Uncha Gaom B.O,321303,Delivery,BO,Jaipur,HQ Region Bharatpur
Sewar S.O,321303,Delivery,PO,Jaipur,HQ Region Bharatpur
Baroli B.O,321406,Delivery,BO,Jaipur,HQ Region Bharatpur
Diwali B.O,321406,Delivery,BO,Jaipur,HQ Region Bharatpur
M.V.Peeth Bhusawar B.O,321406,Delivery,BO,Jaipur,HQ Region Bharatpur
Narharpur B.O,321406,Delivery,BO,Jaipur,HQ Region Bharatpur
Nayagaom Khalsa B.O,321406,Delivery,BO,Jaipur,HQ Region Bharatpur
Randhirgarh B.O,321406,Delivery,BO,Jaipur,HQ Region Bharatpur
Saindhli B.O,321406,Delivery,BO,Jaipur,HQ Region Bharatpur
Suhari B.O,321406,Delivery,BO,Jaipur,HQ Region Bharatpur
Bhusawar S.O,321406,Delivery,PO,Jaipur,HQ Region Bharatpur
Bachhren B.O,321407,Delivery,BO,Jaipur,HQ Region Bharatpur
Bijwari B.O,321407,Delivery,BO,Jaipur,HQ Region Bharatpur
Chentoli B.O,321407,Delivery,BO,Jaipur,HQ Region Bharatpur
Kamalpura B.O,321407,Delivery,BO,Jaipur,HQ Region Bharatpur
Mudia Sadh B.O,321407,Delivery,BO,Jaipur,HQ Region Bharatpur
Newada B.O,321407,Delivery,BO,Jaipur,HQ Region Bharatpur
Salempur Khurd B.O,321407,Delivery,BO,Jaipur,HQ Region Bharatpur
Chhonkarwara Kalan S.O,321407,Delivery,PO,Jaipur,HQ Region Bharatpur
Ghatri B.O,321409,Delivery,BO,Jaipur,HQ Region Bharatpur
Gogera B.O,321409,Delivery,BO,Jaipur,HQ Region Bharatpur
Hathodi B.O,321409,Delivery,BO,Jaipur,HQ Region Bharatpur
Jahaj B.O,321409,Delivery,BO,Jaipur,HQ Region Bharatpur
Jasupura B.O,321409,Delivery,BO,Jaipur,HQ Region Bharatpur
Kalsada B.O,321409,Delivery,BO,Jaipur,HQ Region Bharatpur
Karawali B.O,321409,Delivery,BO,Jaipur,HQ Region Bharatpur
Mainapura B.O,321409,Delivery,BO,Jaipur,HQ Region Bharatpur
Majajpur B.O,321409,Delivery,BO,Jaipur,HQ Region Bharatpur
Nithar B.O,321409,Delivery,BO,Jaipur,HQ Region Bharatpur
Salempur Kalan B.O,321409,Delivery,BO,Jaipur,HQ Region Bharatpur
Ballabhgarh S.O,321409,Delivery,PO,Jaipur,HQ Region Bharatpur
Hantra B.O,321601,Delivery,BO,Jaipur,HQ Region Bharatpur
Kherli Gujar B.O,321601,Delivery,BO,Jaipur,HQ Region Bharatpur
Moloni B.O,321601,Delivery,BO,Jaipur,HQ Region Bharatpur
Mudiya Lalita B.O,321601,Delivery,BO,Jaipur,HQ Region Bharatpur
Pali B.O,321601,Delivery,BO,Jaipur,HQ Region Bharatpur
Halena S.O,321601,Delivery,PO,Jaipur,HQ Region Bharatpur
Anchera B.O,321602,Delivery,BO,Jaipur,HQ Region Bharatpur
Belara B.O,321602,Delivery,BO,Jaipur,HQ Region Bharatpur
Bhadira B.O,321602,Delivery,BO,Jaipur,HQ Region Bharatpur
Bhatawali B.O,321602,Delivery,BO,Jaipur,HQ Region Bharatpur
Gadauli B.O,321602,Delivery,BO,Jaipur,HQ Region Bharatpur
Gangrauli B.O,321602,Delivery,BO,Jaipur,HQ Region Bharatpur
Ishapur Katara B.O,321602,Delivery,BO,Jaipur,HQ Region Bharatpur
Karai B.O,321602,Delivery,BO,Jaipur,HQ Region Bharatpur
Karili B.O,321602,Delivery,BO,Jaipur,HQ Region Bharatpur
Kawai B.O,321602,Delivery,BO,Jaipur,HQ Region Bharatpur
Khatoti B.O,321602,Delivery,BO,Jaipur,HQ Region Bharatpur
Luhasa B.O,321602,Delivery,BO,Jaipur,HQ Region Bharatpur
Manjhi B.O,321602,Delivery,BO,Jaipur,HQ Region Bharatpur
Paharsar B.O,321602,Delivery,BO,Jaipur,HQ Region Bharatpur
Paprera B.O,321602,Delivery,BO,Jaipur,HQ Region Bharatpur
Raisis B.O,321602,Delivery,BO,Jaipur,HQ Region Bharatpur
Ronija B.O,321602,Delivery,BO,Jaipur,HQ Region Bharatpur
Sihi B.O,321602,Delivery,BO,Jaipur,HQ Region Bharatpur
Unch B.O,321602,Delivery,BO,Jaipur,HQ Region Bharatpur
Nadbai S.O,321602,Delivery,PO,Jaipur,HQ Region Bharatpur
Nadbai Town S.O,321602,Non-Delivery,PO,Jaipur,HQ Region Bharatpur
Barauli Chhar B.O,321614,Delivery,BO,Jaipur,HQ Region Bharatpur
Baroli Ran B.O,321614,Delivery,BO,Jaipur,HQ Region Bharatpur
Nayabas B.O,321614,Delivery,BO,Jaipur,HQ Region Bharatpur
Piprau B.O,321614,Delivery,BO,Jaipur,HQ Region Bharatpur
Talchhera B.O,321614,Delivery,BO,Jaipur,HQ Region Bharatpur
Utarda B.O,321614,Delivery,BO,Jaipur,HQ Region Bharatpur
Akhaigarh S.O,321614,Delivery,PO,Jaipur,HQ Region Bharatpur
Alipur B.O,321615,Delivery,BO,Jaipur,HQ Region Bharatpur
Babekhar B.O,321615,Delivery,BO,Jaipur,HQ Region Bharatpur
Bhaiseena B.O,321615,Delivery,BO,Jaipur,HQ Region Bharatpur
Jharauti B.O,321615,Delivery,BO,Jaipur,HQ Region Bharatpur
Naroli B.O,321615,Delivery,BO,Jaipur,HQ Region Bharatpur
Pathena S.O,321615,Delivery,PO,Jaipur,HQ Region Bharatpur
Bhutoli B.O,321642,Delivery,BO,Jaipur,HQ Region Bharatpur
Gudawali B.O,321642,Delivery,BO,Jaipur,HQ Region Bharatpur
Jharkai B.O,321642,Delivery,BO,Jaipur,HQ Region Bharatpur
Khangri B.O,321642,Delivery,BO,Jaipur,HQ Region Bharatpur
Naom B.O,321642,Delivery,BO,Jaipur,HQ Region Bharatpur
Niyotha B.O,321642,Delivery,BO,Jaipur,HQ Region Bharatpur
Pili B.O,321642,Delivery,BO,Jaipur,HQ Region Bharatpur
Sarsena S.O,321642,Delivery,PO,Jaipur,HQ Region Bharatpur
Bayana SO,321401,Delivery,PO,Jaipur,HQ Region Dholpur
Bidiyari BO,321401,Delivery,BO,Jaipur,HQ Region Dholpur
Dahgaon BO,321401,Delivery,BO,Jaipur,HQ Region Dholpur
Damdama BO,321401,Delivery,BO,Jaipur,HQ Region Dholpur
Farso BO,321401,Delivery,BO,Jaipur,HQ Region Dholpur
Gobra BO,321401,Delivery,BO,Jaipur,HQ Region Dholpur
Kanavar BO,321401,Delivery,BO,Jaipur,HQ Region Dholpur
Khohra BO,321401,Delivery,BO,Jaipur,HQ Region Dholpur
Lehchora Kalan BO,321401,Delivery,BO,Jaipur,HQ Region Dholpur
Mahaloni BO,321401,Delivery,BO,Jaipur,HQ Region Dholpur
Nahroli BO,321401,Delivery,BO,Jaipur,HQ Region Dholpur
Navali BO,321401,Delivery,BO,Jaipur,HQ Region Dholpur
Salabad BO,321401,Delivery,BO,Jaipur,HQ Region Dholpur
Shahpur Dang BO,321401,Delivery,BO,Jaipur,HQ Region Dholpur
Shergarh BO,321401,Delivery,BO,Jaipur,HQ Region Dholpur
Sikandara BO,321401,Delivery,BO,Jaipur,HQ Region Dholpur
Thana Dang BO,321401,Delivery,BO,Jaipur,HQ Region Dholpur
Bazariya Bayana SO,321401,Non-Delivery,PO,Jaipur,HQ Region Dholpur
Kachahri Bayana SO,321401,Non-Delivery,PO,Jaipur,HQ Region Dholpur
Rudawal SO,321402,Delivery,PO,Jaipur,HQ Region Dholpur
Baroda BO,321402,Delivery,BO,Jaipur,HQ Region Dholpur
Dahina Gaon BO,321402,Delivery,BO,Jaipur,HQ Region Dholpur
Kakraua BO,321402,Delivery,BO,Jaipur,HQ Region Dholpur
Khera Thakur BO,321402,Delivery,BO,Jaipur,HQ Region Dholpur
Madha Pura BO,321402,Delivery,BO,Jaipur,HQ Region Dholpur
Mandoli BO,321402,Delivery,BO,Jaipur,HQ Region Dholpur
Moroli Dang BO,321402,Delivery,BO,Jaipur,HQ Region Dholpur
Nibhera BO,321402,Delivery,BO,Jaipur,HQ Region Dholpur
Rasilpur BO,321402,Delivery,BO,Jaipur,HQ Region Dholpur
Banshi Paharpur SO,321403,Delivery,PO,Jaipur,HQ Region Dholpur
Dana Khedli BO,321403,Delivery,BO,Jaipur,HQ Region Dholpur
Jatmasi BO,321403,Delivery,BO,Jaipur,HQ Region Dholpur
Jotroli BO,321403,Delivery,BO,Jaipur,HQ Region Dholpur
Mahalpur Choora BO,321403,Delivery,BO,Jaipur,HQ Region Dholpur
Sirrond BO,321403,Delivery,BO,Jaipur,HQ Region Dholpur
Roopbas SO,321404,Delivery,PO,Jaipur,HQ Region Dholpur
Chak Samri BO,321404,Delivery,BO,Jaipur,HQ Region Dholpur
Chenkora BO,321404,Delivery,BO,Jaipur,HQ Region Dholpur
Daulat Garh BO,321404,Delivery,BO,Jaipur,HQ Region Dholpur
Dorda BO,321404,Delivery,BO,Jaipur,HQ Region Dholpur
Ibrahimpur BO,321404,Delivery,BO,Jaipur,HQ Region Dholpur
Khan Surjapur BO,321404,Delivery,BO,Jaipur,HQ Region Dholpur
Khanwa BO,321404,Delivery,BO,Jaipur,HQ Region Dholpur
Maloni BO,321404,Delivery,BO,Jaipur,HQ Region Dholpur
Mertha BO,321404,Delivery,BO,Jaipur,HQ Region Dholpur
Milsama BO,321404,Delivery,BO,Jaipur,HQ Region Dholpur
Nayagaon BO,321404,Delivery,BO,Jaipur,HQ Region Dholpur
Noharda BO,321404,Delivery,BO,Jaipur,HQ Region Dholpur
Ondelgaddi BO,321404,Delivery,BO,Jaipur,HQ Region Dholpur
Rundh BO,321404,Delivery,BO,Jaipur,HQ Region Dholpur
Band Baretha SO,321405,Delivery,PO,Jaipur,HQ Region Dholpur
Bhawanpura BO,321405,Delivery,BO,Jaipur,HQ Region Dholpur
Dumaria BO,321405,Delivery,BO,Jaipur,HQ Region Dholpur
Garhi Bajna BO,321405,Delivery,BO,Jaipur,HQ Region Dholpur
Kot BO,321405,Delivery,BO,Jaipur,HQ Region Dholpur
Mahmadpura BO,321405,Delivery,BO,Jaipur,HQ Region Dholpur
Nagla Tula BO,321405,Delivery,BO,Jaipur,HQ Region Dholpur
Pali Dang BO,321405,Delivery,BO,Jaipur,HQ Region Dholpur
Paraua BO,321405,Delivery,BO,Jaipur,HQ Region Dholpur
Samri BO,321405,Delivery,BO,Jaipur,HQ Region Dholpur
Singhania BO,321405,Delivery,BO,Jaipur,HQ Region Dholpur
Tarsuma BO,321405,Delivery,BO,Jaipur,HQ Region Dholpur
Turtipura BO,321405,Delivery,BO,Jaipur,HQ Region Dholpur
Weir SO,321408,Delivery,PO,Jaipur,HQ Region Dholpur
Bajhera Kalan BO,321408,Delivery,BO,Jaipur,HQ Region Dholpur
Bansi BO,321408,Delivery,BO,Jaipur,HQ Region Dholpur
Hishamada BO,321408,Delivery,BO,Jaipur,HQ Region Dholpur
Jagjiwanpur BO,321408,Delivery,BO,Jaipur,HQ Region Dholpur
Jeewad BO,321408,Delivery,BO,Jaipur,HQ Region Dholpur
Lakhanpur BO,321408,Delivery,BO,Jaipur,HQ Region Dholpur
Muhari BO,321408,Delivery,BO,Jaipur,HQ Region Dholpur
Rahimgarh BO,321408,Delivery,BO,Jaipur,HQ Region Dholpur
Samraya BO,321408,Delivery,BO,Jaipur,HQ Region Dholpur
Siras BO,321408,Delivery,BO,Jaipur,HQ Region Dholpur
Suhans BO,321408,Delivery,BO,Jaipur,HQ Region Dholpur
Umrend BO,321408,Delivery,BO,Jaipur,HQ Region Dholpur
Brahmbad SO,321410,Delivery,PO,Jaipur,HQ Region Dholpur
Naroli BO,321410,Delivery,BO,Jaipur,HQ Region Dholpur
Purabai Kheda BO,321410,Delivery,BO,Jaipur,HQ Region Dholpur
Sadpura BO,321410,Delivery,BO,Jaipur,HQ Region Dholpur
Singhada BO,321410,Delivery,BO,Jaipur,HQ Region Dholpur
Soopa BO,321410,Delivery,BO,Jaipur,HQ Region Dholpur
Khareri SO,321411,Delivery,PO,Jaipur,HQ Region Dholpur
Adda BO,321411,Delivery,BO,Jaipur,HQ Region Dholpur
Aroda BO,321411,Delivery,BO,Jaipur,HQ Region Dholpur
Bagren BO,321411,Delivery,BO,Jaipur,HQ Region Dholpur
Dhadhren BO,321411,Delivery,BO,Jaipur,HQ Region Dholpur
Gajipur BO,321411,Delivery,BO,Jaipur,HQ Region Dholpur
Kapoora Malooka BO,321411,Delivery,BO,Jaipur,HQ Region Dholpur
Karwari BO,321411,Delivery,BO,Jaipur,HQ Region Dholpur
Keir BO,321411,Delivery,BO,Jaipur,HQ Region Dholpur
Khan Kheda BO,321411,Delivery,BO,Jaipur,HQ Region Dholpur
Khunt Kheda BO,321411,Delivery,BO,Jaipur,HQ Region Dholpur
Madanpur BO,321411,Delivery,BO,Jaipur,HQ Region Dholpur
Mehrawar BO,321411,Delivery,BO,Jaipur,HQ Region Dholpur
Raroda BO,321411,Delivery,BO,Jaipur,HQ Region Dholpur
Samogar BO,321411,Delivery,BO,Jaipur,HQ Region Dholpur
Dholpur HO,328001,Delivery,HO,Jaipur,HQ Region Dholpur
Barehmori BO,328001,Delivery,BO,Jaipur,HQ Region Dholpur
Tor BO,328001,Delivery,BO,Jaipur,HQ Region Dholpur
Basaineem BO,328001,Delivery,BO,Jaipur,HQ Region Dholpur
Bichhia BO,328001,Delivery,BO,Jaipur,HQ Region Dholpur
Dubra BO,328001,Delivery,BO,Jaipur,HQ Region Dholpur
Odi BO,328001,Delivery,BO,Jaipur,HQ Region Dholpur
Bhesena BO,328001,Delivery,BO,Jaipur,HQ Region Dholpur
Jatoli BO,328001,Delivery,BO,Jaipur,HQ Region Dholpur
Kasimpur BO,328001,Delivery,BO,Jaipur,HQ Region Dholpur
Tagawali BO,328001,Delivery,BO,Jaipur,HQ Region Dholpur
Moroli BO,328001,Delivery,BO,Jaipur,HQ Region Dholpur
Sadikpur BO,328001,Delivery,BO,Jaipur,HQ Region Dholpur
Sandey BO,328001,Delivery,BO,Jaipur,HQ Region Dholpur
Jirauli BO,328001,Delivery,BO,Jaipur,HQ Region Dholpur
Mahmadpur BO,328001,Delivery,BO,Jaipur,HQ Region Dholpur
Bazariya Dholpur SO,328001,Non-Delivery,PO,Jaipur,HQ Region Dholpur
Civil Court Dholpur SO,328001,Non-Delivery,PO,Jaipur,HQ Region Dholpur
New Bus Stand Dholpur SO,328001,Non-Delivery,PO,Jaipur,HQ Region Dholpur
Udaibhan Ganj Dholpur SO,328001,Non-Delivery,PO,Jaipur,HQ Region Dholpur
Kansotikhera BO,328021,Delivery,BO,Jaipur,HQ Region Dholpur
Khanpur Meena BO,328021,Delivery,BO,Jaipur,HQ Region Dholpur
Matsura BO,328021,Delivery,BO,Jaipur,HQ Region Dholpur
Naksoda BO,328021,Delivery,BO,Jaipur,HQ Region Dholpur
Bari SO,328021,Delivery,PO,Jaipur,HQ Region Dholpur
Nidhara BO,328021,Delivery,BO,Jaipur,HQ Region Dholpur
Rupaspur BO,328021,Delivery,BO,Jaipur,HQ Region Dholpur
Sahedi BO,328021,Delivery,BO,Jaipur,HQ Region Dholpur
Salemabad BO,328021,Delivery,BO,Jaipur,HQ Region Dholpur
Singorai BO,328021,Delivery,BO,Jaipur,HQ Region Dholpur
Sone Ka Gurja BO,328021,Delivery,BO,Jaipur,HQ Region Dholpur
Tontari BO,328021,Delivery,BO,Jaipur,HQ Region Dholpur
Umreh BO,328021,Delivery,BO,Jaipur,HQ Region Dholpur
Aligarh BO,328021,Delivery,BO,Jaipur,HQ Region Dholpur
Bahadurpur BO,328021,Delivery,BO,Jaipur,HQ Region Dholpur
Bijoli BO,328021,Delivery,BO,Jaipur,HQ Region Dholpur
Dhanora BO,328021,Delivery,BO,Jaipur,HQ Region Dholpur
Dhimari BO,328021,Delivery,BO,Jaipur,HQ Region Dholpur
Gajpura BO,328021,Delivery,BO,Jaipur,HQ Region Dholpur
Bari Rs SO,328021,Non-Delivery,PO,Jaipur,HQ Region Dholpur
Baseri SO,328022,Delivery,PO,Jaipur,HQ Region Dholpur
Atarsuma BO,328022,Delivery,BO,Jaipur,HQ Region Dholpur
Bagthar BO,328022,Delivery,BO,Jaipur,HQ Region Dholpur
Barai BO,328022,Delivery,BO,Jaipur,HQ Region Dholpur
Bharli BO,328022,Delivery,BO,Jaipur,HQ Region Dholpur
Daupura BO,328022,Delivery,BO,Jaipur,HQ Region Dholpur
Dhorr BO,328022,Delivery,BO,Jaipur,HQ Region Dholpur
Ekta BO,328022,Delivery,BO,Jaipur,HQ Region Dholpur
Harjupura BO,328022,Delivery,BO,Jaipur,HQ Region Dholpur
Jarga BO,328022,Delivery,BO,Jaipur,HQ Region Dholpur
Khidora BO,328022,Delivery,BO,Jaipur,HQ Region Dholpur
Khori Ibrahimpur BO,328022,Delivery,BO,Jaipur,HQ Region Dholpur
Mahu Gulawali BO,328022,Delivery,BO,Jaipur,HQ Region Dholpur
Mamodhan BO,328022,Delivery,BO,Jaipur,HQ Region Dholpur
Mudik BO,328022,Delivery,BO,Jaipur,HQ Region Dholpur
Nadanpur BO,328022,Delivery,BO,Jaipur,HQ Region Dholpur
Pipron BO,328022,Delivery,BO,Jaipur,HQ Region Dholpur
Poonthpura BO,328022,Delivery,BO,Jaipur,HQ Region Dholpur
Ratanpur BO,328022,Delivery,BO,Jaipur,HQ Region Dholpur
Salempur BO,328022,Delivery,BO,Jaipur,HQ Region Dholpur
Tajpur BO,328022,Delivery,BO,Jaipur,HQ Region Dholpur
Basai Nabab SO,328023,Delivery,PO,Jaipur,HQ Region Dholpur
Donari BO,328023,Delivery,BO,Jaipur,HQ Region Dholpur
Kharagpur BO,328023,Delivery,BO,Jaipur,HQ Region Dholpur
Kolari BO,328023,Delivery,BO,Jaipur,HQ Region Dholpur
Kurenda BO,328023,Delivery,BO,Jaipur,HQ Region Dholpur
Maloni Panwar BO,328023,Delivery,BO,Jaipur,HQ Region Dholpur
Nidhera Kalan BO,328023,Delivery,BO,Jaipur,HQ Region Dholpur
Piphera BO,328023,Delivery,BO,Jaipur,HQ Region Dholpur
Pipraua BO,328023,Delivery,BO,Jaipur,HQ Region Dholpur
Sakhwara BO,328023,Delivery,BO,Jaipur,HQ Region Dholpur
Siyasat Nagar BO,328023,Delivery,BO,Jaipur,HQ Region Dholpur
Maniya SO,328024,Delivery,PO,Jaipur,HQ Region Dholpur
Bagcholi Khar BO,328024,Delivery,BO,Jaipur,HQ Region Dholpur
Baretha BO,328024,Delivery,BO,Jaipur,HQ Region Dholpur
Bintipura BO,328024,Delivery,BO,Jaipur,HQ Region Dholpur
Bothpura BO,328024,Delivery,BO,Jaipur,HQ Region Dholpur
Dubati BO,328024,Delivery,BO,Jaipur,HQ Region Dholpur
Hinota BO,328024,Delivery,BO,Jaipur,HQ Region Dholpur
Jalalpur BO,328024,Delivery,BO,Jaipur,HQ Region Dholpur
Jasupura BO,328024,Delivery,BO,Jaipur,HQ Region Dholpur
Kherli BO,328024,Delivery,BO,Jaipur,HQ Region Dholpur
Kotpura BO,328024,Delivery,BO,Jaipur,HQ Region Dholpur
Mangrol BO,328024,Delivery,BO,Jaipur,HQ Region Dholpur
Mauja Ka Nagla BO,328024,Delivery,BO,Jaipur,HQ Region Dholpur
Sahapura BO,328024,Delivery,BO,Jaipur,HQ Region Dholpur
Tanda BO,328024,Delivery,BO,Jaipur,HQ Region Dholpur
Viparpur BO,328024,Delivery,BO,Jaipur,HQ Region Dholpur
Virondha BO,328024,Delivery,BO,Jaipur,HQ Region Dholpur
Rajakhera SO,328025,Delivery,PO,Jaipur,HQ Region Dholpur
Ambarpur BO,328025,Delivery,BO,Jaipur,HQ Region Dholpur
Bajna BO,328025,Delivery,BO,Jaipur,HQ Region Dholpur
Barsala BO,328025,Delivery,BO,Jaipur,HQ Region Dholpur
Basai Ghiyaram BO,328025,Delivery,BO,Jaipur,HQ Region Dholpur
Dev Khera BO,328025,Delivery,BO,Jaipur,HQ Region Dholpur
Dhondi Ka Pura BO,328025,Delivery,BO,Jaipur,HQ Region Dholpur
Ganhedi BO,328025,Delivery,BO,Jaipur,HQ Region Dholpur
Gari Zafar BO,328025,Delivery,BO,Jaipur,HQ Region Dholpur
Hathbai BO,328025,Delivery,BO,Jaipur,HQ Region Dholpur
Khanpura BO,328025,Delivery,BO,Jaipur,HQ Region Dholpur
Khudila BO,328025,Delivery,BO,Jaipur,HQ Region Dholpur
Machhariya BO,328025,Delivery,BO,Jaipur,HQ Region Dholpur
Mithawali BO,328025,Delivery,BO,Jaipur,HQ Region Dholpur
Nadoli BO,328025,Delivery,BO,Jaipur,HQ Region Dholpur
Nagar BO,328025,Delivery,BO,Jaipur,HQ Region Dholpur
Nahila BO,328025,Delivery,BO,Jaipur,HQ Region Dholpur
Samliyapura BO,328025,Delivery,BO,Jaipur,HQ Region Dholpur
Samona BO,328025,Delivery,BO,Jaipur,HQ Region Dholpur
Sikroda BO,328025,Delivery,BO,Jaipur,HQ Region Dholpur
Silawat BO,328025,Delivery,BO,Jaipur,HQ Region Dholpur
Singhawali BO,328025,Delivery,BO,Jaipur,HQ Region Dholpur
Sarmathura SO,328026,Delivery,PO,Jaipur,HQ Region Dholpur
Bijholi BO,328026,Delivery,BO,Jaipur,HQ Region Dholpur
Biloni BO,328026,Delivery,BO,Jaipur,HQ Region Dholpur
Chandpura BO,328026,Delivery,BO,Jaipur,HQ Region Dholpur
Chandrawali BO,328026,Delivery,BO,Jaipur,HQ Region Dholpur
Domai BO,328026,Delivery,BO,Jaipur,HQ Region Dholpur
Golari BO,328026,Delivery,BO,Jaipur,HQ Region Dholpur
Jhiri BO,328026,Delivery,BO,Jaipur,HQ Region Dholpur
Kharauli BO,328026,Delivery,BO,Jaipur,HQ Region Dholpur
Madanpur BO,328026,Delivery,BO,Jaipur,HQ Region Dholpur
Madhasil BO,328026,Delivery,BO,Jaipur,HQ Region Dholpur
Padampura BO,328026,Delivery,BO,Jaipur,HQ Region Dholpur
Saipau SO,328027,Delivery,PO,Jaipur,HQ Region Dholpur
Boreilly BO,328027,Delivery,BO,Jaipur,HQ Region Dholpur
Chitora BO,328027,Delivery,BO,Jaipur,HQ Region Dholpur
Kanasil BO,328027,Delivery,BO,Jaipur,HQ Region Dholpur
Kenthari BO,328027,Delivery,BO,Jaipur,HQ Region Dholpur
Kunkuta BO,328027,Delivery,BO,Jaipur,HQ Region Dholpur
Lajjakigarhi BO,328027,Delivery,BO,Jaipur,HQ Region Dholpur
Madha Kankoli BO,328027,Delivery,BO,Jaipur,HQ Region Dholpur
Neem Khera BO,328027,Delivery,BO,Jaipur,HQ Region Dholpur
Nunhera BO,328027,Delivery,BO,Jaipur,HQ Region Dholpur
Rajaura Kalan BO,328027,Delivery,BO,Jaipur,HQ Region Dholpur
Rajaura Khurd BO,328027,Delivery,BO,Jaipur,HQ Region Dholpur
Sahrauli BO,328027,Delivery,BO,Jaipur,HQ Region Dholpur
Tasimo BO,328027,Delivery,BO,Jaipur,HQ Region Dholpur
Keshar Bagh SO,328028,Delivery,PO,Jaipur,HQ Region Dholpur
Basainadang BO,328028,Delivery,BO,Jaipur,HQ Region Dholpur
Kotra BO,328028,Delivery,BO,Jaipur,HQ Region Dholpur
Nagar BO,328028,Delivery,BO,Jaipur,HQ Region Dholpur
Varipura BO,328028,Delivery,BO,Jaipur,HQ Region Dholpur
Visnoda BO,328028,Delivery,BO,Jaipur,HQ Region Dholpur
Marena SO,328029,Delivery,PO,Jaipur,HQ Region Dholpur
Basai Kare BO,328029,Delivery,BO,Jaipur,HQ Region Dholpur
Chilpura BO,328029,Delivery,BO,Jaipur,HQ Region Dholpur
Faraspura BO,328029,Delivery,BO,Jaipur,HQ Region Dholpur
Gunpur BO,328029,Delivery,BO,Jaipur,HQ Region Dholpur
Jetpur BO,328029,Delivery,BO,Jaipur,HQ Region Dholpur
Karkakherli BO,328029,Delivery,BO,Jaipur,HQ Region Dholpur
Kathoomari BO,328029,Delivery,BO,Jaipur,HQ Region Dholpur
Lalpur Rehsena BO,328029,Delivery,BO,Jaipur,HQ Region Dholpur
Madhabhau BO,328029,Delivery,BO,Jaipur,HQ Region Dholpur
Mahadpura BO,328029,Delivery,BO,Jaipur,HQ Region Dholpur
Pahari BO,328029,Delivery,BO,Jaipur,HQ Region Dholpur
Pakkapura BO,328029,Delivery,BO,Jaipur,HQ Region Dholpur
Samor Marena BO,328029,Delivery,BO,Jaipur,HQ Region Dholpur
Panch Gaon SO,328030,Delivery,PO,Jaipur,HQ Region Dholpur
Basai Samanta BO,328030,Delivery,BO,Jaipur,HQ Region Dholpur
Biloni BO,328030,Delivery,BO,Jaipur,HQ Region Dholpur
Gari Chatola BO,328030,Delivery,BO,Jaipur,HQ Region Dholpur
Kolua BO,328030,Delivery,BO,Jaipur,HQ Region Dholpur
Maloni Khurd BO,328030,Delivery,BO,Jaipur,HQ Region Dholpur
Manpur BO,328030,Delivery,BO,Jaipur,HQ Region Dholpur
Purani Chhawani BO,328030,Delivery,BO,Jaipur,HQ Region Dholpur
Pureni BO,328030,Delivery,BO,Jaipur,HQ Region Dholpur
Sarani Khera BO,328030,Delivery,BO,Jaipur,HQ Region Dholpur
Tehri BO,328030,Delivery,BO,Jaipur,HQ Region Dholpur
Barauli SO Dholpur,328031,Delivery,PO,Jaipur,HQ Region Dholpur
Angai BO,328031,Delivery,BO,Jaipur,HQ Region Dholpur
Chilachond BO,328031,Delivery,BO,Jaipur,HQ Region Dholpur
Lilothi Jhala BO,328031,Delivery,BO,Jaipur,HQ Region Dholpur
Rahrai BO,328031,Delivery,BO,Jaipur,HQ Region Dholpur
Sanora BO,328031,Delivery,BO,Jaipur,HQ Region Dholpur
Kanchanpur SO Dholpur,328041,Delivery,PO,Jaipur,HQ Region Dholpur
Afjalpur BO,328041,Delivery,BO,Jaipur,HQ Region Dholpur
Badretha BO,328041,Delivery,BO,Jaipur,HQ Region Dholpur
Gadhi Sukkha BO,328041,Delivery,BO,Jaipur,HQ Region Dholpur
Japawali BO,328041,Delivery,BO,Jaipur,HQ Region Dholpur
Kurenda BO,328041,Delivery,BO,Jaipur,HQ Region Dholpur
Lakhepura BO,328041,Delivery,BO,Jaipur,HQ Region Dholpur
Mahua Kheda BO,328041,Delivery,BO,Jaipur,HQ Region Dholpur
Marholi BO,328041,Delivery,BO,Jaipur,HQ Region Dholpur
Nagala Bidhora BO,328041,Delivery,BO,Jaipur,HQ Region Dholpur
Nagla Dulhe Khan BO,328041,Delivery,BO,Jaipur,HQ Region Dholpur
Norha BO,328041,Delivery,BO,Jaipur,HQ Region Dholpur
Sohan BO,328041,Delivery,BO,Jaipur,HQ Region Dholpur
Jaipur G.P.O.,302001,Delivery,HO,Jaipur,HQ Region Jaipur City
C.P.M.G S.O,302001,Non-Delivery,PO,Jaipur,HQ Region Jaipur City
Chandpole Bazar S.O,302001,Non-Delivery,PO,Jaipur,HQ Region Jaipur City
Indra Bazar S.O,302001,Non-Delivery,PO,Jaipur,HQ Region Jaipur City
M.I.Road S.O,302001,Non-Delivery,PO,Jaipur,HQ Region Jaipur City
Purani Basti S.O (Jaipur),302001,Non-Delivery,PO,Jaipur,HQ Region Jaipur City
Tripolia Bazar S.O,302002,Delivery,PO,Jaipur,HQ Region Jaipur City
Amer Road S.O,302002,Non-Delivery,PO,Jaipur,HQ Region Jaipur City
Govind Nagar S.O (Jaipur),302002,Non-Delivery,PO,Jaipur,HQ Region Jaipur City
Kishanpole Bazar S.O,302002,Non-Delivery,PO,Jaipur,HQ Region Jaipur City
Jaipur City S.O,302003,Delivery,PO,Jaipur,HQ Region Jaipur City
Haldiyon Ka Rasta S.O,302003,Non-Delivery,PO,Jaipur,HQ Region Jaipur City
Krishi Upaj Mandi S.O,302003,Non-Delivery,PO,Jaipur,HQ Region Jaipur City
Jawahar Nagar H.O,302004,Delivery,HO,Jaipur,HQ Region Jaipur City
Arjun Lal Sethi Nagar S.O,302004,Non-Delivery,PO,Jaipur,HQ Region Jaipur City
Janta Colony S.O,302004,Non-Delivery,PO,Jaipur,HQ Region Jaipur City
Jhalana Doongri S.O,302004,Non-Delivery,PO,Jaipur,HQ Region Jaipur City
Krishna Mandir S.O,302004,Non-Delivery,PO,Jaipur,HQ Region Jaipur City
Raja Park Colony S.O,302004,Non-Delivery,PO,Jaipur,HQ Region Jaipur City
Rajasthan University S.O,302004,Non-Delivery,PO,Jaipur,HQ Region Jaipur City
S.M.S.Hospital S.O,302004,Non-Delivery,PO,Jaipur,HQ Region Jaipur City
Tilak Nagar S.O (Jaipur),302004,Non-Delivery,PO,Jaipur,HQ Region Jaipur City
Rajasthan Secretariate S.O,302005,Delivery,PO,Jaipur,HQ Region Jaipur City
High Court S.O (Jaipur),302005,Non-Delivery,PO,Jaipur,HQ Region Jaipur City
Legislative Assembly S.O,302005,Non-Delivery,PO,Jaipur,HQ Region Jaipur City
N.C.R.Building S.O,302005,Non-Delivery,PO,Jaipur,HQ Region Jaipur City
Vidyut Bhawan S.O,302005,Non-Delivery,PO,Jaipur,HQ Region Jaipur City
Jaipur R.S. S.O,302006,Delivery,PO,Jaipur,HQ Region Jaipur City
Station Road S.O (Jaipur),302006,Non-Delivery,PO,Jaipur,HQ Region Jaipur City
Ajmer Road S.O,302006,Non-Delivery,PO,Jaipur,HQ Region Jaipur City
P.W.D.Office S.O,302006,Non-Delivery,PO,Jaipur,HQ Region Jaipur City
Raj Bhawan S.O (Jaipur),302006,Non-Delivery,PO,Jaipur,HQ Region Jaipur City
Hathoj B.O,302012,Delivery,BO,Jaipur,HQ Region Jaipur City
Khora Bisal B.O,302012,Delivery,BO,Jaipur,HQ Region Jaipur City
Kishanpura B.O,302012,Delivery,BO,Jaipur,HQ Region Jaipur City
Neendar Banar B.O,302012,Delivery,BO,Jaipur,HQ Region Jaipur City
Rojda B.O,302012,Delivery,BO,Jaipur,HQ Region Jaipur City
Jhotwara S.O,302012,Delivery,PO,Jaipur,HQ Region Jaipur City
Khatipura S.O,302012,Non-Delivery,PO,Jaipur,HQ Region Jaipur City
Nangal Purohitan B.O,302013,Delivery,BO,Jaipur,HQ Region Jaipur City
Akhepura B.O,302013,Delivery,BO,Jaipur,HQ Region Jaipur City
Neendar B.O,302013,Delivery,BO,Jaipur,HQ Region Jaipur City
Vishwakarma Industrial Area S.O,302013,Delivery,PO,Jaipur,HQ Region Jaipur City
Harmada S.O,302013,Non-Delivery,PO,Jaipur,HQ Region Jaipur City
Road No 5 Vkia S.O,302013,Non-Delivery,PO,Jaipur,HQ Region Jaipur City
Gandhi Nagar S.O (Jaipur),302015,Delivery,PO,Jaipur,HQ Region Jaipur City
Tonk Road SO,302015,Delivery,PO,Jaipur,HQ Region Jaipur City
Shastri Nagar H.O,302016,Delivery,HO,Jaipur,HQ Region Jaipur City
Bani Park S.O,302016,Non-Delivery,PO,Jaipur,HQ Region Jaipur City
Collectorate S.O (Jaipur),302016,Non-Delivery,PO,Jaipur,HQ Region Jaipur City
Dwarikapuri S.O,302016,Non-Delivery,PO,Jaipur,HQ Region Jaipur City
Sindhi Colony S.O,302016,Non-Delivery,PO,Jaipur,HQ Region Jaipur City
Malviya Nagar S.O (Jaipur),302017,Delivery,PO,Jaipur,HQ Region Jaipur City
Jagatpura S.O,302017,Non-Delivery,PO,Jaipur,HQ Region Jaipur City
Mrec Jaipur S.O,302017,Non-Delivery,PO,Jaipur,HQ Region Jaipur City
Durgapura S.O,302018,Delivery,PO,Jaipur,HQ Region Jaipur City
Shyam Nagar S.O (Jaipur),302019,Delivery,PO,Jaipur,HQ Region Jaipur City
Mansarovar S.O,302020,Delivery,PO,Jaipur,HQ Region Jaipur City
S.F.S.Mansarovar S.O,302020,Non-Delivery,PO,Jaipur,HQ Region Jaipur City
Training Center Mansarowar SO,302020,Non-Delivery,PO,Jaipur,HQ Region Jaipur City
Vaishali Nagar S.O,302021,Delivery,PO,Jaipur,HQ Region Jaipur City
Bilwa B.O,302022,Delivery,BO,Jaipur,HQ Region Jaipur City
Sitapura Industrial Area S.O,302022,Delivery,PO,Jaipur,HQ Region Jaipur City
Jaisinghpura Bas B.O,302026,Delivery,BO,Jaipur,HQ Region Jaipur City
Mahapura B.O,302026,Delivery,BO,Jaipur,HQ Region Jaipur City
Bhankrota S.O,302026,Delivery,PO,Jaipur,HQ Region Jaipur City
Indergarh B.O,302027,Delivery,BO,Jaipur,HQ Region Jaipur City
Rahori B.O,302027,Delivery,BO,Jaipur,HQ Region Jaipur City
Roopwas B.O,302027,Delivery,BO,Jaipur,HQ Region Jaipur City
Saipura B.O,302027,Delivery,BO,Jaipur,HQ Region Jaipur City
Saiwar B.O,302027,Delivery,BO,Jaipur,HQ Region Jaipur City
Crpf Campus  Lalwas S.O,302027,Delivery,PO,Jaipur,HQ Region Jaipur City
Langariyawas B.O,302027,Non-Delivery,BO,Jaipur,HQ Region Jaipur City
Amer S.O,302028,Delivery,PO,Jaipur,HQ Region Jaipur City
Basna B.O,302028,Non-Delivery,BO,Jaipur,HQ Region Jaipur City
Bhanpur Kalan B.O,302028,Non-Delivery,BO,Jaipur,HQ Region Jaipur City
Bilod B.O,302028,Non-Delivery,BO,Jaipur,HQ Region Jaipur City
Dhand B.O,302028,Non-Delivery,BO,Jaipur,HQ Region Jaipur City
Nangal Soosawatan B.O,302028,Non-Delivery,BO,Jaipur,HQ Region Jaipur City
Natata B.O,302028,Non-Delivery,BO,Jaipur,HQ Region Jaipur City
Toda Meena B.O,302028,Non-Delivery,BO,Jaipur,HQ Region Jaipur City
Lakhana B.O,302029,Delivery,BO,Jaipur,HQ Region Jaipur City
Mahapura B.O,302029,Delivery,BO,Jaipur,HQ Region Jaipur City
Neota B.O,302029,Delivery,BO,Jaipur,HQ Region Jaipur City
Sanganer Bazar S.O,302029,Delivery,PO,Jaipur,HQ Region Jaipur City
Airport Sanganer S.O,302029,Non-Delivery,PO,Jaipur,HQ Region Jaipur City
Luniawas B.O,302031,Delivery,BO,Jaipur,HQ Region Jaipur City
Sumel B.O,302031,Delivery,BO,Jaipur,HQ Region Jaipur City
Jamdoli S.O,302031,Delivery,PO,Jaipur,HQ Region Jaipur City
Pratap Nagar Sector 11 S.O,302033,Delivery,PO,Jaipur,HQ Region Jaipur City
Pratap Nagar Housing Board S.O,302033,Non-Delivery,PO,Jaipur,HQ Region Jaipur City
Panchyawala S.O,302034,Delivery,PO,Jaipur,HQ Region Jaipur City
Jaisinghpura Khore S.O,302036,Delivery,PO,Jaipur,HQ Region Jaipur City
Mahindra World City S.O (Jaipur),302037,Delivery,PO,Jaipur,HQ Region Jaipur City
Kookas S.O,302038,Delivery,PO,Jaipur,HQ Region Jaipur City
Murlipura S.O,302039,Delivery,PO,Jaipur,HQ Region Jaipur City
Amba Bari S.O,302039,Non-Delivery,PO,Jaipur,HQ Region Jaipur City
Vidhyadhar Nagar S.O,302039,Non-Delivery,PO,Jaipur,HQ Region Jaipur City
Nangal Jaisabohara S.O,302040,Delivery,PO,Jaipur,HQ Region Jaipur City
Dhankya B.O,302041,Delivery,BO,Jaipur,HQ Region Jaipur City
Mundia Rampura B.O,302041,Delivery,BO,Jaipur,HQ Region Jaipur City
Bindayaka S.O.,302041,Delivery,PO,Jaipur,HQ Region Jaipur City
Bad Ke Balaji S.O,302042,Delivery,PO,Jaipur,HQ Region Jaipur City
Muhana S.O,302043,Delivery,PO,Jaipur,HQ Region Jaipur City
Govindpura S.O.,302044,Delivery,PO,Jaipur,HQ Region Jaipur City
Sirsi SO,302045,Delivery,PO,Jaipur,HQ Region Jaipur City
Bhanpur kalan S.O,302046,Delivery,PO,Jaipur,HQ Region Jaipur City
Bhawani BO,303001,Delivery,BO,Jaipur,HQ Region Jaipur Moffusil
Birsana BO,303001,Delivery,BO,Jaipur,HQ Region Jaipur Moffusil
Dangaarwara BO,303001,Delivery,BO,Jaipur,HQ Region Jaipur Moffusil
Dantil BO,303001,Delivery,BO,Jaipur,HQ Region Jaipur Moffusil
Footalo BO,303001,Delivery,BO,Jaipur,HQ Region Jaipur Moffusil
Raipur BO,303001,Delivery,BO,Jaipur,HQ Region Jaipur Moffusil
Sankotra BO,303001,Delivery,BO,Jaipur,HQ Region Jaipur Moffusil
Thali BO,303001,Delivery,BO,Jaipur,HQ Region Jaipur Moffusil
Tholai BO,303001,Delivery,BO,Jaipur,HQ Region Jaipur Moffusil
Andhi SO,303001,Delivery,PO,Jaipur,HQ Region Jaipur Moffusil
Achrol SO,303002,Delivery,PO,Jaipur,HQ Region Jaipur Moffusil
Jaitpura Khinchi BO,303002,Delivery,BO,Jaipur,HQ Region Jaipur Moffusil
Kali Pahadi BO,303002,Delivery,BO,Jaipur,HQ Region Jaipur Moffusil
Kant BO,303002,Delivery,BO,Jaipur,HQ Region Jaipur Moffusil
Labana BO,303002,Delivery,BO,Jaipur,HQ Region Jaipur Moffusil
Rajpurawas Tala BO,303002,Delivery,BO,Jaipur,HQ Region Jaipur Moffusil
Med SO,303003,Delivery,PO,Jaipur,HQ Region Jaipur Moffusil
Bhamod BO,303003,Delivery,BO,Jaipur,HQ Region Jaipur Moffusil
Jodhula BO,303003,Delivery,BO,Jaipur,HQ Region Jaipur Moffusil
Naurangpura BO,303003,Delivery,BO,Jaipur,HQ Region Jaipur Moffusil
Paldi BO,303003,Delivery,BO,Jaipur,HQ Region Jaipur Moffusil
Talba Bihajar BO,303003,Delivery,BO,Jaipur,HQ Region Jaipur Moffusil
Teori BO,303003,Delivery,BO,Jaipur,HQ Region Jaipur Moffusil
Lawain SO,303004,Delivery,PO,Jaipur,HQ Region Jaipur Moffusil
Bhateri BO,303004,Delivery,BO,Jaipur,HQ Region Jaipur Moffusil
Bhurla BO,303004,Delivery,BO,Jaipur,HQ Region Jaipur Moffusil
Dhigariya BO,303004,Delivery,BO,Jaipur,HQ Region Jaipur Moffusil
Dugrawata BO,303004,Delivery,BO,Jaipur,HQ Region Jaipur Moffusil
Khanwas BO,303004,Delivery,BO,Jaipur,HQ Region Jaipur Moffusil
Patan BO,303004,Delivery,BO,Jaipur,HQ Region Jaipur Moffusil
Rajwas BO,303004,Delivery,BO,Jaipur,HQ Region Jaipur Moffusil
Phagi SO,303005,Delivery,PO,Jaipur,HQ Region Jaipur Moffusil
Chakwada BO,303005,Delivery,BO,Jaipur,HQ Region Jaipur Moffusil
Choru BO,303005,Delivery,BO,Jaipur,HQ Region Jaipur Moffusil
Ghatiyali BO,303005,Delivery,BO,Jaipur,HQ Region Jaipur Moffusil
Kishorpura BO,303005,Delivery,BO,Jaipur,HQ Region Jaipur Moffusil
Kudli BO,303005,Delivery,BO,Jaipur,HQ Region Jaipur Moffusil
Ladana BO,303005,Delivery,BO,Jaipur,HQ Region Jaipur Moffusil
Lasadiya BO,303005,Delivery,BO,Jaipur,HQ Region Jaipur Moffusil
Mandawari BO,303005,Delivery,BO,Jaipur,HQ Region Jaipur Moffusil
Mandi BO,303005,Delivery,BO,Jaipur,HQ Region Jaipur Moffusil
Mehandwas BO,303005,Delivery,BO,Jaipur,HQ Region Jaipur Moffusil
Narera BO,303005,Delivery,BO,Jaipur,HQ Region Jaipur Moffusil
Nimera BO,303005,Delivery,BO,Jaipur,HQ Region Jaipur Moffusil
Pachala BO,303005,Delivery,BO,Jaipur,HQ Region Jaipur Moffusil
Parwan BO,303005,Delivery,BO,Jaipur,HQ Region Jaipur Moffusil
Madhorajpura SO,303006,Delivery,PO,Jaipur,HQ Region Jaipur Moffusil
Bhankrota BO,303006,Delivery,BO,Jaipur,HQ Region Jaipur Moffusil
Bichi BO,303006,Delivery,BO,Jaipur,HQ Region Jaipur Moffusil
Chandamakalan BO,303006,Delivery,BO,Jaipur,HQ Region Jaipur Moffusil
Dabach BO,303006,Delivery,BO,Jaipur,HQ Region Jaipur Moffusil
Didawata BO,303006,Delivery,BO,Jaipur,HQ Region Jaipur Moffusil
Dosara BO,303006,Delivery,BO,Jaipur,HQ Region Jaipur Moffusil
Gopalpura BO,303006,Delivery,BO,Jaipur,HQ Region Jaipur Moffusil
Jhardla BO,303006,Delivery,BO,Jaipur,HQ Region Jaipur Moffusil
Bagru SO,303007,Delivery,PO,Jaipur,HQ Region Jaipur Moffusil
Ajairajpura BO,303007,Delivery,BO,Jaipur,HQ Region Jaipur Moffusil
Awania BO,303007,Delivery,BO,Jaipur,HQ Region Jaipur Moffusil
Begas BO,303007,Delivery,BO,Jaipur,HQ Region Jaipur Moffusil
DEHMI KALAN,303007,Delivery,BO,Jaipur,HQ Region Jaipur Moffusil
Gadota BO,303007,Delivery,BO,Jaipur,HQ Region Jaipur Moffusil
Mahlan BO,303007,Delivery,BO,Jaipur,HQ Region Jaipur Moffusil
Rampura Unti BO,303007,Delivery,BO,Jaipur,HQ Region Jaipur Moffusil
Dudu SO,303008,Delivery,PO,Jaipur,HQ Region Jaipur Moffusil
Dantri BO,303008,Delivery,BO,Jaipur,HQ Region Jaipur Moffusil
Dhandholi BO,303008,Delivery,BO,Jaipur,HQ Region Jaipur Moffusil
Gagardoo BO,303008,Delivery,BO,Jaipur,HQ Region Jaipur Moffusil
Gehlota BO,303008,Delivery,BO,Jaipur,HQ Region Jaipur Moffusil
Harsoli BO,303008,Delivery,BO,Jaipur,HQ Region Jaipur Moffusil
Khudiyala BO,303008,Delivery,BO,Jaipur,HQ Region Jaipur Moffusil
Ladera BO,303008,Delivery,BO,Jaipur,HQ Region Jaipur Moffusil
Nanan BO,303008,Delivery,BO,Jaipur,HQ Region Jaipur Moffusil
Padasoli BO,303008,Delivery,BO,Jaipur,HQ Region Jaipur Moffusil
Rasili BO,303008,Delivery,BO,Jaipur,HQ Region Jaipur Moffusil
Rehlana BO,303008,Delivery,BO,Jaipur,HQ Region Jaipur Moffusil
Sakhoon BO,303008,Delivery,BO,Jaipur,HQ Region Jaipur Moffusil
Sali BO,303008,Delivery,BO,Jaipur,HQ Region Jaipur Moffusil
Sewa BO,303008,Delivery,BO,Jaipur,HQ Region Jaipur Moffusil
Sinodia BO,303008,Delivery,BO,Jaipur,HQ Region Jaipur Moffusil
Sirohi Kalan BO,303008,Delivery,BO,Jaipur,HQ Region Jaipur Moffusil
Mozmabad SO,303009,Delivery,PO,Jaipur,HQ Region Jaipur Moffusil
Dhamana BO,303009,Delivery,BO,Jaipur,HQ Region Jaipur Moffusil
Gangoti Kalan BO,303009,Delivery,BO,Jaipur,HQ Region Jaipur Moffusil
Jhag BO,303009,Delivery,BO,Jaipur,HQ Region Jaipur Moffusil
Kansel BO,303009,Delivery,BO,Jaipur,HQ Region Jaipur Moffusil
Mandore BO,303009,Delivery,BO,Jaipur,HQ Region Jaipur Moffusil
Sanwali BO,303009,Delivery,BO,Jaipur,HQ Region Jaipur Moffusil
Kanota SO,303012,Delivery,PO,Jaipur,HQ Region Jaipur Moffusil
Burthal BO,303012,Delivery,BO,Jaipur,HQ Region Jaipur Moffusil
Dantli BO,303012,Delivery,BO,Jaipur,HQ Region Jaipur Moffusil
Faliawas BO,303012,Delivery,BO,Jaipur,HQ Region Jaipur Moffusil
Jeetawal BO,303012,Delivery,BO,Jaipur,HQ Region Jaipur Moffusil
Kunthada Khurd BO,303012,Delivery,BO,Jaipur,HQ Region Jaipur Moffusil
Nayla BO,303012,Delivery,BO,Jaipur,HQ Region Jaipur Moffusil
Papad BO,303012,Delivery,BO,Jaipur,HQ Region Jaipur Moffusil
Virat Nagar SO,303102,Delivery,PO,Jaipur,HQ Region Jaipur Moffusil
Beelwadi BO,303102,Delivery,BO,Jaipur,HQ Region Jaipur Moffusil
Chhitoli BO,303102,Delivery,BO,Jaipur,HQ Region Jaipur Moffusil
Kuthada BO,303102,Delivery,BO,Jaipur,HQ Region Jaipur Moffusil
Sothana BO,303102,Delivery,BO,Jaipur,HQ Region Jaipur Moffusil
Shahpura HO,303103,Delivery,HO,Jaipur,HQ Region Jaipur Moffusil
Badodia BO,303103,Delivery,BO,Jaipur,HQ Region Jaipur Moffusil
Ghasipura BO,303103,Delivery,BO,Jaipur,HQ Region Jaipur Moffusil
Let Ka Bas BO,303103,Delivery,BO,Jaipur,HQ Region Jaipur Moffusil
Devan BO,303103,Delivery,BO,Jaipur,HQ Region Jaipur Moffusil
Badi Jori BO,303103,Delivery,BO,Jaipur,HQ Region Jaipur Moffusil
Devipura BO,303103,Delivery,BO,Jaipur,HQ Region Jaipur Moffusil
Khori BO,303103,Delivery,BO,Jaipur,HQ Region Jaipur Moffusil
Nathawala BO,303103,Delivery,BO,Jaipur,HQ Region Jaipur Moffusil
Chhapra Kalan Shahpura BO,303103,Delivery,BO,Jaipur,HQ Region Jaipur Moffusil
Nithara BO,303103,Delivery,BO,Jaipur,HQ Region Jaipur Moffusil
Rampura BO,303103,Delivery,BO,Jaipur,HQ Region Jaipur Moffusil
Chimanpura BO,303103,Delivery,BO,Jaipur,HQ Region Jaipur Moffusil
Jaje Kalan BO,303103,Delivery,BO,Jaipur,HQ Region Jaipur Moffusil
Kant BO,303103,Delivery,BO,Jaipur,HQ Region Jaipur Moffusil
Saiwad BO,303103,Delivery,BO,Jaipur,HQ Region Jaipur Moffusil
Bidara BO,303103,Delivery,BO,Jaipur,HQ Region Jaipur Moffusil
Chhapra Khurd BO,303103,Delivery,BO,Jaipur,HQ Region Jaipur Moffusil
Manoharpur SO Jaipur,303104,Delivery,PO,Jaipur,HQ Region Jaipur Moffusil
Bishangarh BO,303104,Delivery,BO,Jaipur,HQ Region Jaipur Moffusil
Chandwaji BO,303104,Delivery,BO,Jaipur,HQ Region Jaipur Moffusil
Chitanu Kalan BO,303104,Delivery,BO,Jaipur,HQ Region Jaipur Moffusil
Dev Ka Harwada BO,303104,Delivery,BO,Jaipur,HQ Region Jaipur Moffusil
Lakher BO,303104,Delivery,BO,Jaipur,HQ Region Jaipur Moffusil
Nawalpura BO,303104,Delivery,BO,Jaipur,HQ Region Jaipur Moffusil
Sirohi BO,303104,Delivery,BO,Jaipur,HQ Region Jaipur Moffusil
Veelpur BO,303104,Delivery,BO,Jaipur,HQ Region Jaipur Moffusil
Nareda SO,303105,Delivery,PO,Jaipur,HQ Region Jaipur Moffusil
Banar BO,303105,Delivery,BO,Jaipur,HQ Region Jaipur Moffusil
Banethi BO,303105,Delivery,BO,Jaipur,HQ Region Jaipur Moffusil
Beri BO,303105,Delivery,BO,Jaipur,HQ Region Jaipur Moffusil
Chhardera BO,303105,Delivery,BO,Jaipur,HQ Region Jaipur Moffusil
Chimanpura BO,303105,Delivery,BO,Jaipur,HQ Region Jaipur Moffusil
Deota BO,303105,Delivery,BO,Jaipur,HQ Region Jaipur Moffusil
Kalyanpura Kalan BO,303105,Delivery,BO,Jaipur,HQ Region Jaipur Moffusil
Kharab BO,303105,Delivery,BO,Jaipur,HQ Region Jaipur Moffusil
Purshottampura BO,303105,Delivery,BO,Jaipur,HQ Region Jaipur Moffusil
Raikaranpura BO,303105,Delivery,BO,Jaipur,HQ Region Jaipur Moffusil
Sarund BO,303105,Delivery,BO,Jaipur,HQ Region Jaipur Moffusil
SUKLAWAS,303105,Delivery,BO,Jaipur,HQ Region Jaipur Moffusil
PaotaJaipur SO,303106,Delivery,PO,Jaipur,HQ Region Jaipur Moffusil
Barnagar BO,303106,Delivery,BO,Jaipur,HQ Region Jaipur Moffusil
Bhonawas BO,303106,Delivery,BO,Jaipur,HQ Region Jaipur Moffusil
Buchara BO,303106,Delivery,BO,Jaipur,HQ Region Jaipur Moffusil
Fatehpura Khurd BO,303106,Delivery,BO,Jaipur,HQ Region Jaipur Moffusil
Jaisinghpura BO,303106,Delivery,BO,Jaipur,HQ Region Jaipur Moffusil
Khelana BO,303106,Delivery,BO,Jaipur,HQ Region Jaipur Moffusil
Panditpura BO,303106,Delivery,BO,Jaipur,HQ Region Jaipur Moffusil
Rampura BO,303106,Delivery,BO,Jaipur,HQ Region Jaipur Moffusil
Taskola BO,303106,Delivery,BO,Jaipur,HQ Region Jaipur Moffusil
Thikariya BO,303106,Delivery,BO,Jaipur,HQ Region Jaipur Moffusil
Torda Kalan BO,303106,Delivery,BO,Jaipur,HQ Region Jaipur Moffusil
Pragpura SO,303107,Delivery,PO,Jaipur,HQ Region Jaipur Moffusil
Bhainslana BO,303107,Delivery,BO,Jaipur,HQ Region Jaipur Moffusil
Bhuri Baraja BO,303107,Delivery,BO,Jaipur,HQ Region Jaipur Moffusil
Dantil BO,303107,Delivery,BO,Jaipur,HQ Region Jaipur Moffusil
Dwarikapura BO,303107,Delivery,BO,Jaipur,HQ Region Jaipur Moffusil
Jodhpura BO,303107,Delivery,BO,Jaipur,HQ Region Jaipur Moffusil
Pathredi BO,303107,Delivery,BO,Jaipur,HQ Region Jaipur Moffusil
Raghunathpura BO,303107,Delivery,BO,Jaipur,HQ Region Jaipur Moffusil
Suderpura Dhadha BO,303107,Delivery,BO,Jaipur,HQ Region Jaipur Moffusil
Sujatnagar BO,303107,Delivery,BO,Jaipur,HQ Region Jaipur Moffusil
Kotputli SO,303108,Delivery,PO,Jaipur,HQ Region Jaipur Moffusil
Chaturbhuj BO,303108,Delivery,BO,Jaipur,HQ Region Jaipur Moffusil
Gonera BO,303108,Delivery,BO,Jaipur,HQ Region Jaipur Moffusil
Gopalpura BO,303108,Delivery,BO,Jaipur,HQ Region Jaipur Moffusil
Goverdhanpura BO,303108,Delivery,BO,Jaipur,HQ Region Jaipur Moffusil
Jaisinghpura BO,303108,Delivery,BO,Jaipur,HQ Region Jaipur Moffusil
Kalyanpura BO,303108,Delivery,BO,Jaipur,HQ Region Jaipur Moffusil
Kansli BO,303108,Delivery,BO,Jaipur,HQ Region Jaipur Moffusil
Keshwana BO,303108,Delivery,BO,Jaipur,HQ Region Jaipur Moffusil
Kujota BO,303108,Delivery,BO,Jaipur,HQ Region Jaipur Moffusil
Mohanpura BO,303108,Delivery,BO,Jaipur,HQ Region Jaipur Moffusil
Molaheda BO,303108,Delivery,BO,Jaipur,HQ Region Jaipur Moffusil
Mordha BO,303108,Delivery,BO,Jaipur,HQ Region Jaipur Moffusil
Nangal Panditpura BO,303108,Delivery,BO,Jaipur,HQ Region Jaipur Moffusil
Paniyala BO,303108,Delivery,BO,Jaipur,HQ Region Jaipur Moffusil
Pawana BO,303108,Delivery,BO,Jaipur,HQ Region Jaipur Moffusil
Ramsinghpura BO,303108,Delivery,BO,Jaipur,HQ Region Jaipur Moffusil
Sangteda BO,303108,Delivery,BO,Jaipur,HQ Region Jaipur Moffusil
Sunderpura BO,303108,Delivery,BO,Jaipur,HQ Region Jaipur Moffusil
Jamwaramgarh SO,303109,Delivery,PO,Jaipur,HQ Region Jaipur Moffusil
Bandha Jamwaramgarh BO,303109,Delivery,BO,Jaipur,HQ Region Jaipur Moffusil
Booj BO,303109,Delivery,BO,Jaipur,HQ Region Jaipur Moffusil
Kharkara BO,303109,Delivery,BO,Jaipur,HQ Region Jaipur Moffusil
Khawa BO,303109,Delivery,BO,Jaipur,HQ Region Jaipur Moffusil
Lalwas BO,303109,Delivery,BO,Jaipur,HQ Region Jaipur Moffusil
Mahangi BO,303109,Delivery,BO,Jaipur,HQ Region Jaipur Moffusil
Manota BO,303109,Delivery,BO,Jaipur,HQ Region Jaipur Moffusil
Mathasula BO,303109,Delivery,BO,Jaipur,HQ Region Jaipur Moffusil
Raisar BO,303109,Delivery,BO,Jaipur,HQ Region Jaipur Moffusil
Samred Kalan BO,303109,Delivery,BO,Jaipur,HQ Region Jaipur Moffusil
Rajnauta SO,303110,Delivery,PO,Jaipur,HQ Region Jaipur Moffusil
Bhalloji BO,303110,Delivery,BO,Jaipur,HQ Region Jaipur Moffusil
Bhankari BO,303110,Delivery,BO,Jaipur,HQ Region Jaipur Moffusil
Karoli BO,303110,Delivery,BO,Jaipur,HQ Region Jaipur Moffusil
Mandha BO,303110,Delivery,BO,Jaipur,HQ Region Jaipur Moffusil
Panchudala BO,303110,Delivery,BO,Jaipur,HQ Region Jaipur Moffusil
KAIRODI BO,303110,Delivery,BO,Jaipur,HQ Region Jaipur Moffusil
Antela BO,303119,Delivery,BO,Jaipur,HQ Region Jaipur Moffusil
Bagawas Ahiran BO,303119,Delivery,BO,Jaipur,HQ Region Jaipur Moffusil
Bagawas Choriyasi BO,303119,Delivery,BO,Jaipur,HQ Region Jaipur Moffusil
Bhabroo SO,303119,Delivery,PO,Jaipur,HQ Region Jaipur Moffusil
Bajrangpura BO,303119,Delivery,BO,Jaipur,HQ Region Jaipur Moffusil
Jawanpura BO,303119,Delivery,BO,Jaipur,HQ Region Jaipur Moffusil
Luhakna Khurd BO,303119,Delivery,BO,Jaipur,HQ Region Jaipur Moffusil
Gathwadi SO,303120,Delivery,PO,Jaipur,HQ Region Jaipur Moffusil
Amloda BO,303120,Delivery,BO,Jaipur,HQ Region Jaipur Moffusil
Behlod BO,303120,Delivery,BO,Jaipur,HQ Region Jaipur Moffusil
Bobadi BO,303120,Delivery,BO,Jaipur,HQ Region Jaipur Moffusil
Chharsa BO,303120,Delivery,BO,Jaipur,HQ Region Jaipur Moffusil
Dantala Meena BO,303120,Delivery,BO,Jaipur,HQ Region Jaipur Moffusil
Dhola BO,303120,Delivery,BO,Jaipur,HQ Region Jaipur Moffusil
Jaichandpura BO,303120,Delivery,BO,Jaipur,HQ Region Jaipur Moffusil
Kanwarpura BO,303120,Delivery,BO,Jaipur,HQ Region Jaipur Moffusil
Khora Lad Khani BO,303120,Delivery,BO,Jaipur,HQ Region Jaipur Moffusil
Surana BO,303120,Delivery,BO,Jaipur,HQ Region Jaipur Moffusil
Tala BO,303120,Delivery,BO,Jaipur,HQ Region Jaipur Moffusil
NIMS University SO,303121,Delivery,PO,Jaipur,HQ Region Jaipur Moffusil
Vedaant Gyan Valley SO,303122,Delivery,PO,Jaipur,HQ Region Jaipur Moffusil
Karansar SO,303123,Delivery,PO,Jaipur,HQ Region Jaipur Moffusil
HINGONIA S.O,303124,Delivery,PO,Jaipur,HQ Region Jaipur Moffusil
Jorpura Sundariawas B.O,303124,Delivery,BO,Jaipur,HQ Region Jaipur Moffusil
Kalakh BO,303124,Delivery,BO,Jaipur,HQ Region Jaipur Moffusil
Murlipura B.O,303124,Delivery,BO,Jaipur,HQ Region Jaipur Moffusil
Bobas B.O,303124,Delivery,BO,Jaipur,HQ Region Jaipur Moffusil
Bassi SO Jaipur,303301,Delivery,PO,Jaipur,HQ Region Jaipur Moffusil
Benada BO,303301,Delivery,BO,Jaipur,HQ Region Jaipur Moffusil
Chanwandia BO,303301,Delivery,BO,Jaipur,HQ Region Jaipur Moffusil
Deogaon BO,303301,Delivery,BO,Jaipur,HQ Region Jaipur Moffusil
Doodhali BO,303301,Delivery,BO,Jaipur,HQ Region Jaipur Moffusil
Kacholiya BO,303301,Delivery,BO,Jaipur,HQ Region Jaipur Moffusil
Khatipura BO,303301,Delivery,BO,Jaipur,HQ Region Jaipur Moffusil
Lalgarh BO,303301,Delivery,BO,Jaipur,HQ Region Jaipur Moffusil
Manoharpura BO,303301,Delivery,BO,Jaipur,HQ Region Jaipur Moffusil
Mansar Khedi BO,303301,Delivery,BO,Jaipur,HQ Region Jaipur Moffusil
Mohanpura BO,303301,Delivery,BO,Jaipur,HQ Region Jaipur Moffusil
Palawalan Jatan BO,303301,Delivery,BO,Jaipur,HQ Region Jaipur Moffusil
Toda Bhata BO,303301,Delivery,BO,Jaipur,HQ Region Jaipur Moffusil
Bassi chak SO,303301,Non-Delivery,PO,Jaipur,HQ Region Jaipur Moffusil
Toonga SO,303302,Delivery,PO,Jaipur,HQ Region Jaipur Moffusil
Anantpura BO,303302,Delivery,BO,Jaipur,HQ Region Jaipur Moffusil
Bas Badwa BO,303302,Delivery,BO,Jaipur,HQ Region Jaipur Moffusil
Danau Kalan BO,303302,Delivery,BO,Jaipur,HQ Region Jaipur Moffusil
Garh BO,303302,Delivery,BO,Jaipur,HQ Region Jaipur Moffusil
Hemlyawala BO,303302,Delivery,BO,Jaipur,HQ Region Jaipur Moffusil
Mahadeopura BO,303302,Delivery,BO,Jaipur,HQ Region Jaipur Moffusil
Karangarh,303302,Delivery,BO,Jaipur,HQ Region Jaipur Moffusil
Madhogarh,303302,Delivery,BO,Jaipur,HQ Region Jaipur Moffusil
Dausa HO,303303,Delivery,HO,Jaipur,HQ Region Jaipur Moffusil
Hingotia BO,303303,Delivery,BO,Jaipur,HQ Region Jaipur Moffusil
Maheshara Khurd BO,303303,Delivery,BO,Jaipur,HQ Region Jaipur Moffusil
Malarna BO,303303,Delivery,BO,Jaipur,HQ Region Jaipur Moffusil
Chawandeda BO,303303,Delivery,BO,Jaipur,HQ Region Jaipur Moffusil
Bhandana BO,303303,Delivery,BO,Jaipur,HQ Region Jaipur Moffusil
Chandrana BO,303303,Delivery,BO,Jaipur,HQ Region Jaipur Moffusil
Baniyana BO,303303,Delivery,BO,Jaipur,HQ Region Jaipur Moffusil
Jasota BO,303303,Delivery,BO,Jaipur,HQ Region Jaipur Moffusil
Mahesara Kalan BO,303303,Delivery,BO,Jaipur,HQ Region Jaipur Moffusil
Nangal Bairsi BO,303303,Delivery,BO,Jaipur,HQ Region Jaipur Moffusil
Surajpura BO,303303,Delivery,BO,Jaipur,HQ Region Jaipur Moffusil
Alooda BO,303303,Delivery,BO,Jaipur,HQ Region Jaipur Moffusil
Bhankari BO,303303,Delivery,BO,Jaipur,HQ Region Jaipur Moffusil
Ladi Ka Bas BO,303303,Delivery,BO,Jaipur,HQ Region Jaipur Moffusil
Bada Gaon BO,303303,Delivery,BO,Jaipur,HQ Region Jaipur Moffusil
Jirota Khurd BO,303303,Delivery,BO,Jaipur,HQ Region Jaipur Moffusil
Kherwal BO,303303,Delivery,BO,Jaipur,HQ Region Jaipur Moffusil
Collectorate Dausa SO,303303,Non-Delivery,PO,Jaipur,HQ Region Jaipur Moffusil
Dausa Town SO,303303,Non-Delivery,PO,Jaipur,HQ Region Jaipur Moffusil
Dubbi SO,303304,Delivery,PO,Jaipur,HQ Region Jaipur Moffusil
Bane Ka Barkhera BO,303304,Delivery,BO,Jaipur,HQ Region Jaipur Moffusil
Dhanawad BO,303304,Delivery,BO,Jaipur,HQ Region Jaipur Moffusil
Dolika BO,303304,Delivery,BO,Jaipur,HQ Region Jaipur Moffusil
Kalakho Sadak BO,303304,Delivery,BO,Jaipur,HQ Region Jaipur Moffusil
Kelai BO,303304,Delivery,BO,Jaipur,HQ Region Jaipur Moffusil
Peelwa Kalan BO,303304,Delivery,BO,Jaipur,HQ Region Jaipur Moffusil
Reta BO,303304,Delivery,BO,Jaipur,HQ Region Jaipur Moffusil
Banskho SO,303305,Delivery,PO,Jaipur,HQ Region Jaipur Moffusil
Khedi,303305,Delivery,BO,Jaipur,HQ Region Jaipur Moffusil
Badwa BO,303305,Delivery,BO,Jaipur,HQ Region Jaipur Moffusil
Dharampura BO,303305,Delivery,BO,Jaipur,HQ Region Jaipur Moffusil
Dhula BO,303305,Delivery,BO,Jaipur,HQ Region Jaipur Moffusil
Hansmahal BO,303305,Delivery,BO,Jaipur,HQ Region Jaipur Moffusil
Jatwara BO,303305,Delivery,BO,Jaipur,HQ Region Jaipur Moffusil
Jhajwar BO,303305,Delivery,BO,Jaipur,HQ Region Jaipur Moffusil
Jhar BO,303305,Delivery,BO,Jaipur,HQ Region Jaipur Moffusil
Newar BO,303305,Delivery,BO,Jaipur,HQ Region Jaipur Moffusil
Padasoli BO,303305,Delivery,BO,Jaipur,HQ Region Jaipur Moffusil
Rajpura BO,303305,Delivery,BO,Jaipur,HQ Region Jaipur Moffusil
Bandikui SO,303313,Delivery,PO,Jaipur,HQ Region Jaipur Moffusil
Ananantwada BO,303313,Delivery,BO,Jaipur,HQ Region Jaipur Moffusil
Arniya BO,303313,Delivery,BO,Jaipur,HQ Region Jaipur Moffusil
Badial Kalan BO,303313,Delivery,BO,Jaipur,HQ Region Jaipur Moffusil
Badiyal Khurd BO,303313,Delivery,BO,Jaipur,HQ Region Jaipur Moffusil
Bandikui Jagir BO,303313,Delivery,BO,Jaipur,HQ Region Jaipur Moffusil
Bhandeda BO,303313,Delivery,BO,Jaipur,HQ Region Jaipur Moffusil
Delari BO,303313,Delivery,BO,Jaipur,HQ Region Jaipur Moffusil
Kolana BO,303313,Delivery,BO,Jaipur,HQ Region Jaipur Moffusil
Liloj BO,303313,Delivery,BO,Jaipur,HQ Region Jaipur Moffusil
Mundghisya BO,303313,Delivery,BO,Jaipur,HQ Region Jaipur Moffusil
Nandera BO,303313,Delivery,BO,Jaipur,HQ Region Jaipur Moffusil
Panditpura BO,303313,Delivery,BO,Jaipur,HQ Region Jaipur Moffusil
Peechupada Khurd BO,303313,Delivery,BO,Jaipur,HQ Region Jaipur Moffusil
Pratappura BO,303313,Delivery,BO,Jaipur,HQ Region Jaipur Moffusil
Ralawata BO,303313,Delivery,BO,Jaipur,HQ Region Jaipur Moffusil
Shalawas Kalan BO,303313,Delivery,BO,Jaipur,HQ Region Jaipur Moffusil
Shyalawas Khurd BO,303313,Delivery,BO,Jaipur,HQ Region Jaipur Moffusil
Unbadagaon BO,303313,Delivery,BO,Jaipur,HQ Region Jaipur Moffusil
Dwarapura BO,303313,Delivery,BO,Jaipur,HQ Region Jaipur Moffusil
Bandikui Mandi SO,303313,Non-Delivery,PO,Jaipur,HQ Region Jaipur Moffusil
Bewai SO,303315,Delivery,PO,Jaipur,HQ Region Jaipur Moffusil
Aliapara BO,303315,Delivery,BO,Jaipur,HQ Region Jaipur Moffusil
Alipur BO,303315,Delivery,BO,Jaipur,HQ Region Jaipur Moffusil
Balahera BO,303315,Delivery,BO,Jaipur,HQ Region Jaipur Moffusil
Bejupada BO,303315,Delivery,BO,Jaipur,HQ Region Jaipur Moffusil
Dhigaria Bhim BO,303315,Delivery,BO,Jaipur,HQ Region Jaipur Moffusil
Golada BO,303315,Delivery,BO,Jaipur,HQ Region Jaipur Moffusil
Gudha Ashikpura BO,303315,Delivery,BO,Jaipur,HQ Region Jaipur Moffusil
Hingota BO,303315,Delivery,BO,Jaipur,HQ Region Jaipur Moffusil
Mahukhera BO,303315,Delivery,BO,Jaipur,HQ Region Jaipur Moffusil
Nihalpura BO,303315,Delivery,BO,Jaipur,HQ Region Jaipur Moffusil
Sudharanpada BO,303315,Delivery,BO,Jaipur,HQ Region Jaipur Moffusil
Gudha Katla SO,303323,Delivery,PO,Jaipur,HQ Region Jaipur Moffusil
Ancheri BO,303323,Delivery,BO,Jaipur,HQ Region Jaipur Moffusil
Chandera BO,303323,Delivery,BO,Jaipur,HQ Region Jaipur Moffusil
Muhi BO,303323,Delivery,BO,Jaipur,HQ Region Jaipur Moffusil
Kundal SO Dausa,303325,Delivery,PO,Jaipur,HQ Region Jaipur Moffusil
Badoli BO,303325,Delivery,BO,Jaipur,HQ Region Jaipur Moffusil
Bahnwatabhanwati BO,303325,Delivery,BO,Jaipur,HQ Region Jaipur Moffusil
Gadarwada Gujran BO,303325,Delivery,BO,Jaipur,HQ Region Jaipur Moffusil
Gudhliya BO,303325,Delivery,BO,Jaipur,HQ Region Jaipur Moffusil
Kali Pahadi BO,303325,Delivery,BO,Jaipur,HQ Region Jaipur Moffusil
Kalota BO,303325,Delivery,BO,Jaipur,HQ Region Jaipur Moffusil
Kolwa Gram BO,303325,Delivery,BO,Jaipur,HQ Region Jaipur Moffusil
Sindoli BO,303325,Delivery,BO,Jaipur,HQ Region Jaipur Moffusil
Titarwada Kalan BO,303325,Delivery,BO,Jaipur,HQ Region Jaipur Moffusil
Sikandra SO Dausa,303326,Delivery,PO,Jaipur,HQ Region Jaipur Moffusil
Abhaneri BO,303326,Delivery,BO,Jaipur,HQ Region Jaipur Moffusil
Bawanpara BO,303326,Delivery,BO,Jaipur,HQ Region Jaipur Moffusil
Bhandari BO,303326,Delivery,BO,Jaipur,HQ Region Jaipur Moffusil
Brahman Bairada BO,303326,Delivery,BO,Jaipur,HQ Region Jaipur Moffusil
Chhokarwada BO,303326,Delivery,BO,Jaipur,HQ Region Jaipur Moffusil
Khuntla BO,303326,Delivery,BO,Jaipur,HQ Region Jaipur Moffusil
Kuti Mariyada BO,303326,Delivery,BO,Jaipur,HQ Region Jaipur Moffusil
Peechupara Kalan BO,303326,Delivery,BO,Jaipur,HQ Region Jaipur Moffusil
Baswa SO Dausa,303327,Delivery,PO,Jaipur,HQ Region Jaipur Moffusil
Gullana BO,303327,Delivery,BO,Jaipur,HQ Region Jaipur Moffusil
Jhajhirampura BO,303327,Delivery,BO,Jaipur,HQ Region Jaipur Moffusil
Karnawar BO,303327,Delivery,BO,Jaipur,HQ Region Jaipur Moffusil
Shabdawali BO,303327,Delivery,BO,Jaipur,HQ Region Jaipur Moffusil
Jobner SO,303328,Delivery,PO,Jaipur,HQ Region Jaipur Moffusil
Bhadwa BO,303328,Delivery,BO,Jaipur,HQ Region Jaipur Moffusil
Bhaislana BO,303328,Delivery,BO,Jaipur,HQ Region Jaipur Moffusil
Bhojpura BO,303328,Delivery,BO,Jaipur,HQ Region Jaipur Moffusil
Dhani Boraj BO,303328,Delivery,BO,Jaipur,HQ Region Jaipur Moffusil
Dheendha BO,303328,Delivery,BO,Jaipur,HQ Region Jaipur Moffusil
Jorpura BO,303328,Delivery,BO,Jaipur,HQ Region Jaipur Moffusil
Kodi BO,303328,Delivery,BO,Jaipur,HQ Region Jaipur Moffusil
Mundoti BO,303328,Delivery,BO,Jaipur,HQ Region Jaipur Moffusil
Sinodiya BO,303328,Delivery,BO,Jaipur,HQ Region Jaipur Moffusil
A C Jobner SO,303329,Delivery,PO,Jaipur,HQ Region Jaipur Moffusil
Phulera SO,303338,Delivery,PO,Jaipur,HQ Region Jaipur Moffusil
Akoda BO,303338,Delivery,BO,Jaipur,HQ Region Jaipur Moffusil
Boraj BO,303338,Delivery,BO,Jaipur,HQ Region Jaipur Moffusil
Gudha Bersal BO,303338,Delivery,BO,Jaipur,HQ Region Jaipur Moffusil
Hirnoda BO,303338,Delivery,BO,Jaipur,HQ Region Jaipur Moffusil
Kachroda BO,303338,Delivery,BO,Jaipur,HQ Region Jaipur Moffusil
Malyawas BO,303338,Delivery,BO,Jaipur,HQ Region Jaipur Moffusil
Rojdi BO,303338,Delivery,BO,Jaipur,HQ Region Jaipur Moffusil
Shardulpura BO,303338,Delivery,BO,Jaipur,HQ Region Jaipur Moffusil
Teja Ka Bas BO,303338,Delivery,BO,Jaipur,HQ Region Jaipur Moffusil
Ugariwas BO,303338,Delivery,BO,Jaipur,HQ Region Jaipur Moffusil
Phulera Bazar SO,303338,Non-Delivery,PO,Jaipur,HQ Region Jaipur Moffusil
Naraina SO,303348,Delivery,PO,Jaipur,HQ Region Jaipur Moffusil
Chainpura BO,303348,Delivery,BO,Jaipur,HQ Region Jaipur Moffusil
Gidhani BO,303348,Delivery,BO,Jaipur,HQ Region Jaipur Moffusil
Mamana BO,303348,Delivery,BO,Jaipur,HQ Region Jaipur Moffusil
Marwa BO,303348,Delivery,BO,Jaipur,HQ Region Jaipur Moffusil
Sanwarda BO,303348,Delivery,BO,Jaipur,HQ Region Jaipur Moffusil
Srirampura BO,303348,Delivery,BO,Jaipur,HQ Region Jaipur Moffusil
Bhandarej SO,303501,Delivery,PO,Jaipur,HQ Region Jaipur Moffusil
Behrawanda BO,303501,Delivery,BO,Jaipur,HQ Region Jaipur Moffusil
Farrashpura BO,303501,Delivery,BO,Jaipur,HQ Region Jaipur Moffusil
Gandarawa BO,303501,Delivery,BO,Jaipur,HQ Region Jaipur Moffusil
Gothra BO,303501,Delivery,BO,Jaipur,HQ Region Jaipur Moffusil
Gumanpura BO,303501,Delivery,BO,Jaipur,HQ Region Jaipur Moffusil
Jhanpdawas BO,303501,Delivery,BO,Jaipur,HQ Region Jaipur Moffusil
Jopada BO,303501,Delivery,BO,Jaipur,HQ Region Jaipur Moffusil
Kalakho Ambadi BO,303501,Delivery,BO,Jaipur,HQ Region Jaipur Moffusil
Lanka BO,303501,Delivery,BO,Jaipur,HQ Region Jaipur Moffusil
MOCHINGPURA,303501,Delivery,BO,Jaipur,HQ Region Jaipur Moffusil
Ralawata BO,303501,Delivery,BO,Jaipur,HQ Region Jaipur Moffusil
Ranoli BO,303501,Delivery,BO,Jaipur,HQ Region Jaipur Moffusil
Shekhpura BO,303501,Delivery,BO,Jaipur,HQ Region Jaipur Moffusil
Torda BO,303501,Delivery,BO,Jaipur,HQ Region Jaipur Moffusil
Geejgarh SO,303502,Delivery,PO,Jaipur,HQ Region Jaipur Moffusil
Achalpura BO,303502,Delivery,BO,Jaipur,HQ Region Jaipur Moffusil
Denda Basedi BO,303502,Delivery,BO,Jaipur,HQ Region Jaipur Moffusil
Gangadwadi BO,303502,Delivery,BO,Jaipur,HQ Region Jaipur Moffusil
Gerota BO,303502,Delivery,BO,Jaipur,HQ Region Jaipur Moffusil
Ghumna BO,303502,Delivery,BO,Jaipur,HQ Region Jaipur Moffusil
Lalsot SO,303503,Delivery,PO,Jaipur,HQ Region Jaipur Moffusil
Bagdi BO,303503,Delivery,BO,Jaipur,HQ Region Jaipur Moffusil
Bilona BO,303503,Delivery,BO,Jaipur,HQ Region Jaipur Moffusil
Chandsen BO,303503,Delivery,BO,Jaipur,HQ Region Jaipur Moffusil
Chondiawas BO,303503,Delivery,BO,Jaipur,HQ Region Jaipur Moffusil
Daulatpura BO,303503,Delivery,BO,Jaipur,HQ Region Jaipur Moffusil
Deoli BO,303503,Delivery,BO,Jaipur,HQ Region Jaipur Moffusil
Hodayali BO,303503,Delivery,BO,Jaipur,HQ Region Jaipur Moffusil
Jhapada BO,303503,Delivery,BO,Jaipur,HQ Region Jaipur Moffusil
Kalyanpura BO,303503,Delivery,BO,Jaipur,HQ Region Jaipur Moffusil
Kankariya BO,303503,Delivery,BO,Jaipur,HQ Region Jaipur Moffusil
Khatwa BO,303503,Delivery,BO,Jaipur,HQ Region Jaipur Moffusil
Lalpura BO,303503,Delivery,BO,Jaipur,HQ Region Jaipur Moffusil
Mirjapura BO,303503,Delivery,BO,Jaipur,HQ Region Jaipur Moffusil
Nirjharna BO,303503,Delivery,BO,Jaipur,HQ Region Jaipur Moffusil
Sanwasa BO,303503,Delivery,BO,Jaipur,HQ Region Jaipur Moffusil
Shivsinghpura BO,303503,Delivery,BO,Jaipur,HQ Region Jaipur Moffusil
Srimaa BO,303503,Delivery,BO,Jaipur,HQ Region Jaipur Moffusil
Sumel BO,303503,Delivery,BO,Jaipur,HQ Region Jaipur Moffusil
Talab Gaon BO,303503,Delivery,BO,Jaipur,HQ Region Jaipur Moffusil
Thuni Dhirajpura BO,303503,Delivery,BO,Jaipur,HQ Region Jaipur Moffusil
Mandawari SO,303504,Delivery,PO,Jaipur,HQ Region Jaipur Moffusil
Binori BO,303504,Delivery,BO,Jaipur,HQ Region Jaipur Moffusil
Kherla Khurd BO,303504,Delivery,BO,Jaipur,HQ Region Jaipur Moffusil
Khurra BO,303504,Delivery,BO,Jaipur,HQ Region Jaipur Moffusil
Kishorpura BO,303504,Delivery,BO,Jaipur,HQ Region Jaipur Moffusil
Mahariya BO,303504,Delivery,BO,Jaipur,HQ Region Jaipur Moffusil
Suratpura BO,303504,Delivery,BO,Jaipur,HQ Region Jaipur Moffusil
Toda Thekla BO,303504,Delivery,BO,Jaipur,HQ Region Jaipur Moffusil
Nangal Rajawatan SO,303505,Delivery,PO,Jaipur,HQ Region Jaipur Moffusil
Chharda BO,303505,Delivery,BO,Jaipur,HQ Region Jaipur Moffusil
Churiawas BO,303505,Delivery,BO,Jaipur,HQ Region Jaipur Moffusil
Dob BO,303505,Delivery,BO,Jaipur,HQ Region Jaipur Moffusil
Kallawas BO,303505,Delivery,BO,Jaipur,HQ Region Jaipur Moffusil
Kaluwas BO,303505,Delivery,BO,Jaipur,HQ Region Jaipur Moffusil
Koliwara BO,303505,Delivery,BO,Jaipur,HQ Region Jaipur Moffusil
Malwas BO,303505,Delivery,BO,Jaipur,HQ Region Jaipur Moffusil
Manpura BO,303505,Delivery,BO,Jaipur,HQ Region Jaipur Moffusil
Palunda BO,303505,Delivery,BO,Jaipur,HQ Region Jaipur Moffusil
Rahuwas BO,303505,Delivery,BO,Jaipur,HQ Region Jaipur Moffusil
Paparda SO,303506,Delivery,PO,Jaipur,HQ Region Jaipur Moffusil
Hapawas BO,303506,Delivery,BO,Jaipur,HQ Region Jaipur Moffusil
Jaun BO,303506,Delivery,BO,Jaipur,HQ Region Jaipur Moffusil
Khawaraoji BO,303506,Delivery,BO,Jaipur,HQ Region Jaipur Moffusil
Mundghisya BO,303506,Delivery,BO,Jaipur,HQ Region Jaipur Moffusil
Shyalawas Kalan BO,303506,Delivery,BO,Jaipur,HQ Region Jaipur Moffusil
Thumdi BO,303506,Delivery,BO,Jaipur,HQ Region Jaipur Moffusil
Sainthal SO,303507,Delivery,PO,Jaipur,HQ Region Jaipur Moffusil
Bapi BO,303507,Delivery,BO,Jaipur,HQ Region Jaipur Moffusil
Bishanpura BO,303507,Delivery,BO,Jaipur,HQ Region Jaipur Moffusil
Boroda BO,303507,Delivery,BO,Jaipur,HQ Region Jaipur Moffusil
Kableshwar BO,303507,Delivery,BO,Jaipur,HQ Region Jaipur Moffusil
Khuri Kalan BO,303507,Delivery,BO,Jaipur,HQ Region Jaipur Moffusil
Nabhawala BO,303507,Delivery,BO,Jaipur,HQ Region Jaipur Moffusil
Neemla BO,303507,Delivery,BO,Jaipur,HQ Region Jaipur Moffusil
Udawala BO,303507,Delivery,BO,Jaipur,HQ Region Jaipur Moffusil
Sikrai SO,303508,Delivery,PO,Jaipur,HQ Region Jaipur Moffusil
Heengwa BO,303508,Delivery,BO,Jaipur,HQ Region Jaipur Moffusil
Kalwan BO,303508,Delivery,BO,Jaipur,HQ Region Jaipur Moffusil
Kundera Doongar BO,303508,Delivery,BO,Jaipur,HQ Region Jaipur Moffusil
Namner BO,303508,Delivery,BO,Jaipur,HQ Region Jaipur Moffusil
Manpur SO Dausa,303509,Delivery,PO,Jaipur,HQ Region Jaipur Moffusil
Chandera BO,303509,Delivery,BO,Jaipur,HQ Region Jaipur Moffusil
Karodi BO,303509,Delivery,BO,Jaipur,HQ Region Jaipur Moffusil
Lotwara BO,303509,Delivery,BO,Jaipur,HQ Region Jaipur Moffusil
Nandri BO,303509,Delivery,BO,Jaipur,HQ Region Jaipur Moffusil
Pancholi BO,303509,Delivery,BO,Jaipur,HQ Region Jaipur Moffusil
Peepalki BO,303509,Delivery,BO,Jaipur,HQ Region Jaipur Moffusil
Pundarpada BO,303509,Delivery,BO,Jaipur,HQ Region Jaipur Moffusil
Thikriya BO,303509,Delivery,BO,Jaipur,HQ Region Jaipur Moffusil
Udaipuria BO,303509,Delivery,BO,Jaipur,HQ Region Jaipur Moffusil
Ramgarh Pachwara SO,303510,Delivery,PO,Jaipur,HQ Region Jaipur Moffusil
Amrabad BO,303510,Delivery,BO,Jaipur,HQ Region Jaipur Moffusil
Beechha BO,303510,Delivery,BO,Jaipur,HQ Region Jaipur Moffusil
Bidarkhan BO,303510,Delivery,BO,Jaipur,HQ Region Jaipur Moffusil
Gangliawas BO,303510,Delivery,BO,Jaipur,HQ Region Jaipur Moffusil
Shyampura Kalan BO,303510,Delivery,BO,Jaipur,HQ Region Jaipur Moffusil
Didwana SO,303511,Delivery,PO,Jaipur,HQ Region Jaipur Moffusil
Digo BO,303511,Delivery,BO,Jaipur,HQ Region Jaipur Moffusil
Dungarpur BO,303511,Delivery,BO,Jaipur,HQ Region Jaipur Moffusil
Indawa BO,303511,Delivery,BO,Jaipur,HQ Region Jaipur Moffusil
Khatumbar BO,303511,Delivery,BO,Jaipur,HQ Region Jaipur Moffusil
Nizampura BO,303511,Delivery,BO,Jaipur,HQ Region Jaipur Moffusil
Rajoli BO,303511,Delivery,BO,Jaipur,HQ Region Jaipur Moffusil
Salempura BO,303511,Delivery,BO,Jaipur,HQ Region Jaipur Moffusil
Hanutia BO,303601,Delivery,BO,Jaipur,HQ Region Jaipur Moffusil
Hanutpura BO,303601,Delivery,BO,Jaipur,HQ Region Jaipur Moffusil
Markhi BO,303601,Delivery,BO,Jaipur,HQ Region Jaipur Moffusil
Nayan BO,303601,Delivery,BO,Jaipur,HQ Region Jaipur Moffusil
Radawas BO,303601,Delivery,BO,Jaipur,HQ Region Jaipur Moffusil
Amarsar SO,303601,Delivery,PO,Jaipur,HQ Region Jaipur Moffusil
Badhal SO,303602,Delivery,PO,Jaipur,HQ Region Jaipur Moffusil
Astikalan BO,303602,Delivery,BO,Jaipur,HQ Region Jaipur Moffusil
Deva Ka Bas BO,303602,Delivery,BO,Jaipur,HQ Region Jaipur Moffusil
Gudhaliya BO,303602,Delivery,BO,Jaipur,HQ Region Jaipur Moffusil
Itawa BO,303602,Delivery,BO,Jaipur,HQ Region Jaipur Moffusil
Kishanpura BO,303602,Delivery,BO,Jaipur,HQ Region Jaipur Moffusil
Luniawas BO,303602,Delivery,BO,Jaipur,HQ Region Jaipur Moffusil
Nangal Govind BO,303602,Delivery,BO,Jaipur,HQ Region Jaipur Moffusil
Turkyawas BO,303602,Delivery,BO,Jaipur,HQ Region Jaipur Moffusil
Renwal SO,303603,Delivery,PO,Jaipur,HQ Region Jaipur Moffusil
Bagawas BO,303603,Delivery,BO,Jaipur,HQ Region Jaipur Moffusil
Baseri Khurd BO,303603,Delivery,BO,Jaipur,HQ Region Jaipur Moffusil
Bhainsawa BO,303603,Delivery,BO,Jaipur,HQ Region Jaipur Moffusil
Doongri Khurd BO,303603,Delivery,BO,Jaipur,HQ Region Jaipur Moffusil
Doongrikalan BO,303603,Delivery,BO,Jaipur,HQ Region Jaipur Moffusil
Harsoli BO,303603,Delivery,BO,Jaipur,HQ Region Jaipur Moffusil
Khedi Milk BO,303603,Delivery,BO,Jaipur,HQ Region Jaipur Moffusil
Kishangarh Renwal BO,303603,Delivery,BO,Jaipur,HQ Region Jaipur Moffusil
Lalasar BO,303603,Delivery,BO,Jaipur,HQ Region Jaipur Moffusil
Mundiagaarh BO,303603,Delivery,BO,Jaipur,HQ Region Jaipur Moffusil
Ramjipura BO,303603,Delivery,BO,Jaipur,HQ Region Jaipur Moffusil
Surmalikpur BO,303603,Delivery,BO,Jaipur,HQ Region Jaipur Moffusil
Sambhar Lake HO,303604,Delivery,HO,Jaipur,HQ Region Jaipur Moffusil
Asalpur BO,303604,Delivery,BO,Jaipur,HQ Region Jaipur Moffusil
Habaspura BO,303604,Delivery,BO,Jaipur,HQ Region Jaipur Moffusil
Khandel BO,303604,Delivery,BO,Jaipur,HQ Region Jaipur Moffusil
Manda Bhim Singh BO,303604,Delivery,BO,Jaipur,HQ Region Jaipur Moffusil
Tyod BO,303604,Delivery,BO,Jaipur,HQ Region Jaipur Moffusil
Bichoon BO,303604,Delivery,BO,Jaipur,HQ Region Jaipur Moffusil
Kazipura BO,303604,Delivery,BO,Jaipur,HQ Region Jaipur Moffusil
Salt Colony BO,303604,Delivery,BO,Jaipur,HQ Region Jaipur Moffusil
Mokhampura BO,303604,Delivery,BO,Jaipur,HQ Region Jaipur Moffusil
Korsina BO,303604,Delivery,BO,Jaipur,HQ Region Jaipur Moffusil
Jahota SO,303701,Delivery,PO,Jaipur,HQ Region Jaipur Moffusil
Bhato Ki Gali BO,303701,Delivery,BO,Jaipur,HQ Region Jaipur Moffusil
Chatarpura BO,303701,Delivery,BO,Jaipur,HQ Region Jaipur Moffusil
Deogudha BO,303701,Delivery,BO,Jaipur,HQ Region Jaipur Moffusil
Jairampura BO,303701,Delivery,BO,Jaipur,HQ Region Jaipur Moffusil
Jalsu BO,303701,Delivery,BO,Jaipur,HQ Region Jaipur Moffusil
Kanipura BO,303701,Delivery,BO,Jaipur,HQ Region Jaipur Moffusil
Nangal Ladi BO,303701,Delivery,BO,Jaipur,HQ Region Jaipur Moffusil
Punana BO,303701,Delivery,BO,Jaipur,HQ Region Jaipur Moffusil
Radahkishanpura BO,303701,Delivery,BO,Jaipur,HQ Region Jaipur Moffusil
Raghunathpura BO,303701,Delivery,BO,Jaipur,HQ Region Jaipur Moffusil
Chomu SO,303702,Delivery,PO,Jaipur,HQ Region Jaipur Moffusil
Hadota BO,303702,Delivery,BO,Jaipur,HQ Region Jaipur Moffusil
Khadi Bagh BO,303702,Delivery,BO,Jaipur,HQ Region Jaipur Moffusil
Sirsali BO,303702,Delivery,BO,Jaipur,HQ Region Jaipur Moffusil
Tankarda BO,303702,Delivery,BO,Jaipur,HQ Region Jaipur Moffusil
Jaitpura I A SO,303704,Delivery,PO,Jaipur,HQ Region Jaipur Moffusil
Anantpura BO,303704,Delivery,BO,Jaipur,HQ Region Jaipur Moffusil
Bhurthal BO,303704,Delivery,BO,Jaipur,HQ Region Jaipur Moffusil
Chetawala BO,303704,Delivery,BO,Jaipur,HQ Region Jaipur Moffusil
Khore Shyamdas BO,303704,Delivery,BO,Jaipur,HQ Region Jaipur Moffusil
Rambura Dabari BO,303704,Delivery,BO,Jaipur,HQ Region Jaipur Moffusil
Kalwad SO,303706,Delivery,PO,Jaipur,HQ Region Jaipur Moffusil
Bassi Naga BO,303706,Delivery,BO,Jaipur,HQ Region Jaipur Moffusil
Bhamori BO,303706,Delivery,BO,Jaipur,HQ Region Jaipur Moffusil
Durjania Was BO,303706,Delivery,BO,Jaipur,HQ Region Jaipur Moffusil
Machwa BO,303706,Delivery,BO,Jaipur,HQ Region Jaipur Moffusil
Mundota BO,303706,Delivery,BO,Jaipur,HQ Region Jaipur Moffusil
Pachar BO,303706,Delivery,BO,Jaipur,HQ Region Jaipur Moffusil
Govindgarh SO Jaipur,303712,Delivery,PO,Jaipur,HQ Region Jaipur Moffusil
Anantpura BO,303712,Delivery,BO,Jaipur,HQ Region Jaipur Moffusil
Bhutera BO,303712,Delivery,BO,Jaipur,HQ Region Jaipur Moffusil
Dhoblai BO,303712,Delivery,BO,Jaipur,HQ Region Jaipur Moffusil
Dhodsar BO,303712,Delivery,BO,Jaipur,HQ Region Jaipur Moffusil
Hasteda BO,303712,Delivery,BO,Jaipur,HQ Region Jaipur Moffusil
Malikpur BO,303712,Delivery,BO,Jaipur,HQ Region Jaipur Moffusil
Manda Bhinda BO,303712,Delivery,BO,Jaipur,HQ Region Jaipur Moffusil
Nangal Turkan BO,303712,Delivery,BO,Jaipur,HQ Region Jaipur Moffusil
Kaladera SO,303801,Delivery,PO,Jaipur,HQ Region Jaipur Moffusil
Alisar BO,303801,Delivery,BO,Jaipur,HQ Region Jaipur Moffusil
Chinoi BO,303801,Delivery,BO,Jaipur,HQ Region Jaipur Moffusil
Dhola Ka Bas BO,303801,Delivery,BO,Jaipur,HQ Region Jaipur Moffusil
Jaisinghpura BO,303801,Delivery,BO,Jaipur,HQ Region Jaipur Moffusil
Kanarpura BO,303801,Delivery,BO,Jaipur,HQ Region Jaipur Moffusil
Naupura BO,303801,Delivery,BO,Jaipur,HQ Region Jaipur Moffusil
Pratapura BO,303801,Delivery,BO,Jaipur,HQ Region Jaipur Moffusil
Raithal BO,303801,Delivery,BO,Jaipur,HQ Region Jaipur Moffusil
Sandarsar BO,303801,Delivery,BO,Jaipur,HQ Region Jaipur Moffusil
Khejroli SO,303803,Delivery,PO,Jaipur,HQ Region Jaipur Moffusil
Bilanderpur BO,303803,Delivery,BO,Jaipur,HQ Region Jaipur Moffusil
Govindpura Baseri BO,303803,Delivery,BO,Jaipur,HQ Region Jaipur Moffusil
Kariri BO,303803,Delivery,BO,Jaipur,HQ Region Jaipur Moffusil
Singot Kalan BO,303803,Delivery,BO,Jaipur,HQ Region Jaipur Moffusil
Singot Khurd BO,303803,Delivery,BO,Jaipur,HQ Region Jaipur Moffusil
Etwa Bhopji SO,303804,Delivery,PO,Jaipur,HQ Region Jaipur Moffusil
Amarpura BO,303804,Delivery,BO,Jaipur,HQ Region Jaipur Moffusil
Charanwas BO,303804,Delivery,BO,Jaipur,HQ Region Jaipur Moffusil
Dhanota BO,303804,Delivery,BO,Jaipur,HQ Region Jaipur Moffusil
Nangal Koju BO,303804,Delivery,BO,Jaipur,HQ Region Jaipur Moffusil
Niwana BO,303804,Delivery,BO,Jaipur,HQ Region Jaipur Moffusil
Raopura BO,303804,Delivery,BO,Jaipur,HQ Region Jaipur Moffusil
Tigaria BO,303804,Delivery,BO,Jaipur,HQ Region Jaipur Moffusil
Morija SO,303805,Delivery,PO,Jaipur,HQ Region Jaipur Moffusil
Bagwara BO,303805,Delivery,BO,Jaipur,HQ Region Jaipur Moffusil
Bilochi BO,303805,Delivery,BO,Jaipur,HQ Region Jaipur Moffusil
Cheethwari BO,303805,Delivery,BO,Jaipur,HQ Region Jaipur Moffusil
Chonp BO,303805,Delivery,BO,Jaipur,HQ Region Jaipur Moffusil
Daulatpura BO,303805,Delivery,BO,Jaipur,HQ Region Jaipur Moffusil
Manpura Machedi BO,303805,Delivery,BO,Jaipur,HQ Region Jaipur Moffusil
Rundal BO,303805,Delivery,BO,Jaipur,HQ Region Jaipur Moffusil
Sewapura BO,303805,Delivery,BO,Jaipur,HQ Region Jaipur Moffusil
Samod SO,303806,Delivery,PO,Jaipur,HQ Region Jaipur Moffusil
Bansa BO,303806,Delivery,BO,Jaipur,HQ Region Jaipur Moffusil
Dholi BO,303806,Delivery,BO,Jaipur,HQ Region Jaipur Moffusil
Gulab Bari BO,303806,Delivery,BO,Jaipur,HQ Region Jaipur Moffusil
Jagatpura BO,303806,Delivery,BO,Jaipur,HQ Region Jaipur Moffusil
Jatanwali BO,303806,Delivery,BO,Jaipur,HQ Region Jaipur Moffusil
Mahar Kalan BO,303806,Delivery,BO,Jaipur,HQ Region Jaipur Moffusil
Mahar Khurd BO,303806,Delivery,BO,Jaipur,HQ Region Jaipur Moffusil
Naya Bas BO,303806,Delivery,BO,Jaipur,HQ Region Jaipur Moffusil
Shivsinghpura BO,303806,Delivery,BO,Jaipur,HQ Region Jaipur Moffusil
Udaipuria SO,303807,Delivery,PO,Jaipur,HQ Region Jaipur Moffusil
Bhopawa BO,303807,Delivery,BO,Jaipur,HQ Region Jaipur Moffusil
Hathnoda BO,303807,Delivery,BO,Jaipur,HQ Region Jaipur Moffusil
Loharwada BO,303807,Delivery,BO,Jaipur,HQ Region Jaipur Moffusil
Nangal Bharda BO,303807,Delivery,BO,Jaipur,HQ Region Jaipur Moffusil
Chaksu SO,303901,Delivery,PO,Jaipur,HQ Region Jaipur Moffusil
Akodiya BO,303901,Delivery,BO,Jaipur,HQ Region Jaipur Moffusil
Chhandel Kalan BO,303901,Delivery,BO,Jaipur,HQ Region Jaipur Moffusil
Garwasi BO,303901,Delivery,BO,Jaipur,HQ Region Jaipur Moffusil
Kadera BO,303901,Delivery,BO,Jaipur,HQ Region Jaipur Moffusil
Kareda Khurd BO,303901,Delivery,BO,Jaipur,HQ Region Jaipur Moffusil
Kothoon BO,303901,Delivery,BO,Jaipur,HQ Region Jaipur Moffusil
Malpuria BO,303901,Delivery,BO,Jaipur,HQ Region Jaipur Moffusil
Mandlia Meda BO,303901,Delivery,BO,Jaipur,HQ Region Jaipur Moffusil
Nimodiya BO,303901,Delivery,BO,Jaipur,HQ Region Jaipur Moffusil
Sanwalia BO,303901,Delivery,BO,Jaipur,HQ Region Jaipur Moffusil
Sawai Madhosinghpura BO,303901,Delivery,BO,Jaipur,HQ Region Jaipur Moffusil
Shaakar Khawda BO,303901,Delivery,BO,Jaipur,HQ Region Jaipur Moffusil
Silki Doongari BO,303901,Delivery,BO,Jaipur,HQ Region Jaipur Moffusil
Tamariya BO,303901,Delivery,BO,Jaipur,HQ Region Jaipur Moffusil
Thali BO,303901,Delivery,BO,Jaipur,HQ Region Jaipur Moffusil
Thoomli Ka Bas BO,303901,Delivery,BO,Jaipur,HQ Region Jaipur Moffusil
Shivdaspura SO,303903,Delivery,PO,Jaipur,HQ Region Jaipur Moffusil
Badapadampura BO,303903,Delivery,BO,Jaipur,HQ Region Jaipur Moffusil
Chandlai BO,303903,Delivery,BO,Jaipur,HQ Region Jaipur Moffusil
Khajalpura BO,303903,Delivery,BO,Jaipur,HQ Region Jaipur Moffusil
Khijuria Brahmin BO,303903,Delivery,BO,Jaipur,HQ Region Jaipur Moffusil
Kumariawas BO,303903,Delivery,BO,Jaipur,HQ Region Jaipur Moffusil
Sambharia BO,303903,Delivery,BO,Jaipur,HQ Region Jaipur Moffusil
Teetaria BO,303903,Delivery,BO,Jaipur,HQ Region Jaipur Moffusil
Toontoli BO,303903,Delivery,BO,Jaipur,HQ Region Jaipur Moffusil
Yaarlipura BO,303903,Delivery,BO,Jaipur,HQ Region Jaipur Moffusil
Chittora Renwal SO,303904,Delivery,PO,Jaipur,HQ Region Jaipur Moffusil
Chittora BO,303904,Delivery,BO,Jaipur,HQ Region Jaipur Moffusil
Dabla Kalan BO,303904,Delivery,BO,Jaipur,HQ Region Jaipur Moffusil
Gohandi BO,303904,Delivery,BO,Jaipur,HQ Region Jaipur Moffusil
Harsulia BO,303904,Delivery,BO,Jaipur,HQ Region Jaipur Moffusil
Heerapura BO,303904,Delivery,BO,Jaipur,HQ Region Jaipur Moffusil
Mohabatpura BO,303904,Delivery,BO,Jaipur,HQ Region Jaipur Moffusil
Pahandia BO,303904,Delivery,BO,Jaipur,HQ Region Jaipur Moffusil
Panwalia BO,303904,Delivery,BO,Jaipur,HQ Region Jaipur Moffusil
Peepla BO,303904,Delivery,BO,Jaipur,HQ Region Jaipur Moffusil
BHAPURA BO,303904,Delivery,BO,Jaipur,HQ Region Jaipur Moffusil
Watika SO,303905,Delivery,PO,Jaipur,HQ Region Jaipur Moffusil
Dadiya BO,303905,Delivery,BO,Jaipur,HQ Region Jaipur Moffusil
Goner BO,303905,Delivery,BO,Jaipur,HQ Region Jaipur Moffusil
Mohanpura BO,303905,Delivery,BO,Jaipur,HQ Region Jaipur Moffusil
Vidhani BO,303905,Delivery,BO,Jaipur,HQ Region Jaipur Moffusil
Kotkhawada SO,303908,Delivery,PO,Jaipur,HQ Region Jaipur Moffusil
Achalpura BO,303908,Delivery,BO,Jaipur,HQ Region Jaipur Moffusil
Arp Dhelana BO,303908,Delivery,BO,Jaipur,HQ Region Jaipur Moffusil
Barodiya BO,303908,Delivery,BO,Jaipur,HQ Region Jaipur Moffusil
Jhapda Kalan BO,303908,Delivery,BO,Jaipur,HQ Region Jaipur Moffusil
Kashipura BO,303908,Delivery,BO,Jaipur,HQ Region Jaipur Moffusil
Khera Raniwas BO,303908,Delivery,BO,Jaipur,HQ Region Jaipur Moffusil
Radoli BO,303908,Delivery,BO,Jaipur,HQ Region Jaipur Moffusil
Ramnagar BO,303908,Delivery,BO,Jaipur,HQ Region Jaipur Moffusil
Roopa Hedi Kalan BO,303908,Delivery,BO,Jaipur,HQ Region Jaipur Moffusil
Roopahedi Khurd BO,303908,Delivery,BO,Jaipur,HQ Region Jaipur Moffusil
Theekariya Gujran BO,303908,Delivery,BO,Jaipur,HQ Region Jaipur Moffusil
Theekariya Meena BO,303908,Delivery,BO,Jaipur,HQ Region Jaipur Moffusil
Mahwa SO,321608,Delivery,PO,Jaipur,HQ Region Jaipur Moffusil
Balahedi BO,321608,Delivery,BO,Jaipur,HQ Region Jaipur Moffusil
Gagwana BO,321608,Delivery,BO,Jaipur,HQ Region Jaipur Moffusil
Hurla BO,321608,Delivery,BO,Jaipur,HQ Region Jaipur Moffusil
Khonchpuri BO,321608,Delivery,BO,Jaipur,HQ Region Jaipur Moffusil
Norangwada BO,321608,Delivery,BO,Jaipur,HQ Region Jaipur Moffusil
Pali BO,321608,Delivery,BO,Jaipur,HQ Region Jaipur Moffusil
Ramgarh BO,321608,Delivery,BO,Jaipur,HQ Region Jaipur Moffusil
Rontehdiya BO,321608,Delivery,BO,Jaipur,HQ Region Jaipur Moffusil
Salampura BO,321608,Delivery,BO,Jaipur,HQ Region Jaipur Moffusil
Samleti BO,321608,Delivery,BO,Jaipur,HQ Region Jaipur Moffusil
Tudiyana BO,321608,Delivery,BO,Jaipur,HQ Region Jaipur Moffusil
Vishala BO,321608,Delivery,BO,Jaipur,HQ Region Jaipur Moffusil
Mahwa Road SO,321609,Delivery,PO,Jaipur,HQ Region Jaipur Moffusil
Banawar BO,321609,Delivery,BO,Jaipur,HQ Region Jaipur Moffusil
Garh Himmat Singh BO,321609,Delivery,BO,Jaipur,HQ Region Jaipur Moffusil
Haildena BO,321609,Delivery,BO,Jaipur,HQ Region Jaipur Moffusil
Jatwara BO,321609,Delivery,BO,Jaipur,HQ Region Jaipur Moffusil
Kot BO,321609,Delivery,BO,Jaipur,HQ Region Jaipur Moffusil
Mandawar Singh BO,321609,Delivery,BO,Jaipur,HQ Region Jaipur Moffusil
Reendali BO,321609,Delivery,BO,Jaipur,HQ Region Jaipur Moffusil
Paota Dausa SO,321612,Delivery,PO,Jaipur,HQ Region Jaipur Moffusil
Gahnoli BO,321612,Delivery,BO,Jaipur,HQ Region Jaipur Moffusil
Gazipura BO,321612,Delivery,BO,Jaipur,HQ Region Jaipur Moffusil
Palanheda BO,321612,Delivery,BO,Jaipur,HQ Region Jaipur Moffusil
Santha BO,321612,Delivery,BO,Jaipur,HQ Region Jaipur Moffusil
Rasidpur SO,321613,Delivery,PO,Jaipur,HQ Region Jaipur Moffusil
Barkhera BO,321613,Delivery,BO,Jaipur,HQ Region Jaipur Moffusil
Dholkhera BO,321613,Delivery,BO,Jaipur,HQ Region Jaipur Moffusil
Pakhar BO,321613,Delivery,BO,Jaipur,HQ Region Jaipur Moffusil
Unkroond BO,321613,Delivery,BO,Jaipur,HQ Region Jaipur Moffusil
Kherla SO,322240,Delivery,PO,Jaipur,HQ Region Jaipur Moffusil
Aund Meena BO,322240,Delivery,BO,Jaipur,HQ Region Jaipur Moffusil
Bada Bujurg BO,322240,Delivery,BO,Jaipur,HQ Region Jaipur Moffusil
Bada Gaon BO,322240,Delivery,BO,Jaipur,HQ Region Jaipur Moffusil
Dhand BO,322240,Delivery,BO,Jaipur,HQ Region Jaipur Moffusil
Koondla BO,322240,Delivery,BO,Jaipur,HQ Region Jaipur Moffusil
Nahira BO,322240,Delivery,BO,Jaipur,HQ Region Jaipur Moffusil
Salempura Chowki BO,322240,Delivery,BO,Jaipur,HQ Region Jaipur Moffusil
Talchidi BO,322240,Delivery,BO,Jaipur,HQ Region Jaipur Moffusil
Ghatabalaji SO,321610,Delivery,PO,Jaipur,HQ Region Sawaimadhopur
Bhajeda BO,321610,Delivery,BO,Jaipur,HQ Region Sawaimadhopur
Bhanakpura BO,321610,Delivery,BO,Jaipur,HQ Region Sawaimadhopur
Parla Khalsa BO,321610,Delivery,BO,Jaipur,HQ Region Sawaimadhopur
Patoli BO,321610,Delivery,BO,Jaipur,HQ Region Sawaimadhopur
Sankarwada BO,321610,Delivery,BO,Jaipur,HQ Region Sawaimadhopur
Todabhim SO,321611,Delivery,PO,Jaipur,HQ Region Sawaimadhopur
Ajijpur BO,321611,Delivery,BO,Jaipur,HQ Region Sawaimadhopur
Bhaisa BO,321611,Delivery,BO,Jaipur,HQ Region Sawaimadhopur
Bonl BO,321611,Delivery,BO,Jaipur,HQ Region Sawaimadhopur
Dadanpur BO,321611,Delivery,BO,Jaipur,HQ Region Sawaimadhopur
Dorawali BO,321611,Delivery,BO,Jaipur,HQ Region Sawaimadhopur
Gorda BO,321611,Delivery,BO,Jaipur,HQ Region Sawaimadhopur
Jhadisa BO,321611,Delivery,BO,Jaipur,HQ Region Sawaimadhopur
Jonl BO,321611,Delivery,BO,Jaipur,HQ Region Sawaimadhopur
Kariri BO,321611,Delivery,BO,Jaipur,HQ Region Sawaimadhopur
Khedi BO,321611,Delivery,BO,Jaipur,HQ Region Sawaimadhopur
Khohra BO,321611,Delivery,BO,Jaipur,HQ Region Sawaimadhopur
Machadi BO,321611,Delivery,BO,Jaipur,HQ Region Sawaimadhopur
Manderu BO,321611,Delivery,BO,Jaipur,HQ Region Sawaimadhopur
Mannauj BO,321611,Delivery,BO,Jaipur,HQ Region Sawaimadhopur
Matasula BO,321611,Delivery,BO,Jaipur,HQ Region Sawaimadhopur
Mirzapur BO,321611,Delivery,BO,Jaipur,HQ Region Sawaimadhopur
Nangal Lat BO,321611,Delivery,BO,Jaipur,HQ Region Sawaimadhopur
Padampura BO,321611,Delivery,BO,Jaipur,HQ Region Sawaimadhopur
Shahrakhar BO,321611,Delivery,BO,Jaipur,HQ Region Sawaimadhopur
Baharnwanda Khurd BO,322001,Delivery,BO,Jaipur,HQ Region Sawaimadhopur
Chhan BO,322001,Delivery,BO,Jaipur,HQ Region Sawaimadhopur
Khandeola BO,322001,Delivery,BO,Jaipur,HQ Region Sawaimadhopur
Pancholas BO,322001,Delivery,BO,Jaipur,HQ Region Sawaimadhopur
Rawanjana Chaur BO,322001,Delivery,BO,Jaipur,HQ Region Sawaimadhopur
Atunkalan BO,322001,Delivery,BO,Jaipur,HQ Region Sawaimadhopur
Khatupura BO,322001,Delivery,BO,Jaipur,HQ Region Sawaimadhopur
Sherpur Khilchipur BO,322001,Delivery,BO,Jaipur,HQ Region Sawaimadhopur
Daulatpura BO,322001,Delivery,BO,Jaipur,HQ Region Sawaimadhopur
Ghameera BO,322001,Delivery,BO,Jaipur,HQ Region Sawaimadhopur
Mai Kalan BO,322001,Delivery,BO,Jaipur,HQ Region Sawaimadhopur
Mui BO,322001,Delivery,BO,Jaipur,HQ Region Sawaimadhopur
Rawanjana Doongar BO,322001,Delivery,BO,Jaipur,HQ Region Sawaimadhopur
Dakwa BO,322001,Delivery,BO,Jaipur,HQ Region Sawaimadhopur
Kustala BO,322001,Delivery,BO,Jaipur,HQ Region Sawaimadhopur
Allapur BO,322001,Delivery,BO,Jaipur,HQ Region Sawaimadhopur
Dhamun Khurd BO,322001,Delivery,BO,Jaipur,HQ Region Sawaimadhopur
Jinapur BO,322001,Delivery,BO,Jaipur,HQ Region Sawaimadhopur
Khijuri BO,322001,Delivery,BO,Jaipur,HQ Region Sawaimadhopur
Sawaimadhopur HO,322001,Delivery,HO,Jaipur,HQ Region Sawaimadhopur
Adarsh Nagar SO Sawai Madhopur,322001,Non-Delivery,PO,Jaipur,HQ Region Sawaimadhopur
Alanpur SO,322021,Delivery,PO,Jaipur,HQ Region Sawaimadhopur
Sawaimadhopur Bazar SO,322021,Non-Delivery,PO,Jaipur,HQ Region Sawaimadhopur
Sawaimadhopur Town SO,322021,Non-Delivery,PO,Jaipur,HQ Region Sawaimadhopur
Bonli SO,322023,Delivery,PO,Jaipur,HQ Region Sawaimadhopur
Bagdoli BO,322023,Delivery,BO,Jaipur,HQ Region Sawaimadhopur
Bapui BO,322023,Delivery,BO,Jaipur,HQ Region Sawaimadhopur
Bans Torda BO,322023,Delivery,BO,Jaipur,HQ Region Sawaimadhopur
Borda BO,322023,Delivery,BO,Jaipur,HQ Region Sawaimadhopur
Gungorad BO,322023,Delivery,BO,Jaipur,HQ Region Sawaimadhopur
Jhanun BO,322023,Delivery,BO,Jaipur,HQ Region Sawaimadhopur
Kolada BO,322023,Delivery,BO,Jaipur,HQ Region Sawaimadhopur
Kushalpura BO,322023,Delivery,BO,Jaipur,HQ Region Sawaimadhopur
Lakhanpur BO,322023,Delivery,BO,Jaipur,HQ Region Sawaimadhopur
Mitrapura BO,322023,Delivery,BO,Jaipur,HQ Region Sawaimadhopur
Moran BO,322023,Delivery,BO,Jaipur,HQ Region Sawaimadhopur
Nimod BO,322023,Delivery,BO,Jaipur,HQ Region Sawaimadhopur
Pipalwada BO,322023,Delivery,BO,Jaipur,HQ Region Sawaimadhopur
Rathod BO,322023,Delivery,BO,Jaipur,HQ Region Sawaimadhopur
Udgaon BO,322023,Delivery,BO,Jaipur,HQ Region Sawaimadhopur
Khirni SO,322024,Delivery,PO,Jaipur,HQ Region Sawaimadhopur
Bhadoti BO,322024,Delivery,BO,Jaipur,HQ Region Sawaimadhopur
Didwadi BO,322024,Delivery,BO,Jaipur,HQ Region Sawaimadhopur
Gambhira BO,322024,Delivery,BO,Jaipur,HQ Region Sawaimadhopur
Hathdoli BO,322024,Delivery,BO,Jaipur,HQ Region Sawaimadhopur
Hindupura BO,322024,Delivery,BO,Jaipur,HQ Region Sawaimadhopur
Jolanda BO,322024,Delivery,BO,Jaipur,HQ Region Sawaimadhopur
Mamdoli BO,322024,Delivery,BO,Jaipur,HQ Region Sawaimadhopur
Shesha BO,322024,Delivery,BO,Jaipur,HQ Region Sawaimadhopur
Khandar SO,322025,Delivery,PO,Jaipur,HQ Region Sawaimadhopur
Akhaigarh BO,322025,Delivery,BO,Jaipur,HQ Region Sawaimadhopur
Aniyala BO,322025,Delivery,BO,Jaipur,HQ Region Sawaimadhopur
Badwas BO,322025,Delivery,BO,Jaipur,HQ Region Sawaimadhopur
Baler BO,322025,Delivery,BO,Jaipur,HQ Region Sawaimadhopur
Barnawada BO,322025,Delivery,BO,Jaipur,HQ Region Sawaimadhopur
Barod BO,322025,Delivery,BO,Jaipur,HQ Region Sawaimadhopur
Bhahraonda Kalan BO,322025,Delivery,BO,Jaipur,HQ Region Sawaimadhopur
Bichpuri Gujran BO,322025,Delivery,BO,Jaipur,HQ Region Sawaimadhopur
Gandawar BO,322025,Delivery,BO,Jaipur,HQ Region Sawaimadhopur
Goth Bihari BO,322025,Delivery,BO,Jaipur,HQ Region Sawaimadhopur
Gothra BO,322025,Delivery,BO,Jaipur,HQ Region Sawaimadhopur
Kosra Chhareta Tod BO,322025,Delivery,BO,Jaipur,HQ Region Sawaimadhopur
Kuredi BO,322025,Delivery,BO,Jaipur,HQ Region Sawaimadhopur
Kyarda Kalan BO,322025,Delivery,BO,Jaipur,HQ Region Sawaimadhopur
Naypur BO,322025,Delivery,BO,Jaipur,HQ Region Sawaimadhopur
Padri BO,322025,Delivery,BO,Jaipur,HQ Region Sawaimadhopur
Redawat BO,322025,Delivery,BO,Jaipur,HQ Region Sawaimadhopur
Singor Kalan BO,322025,Delivery,BO,Jaipur,HQ Region Sawaimadhopur
Talwada BO,322025,Delivery,BO,Jaipur,HQ Region Sawaimadhopur
Phalodi Quarry SO,322026,Delivery,PO,Jaipur,HQ Region Sawaimadhopur
Chitara BO,322026,Delivery,BO,Jaipur,HQ Region Sawaimadhopur
Dangarwada BO,322026,Delivery,BO,Jaipur,HQ Region Sawaimadhopur
Dumoda BO,322026,Delivery,BO,Jaipur,HQ Region Sawaimadhopur
Lahsoda BO,322026,Delivery,BO,Jaipur,HQ Region Sawaimadhopur
Phalodi BO,322026,Delivery,BO,Jaipur,HQ Region Sawaimadhopur
Soorwal SO,322027,Delivery,PO,Jaipur,HQ Region Sawaimadhopur
Ajnoti BO,322027,Delivery,BO,Jaipur,HQ Region Sawaimadhopur
Dhanoli BO,322027,Delivery,BO,Jaipur,HQ Region Sawaimadhopur
Dubbi BO,322027,Delivery,BO,Jaipur,HQ Region Sawaimadhopur
Jadawata BO,322027,Delivery,BO,Jaipur,HQ Region Sawaimadhopur
Karmoda BO,322027,Delivery,BO,Jaipur,HQ Region Sawaimadhopur
Mainpura BO,322027,Delivery,BO,Jaipur,HQ Region Sawaimadhopur
Nindarda BO,322027,Delivery,BO,Jaipur,HQ Region Sawaimadhopur
Ramdi BO,322027,Delivery,BO,Jaipur,HQ Region Sawaimadhopur
Sunari BO,322027,Delivery,BO,Jaipur,HQ Region Sawaimadhopur
Malrna Doongar SO,322028,Delivery,PO,Jaipur,HQ Region Sawaimadhopur
Behted BO,322028,Delivery,BO,Jaipur,HQ Region Sawaimadhopur
Bhooka BO,322028,Delivery,BO,Jaipur,HQ Region Sawaimadhopur
Falsawata BO,322028,Delivery,BO,Jaipur,HQ Region Sawaimadhopur
Morpa BO,322028,Delivery,BO,Jaipur,HQ Region Sawaimadhopur
Kundera SO,322029,Delivery,PO,Jaipur,HQ Region Sawaimadhopur
Bhadlav BO,322029,Delivery,BO,Jaipur,HQ Region Sawaimadhopur
Chharoda BO,322029,Delivery,BO,Jaipur,HQ Region Sawaimadhopur
Endwa BO,322029,Delivery,BO,Jaipur,HQ Region Sawaimadhopur
Rawal BO,322029,Delivery,BO,Jaipur,HQ Region Sawaimadhopur
Shayampura BO,322029,Delivery,BO,Jaipur,HQ Region Sawaimadhopur
Malrna Chaur SO,322030,Delivery,PO,Jaipur,HQ Region Sawaimadhopur
Datooli BO,322030,Delivery,BO,Jaipur,HQ Region Sawaimadhopur
Galad Kalan BO,322030,Delivery,BO,Jaipur,HQ Region Sawaimadhopur
Gotod BO,322030,Delivery,BO,Jaipur,HQ Region Sawaimadhopur
Jastana BO,322030,Delivery,BO,Jaipur,HQ Region Sawaimadhopur
Kodyai BO,322030,Delivery,BO,Jaipur,HQ Region Sawaimadhopur
Nimod BO,322030,Delivery,BO,Jaipur,HQ Region Sawaimadhopur
Pipalda BO,322030,Delivery,BO,Jaipur,HQ Region Sawaimadhopur
Taranpur BO,322030,Delivery,BO,Jaipur,HQ Region Sawaimadhopur
Malarna R S SO,322033,Delivery,PO,Jaipur,HQ Region Sawaimadhopur
Bhoori Pahari BO,322033,Delivery,BO,Jaipur,HQ Region Sawaimadhopur
Bichhi Doona BO,322033,Delivery,BO,Jaipur,HQ Region Sawaimadhopur
Doongri BO,322033,Delivery,BO,Jaipur,HQ Region Sawaimadhopur
Fatehpur BO,322033,Delivery,BO,Jaipur,HQ Region Sawaimadhopur
Hadoti BO,322033,Delivery,BO,Jaipur,HQ Region Sawaimadhopur
Maksudanpura BO,322033,Delivery,BO,Jaipur,HQ Region Sawaimadhopur
Chakeri SO,322034,Delivery,PO,Jaipur,HQ Region Sawaimadhopur
Aulwada BO,322034,Delivery,BO,Jaipur,HQ Region Sawaimadhopur
Badolas BO,322034,Delivery,BO,Jaipur,HQ Region Sawaimadhopur
Makholi BO,322034,Delivery,BO,Jaipur,HQ Region Sawaimadhopur
Padana BO,322034,Delivery,BO,Jaipur,HQ Region Sawaimadhopur
Selu BO,322034,Delivery,BO,Jaipur,HQ Region Sawaimadhopur
Khoontala BO,322201,Delivery,BO,Jaipur,HQ Region Sawaimadhopur
Koyla BO,322201,Delivery,BO,Jaipur,HQ Region Sawaimadhopur
Udaikalan BO,322201,Delivery,BO,Jaipur,HQ Region Sawaimadhopur
Amargarh Chaur BO,322201,Delivery,BO,Jaipur,HQ Region Sawaimadhopur
Badhkalan BO,322201,Delivery,BO,Jaipur,HQ Region Sawaimadhopur
Bucholai BO,322201,Delivery,BO,Jaipur,HQ Region Sawaimadhopur
Lalpur Umri BO,322201,Delivery,BO,Jaipur,HQ Region Sawaimadhopur
Ahmadpur BO,322201,Delivery,BO,Jaipur,HQ Region Sawaimadhopur
Sumel BO,322201,Delivery,BO,Jaipur,HQ Region Sawaimadhopur
Talawada BO,322201,Delivery,BO,Jaipur,HQ Region Sawaimadhopur
Baman Baroda BO,322201,Delivery,BO,Jaipur,HQ Region Sawaimadhopur
Nogaon BO,322201,Delivery,BO,Jaipur,HQ Region Sawaimadhopur
Kunkata Kalan BO,322201,Delivery,BO,Jaipur,HQ Region Sawaimadhopur
Gangapur HO,322201,Delivery,HO,Jaipur,HQ Region Sawaimadhopur
Gangapur Bazar SO,322201,Non-Delivery,PO,Jaipur,HQ Region Sawaimadhopur
Krishi Upaj Mandi Gangapur SO,322201,Non-Delivery,PO,Jaipur,HQ Region Sawaimadhopur
New Mandi Gangapur SO,322201,Non-Delivery,PO,Jaipur,HQ Region Sawaimadhopur
Railway Colony Gangapur SO,322201,Non-Delivery,PO,Jaipur,HQ Region Sawaimadhopur
Mahukala SO,322202,Delivery,PO,Jaipur,HQ Region Sawaimadhopur
Baloti BO,322202,Delivery,BO,Jaipur,HQ Region Sawaimadhopur
Chhawa BO,322202,Delivery,BO,Jaipur,HQ Region Sawaimadhopur
Chuli BO,322202,Delivery,BO,Jaipur,HQ Region Sawaimadhopur
Khanpur Baroda BO,322202,Delivery,BO,Jaipur,HQ Region Sawaimadhopur
Kherla BO,322202,Delivery,BO,Jaipur,HQ Region Sawaimadhopur
Nimoda R S BO,322202,Delivery,BO,Jaipur,HQ Region Sawaimadhopur
Salempur BO,322202,Delivery,BO,Jaipur,HQ Region Sawaimadhopur
Sankara BO,322202,Delivery,BO,Jaipur,HQ Region Sawaimadhopur
Toksi BO,322202,Delivery,BO,Jaipur,HQ Region Sawaimadhopur
Narauli Dang SO,322203,Delivery,PO,Jaipur,HQ Region Sawaimadhopur
Baroda Gajrajpal BO,322203,Delivery,BO,Jaipur,HQ Region Sawaimadhopur
Chauragon BO,322203,Delivery,BO,Jaipur,HQ Region Sawaimadhopur
Eket BO,322203,Delivery,BO,Jaipur,HQ Region Sawaimadhopur
Jirota BO,322203,Delivery,BO,Jaipur,HQ Region Sawaimadhopur
Jiwatkheda BO,322203,Delivery,BO,Jaipur,HQ Region Sawaimadhopur
Jodli BO,322203,Delivery,BO,Jaipur,HQ Region Sawaimadhopur
Khidarpur BO,322203,Delivery,BO,Jaipur,HQ Region Sawaimadhopur
Masawata BO,322203,Delivery,BO,Jaipur,HQ Region Sawaimadhopur
Narayanpur Tatwara BO,322203,Delivery,BO,Jaipur,HQ Region Sawaimadhopur
Shahar SO,322204,Delivery,PO,Jaipur,HQ Region Sawaimadhopur
Badasawata BO,322204,Delivery,BO,Jaipur,HQ Region Sawaimadhopur
Bagor BO,322204,Delivery,BO,Jaipur,HQ Region Sawaimadhopur
Kunjela BO,322204,Delivery,BO,Jaipur,HQ Region Sawaimadhopur
Lawad BO,322204,Delivery,BO,Jaipur,HQ Region Sawaimadhopur
Gandal BO,322204,Delivery,BO,Jaipur,HQ Region Sawaimadhopur
Sop BO,322204,Delivery,BO,Jaipur,HQ Region Sawaimadhopur
Piloda SO,322205,Delivery,PO,Jaipur,HQ Region Sawaimadhopur
Baglai BO,322205,Delivery,BO,Jaipur,HQ Region Sawaimadhopur
Choti Udai BO,322205,Delivery,BO,Jaipur,HQ Region Sawaimadhopur
Khandeep BO,322205,Delivery,BO,Jaipur,HQ Region Sawaimadhopur
Mahanandpur BO,322205,Delivery,BO,Jaipur,HQ Region Sawaimadhopur
Mohcha BO,322205,Delivery,BO,Jaipur,HQ Region Sawaimadhopur
Bamanwas SO,322211,Delivery,PO,Jaipur,HQ Region Sawaimadhopur
Badila BO,322211,Delivery,BO,Jaipur,HQ Region Sawaimadhopur
Dungarwada BO,322211,Delivery,BO,Jaipur,HQ Region Sawaimadhopur
Jahra BO,322211,Delivery,BO,Jaipur,HQ Region Sawaimadhopur
Kakrala BO,322211,Delivery,BO,Jaipur,HQ Region Sawaimadhopur
Liwali BO,322211,Delivery,BO,Jaipur,HQ Region Sawaimadhopur
Meena Koleta BO,322211,Delivery,BO,Jaipur,HQ Region Sawaimadhopur
Raghopura BO,322211,Delivery,BO,Jaipur,HQ Region Sawaimadhopur
Ranila BO,322211,Delivery,BO,Jaipur,HQ Region Sawaimadhopur
Shafipura BO,322211,Delivery,BO,Jaipur,HQ Region Sawaimadhopur
Tundila BO,322211,Delivery,BO,Jaipur,HQ Region Sawaimadhopur
Garhmoran SO,322212,Delivery,PO,Jaipur,HQ Region Sawaimadhopur
Amavragarh BO,322212,Delivery,BO,Jaipur,HQ Region Sawaimadhopur
Bhanwara BO,322212,Delivery,BO,Jaipur,HQ Region Sawaimadhopur
Bichpuri BO,322212,Delivery,BO,Jaipur,HQ Region Sawaimadhopur
Chirawanda BO,322212,Delivery,BO,Jaipur,HQ Region Sawaimadhopur
Riwali BO,322212,Delivery,BO,Jaipur,HQ Region Sawaimadhopur
Sukar BO,322212,Delivery,BO,Jaipur,HQ Region Sawaimadhopur
Gudhachandraji SO,322213,Delivery,PO,Jaipur,HQ Region Sawaimadhopur
Chainpura BO,322213,Delivery,BO,Jaipur,HQ Region Sawaimadhopur
Dhawan BO,322213,Delivery,BO,Jaipur,HQ Region Sawaimadhopur
Dholeta BO,322213,Delivery,BO,Jaipur,HQ Region Sawaimadhopur
Jahira BO,322213,Delivery,BO,Jaipur,HQ Region Sawaimadhopur
Kamalpura BO,322213,Delivery,BO,Jaipur,HQ Region Sawaimadhopur
Kheda Malupada BO,322213,Delivery,BO,Jaipur,HQ Region Sawaimadhopur
Pal BO,322213,Delivery,BO,Jaipur,HQ Region Sawaimadhopur
Rajaheda BO,322213,Delivery,BO,Jaipur,HQ Region Sawaimadhopur
Rajpura BO,322213,Delivery,BO,Jaipur,HQ Region Sawaimadhopur
TALCHIDA BO,322213,Delivery,BO,Jaipur,HQ Region Sawaimadhopur
Timawa BO,322213,Delivery,BO,Jaipur,HQ Region Sawaimadhopur
Piplai SO,322214,Delivery,PO,Jaipur,HQ Region Sawaimadhopur
Bairada BO,322214,Delivery,BO,Jaipur,HQ Region Sawaimadhopur
Barnala BO,322214,Delivery,BO,Jaipur,HQ Region Sawaimadhopur
Batoda BO,322214,Delivery,BO,Jaipur,HQ Region Sawaimadhopur
Bhanwar BO,322214,Delivery,BO,Jaipur,HQ Region Sawaimadhopur
Bichhoch BO,322214,Delivery,BO,Jaipur,HQ Region Sawaimadhopur
Binjari BO,322214,Delivery,BO,Jaipur,HQ Region Sawaimadhopur
Chandanholi BO,322214,Delivery,BO,Jaipur,HQ Region Sawaimadhopur
Dabar BO,322214,Delivery,BO,Jaipur,HQ Region Sawaimadhopur
Jiwad BO,322214,Delivery,BO,Jaipur,HQ Region Sawaimadhopur
Kherli BO,322214,Delivery,BO,Jaipur,HQ Region Sawaimadhopur
Mehrawar BO,322214,Delivery,BO,Jaipur,HQ Region Sawaimadhopur
Narauli Chaur BO,322214,Delivery,BO,Jaipur,HQ Region Sawaimadhopur
Palasod BO,322214,Delivery,BO,Jaipur,HQ Region Sawaimadhopur
Phulwada BO,322214,Delivery,BO,Jaipur,HQ Region Sawaimadhopur
Sancholi BO,322214,Delivery,BO,Jaipur,HQ Region Sawaimadhopur
Sitod BO,322214,Delivery,BO,Jaipur,HQ Region Sawaimadhopur
Sundery BO,322214,Delivery,BO,Jaipur,HQ Region Sawaimadhopur
Nadoti SO,322215,Delivery,PO,Jaipur,HQ Region Sawaimadhopur
Bardala BO,322215,Delivery,BO,Jaipur,HQ Region Sawaimadhopur
Dahariya BO,322215,Delivery,BO,Jaipur,HQ Region Sawaimadhopur
Dalpura BO,322215,Delivery,BO,Jaipur,HQ Region Sawaimadhopur
Datasuti  BO,322215,Delivery,BO,Jaipur,HQ Region Sawaimadhopur
Garhkheda BO,322215,Delivery,BO,Jaipur,HQ Region Sawaimadhopur
Jirna BO,322215,Delivery,BO,Jaipur,HQ Region Sawaimadhopur
Jitkipur BO,322215,Delivery,BO,Jaipur,HQ Region Sawaimadhopur
Kema BO,322215,Delivery,BO,Jaipur,HQ Region Sawaimadhopur
Raysana BO,322215,Delivery,BO,Jaipur,HQ Region Sawaimadhopur
Salawad BO,322215,Delivery,BO,Jaipur,HQ Region Sawaimadhopur
Kemri SO Karauli,322216,Delivery,PO,Jaipur,HQ Region Sawaimadhopur
Badagaon BO,322216,Delivery,BO,Jaipur,HQ Region Sawaimadhopur
Bhilapada BO,322216,Delivery,BO,Jaipur,HQ Region Sawaimadhopur
Mohanpura BO,322216,Delivery,BO,Jaipur,HQ Region Sawaimadhopur
Tesgaon BO,322216,Delivery,BO,Jaipur,HQ Region Sawaimadhopur
Sapotara SO,322218,Delivery,PO,Jaipur,HQ Region Sawaimadhopur
Amargarh Dang BO,322218,Delivery,BO,Jaipur,HQ Region Sawaimadhopur
Amarwad BO,322218,Delivery,BO,Jaipur,HQ Region Sawaimadhopur
Bagida BO,322218,Delivery,BO,Jaipur,HQ Region Sawaimadhopur
Bajna BO,322218,Delivery,BO,Jaipur,HQ Region Sawaimadhopur
Bukna BO,322218,Delivery,BO,Jaipur,HQ Region Sawaimadhopur
Daulatpura BO,322218,Delivery,BO,Jaipur,HQ Region Sawaimadhopur
Gothra BO,322218,Delivery,BO,Jaipur,HQ Region Sawaimadhopur
Inayati BO,322218,Delivery,BO,Jaipur,HQ Region Sawaimadhopur
Jakhoda BO,322218,Delivery,BO,Jaipur,HQ Region Sawaimadhopur
Kalyanpura BO,322218,Delivery,BO,Jaipur,HQ Region Sawaimadhopur
Kishorpura BO,322218,Delivery,BO,Jaipur,HQ Region Sawaimadhopur
Luloj BO,322218,Delivery,BO,Jaipur,HQ Region Sawaimadhopur
Ramthara BO,322218,Delivery,BO,Jaipur,HQ Region Sawaimadhopur
Vapoti BO,322218,Delivery,BO,Jaipur,HQ Region Sawaimadhopur
Wazirpur SO,322219,Delivery,PO,Jaipur,HQ Region Sawaimadhopur
Baroli BO,322219,Delivery,BO,Jaipur,HQ Region Sawaimadhopur
Binega BO,322219,Delivery,BO,Jaipur,HQ Region Sawaimadhopur
Jiwali BO,322219,Delivery,BO,Jaipur,HQ Region Sawaimadhopur
Medi BO,322219,Delivery,BO,Jaipur,HQ Region Sawaimadhopur
Meena Baroda BO,322219,Delivery,BO,Jaipur,HQ Region Sawaimadhopur
Parita BO,322219,Delivery,BO,Jaipur,HQ Region Sawaimadhopur
Pawata Gaddi BO,322219,Delivery,BO,Jaipur,HQ Region Sawaimadhopur
Phulwada Popat BO,322219,Delivery,BO,Jaipur,HQ Region Sawaimadhopur
Raipur BO,322219,Delivery,BO,Jaipur,HQ Region Sawaimadhopur
Sengarpura BO,322219,Delivery,BO,Jaipur,HQ Region Sawaimadhopur
Seva BO,322219,Delivery,BO,Jaipur,HQ Region Sawaimadhopur
Shyaroli BO,322219,Delivery,BO,Jaipur,HQ Region Sawaimadhopur
Shrimahaveerji SO,322220,Delivery,PO,Jaipur,HQ Region Sawaimadhopur
Chandangaon BO,322220,Delivery,BO,Jaipur,HQ Region Sawaimadhopur
Danalpur BO,322220,Delivery,BO,Jaipur,HQ Region Sawaimadhopur
Kemla BO,322220,Delivery,BO,Jaipur,HQ Region Sawaimadhopur
Maheswa BO,322220,Delivery,BO,Jaipur,HQ Region Sawaimadhopur
Nisura BO,322220,Delivery,BO,Jaipur,HQ Region Sawaimadhopur
Pahadiyanagar BO,322220,Delivery,BO,Jaipur,HQ Region Sawaimadhopur
Ranoli BO,322220,Delivery,BO,Jaipur,HQ Region Sawaimadhopur
Rendayal Gurjar BO,322220,Delivery,BO,Jaipur,HQ Region Sawaimadhopur
Ronsi BO,322220,Delivery,BO,Jaipur,HQ Region Sawaimadhopur
Shantiveer Nagar BO,322220,Delivery,BO,Jaipur,HQ Region Sawaimadhopur
Shekhpura BO,322220,Delivery,BO,Jaipur,HQ Region Sawaimadhopur
Dahra BO,322230,Delivery,BO,Jaipur,HQ Region Sawaimadhopur
Karsoli BO,322230,Delivery,BO,Jaipur,HQ Region Sawaimadhopur
Kyarda Khurd BO,322230,Delivery,BO,Jaipur,HQ Region Sawaimadhopur
Singhania BO,322230,Delivery,BO,Jaipur,HQ Region Sawaimadhopur
Bargama BO,322230,Delivery,BO,Jaipur,HQ Region Sawaimadhopur
Jhareda BO,322230,Delivery,BO,Jaipur,HQ Region Sawaimadhopur
Lapawali BO,322230,Delivery,BO,Jaipur,HQ Region Sawaimadhopur
Bhopar BO,322230,Delivery,BO,Jaipur,HQ Region Sawaimadhopur
Kanjoli BO,322230,Delivery,BO,Jaipur,HQ Region Sawaimadhopur
Salempur BO,322230,Delivery,BO,Jaipur,HQ Region Sawaimadhopur
Sikroda Meena BO,322230,Delivery,BO,Jaipur,HQ Region Sawaimadhopur
Khareta BO,322230,Delivery,BO,Jaipur,HQ Region Sawaimadhopur
Nagala Meena BO,322230,Delivery,BO,Jaipur,HQ Region Sawaimadhopur
Bajna Kalan BO,322230,Delivery,BO,Jaipur,HQ Region Sawaimadhopur
Kanchroli BO,322230,Delivery,BO,Jaipur,HQ Region Sawaimadhopur
Katara Ajij BO,322230,Delivery,BO,Jaipur,HQ Region Sawaimadhopur
Lahchoda BO,322230,Delivery,BO,Jaipur,HQ Region Sawaimadhopur
Mandawara BO,322230,Delivery,BO,Jaipur,HQ Region Sawaimadhopur
Hindaun HO,322230,Delivery,HO,Jaipur,HQ Region Sawaimadhopur
Hindaun City SO,322230,Non-Delivery,PO,Jaipur,HQ Region Sawaimadhopur
Hindaun Mandi SO,322230,Non-Delivery,PO,Jaipur,HQ Region Sawaimadhopur
Kheda SO,322234,Delivery,PO,Jaipur,HQ Region Sawaimadhopur
Gavda Meena BO,322234,Delivery,BO,Jaipur,HQ Region Sawaimadhopur
Irenia BO,322234,Delivery,BO,Jaipur,HQ Region Sawaimadhopur
Katkad BO,322234,Delivery,BO,Jaipur,HQ Region Sawaimadhopur
Kotri BO,322234,Delivery,BO,Jaipur,HQ Region Sawaimadhopur
Muthiyapur BO,322234,Delivery,BO,Jaipur,HQ Region Sawaimadhopur
Sanet BO,322234,Delivery,BO,Jaipur,HQ Region Sawaimadhopur
Shri Mahaveerji R S BO,322234,Delivery,BO,Jaipur,HQ Region Sawaimadhopur
Todupura BO,322234,Delivery,BO,Jaipur,HQ Region Sawaimadhopur
Vajeda BO,322234,Delivery,BO,Jaipur,HQ Region Sawaimadhopur
Palanpur BO,322234,Non-Delivery,BO,Jaipur,HQ Region Sawaimadhopur
Dhindora SO,322236,Delivery,PO,Jaipur,HQ Region Sawaimadhopur
Dukawali BO,322236,Delivery,BO,Jaipur,HQ Region Sawaimadhopur
Hukmikheda BO,322236,Delivery,BO,Jaipur,HQ Region Sawaimadhopur
Jagar BO,322236,Delivery,BO,Jaipur,HQ Region Sawaimadhopur
Jatnagla BO,322236,Delivery,BO,Jaipur,HQ Region Sawaimadhopur
Khedihewat BO,322236,Delivery,BO,Jaipur,HQ Region Sawaimadhopur
Pali BO,322236,Delivery,BO,Jaipur,HQ Region Sawaimadhopur
Sherpur BO,322236,Delivery,BO,Jaipur,HQ Region Sawaimadhopur
Vijaypura BO,322236,Delivery,BO,Jaipur,HQ Region Sawaimadhopur
Sakarghata BO,322236,Delivery,BO,Jaipur,HQ Region Sawaimadhopur
Balghat SO,322238,Delivery,PO,Jaipur,HQ Region Sawaimadhopur
Badleta Khurd BO,322238,Delivery,BO,Jaipur,HQ Region Sawaimadhopur
Bhandari Anduruni BO,322238,Delivery,BO,Jaipur,HQ Region Sawaimadhopur
Kudhawal BO,322238,Delivery,BO,Jaipur,HQ Region Sawaimadhopur
Morda BO,322238,Delivery,BO,Jaipur,HQ Region Sawaimadhopur
Nangal Pahadi BO,322238,Delivery,BO,Jaipur,HQ Region Sawaimadhopur
Pahadi BO,322238,Delivery,BO,Jaipur,HQ Region Sawaimadhopur
Urden BO,322238,Delivery,BO,Jaipur,HQ Region Sawaimadhopur
Karauli SO,322241,Delivery,PO,Jaipur,HQ Region Sawaimadhopur
Ata BO,322241,Delivery,BO,Jaipur,HQ Region Sawaimadhopur
Barkheda BO,322241,Delivery,BO,Jaipur,HQ Region Sawaimadhopur
Chainpur BO,322241,Delivery,BO,Jaipur,HQ Region Sawaimadhopur
Fatehpur BO,322241,Delivery,BO,Jaipur,HQ Region Sawaimadhopur
Gadholi BO,322241,Delivery,BO,Jaipur,HQ Region Sawaimadhopur
Gudla BO,322241,Delivery,BO,Jaipur,HQ Region Sawaimadhopur
Gunesera BO,322241,Delivery,BO,Jaipur,HQ Region Sawaimadhopur
Kondar BO,322241,Delivery,BO,Jaipur,HQ Region Sawaimadhopur
Manchi BO,322241,Delivery,BO,Jaipur,HQ Region Sawaimadhopur
Mandakheda BO,322241,Delivery,BO,Jaipur,HQ Region Sawaimadhopur
Pipalpura BO,322241,Delivery,BO,Jaipur,HQ Region Sawaimadhopur
Raghuvanshi BO,322241,Delivery,BO,Jaipur,HQ Region Sawaimadhopur
Rondkala BO,322241,Delivery,BO,Jaipur,HQ Region Sawaimadhopur
Saiypur BO,322241,Delivery,BO,Jaipur,HQ Region Sawaimadhopur
Sunderpura BO,322241,Delivery,BO,Jaipur,HQ Region Sawaimadhopur
Tulsipura BO,322241,Delivery,BO,Jaipur,HQ Region Sawaimadhopur
Court Karauli SO,322241,Non-Delivery,PO,Jaipur,HQ Region Sawaimadhopur
Phoota Kot Karauli SO,322241,Non-Delivery,PO,Jaipur,HQ Region Sawaimadhopur
Masalpur SO,322242,Delivery,PO,Jaipur,HQ Region Sawaimadhopur
Bhawali BO,322242,Delivery,BO,Jaipur,HQ Region Sawaimadhopur
Chhabar BO,322242,Delivery,BO,Jaipur,HQ Region Sawaimadhopur
Gubreda BO,322242,Delivery,BO,Jaipur,HQ Region Sawaimadhopur
Gurda BO,322242,Delivery,BO,Jaipur,HQ Region Sawaimadhopur
Jamura BO,322242,Delivery,BO,Jaipur,HQ Region Sawaimadhopur
Kanchanpur BO,322242,Delivery,BO,Jaipur,HQ Region Sawaimadhopur
Khedia BO,322242,Delivery,BO,Jaipur,HQ Region Sawaimadhopur
Khunda BO,322242,Delivery,BO,Jaipur,HQ Region Sawaimadhopur
Narayana BO,322242,Delivery,BO,Jaipur,HQ Region Sawaimadhopur
Ratiyapura BO,322242,Delivery,BO,Jaipur,HQ Region Sawaimadhopur
Rundh Ka Pura BO,322242,Delivery,BO,Jaipur,HQ Region Sawaimadhopur
Siloti BO,322242,Delivery,BO,Jaipur,HQ Region Sawaimadhopur
Kailadevi SO,322243,Delivery,PO,Jaipur,HQ Region Sawaimadhopur
Ateiwa BO,322243,Delivery,BO,Jaipur,HQ Region Sawaimadhopur
Kalyani BO,322243,Delivery,BO,Jaipur,HQ Region Sawaimadhopur
Karanpur BO,322243,Delivery,BO,Jaipur,HQ Region Sawaimadhopur
Karsai BO,322243,Delivery,BO,Jaipur,HQ Region Sawaimadhopur
Khohri BO,322243,Delivery,BO,Jaipur,HQ Region Sawaimadhopur
Kota BO,322243,Delivery,BO,Jaipur,HQ Region Sawaimadhopur
Lohara BO,322243,Delivery,BO,Jaipur,HQ Region Sawaimadhopur
Maholi BO,322243,Delivery,BO,Jaipur,HQ Region Sawaimadhopur
Marmada BO,322243,Delivery,BO,Jaipur,HQ Region Sawaimadhopur
Nanpur BO,322243,Delivery,BO,Jaipur,HQ Region Sawaimadhopur
Nibhera BO,322243,Delivery,BO,Jaipur,HQ Region Sawaimadhopur
Rajor BO,322243,Delivery,BO,Jaipur,HQ Region Sawaimadhopur
Rampur Dhabai BO,322243,Delivery,BO,Jaipur,HQ Region Sawaimadhopur
Toda BO,322243,Delivery,BO,Jaipur,HQ Region Sawaimadhopur
Langra SO,322249,Delivery,PO,Jaipur,HQ Region Sawaimadhopur
Bahadurpur BO,322249,Delivery,BO,Jaipur,HQ Region Sawaimadhopur
Bhankari BO,322249,Delivery,BO,Jaipur,HQ Region Sawaimadhopur
Bugdar BO,322249,Delivery,BO,Jaipur,HQ Region Sawaimadhopur
Harnagar BO,322249,Delivery,BO,Jaipur,HQ Region Sawaimadhopur
Khoobnagar BO,322249,Delivery,BO,Jaipur,HQ Region Sawaimadhopur
Sasedi BO,322249,Delivery,BO,Jaipur,HQ Region Sawaimadhopur
Mandrail SO,322251,Delivery,PO,Jaipur,HQ Region Sawaimadhopur
Aound BO,322251,Delivery,BO,Jaipur,HQ Region Sawaimadhopur
Chandelipura BO,322251,Delivery,BO,Jaipur,HQ Region Sawaimadhopur
Dhoreta BO,322251,Delivery,BO,Jaipur,HQ Region Sawaimadhopur
Kased BO,322251,Delivery,BO,Jaipur,HQ Region Sawaimadhopur
Mongepura BO,322251,Delivery,BO,Jaipur,HQ Region Sawaimadhopur
Ninder BO,322251,Delivery,BO,Jaipur,HQ Region Sawaimadhopur
Pancholi BO,322251,Delivery,BO,Jaipur,HQ Region Sawaimadhopur
Ranipura BO,322251,Delivery,BO,Jaipur,HQ Region Sawaimadhopur
Rodhai BO,322251,Delivery,BO,Jaipur,HQ Region Sawaimadhopur
Suroth SO,322252,Delivery,PO,Jaipur,HQ Region Sawaimadhopur
Bhukrawali BO,322252,Delivery,BO,Jaipur,HQ Region Sawaimadhopur
Dhanda BO,322252,Delivery,BO,Jaipur,HQ Region Sawaimadhopur
Jatwada BO,322252,Delivery,BO,Jaipur,HQ Region Sawaimadhopur
Somla BO,322252,Delivery,BO,Jaipur,HQ Region Sawaimadhopur
Tali BO,322252,Delivery,BO,Jaipur,HQ Region Sawaimadhopur
Ghonsla SO,322254,Delivery,PO,Jaipur,HQ Region Sawaimadhopur
Devlane BO,322254,Delivery,BO,Jaipur,HQ Region Sawaimadhopur
Jagdishpura BO,322254,Delivery,BO,Jaipur,HQ Region Sawaimadhopur
Kherli Gurjar BO,322254,Delivery,BO,Jaipur,HQ Region Sawaimadhopur
Mohammedpur BO,322254,Delivery,BO,Jaipur,HQ Region Sawaimadhopur
Mundia BO,322254,Delivery,BO,Jaipur,HQ Region Sawaimadhopur
Thigharia BO,322254,Delivery,BO,Jaipur,HQ Region Sawaimadhopur
Kurgaon SO,322255,Delivery,PO,Jaipur,HQ Region Sawaimadhopur
Bariya BO,322255,Delivery,BO,Jaipur,HQ Region Sawaimadhopur
Bhartun BO,322255,Delivery,BO,Jaipur,HQ Region Sawaimadhopur
Bijalpur BO,322255,Delivery,BO,Jaipur,HQ Region Sawaimadhopur
Dabra BO,322255,Delivery,BO,Jaipur,HQ Region Sawaimadhopur
Gairai BO,322255,Delivery,BO,Jaipur,HQ Region Sawaimadhopur
Jahangirpur BO,322255,Delivery,BO,Jaipur,HQ Region Sawaimadhopur
Kachroda BO,322255,Delivery,BO,Jaipur,HQ Region Sawaimadhopur
Kashipura BO,322255,Delivery,BO,Jaipur,HQ Region Sawaimadhopur
Ledia BO,322255,Delivery,BO,Jaipur,HQ Region Sawaimadhopur
Makanpur BO,322255,Delivery,BO,Jaipur,HQ Region Sawaimadhopur
Mandawra BO,322255,Delivery,BO,Jaipur,HQ Region Sawaimadhopur
Mahmadpur BO,322255,Delivery,BO,Jaipur,HQ Region Sawaimadhopur
Samerda BO,322255,Delivery,BO,Jaipur,HQ Region Sawaimadhopur
Shaikhpura BO,322255,Delivery,BO,Jaipur,HQ Region Sawaimadhopur
Bhagwatgarh SO,322701,Delivery,PO,Jaipur,HQ Region Sawaimadhopur
Adalwada Kalan BO,322701,Delivery,BO,Jaipur,HQ Region Sawaimadhopur
Jatwara Kalan BO,322701,Delivery,BO,Jaipur,HQ Region Sawaimadhopur
Jhopra BO,322701,Delivery,BO,Jaipur,HQ Region Sawaimadhopur
Jonla BO,322701,Delivery,BO,Jaipur,HQ Region Sawaimadhopur
Lorwara BO,322701,Delivery,BO,Jaipur,HQ Region Sawaimadhopur
Chauth Ka Barwara SO,322702,Delivery,PO,Jaipur,HQ Region Sawaimadhopur
Badagaon Didayach BO,322702,Delivery,BO,Jaipur,HQ Region Sawaimadhopur
Bagina BO,322702,Delivery,BO,Jaipur,HQ Region Sawaimadhopur
Balaria BO,322702,Delivery,BO,Jaipur,HQ Region Sawaimadhopur
Bhedola BO,322702,Delivery,BO,Jaipur,HQ Region Sawaimadhopur
Banjari BO,322702,Delivery,BO,Jaipur,HQ Region Sawaimadhopur
Panwdera BO,322702,Delivery,BO,Jaipur,HQ Region Sawaimadhopur
Rajmana BO,322702,Delivery,BO,Jaipur,HQ Region Sawaimadhopur
Isharda SO,322703,Delivery,PO,Jaipur,HQ Region Sawaimadhopur
Ancher BO,322703,Delivery,BO,Jaipur,HQ Region Sawaimadhopur
Sarsop BO,322703,Delivery,BO,Jaipur,HQ Region Sawaimadhopur
Tapur BO,322703,Delivery,BO,Jaipur,HQ Region Sawaimadhopur
Shiwar SO,322704,Delivery,PO,Jaipur,HQ Region Sawaimadhopur
Mahapura BO,322704,Delivery,BO,Jaipur,HQ Region Sawaimadhopur
Barmer H.O,344001,Delivery,HO,Jodhpur,Region Barmer
Bhanwarlai B.O,344001,Delivery,BO,Jodhpur,Region Barmer
Derasar B.O,344001,Delivery,BO,Jodhpur,Region Barmer
Garal B.O,344001,Delivery,BO,Jodhpur,Region Barmer
Jalipa B.O,344001,Delivery,BO,Jodhpur,Region Barmer
Magne Ki Dhani B.O,344001,Delivery,BO,Jodhpur,Region Barmer
Mahabar B.O,344001,Delivery,BO,Jodhpur,Region Barmer
Khara Rathodan B.O,344001,Delivery,BO,Jodhpur,Region Barmer
Langera B.O,344001,Delivery,BO,Jodhpur,Region Barmer
Mithra Khurd B.O,344001,Delivery,BO,Jodhpur,Region Barmer
Gangala B.O,344001,Delivery,BO,Jodhpur,Region Barmer
Gehun B.O,344001,Delivery,BO,Jodhpur,Region Barmer
Hapon Ki Dhani B.O,344001,Delivery,BO,Jodhpur,Region Barmer
Indroi B.O,344001,Delivery,BO,Jodhpur,Region Barmer
Redana B.O,344001,Delivery,BO,Jodhpur,Region Barmer
Atimalani B.O,344001,Delivery,BO,Jodhpur,Region Barmer
Barmer Agore B.O,344001,Delivery,BO,Jodhpur,Region Barmer
Khudasa B.O,344001,Delivery,BO,Jodhpur,Region Barmer
Bola B.O,344001,Delivery,BO,Jodhpur,Region Barmer
Malpura B.O,344001,Delivery,BO,Jodhpur,Region Barmer
Nokh B.O,344001,Delivery,BO,Jodhpur,Region Barmer
Para B.O,344001,Delivery,BO,Jodhpur,Region Barmer
Sinyani B.O,344001,Delivery,BO,Jodhpur,Region Barmer
Jasai B.O,344001,Delivery,BO,Jodhpur,Region Barmer
Jaydu B.O,344001,Delivery,BO,Jodhpur,Region Barmer
Shivkar B.O,344001,Delivery,BO,Jodhpur,Region Barmer
Kagau B.O,344001,Delivery,BO,Jodhpur,Region Barmer
Kapurdi B.O,344001,Delivery,BO,Jodhpur,Region Barmer
Khadeen B.O,344001,Delivery,BO,Jodhpur,Region Barmer
Bhadkha B.O,344001,Delivery,BO,Jodhpur,Region Barmer
Hathma B.O,344001,Delivery,BO,Jodhpur,Region Barmer
Kharia Tala B.O,344001,Delivery,BO,Jodhpur,Region Barmer
Kurla B.O,344001,Delivery,BO,Jodhpur,Region Barmer
Marudi B.O,344001,Delivery,BO,Jodhpur,Region Barmer
Uttarl R.S. B.O,344001,Delivery,BO,Jodhpur,Region Barmer
Barmer Coll S.O,344001,Non-Delivery,PO,Jodhpur,Region Barmer
Barmer DB S.O,344001,Non-Delivery,PO,Jodhpur,Region Barmer
Barmer PR S.O,344001,Non-Delivery,PO,Jodhpur,Region Barmer
Barmer RS S.O,344001,Non-Delivery,PO,Jodhpur,Region Barmer
Bishala S.O,344011,Delivery,PO,Jodhpur,Region Barmer
Adarsh Basti B.O,344011,Delivery,BO,Jodhpur,Region Barmer
Asadi B.O,344011,Delivery,BO,Jodhpur,Region Barmer
Balewa B.O,344011,Delivery,BO,Jodhpur,Region Barmer
Bandhada B.O,344011,Delivery,BO,Jodhpur,Region Barmer
Bhadresh B.O,344011,Delivery,BO,Jodhpur,Region Barmer
Bishala Agore B.O,344011,Delivery,BO,Jodhpur,Region Barmer
Chetrodi B.O,344011,Delivery,BO,Jodhpur,Region Barmer
Chuli B.O,344011,Delivery,BO,Jodhpur,Region Barmer
Dabar B.O,344011,Delivery,BO,Jodhpur,Region Barmer
Fogera B.O,344011,Delivery,BO,Jodhpur,Region Barmer
Girab B.O,344011,Delivery,BO,Jodhpur,Region Barmer
Harsani B.O,344011,Delivery,BO,Jodhpur,Region Barmer
Lunukhurd B.O,344011,Delivery,BO,Jodhpur,Region Barmer
Malwa B.O,344011,Delivery,BO,Jodhpur,Region Barmer
Nand B.O,344011,Delivery,BO,Jodhpur,Region Barmer
Sura B.O,344011,Delivery,BO,Jodhpur,Region Barmer
Unroad B.O,344011,Delivery,BO,Jodhpur,Region Barmer
KHABDALA B.O,344011,Delivery,BO,Jodhpur,Region Barmer
Ranigaon S.O,344012,Delivery,PO,Jodhpur,Region Barmer
Akoda B.O,344012,Delivery,BO,Jodhpur,Region Barmer
Balau B.O,344012,Delivery,BO,Jodhpur,Region Barmer
Balera B.O,344012,Delivery,BO,Jodhpur,Region Barmer
Dudhwakhurd B.O,344012,Delivery,BO,Jodhpur,Region Barmer
Goliar B.O,344012,Delivery,BO,Jodhpur,Region Barmer
Junapatrasar B.O,344012,Delivery,BO,Jodhpur,Region Barmer
Radwa B.O,344012,Delivery,BO,Jodhpur,Region Barmer
Sanau B.O,344012,Delivery,BO,Jodhpur,Region Barmer
Sanwlore B.O,344012,Delivery,BO,Jodhpur,Region Barmer
Taratara B.O,344012,Delivery,BO,Jodhpur,Region Barmer
Taratara Math B.O,344012,Delivery,BO,Jodhpur,Region Barmer
Undkha B.O,344012,Delivery,BO,Jodhpur,Region Barmer
Samdari S.O,344021,Delivery,PO,Jodhpur,Region Barmer
Ajit B.O,344021,Delivery,BO,Jodhpur,Region Barmer
Arthandi B.O,344021,Delivery,BO,Jodhpur,Region Barmer
Bamseen B.O,344021,Delivery,BO,Jodhpur,Region Barmer
Bhalron Ka Bada B.O,344021,Delivery,BO,Jodhpur,Region Barmer
Deedhas B.O,344021,Delivery,BO,Jodhpur,Region Barmer
Kamon Ka Bada B.O,344021,Delivery,BO,Jodhpur,Region Barmer
Karmawas B.O,344021,Delivery,BO,Jodhpur,Region Barmer
Khejadiyali B.O,344021,Delivery,BO,Jodhpur,Region Barmer
Kotari B.O,344021,Delivery,BO,Jodhpur,Region Barmer
Majal B.O,344021,Delivery,BO,Jodhpur,Region Barmer
Rampura B.O,344021,Delivery,BO,Jodhpur,Region Barmer
Ranideshipura B.O,344021,Delivery,BO,Jodhpur,Region Barmer
Ratri B.O,344021,Delivery,BO,Jodhpur,Region Barmer
Sewali B.O,344021,Delivery,BO,Jodhpur,Region Barmer
Samdari RS S.O,344021,Non-Delivery,PO,Jodhpur,Region Barmer
Balotra S.O,344022,Delivery,PO,Jodhpur,Region Barmer
Jagsa B.O,344022,Delivery,BO,Jodhpur,Region Barmer
Janiyana B.O,344022,Delivery,BO,Jodhpur,Region Barmer
Kaludi B.O,344022,Delivery,BO,Jodhpur,Region Barmer
Kitnod B.O,344022,Delivery,BO,Jodhpur,Region Barmer
Mungda B.O,344022,Delivery,BO,Jodhpur,Region Barmer
Sarana B.O,344022,Delivery,BO,Jodhpur,Region Barmer
Sinli Jagir B.O,344022,Delivery,BO,Jodhpur,Region Barmer
Tapra B.O,344022,Delivery,BO,Jodhpur,Region Barmer
Tilwara B.O,344022,Delivery,BO,Jodhpur,Region Barmer
Asada B.O,344022,Delivery,BO,Jodhpur,Region Barmer
Asotra B.O,344022,Delivery,BO,Jodhpur,Region Barmer
Bhunka B.O,344022,Delivery,BO,Jodhpur,Region Barmer
Bithuja B.O,344022,Delivery,BO,Jodhpur,Region Barmer
Budiwara B.O,344022,Delivery,BO,Jodhpur,Region Barmer
Dakha B.O,344022,Delivery,BO,Jodhpur,Region Barmer
Balotra IA S.O,344022,Non-Delivery,PO,Jodhpur,Region Barmer
Balotra SB S.O,344022,Non-Delivery,PO,Jodhpur,Region Barmer
Jasol S.O,344024,Delivery,PO,Jodhpur,Region Barmer
Mewanagar S.O,344025,Delivery,PO,Jodhpur,Region Barmer
Kalyanpur S.O (Barmer),344026,Delivery,PO,Jodhpur,Region Barmer
Asarwa [Araba] B.O,344026,Delivery,BO,Jodhpur,Region Barmer
Bagawas B.O,344026,Delivery,BO,Jodhpur,Region Barmer
Balau Jati B.O,344026,Delivery,BO,Jodhpur,Region Barmer
Doli Rajguran B.O,344026,Delivery,BO,Jodhpur,Region Barmer
Dolikallan B.O,344026,Delivery,BO,Jodhpur,Region Barmer
Godawas B.O,344026,Delivery,BO,Jodhpur,Region Barmer
Gwalnada B.O,344026,Delivery,BO,Jodhpur,Region Barmer
Korna B.O,344026,Delivery,BO,Jodhpur,Region Barmer
Mandali B.O,344026,Delivery,BO,Jodhpur,Region Barmer
Nagana B.O,344026,Delivery,BO,Jodhpur,Region Barmer
Neori B.O,344026,Delivery,BO,Jodhpur,Region Barmer
Raniadashipura B.O,344026,Delivery,BO,Jodhpur,Region Barmer
Sarwadi Purohitan B.O,344026,Delivery,BO,Jodhpur,Region Barmer
Soorpura B.O,344026,Delivery,BO,Jodhpur,Region Barmer
Thumbali B.O,344026,Delivery,BO,Jodhpur,Region Barmer
Parlu S.O,344027,Delivery,PO,Jodhpur,Region Barmer
Jethantri B.O,344027,Delivery,BO,Jodhpur,Region Barmer
Kanana B.O,344027,Delivery,BO,Jodhpur,Region Barmer
Kankrala B.O,344027,Delivery,BO,Jodhpur,Region Barmer
Kharwa B.O,344027,Delivery,BO,Jodhpur,Region Barmer
Sillore B.O,344027,Delivery,BO,Jodhpur,Region Barmer
Umarlai B.O,344027,Delivery,BO,Jodhpur,Region Barmer
Gudamalani S.O,344031,Delivery,PO,Jodhpur,Region Barmer
Alpura B.O,344031,Delivery,BO,Jodhpur,Region Barmer
Banta B.O,344031,Delivery,BO,Jodhpur,Region Barmer
Bhakharpura B.O,344031,Delivery,BO,Jodhpur,Region Barmer
Bhedana B.O,344031,Delivery,BO,Jodhpur,Region Barmer
Daboi B.O,344031,Delivery,BO,Jodhpur,Region Barmer
Dangaria B.O,344031,Delivery,BO,Jodhpur,Region Barmer
Dedawas B.O,344031,Delivery,BO,Jodhpur,Region Barmer
Gandhavkallan B.O,344031,Delivery,BO,Jodhpur,Region Barmer
Jalikheda B.O,344031,Delivery,BO,Jodhpur,Region Barmer
Junwa Jagir B.O,344031,Delivery,BO,Jodhpur,Region Barmer
Nagarnava B.O,344031,Delivery,BO,Jodhpur,Region Barmer
Piprali B.O,344031,Delivery,BO,Jodhpur,Region Barmer
Ratanpura B.O,344031,Delivery,BO,Jodhpur,Region Barmer
Sindhasawa Chauhan B.O,344031,Delivery,BO,Jodhpur,Region Barmer
Sindhasawa Harniyan B.O,344031,Delivery,BO,Jodhpur,Region Barmer
Undari Juni B.O,344031,Delivery,BO,Jodhpur,Region Barmer
Pachpadra City S.O,344032,Delivery,PO,Jodhpur,Region Barmer
Badnava B.O,344032,Delivery,BO,Jodhpur,Region Barmer
Bhandiyawas B.O,344032,Delivery,BO,Jodhpur,Region Barmer
Chilanadi B.O,344032,Delivery,BO,Jodhpur,Region Barmer
Gopari B.O,344032,Delivery,BO,Jodhpur,Region Barmer
Kalewa B.O,344032,Delivery,BO,Jodhpur,Region Barmer
Khanoda B.O,344032,Delivery,BO,Jodhpur,Region Barmer
Kharda BS B.O,344032,Delivery,BO,Jodhpur,Region Barmer
Khardi B.O,344032,Delivery,BO,Jodhpur,Region Barmer
Khokhsar B.O,344032,Delivery,BO,Jodhpur,Region Barmer
Kudi B.O,344032,Delivery,BO,Jodhpur,Region Barmer
Kumpalia B.O,344032,Delivery,BO,Jodhpur,Region Barmer
Newai B.O,344032,Delivery,BO,Jodhpur,Region Barmer
Pachpadra Salt B.O,344032,Delivery,BO,Jodhpur,Region Barmer
Pareu B.O,344032,Delivery,BO,Jodhpur,Region Barmer
Patau Khurd B.O,344032,Delivery,BO,Jodhpur,Region Barmer
Patodi B.O,344032,Delivery,BO,Jodhpur,Region Barmer
Patodi Navatala B.O,344032,Delivery,BO,Jodhpur,Region Barmer
Richholi B.O,344032,Delivery,BO,Jodhpur,Region Barmer
Sajiyali Pk B.O,344032,Delivery,BO,Jodhpur,Region Barmer
Sathuni Purohitan B.O,344032,Delivery,BO,Jodhpur,Region Barmer
Simarkhiya Khara B.O,344032,Delivery,BO,Jodhpur,Region Barmer
Simarkhiya Purohitan B.O,344032,Delivery,BO,Jodhpur,Region Barmer
Thob B.O,344032,Delivery,BO,Jodhpur,Region Barmer
Tirsinghdi B.O,344032,Delivery,BO,Jodhpur,Region Barmer
Ed Sindhari B.O,344033,Delivery,BO,Jodhpur,Region Barmer
Golia Jet B.O,344033,Delivery,BO,Jodhpur,Region Barmer
Hodu B.O,344033,Delivery,BO,Jodhpur,Region Barmer
Jogasar B.O,344033,Delivery,BO,Jodhpur,Region Barmer
Kamthai B.O,344033,Delivery,BO,Jodhpur,Region Barmer
Khara Mahechan B.O,344033,Delivery,BO,Jodhpur,Region Barmer
Kharia Khurd B.O,344033,Delivery,BO,Jodhpur,Region Barmer
Khudala B.O,344033,Delivery,BO,Jodhpur,Region Barmer
Koslu B.O,344033,Delivery,BO,Jodhpur,Region Barmer
Lolawa B.O,344033,Delivery,BO,Jodhpur,Region Barmer
Mandawala B.O,344033,Delivery,BO,Jodhpur,Region Barmer
Mangle Ki Beri B.O,344033,Delivery,BO,Jodhpur,Region Barmer
Nehron Ki Dhani B.O,344033,Delivery,BO,Jodhpur,Region Barmer
Nimbalkot B.O,344033,Delivery,BO,Jodhpur,Region Barmer
Nokhada B.O,344033,Delivery,BO,Jodhpur,Region Barmer
Nosar B.O,344033,Delivery,BO,Jodhpur,Region Barmer
Panyala Kallan B.O,344033,Delivery,BO,Jodhpur,Region Barmer
Ranasar Khurd B.O,344033,Delivery,BO,Jodhpur,Region Barmer
Sada B.O,344033,Delivery,BO,Jodhpur,Region Barmer
Sadecha B.O,344033,Delivery,BO,Jodhpur,Region Barmer
Sanpa Manji B.O,344033,Delivery,BO,Jodhpur,Region Barmer
Shobhala Jetmal II B.O,344033,Delivery,BO,Jodhpur,Region Barmer
Sindhari S.O,344033,Delivery,PO,Jodhpur,Region Barmer
Adel B.O,344033,Delivery,BO,Jodhpur,Region Barmer
Band B.O,344033,Delivery,BO,Jodhpur,Region Barmer
Chadon Ki Dhani B.O,344033,Delivery,BO,Jodhpur,Region Barmer
Chhotu B.O,344033,Delivery,BO,Jodhpur,Region Barmer
Dandali B.O,344033,Delivery,BO,Jodhpur,Region Barmer
Dhanne Ki Dhani B.O,344033,Delivery,BO,Jodhpur,Region Barmer
Baitu S.O,344034,Delivery,PO,Jodhpur,Region Barmer
Akadara B.O,344034,Delivery,BO,Jodhpur,Region Barmer
Baitu Bhimji B.O,344034,Delivery,BO,Jodhpur,Region Barmer
Baitu Chimanji B.O,344034,Delivery,BO,Jodhpur,Region Barmer
Baitu Panji B.O,344034,Delivery,BO,Jodhpur,Region Barmer
Bhimarl R.S. B.O,344034,Delivery,BO,Jodhpur,Region Barmer
Bhimarlai B.O,344034,Delivery,BO,Jodhpur,Region Barmer
Bhojasar B.O,344034,Delivery,BO,Jodhpur,Region Barmer
Chandesara B.O,344034,Delivery,BO,Jodhpur,Region Barmer
Chidiya B.O,344034,Delivery,BO,Jodhpur,Region Barmer
Dudhwa B.O,344034,Delivery,BO,Jodhpur,Region Barmer
Go R.S. B.O,344034,Delivery,BO,Jodhpur,Region Barmer
Kanod B.O,344034,Delivery,BO,Jodhpur,Region Barmer
Kharapar B.O,344034,Delivery,BO,Jodhpur,Region Barmer
Khattu B.O,344034,Delivery,BO,Jodhpur,Region Barmer
Kolu B.O,344034,Delivery,BO,Jodhpur,Region Barmer
Madhasar B.O,344034,Delivery,BO,Jodhpur,Region Barmer
Panawara B.O,344034,Delivery,BO,Jodhpur,Region Barmer
Santara B.O,344034,Delivery,BO,Jodhpur,Region Barmer
Somesara B.O,344034,Delivery,BO,Jodhpur,Region Barmer
Uttarni B.O,344034,Delivery,BO,Jodhpur,Region Barmer
Kavas S.O,344035,Delivery,PO,Jodhpur,Region Barmer
Bandra B.O,344035,Delivery,BO,Jodhpur,Region Barmer
Batadu B.O,344035,Delivery,BO,Jodhpur,Region Barmer
Bhimda B.O,344035,Delivery,BO,Jodhpur,Region Barmer
Bhurtia B.O,344035,Delivery,BO,Jodhpur,Region Barmer
Chitar Ka Par B.O,344035,Delivery,BO,Jodhpur,Region Barmer
Chokhala B.O,344035,Delivery,BO,Jodhpur,Region Barmer
Harkhali B.O,344035,Delivery,BO,Jodhpur,Region Barmer
Hudon Ki Dhani B.O,344035,Delivery,BO,Jodhpur,Region Barmer
Jhak B.O,344035,Delivery,BO,Jodhpur,Region Barmer
Kosariya B.O,344035,Delivery,BO,Jodhpur,Region Barmer
Lunada B.O,344035,Delivery,BO,Jodhpur,Region Barmer
Madpura Barwala B.O,344035,Delivery,BO,Jodhpur,Region Barmer
Madpura Sani B.O,344035,Delivery,BO,Jodhpur,Region Barmer
Rateu B.O,344035,Delivery,BO,Jodhpur,Region Barmer
Rohili B.O,344035,Delivery,BO,Jodhpur,Region Barmer
Uttarlai Mines B.O,344035,Delivery,BO,Jodhpur,Region Barmer
Gida B.O,344037,Delivery,BO,Jodhpur,Region Barmer
Hire Ki Dhani B.O,344037,Delivery,BO,Jodhpur,Region Barmer
Jajwa B.O,344037,Delivery,BO,Jodhpur,Region Barmer
Jakhada B.O,344037,Delivery,BO,Jodhpur,Region Barmer
Keshumbla Bhatian B.O,344037,Delivery,BO,Jodhpur,Region Barmer
Khimpsar B.O,344037,Delivery,BO,Jodhpur,Region Barmer
Lapundara Tarli B.O,344037,Delivery,BO,Jodhpur,Region Barmer
Manpura Kharda B.O,344037,Delivery,BO,Jodhpur,Region Barmer
Punion Ka Tala B.O,344037,Delivery,BO,Jodhpur,Region Barmer
Shahar B.O,344037,Delivery,BO,Jodhpur,Region Barmer
Shohda B.O,344037,Delivery,BO,Jodhpur,Region Barmer
Swau Moolraj B.O,344037,Delivery,BO,Jodhpur,Region Barmer
Swau Padamsingh S.O,344037,Delivery,PO,Jodhpur,Region Barmer
Mokalsar S.O,344043,Delivery,PO,Jodhpur,Region Barmer
Bhagwa B.O,344043,Delivery,BO,Jodhpur,Region Barmer
Dhiran B.O,344043,Delivery,BO,Jodhpur,Region Barmer
Kathadi B.O,344043,Delivery,BO,Jodhpur,Region Barmer
Khandap B.O,344043,Delivery,BO,Jodhpur,Region Barmer
Kundal B.O,344043,Delivery,BO,Jodhpur,Region Barmer
Mahilawas B.O,344043,Delivery,BO,Jodhpur,Region Barmer
Motisara B.O,344043,Delivery,BO,Jodhpur,Region Barmer
Rakhi B.O,344043,Delivery,BO,Jodhpur,Region Barmer
Ramania B.O,344043,Delivery,BO,Jodhpur,Region Barmer
Sella B.O,344043,Delivery,BO,Jodhpur,Region Barmer
Deora B.O,344044,Delivery,BO,Jodhpur,Region Barmer
Devandi B.O,344044,Delivery,BO,Jodhpur,Region Barmer
Golia Bhailan B.O,344044,Delivery,BO,Jodhpur,Region Barmer
Gudanal B.O,344044,Delivery,BO,Jodhpur,Region Barmer
Indrana B.O,344044,Delivery,BO,Jodhpur,Region Barmer
Kuship B.O,344044,Delivery,BO,Jodhpur,Region Barmer
Maori B.O,344044,Delivery,BO,Jodhpur,Region Barmer
Meli Bandha B.O,344044,Delivery,BO,Jodhpur,Region Barmer
Moothali B.O,344044,Delivery,BO,Jodhpur,Region Barmer
Padarli B.O,344044,Delivery,BO,Jodhpur,Region Barmer
Siner B.O,344044,Delivery,BO,Jodhpur,Region Barmer
Thapan B.O,344044,Delivery,BO,Jodhpur,Region Barmer
Siwana S.O,344044,Delivery,PO,Jodhpur,Region Barmer
Gadra Road S.O,344501,Delivery,PO,Jodhpur,Region Barmer
Bandasar B.O,344501,Delivery,BO,Jodhpur,Region Barmer
Boothia B.O,344501,Delivery,BO,Jodhpur,Region Barmer
Chandi Ka Par B.O,344501,Delivery,BO,Jodhpur,Region Barmer
Jaisindh R.S. B.O,344501,Delivery,BO,Jodhpur,Region Barmer
Jaisindhar B.O,344501,Delivery,BO,Jodhpur,Region Barmer
Khaniyani B.O,344501,Delivery,BO,Jodhpur,Region Barmer
Leelma B.O,344501,Delivery,BO,Jodhpur,Region Barmer
Medusar B.O,344501,Delivery,BO,Jodhpur,Region Barmer
Munabao B.O,344501,Delivery,BO,Jodhpur,Region Barmer
Panchala B.O,344501,Delivery,BO,Jodhpur,Region Barmer
Rohidi B.O,344501,Delivery,BO,Jodhpur,Region Barmer
Shahdad Ka Par B.O,344501,Delivery,BO,Jodhpur,Region Barmer
Sundra B.O,344501,Delivery,BO,Jodhpur,Region Barmer
Tamlore B.O,344501,Delivery,BO,Jodhpur,Region Barmer
Ramsar S.O (Barmer),344502,Delivery,PO,Jodhpur,Region Barmer
Abhey Ka Par B.O,344502,Delivery,BO,Jodhpur,Region Barmer
Babuguleria B.O,344502,Delivery,BO,Jodhpur,Region Barmer
Bhachbhar B.O,344502,Delivery,BO,Jodhpur,Region Barmer
Bhilon Ka Par B.O,344502,Delivery,BO,Jodhpur,Region Barmer
Bukar B.O,344502,Delivery,BO,Jodhpur,Region Barmer
Chadi B.O,344502,Delivery,BO,Jodhpur,Region Barmer
Detani B.O,344502,Delivery,BO,Jodhpur,Region Barmer
Gagaria B.O,344502,Delivery,BO,Jodhpur,Region Barmer
Gardia B.O,344502,Delivery,BO,Jodhpur,Region Barmer
Kachhabe Ki Dhani B.O,344502,Delivery,BO,Jodhpur,Region Barmer
Kantal Ka Par B.O,344502,Delivery,BO,Jodhpur,Region Barmer
Kharchi B.O,344502,Delivery,BO,Jodhpur,Region Barmer
Kharia Kallan B.O,344502,Delivery,BO,Jodhpur,Region Barmer
Pandhi Ka Par B.O,344502,Delivery,BO,Jodhpur,Region Barmer
Ranasar B.O,344502,Delivery,BO,Jodhpur,Region Barmer
Sajan Ka Par B.O,344502,Delivery,BO,Jodhpur,Region Barmer
Setrau B.O,344502,Delivery,BO,Jodhpur,Region Barmer
Tamliyar B.O,344502,Delivery,BO,Jodhpur,Region Barmer
Shiv S.O,344701,Delivery,PO,Jodhpur,Region Barmer
Arang B.O,344701,Delivery,BO,Jodhpur,Region Barmer
Balai B.O,344701,Delivery,BO,Jodhpur,Region Barmer
Balasar B.O,344701,Delivery,BO,Jodhpur,Region Barmer
Bhinyad B.O,344701,Delivery,BO,Jodhpur,Region Barmer
Bissukallan B.O,344701,Delivery,BO,Jodhpur,Region Barmer
Chochra B.O,344701,Delivery,BO,Jodhpur,Region Barmer
Dhani Jan Singh Ki Beri B.O,344701,Delivery,BO,Jodhpur,Region Barmer
Dharvi Kallan B.O,344701,Delivery,BO,Jodhpur,Region Barmer
Dharvi Khurd B.O,344701,Delivery,BO,Jodhpur,Region Barmer
Jasa Ka Gaon B.O,344701,Delivery,BO,Jodhpur,Region Barmer
Jhankali B.O,344701,Delivery,BO,Jodhpur,Region Barmer
Junejon Ki Basti B.O,344701,Delivery,BO,Jodhpur,Region Barmer
Kanasar B.O,344701,Delivery,BO,Jodhpur,Region Barmer
Kashmir B.O,344701,Delivery,BO,Jodhpur,Region Barmer
Kotra B.O,344701,Delivery,BO,Jodhpur,Region Barmer
Mokhab B.O,344701,Delivery,BO,Jodhpur,Region Barmer
Mungeria B.O,344701,Delivery,BO,Jodhpur,Region Barmer
Nagarda B.O,344701,Delivery,BO,Jodhpur,Region Barmer
Nimbla B.O,344701,Delivery,BO,Jodhpur,Region Barmer
Pusad B.O,344701,Delivery,BO,Jodhpur,Region Barmer
Tanu Mansingh B.O,344701,Delivery,BO,Jodhpur,Region Barmer
Thumbali B.O,344701,Delivery,BO,Jodhpur,Region Barmer
Undu B.O,344701,Delivery,BO,Jodhpur,Region Barmer
Chohtan S.O,344702,Delivery,PO,Jodhpur,Region Barmer
Adrim Ka Tala B.O,344702,Delivery,BO,Jodhpur,Region Barmer
Alamsar B.O,344702,Delivery,BO,Jodhpur,Region Barmer
Antia B.O,344702,Delivery,BO,Jodhpur,Region Barmer
Baori Kallan B.O,344702,Delivery,BO,Jodhpur,Region Barmer
Bhojaria B.O,344702,Delivery,BO,Jodhpur,Region Barmer
Binjasar B.O,344702,Delivery,BO,Jodhpur,Region Barmer
Binjrad B.O,344702,Delivery,BO,Jodhpur,Region Barmer
Booth Rathodan B.O,344702,Delivery,BO,Jodhpur,Region Barmer
Burhan Ka Tala B.O,344702,Delivery,BO,Jodhpur,Region Barmer
Dedusar B.O,344702,Delivery,BO,Jodhpur,Region Barmer
Dhanau B.O,344702,Delivery,BO,Jodhpur,Region Barmer
Dharasar B.O,344702,Delivery,BO,Jodhpur,Region Barmer
Dhok B.O,344702,Delivery,BO,Jodhpur,Region Barmer
Gohar Ka Tala B.O,344702,Delivery,BO,Jodhpur,Region Barmer
Gumane Ka Tala B.O,344702,Delivery,BO,Jodhpur,Region Barmer
Intada B.O,344702,Delivery,BO,Jodhpur,Region Barmer
Jaisar B.O,344702,Delivery,BO,Jodhpur,Region Barmer
Jalila B.O,344702,Delivery,BO,Jodhpur,Region Barmer
Juna Lakhwara B.O,344702,Delivery,BO,Jodhpur,Region Barmer
Kaprau B.O,344702,Delivery,BO,Jodhpur,Region Barmer
Kelnoor B.O,344702,Delivery,BO,Jodhpur,Region Barmer
Kharia Rathodan B.O,344702,Delivery,BO,Jodhpur,Region Barmer
Konra B.O,344702,Delivery,BO,Jodhpur,Region Barmer
Lakhwara B.O,344702,Delivery,BO,Jodhpur,Region Barmer
Mate Ka Tala B.O,344702,Delivery,BO,Jodhpur,Region Barmer
Mitharau B.O,344702,Delivery,BO,Jodhpur,Region Barmer
Mithe Ka Tala B.O,344702,Delivery,BO,Jodhpur,Region Barmer
Navatala Jetmal B.O,344702,Delivery,BO,Jodhpur,Region Barmer
Nehron Ka Tala B.O,344702,Delivery,BO,Jodhpur,Region Barmer
Netrad B.O,344702,Delivery,BO,Jodhpur,Region Barmer
Paradia B.O,344702,Delivery,BO,Jodhpur,Region Barmer
Punjasar B.O,344702,Delivery,BO,Jodhpur,Region Barmer
Rabasar B.O,344702,Delivery,BO,Jodhpur,Region Barmer
Ramjan Ki Gaffan B.O,344702,Delivery,BO,Jodhpur,Region Barmer
Ratasar B.O,344702,Delivery,BO,Jodhpur,Region Barmer
Saiyon Ka Tala B.O,344702,Delivery,BO,Jodhpur,Region Barmer
Sanwa B.O,344702,Delivery,BO,Jodhpur,Region Barmer
Sarupe Ka Tala B.O,344702,Delivery,BO,Jodhpur,Region Barmer
Shobhala B.O,344702,Delivery,BO,Jodhpur,Region Barmer
Shobhala Jetmal B.O,344702,Delivery,BO,Jodhpur,Region Barmer
Somarad B.O,344702,Delivery,BO,Jodhpur,Region Barmer
Sriramwala B.O,344702,Delivery,BO,Jodhpur,Region Barmer
Uparla B.O,344702,Delivery,BO,Jodhpur,Region Barmer
Rawatsar S.O (Barmer),344703,Delivery,PO,Jodhpur,Region Barmer
Borwa B.O,344703,Delivery,BO,Jodhpur,Region Barmer
Chawa B.O,344703,Delivery,BO,Jodhpur,Region Barmer
Kharantia Khurd B.O,344703,Delivery,BO,Jodhpur,Region Barmer
Punion Ki Basti B.O,344703,Delivery,BO,Jodhpur,Region Barmer
Ramsar Ka Kua B.O,344703,Delivery,BO,Jodhpur,Region Barmer
Sanjata B.O,344703,Delivery,BO,Jodhpur,Region Barmer
Sarli B.O,344703,Delivery,BO,Jodhpur,Region Barmer
Sarnu B.O,344703,Delivery,BO,Jodhpur,Region Barmer
Sewaniyala B.O,344703,Delivery,BO,Jodhpur,Region Barmer
Taku Beri B.O,344703,Delivery,BO,Jodhpur,Region Barmer
Dhorimana S.O,344704,Delivery,PO,Jodhpur,Region Barmer
Alamsariya B.O,344704,Delivery,BO,Jodhpur,Region Barmer
Arniyali B.O,344704,Delivery,BO,Jodhpur,Region Barmer
Bamarla B.O,344704,Delivery,BO,Jodhpur,Region Barmer
Bamnore Amarshah B.O,344704,Delivery,BO,Jodhpur,Region Barmer
Bhag Bhare Ki Beri B.O,344704,Delivery,BO,Jodhpur,Region Barmer
Bhalikhal B.O,344704,Delivery,BO,Jodhpur,Region Barmer
Bhalisar B.O,344704,Delivery,BO,Jodhpur,Region Barmer
Bherudi B.O,344704,Delivery,BO,Jodhpur,Region Barmer
Bhimthal B.O,344704,Delivery,BO,Jodhpur,Region Barmer
Bhunia B.O,344704,Delivery,BO,Jodhpur,Region Barmer
Bisarniya B.O,344704,Delivery,BO,Jodhpur,Region Barmer
Boli B.O,344704,Delivery,BO,Jodhpur,Region Barmer
Bore Charnan B.O,344704,Delivery,BO,Jodhpur,Region Barmer
Chalkana B.O,344704,Delivery,BO,Jodhpur,Region Barmer
Dudhu B.O,344704,Delivery,BO,Jodhpur,Region Barmer
Gora B.O,344704,Delivery,BO,Jodhpur,Region Barmer
Kabooli B.O,344704,Delivery,BO,Jodhpur,Region Barmer
Kartia B.O,344704,Delivery,BO,Jodhpur,Region Barmer
Katarla B.O,344704,Delivery,BO,Jodhpur,Region Barmer
Kekar B.O,344704,Delivery,BO,Jodhpur,Region Barmer
Khari B.O,344704,Delivery,BO,Jodhpur,Region Barmer
Kitnoria B.O,344704,Delivery,BO,Jodhpur,Region Barmer
Koja B.O,344704,Delivery,BO,Jodhpur,Region Barmer
Koliyana B.O,344704,Delivery,BO,Jodhpur,Region Barmer
Kothala B.O,344704,Delivery,BO,Jodhpur,Region Barmer
Loharwa B.O,344704,Delivery,BO,Jodhpur,Region Barmer
Lukhu B.O,344704,Delivery,BO,Jodhpur,Region Barmer
Mangta B.O,344704,Delivery,BO,Jodhpur,Region Barmer
Manki B.O,344704,Delivery,BO,Jodhpur,Region Barmer
Mithara Khurd B.O,344704,Delivery,BO,Jodhpur,Region Barmer
Ogala B.O,344704,Delivery,BO,Jodhpur,Region Barmer
Panoria B.O,344704,Delivery,BO,Jodhpur,Region Barmer
Purawa B.O,344704,Delivery,BO,Jodhpur,Region Barmer
Ranasar Kallan B.O,344704,Delivery,BO,Jodhpur,Region Barmer
Rohila B.O,344704,Delivery,BO,Jodhpur,Region Barmer
Rohila West B.O,344704,Delivery,BO,Jodhpur,Region Barmer
Sonari B.O,344704,Delivery,BO,Jodhpur,Region Barmer
Udasar B.O,344704,Delivery,BO,Jodhpur,Region Barmer
Gunga S.O,344705,Delivery,PO,Jodhpur,Region Barmer
Hadwa B.O,344705,Delivery,BO,Jodhpur,Region Barmer
Jhampli Kallan B.O,344705,Delivery,BO,Jodhpur,Region Barmer
Khudal B.O,344705,Delivery,BO,Jodhpur,Region Barmer
Rajdal B.O,344705,Delivery,BO,Jodhpur,Region Barmer
Swamy Ka Gaon B.O,344705,Delivery,BO,Jodhpur,Region Barmer
Sedwa S.O,344706,Delivery,PO,Jodhpur,Region Barmer
Arti B.O,344706,Delivery,BO,Jodhpur,Region Barmer
Bakhasar B.O,344706,Delivery,BO,Jodhpur,Region Barmer
Bamarwala B.O,344706,Delivery,BO,Jodhpur,Region Barmer
Bhalgaon B.O,344706,Delivery,BO,Jodhpur,Region Barmer
Bhanwar B.O,344706,Delivery,BO,Jodhpur,Region Barmer
Bhawaria B.O,344706,Delivery,BO,Jodhpur,Region Barmer
Bisasar B.O,344706,Delivery,BO,Jodhpur,Region Barmer
Chinchrasar B.O,344706,Delivery,BO,Jodhpur,Region Barmer
Ekal B.O,344706,Delivery,BO,Jodhpur,Region Barmer
Gangasara B.O,344706,Delivery,BO,Jodhpur,Region Barmer
Gidan B.O,344706,Delivery,BO,Jodhpur,Region Barmer
Harpalia B.O,344706,Delivery,BO,Jodhpur,Region Barmer
Hathala B.O,344706,Delivery,BO,Jodhpur,Region Barmer
Janpalia B.O,344706,Delivery,BO,Jodhpur,Region Barmer
Jaton Ka Bera B.O,344706,Delivery,BO,Jodhpur,Region Barmer
Jharpa B.O,344706,Delivery,BO,Jodhpur,Region Barmer
Kundanpura B.O,344706,Delivery,BO,Jodhpur,Region Barmer
Moolani B.O,344706,Delivery,BO,Jodhpur,Region Barmer
Navatala Bakhasar B.O,344706,Delivery,BO,Jodhpur,Region Barmer
Pandhi Ka Niwan B.O,344706,Delivery,BO,Jodhpur,Region Barmer
Phagalia B.O,344706,Delivery,BO,Jodhpur,Region Barmer
Salaria B.O,344706,Delivery,BO,Jodhpur,Region Barmer
Sarla B.O,344706,Delivery,BO,Jodhpur,Region Barmer
Sata B.O,344706,Delivery,BO,Jodhpur,Region Barmer
Sinhaniya B.O,344706,Delivery,BO,Jodhpur,Region Barmer
Sinhar B.O,344706,Delivery,BO,Jodhpur,Region Barmer
Sanawara S.O,344708,Delivery,PO,Jodhpur,Region Barmer
Bachhrau B.O,344708,Delivery,BO,Jodhpur,Region Barmer
Booth Jetmal B.O,344708,Delivery,BO,Jodhpur,Region Barmer
Dudhiya Kallan B.O,344708,Delivery,BO,Jodhpur,Region Barmer
Hathitala B.O,344708,Delivery,BO,Jodhpur,Region Barmer
Ishrol B.O,344708,Delivery,BO,Jodhpur,Region Barmer
Jakhdon Ki Dhani B.O,344708,Delivery,BO,Jodhpur,Region Barmer
Leelsar B.O,344708,Delivery,BO,Jodhpur,Region Barmer
Mehlu B.O,344708,Delivery,BO,Jodhpur,Region Barmer
Ramdeoria B.O,344708,Delivery,BO,Jodhpur,Region Barmer
Sodiyar B.O,344708,Delivery,BO,Jodhpur,Region Barmer
Padru S.O,344801,Delivery,PO,Jodhpur,Region Barmer
Bhata B.O,344801,Delivery,BO,Jodhpur,Region Barmer
Dhanwa B.O,344801,Delivery,BO,Jodhpur,Region Barmer
Dharna B.O,344801,Delivery,BO,Jodhpur,Region Barmer
Itwaya B.O,344801,Delivery,BO,Jodhpur,Region Barmer
Juna Mitha Kheda B.O,344801,Delivery,BO,Jodhpur,Region Barmer
Kankhi B.O,344801,Delivery,BO,Jodhpur,Region Barmer
Mithoda B.O,344801,Delivery,BO,Jodhpur,Region Barmer
Pau B.O,344801,Delivery,BO,Jodhpur,Region Barmer
Momasar S.O,331801,Delivery,PO,Jodhpur,Region Bikaner
Aadsar B.O,331801,Delivery,BO,Jodhpur,Region Bikaner
Jalabsar B.O,331801,Delivery,BO,Jodhpur,Region Bikaner
Surjansar B.O,331801,Delivery,BO,Jodhpur,Region Bikaner
Udrasar B.O,331801,Delivery,BO,Jodhpur,Region Bikaner
Shri Dungargarh S.O,331803,Delivery,PO,Jodhpur,Region Bikaner
Badela B.O,331803,Delivery,BO,Jodhpur,Region Bikaner
Bana B.O,331803,Delivery,BO,Jodhpur,Region Bikaner
Bapeu B.O,331803,Delivery,BO,Jodhpur,Region Bikaner
Barjangsar B.O,331803,Delivery,BO,Jodhpur,Region Bikaner
Beejhansar B.O,331803,Delivery,BO,Jodhpur,Region Bikaner
Bigga B.O,331803,Delivery,BO,Jodhpur,Region Bikaner
Biggabas Ramsara B.O,331803,Delivery,BO,Jodhpur,Region Bikaner
Delwan B.O,331803,Delivery,BO,Jodhpur,Region Bikaner
Dhaneru B.O,331803,Delivery,BO,Jodhpur,Region Bikaner
Dheerdesar Chotiyan B.O,331803,Delivery,BO,Jodhpur,Region Bikaner
Gusainsar B.O,331803,Delivery,BO,Jodhpur,Region Bikaner
Indpalsar B.O,331803,Delivery,BO,Jodhpur,Region Bikaner
Jaisalsar B.O,331803,Delivery,BO,Jodhpur,Region Bikaner
Jakhasar B.O,331803,Delivery,BO,Jodhpur,Region Bikaner
Jetasar B.O,331803,Delivery,BO,Jodhpur,Region Bikaner
Kalyansar B.O,331803,Delivery,BO,Jodhpur,Region Bikaner
Keetasar B.O,331803,Delivery,BO,Jodhpur,Region Bikaner
Keu B.O,331803,Delivery,BO,Jodhpur,Region Bikaner
Kunpalsar B.O,331803,Delivery,BO,Jodhpur,Region Bikaner
Kuntasar B.O,331803,Delivery,BO,Jodhpur,Region Bikaner
Likhmadesar B.O,331803,Delivery,BO,Jodhpur,Region Bikaner
Migsariya B.O,331803,Delivery,BO,Jodhpur,Region Bikaner
Pundalsar B.O,331803,Delivery,BO,Jodhpur,Region Bikaner
Rajedoo B.O,331803,Delivery,BO,Jodhpur,Region Bikaner
Riri B.O,331803,Delivery,BO,Jodhpur,Region Bikaner
Soniyasar B.O,331803,Delivery,BO,Jodhpur,Region Bikaner
Thakariyasar B.O,331803,Delivery,BO,Jodhpur,Region Bikaner
Toliyasar B.O,331803,Delivery,BO,Jodhpur,Region Bikaner
Upni B.O,331803,Delivery,BO,Jodhpur,Region Bikaner
Kalubas S.O,331803,Non-Delivery,PO,Jodhpur,Region Bikaner
Sudsar S.O,331811,Delivery,PO,Jodhpur,Region Bikaner
Bainisar B.O,331811,Delivery,BO,Jodhpur,Region Bikaner
Derajsar B.O,331811,Delivery,BO,Jodhpur,Region Bikaner
Dulchasar B.O,331811,Delivery,BO,Jodhpur,Region Bikaner
Dusarna B.O,331811,Delivery,BO,Jodhpur,Region Bikaner
Jhanjheu B.O,331811,Delivery,BO,Jodhpur,Region Bikaner
Jodhasar B.O,331811,Delivery,BO,Jodhpur,Region Bikaner
Lakhasar B.O,331811,Delivery,BO,Jodhpur,Region Bikaner
Likhmisar B.O,331811,Delivery,BO,Jodhpur,Region Bikaner
Manakarasar B.O,331811,Delivery,BO,Jodhpur,Region Bikaner
Punrasar B.O,331811,Delivery,BO,Jodhpur,Region Bikaner
Samandsar B.O,331811,Delivery,BO,Jodhpur,Region Bikaner
Sanwatsar B.O,331811,Delivery,BO,Jodhpur,Region Bikaner
Sheruna B.O,331811,Delivery,BO,Jodhpur,Region Bikaner
Bikaner H.O,334001,Delivery,HO,Jodhpur,Region Bikaner
Akasar B.O,334001,Delivery,BO,Jodhpur,Region Bikaner
Gajner Palace B.O,334001,Delivery,BO,Jodhpur,Region Bikaner
Gusainsar B.O,334001,Delivery,BO,Jodhpur,Region Bikaner
Jaimalsar B.O,334001,Delivery,BO,Jodhpur,Region Bikaner
Jalwali B.O,334001,Delivery,BO,Jodhpur,Region Bikaner
Nal Bari B.O,334001,Delivery,BO,Jodhpur,Region Bikaner
Shiv Bari B.O,334001,Delivery,BO,Jodhpur,Region Bikaner
Sujandeser B.O,334001,Delivery,BO,Jodhpur,Region Bikaner
Karmisar B.O,334001,Delivery,BO,Jodhpur,Region Bikaner
Rajasar Bhatiyan B.O,334001,Delivery,BO,Jodhpur,Region Bikaner
Bachasar B.O,334001,Delivery,BO,Jodhpur,Region Bikaner
Lakhusar B.O,334001,Delivery,BO,Jodhpur,Region Bikaner
Amarpura B.O,334001,Delivery,BO,Jodhpur,Region Bikaner
Bholasar Budhan B.O,334001,Delivery,BO,Jodhpur,Region Bikaner
Kolasar B.O,334001,Delivery,BO,Jodhpur,Region Bikaner
Makrasar B.O,334001,Delivery,BO,Jodhpur,Region Bikaner
Gadhwala B.O,334001,Delivery,BO,Jodhpur,Region Bikaner
Norangdesar B.O,334001,Delivery,BO,Jodhpur,Region Bikaner
Surdhana Chauhanan B.O,334001,Delivery,BO,Jodhpur,Region Bikaner
Kanasar B.O,334001,Delivery,BO,Jodhpur,Region Bikaner
Kelan B.O,334001,Delivery,BO,Jodhpur,Region Bikaner
Kalasar B.O,334001,Delivery,BO,Jodhpur,Region Bikaner
Kawani B.O,334001,Delivery,BO,Jodhpur,Region Bikaner
Khari Charnan B.O,334001,Delivery,BO,Jodhpur,Region Bikaner
Surjara B.O,334001,Delivery,BO,Jodhpur,Region Bikaner
M.G.Road S.O,334001,Non-Delivery,PO,Jodhpur,Region Bikaner
Mohta Chowk S.O,334001,Non-Delivery,PO,Jodhpur,Region Bikaner
Bikaner City S.O,334001,Non-Delivery,PO,Jodhpur,Region Bikaner
Bikaner Kutchery S.O,334001,Non-Delivery,PO,Jodhpur,Region Bikaner
D.S.Office S.O,334001,Non-Delivery,PO,Jodhpur,Region Bikaner
Dungar College S.O,334001,Non-Delivery,PO,Jodhpur,Region Bikaner
Pabubari S.O,334001,Non-Delivery,PO,Jodhpur,Region Bikaner
Jassusar Gate S.O,334001,Non-Delivery,PO,Jodhpur,Region Bikaner
Kotegate S.O,334001,Non-Delivery,PO,Jodhpur,Region Bikaner
Lalgarh Road S.O,334001,Non-Delivery,PO,Jodhpur,Region Bikaner
Lalkar S.O,334001,Non-Delivery,PO,Jodhpur,Region Bikaner
Rani Bazar S.O (Rajasthan Circle),334001,Non-Delivery,PO,Jodhpur,Region Bikaner
Sadul Colony S.O,334001,Non-Delivery,PO,Jodhpur,Region Bikaner
Sitla Gate S.O,334001,Non-Delivery,PO,Jodhpur,Region Bikaner
Pawanpuri S.O (Bikaner),334003,Delivery,PO,Jodhpur,Region Bikaner
Bangalanagar S.O,334004,Delivery,PO,Jodhpur,Region Bikaner
Railway Workshop S.O,334004,Non-Delivery,PO,Jodhpur,Region Bikaner
Rcp Colony S.O,334004,Non-Delivery,PO,Jodhpur,Region Bikaner
Bichhwal Ind.Area S.O,334006,Delivery,PO,Jodhpur,Region Bikaner
Raj.Krishi Vishwavidhyalaya S.O,334006,Non-Delivery,PO,Jodhpur,Region Bikaner
Chhatararh S.O,334021,Delivery,PO,Jodhpur,Region Bikaner
Dandi B.O,334021,Delivery,BO,Jodhpur,Region Bikaner
Kharbara B.O,334021,Delivery,BO,Jodhpur,Region Bikaner
Loonkhan B.O,334021,Delivery,BO,Jodhpur,Region Bikaner
Mahadevwali B.O,334021,Delivery,BO,Jodhpur,Region Bikaner
Motigarh B.O,334021,Delivery,BO,Jodhpur,Region Bikaner
Raner B.O,334021,Delivery,BO,Jodhpur,Region Bikaner
Satasar B.O,334021,Delivery,BO,Jodhpur,Region Bikaner
Takhatpura B.O,334021,Delivery,BO,Jodhpur,Region Bikaner
Sansardesar B.O,334021,Delivery,BO,Jodhpur,Region Bikaner
Udasar S.O,334022,Delivery,PO,Jodhpur,Region Bikaner
Bambloo B.O,334022,Delivery,BO,Jodhpur,Region Bikaner
Gersar B.O,334022,Delivery,BO,Jodhpur,Region Bikaner
Ridmalsar B.O,334022,Delivery,BO,Jodhpur,Region Bikaner
Runiya Bara Bas B.O,334022,Delivery,BO,Jodhpur,Region Bikaner
Serera B.O,334022,Delivery,BO,Jodhpur,Region Bikaner
Khajuwala S.O,334023,Delivery,PO,Jodhpur,Region Bikaner
17 K.Y.D. B.O,334023,Delivery,BO,Jodhpur,Region Bikaner
2 K.L.D. B.O,334023,Delivery,BO,Jodhpur,Region Bikaner
61 Head B.O,334023,Delivery,BO,Jodhpur,Region Bikaner
Chak 8 Kyd B.O,334023,Delivery,BO,Jodhpur,Region Bikaner
Dantaur B.O,334023,Delivery,BO,Jodhpur,Region Bikaner
Karamwala B.O,334023,Delivery,BO,Jodhpur,Region Bikaner
Siyasarchogan B.O,334023,Delivery,BO,Jodhpur,Region Bikaner
Napasar S.O,334201,Delivery,PO,Jodhpur,Region Bikaner
Gajroopdesar B.O,334201,Delivery,BO,Jodhpur,Region Bikaner
Kesardesarjatan B.O,334201,Delivery,BO,Jodhpur,Region Bikaner
Ramsar B.O,334201,Delivery,BO,Jodhpur,Region Bikaner
Sowa B.O,334201,Delivery,BO,Jodhpur,Region Bikaner
Sinthal S.O,334202,Delivery,PO,Jodhpur,Region Bikaner
Badhnu B.O,334202,Delivery,BO,Jodhpur,Region Bikaner
Belasar B.O,334202,Delivery,BO,Jodhpur,Region Bikaner
Kuchor Aguni B.O,334202,Delivery,BO,Jodhpur,Region Bikaner
Kuchor Athuni B.O,334202,Delivery,BO,Jodhpur,Region Bikaner
Moondsar B.O,334202,Delivery,BO,Jodhpur,Region Bikaner
Tejrasar B.O,334202,Delivery,BO,Jodhpur,Region Bikaner
Sri Kolayat Ji S.O,334302,Delivery,PO,Jodhpur,Region Bikaner
Bheloo B.O,334302,Delivery,BO,Jodhpur,Region Bikaner
Bithnok B.O,334302,Delivery,BO,Jodhpur,Region Bikaner
Chani B.O,334302,Delivery,BO,Jodhpur,Region Bikaner
Dasori B.O,334302,Delivery,BO,Jodhpur,Region Bikaner
Gura B.O,334302,Delivery,BO,Jodhpur,Region Bikaner
Hadan B.O,334302,Delivery,BO,Jodhpur,Region Bikaner
Hadlan Bhatiyan B.O,334302,Delivery,BO,Jodhpur,Region Bikaner
Jhajhoo B.O,334302,Delivery,BO,Jodhpur,Region Bikaner
Khindasar B.O,334302,Delivery,BO,Jodhpur,Region Bikaner
Kotri B.O,334302,Delivery,BO,Jodhpur,Region Bikaner
Madh B.O,334302,Delivery,BO,Jodhpur,Region Bikaner
Diyatra S.O,334303,Delivery,PO,Jodhpur,Region Bikaner
Bhanekagaon B.O,334303,Delivery,BO,Jodhpur,Region Bikaner
Gariyala B.O,334303,Delivery,BO,Jodhpur,Region Bikaner
Girajsar B.O,334303,Delivery,BO,Jodhpur,Region Bikaner
Grandhi B.O,334303,Delivery,BO,Jodhpur,Region Bikaner
Nagrasar B.O,334303,Delivery,BO,Jodhpur,Region Bikaner
Nokhara B.O,334303,Delivery,BO,Jodhpur,Region Bikaner
Bajju S.O,334305,Delivery,PO,Jodhpur,Region Bikaner
Bagadsar B.O,334305,Delivery,BO,Jodhpur,Region Bikaner
Barsalpur B.O,334305,Delivery,BO,Jodhpur,Region Bikaner
Bhaluri B.O,334305,Delivery,BO,Jodhpur,Region Bikaner
Bijeri B.O,334305,Delivery,BO,Jodhpur,Region Bikaner
Bikampur B.O,334305,Delivery,BO,Jodhpur,Region Bikaner
Godoo B.O,334305,Delivery,BO,Jodhpur,Region Bikaner
Gogariyawala B.O,334305,Delivery,BO,Jodhpur,Region Bikaner
Mankasar B.O,334305,Delivery,BO,Jodhpur,Region Bikaner
Mithriya B.O,334305,Delivery,BO,Jodhpur,Region Bikaner
Phulasar Khurd B.O,334305,Delivery,BO,Jodhpur,Region Bikaner
Ranjeetpura B.O,334305,Delivery,BO,Jodhpur,Region Bikaner
Gangashahar S.O,334401,Delivery,PO,Jodhpur,Region Bikaner
Udairamsar S.O,334402,Delivery,PO,Jodhpur,Region Bikaner
Ambasar B.O,334402,Delivery,BO,Jodhpur,Region Bikaner
Barsingsar B.O,334402,Delivery,BO,Jodhpur,Region Bikaner
Lalmdesar B.O,334402,Delivery,BO,Jodhpur,Region Bikaner
Palana B.O,334402,Delivery,BO,Jodhpur,Region Bikaner
Saroopdesar B.O,334402,Delivery,BO,Jodhpur,Region Bikaner
Bhinasar S.O,334403,Delivery,PO,Jodhpur,Region Bikaner
Jamsar S.O,334601,Delivery,PO,Jodhpur,Region Bikaner
Bamanwali B.O,334601,Delivery,BO,Jodhpur,Region Bikaner
Dheerera R.S. B.O,334601,Delivery,BO,Jodhpur,Region Bikaner
Dheerera Village B.O,334601,Delivery,BO,Jodhpur,Region Bikaner
Khara B.O,334601,Delivery,BO,Jodhpur,Region Bikaner
Malasar B.O,334601,Delivery,BO,Jodhpur,Region Bikaner
Sodhwali B.O,334601,Delivery,BO,Jodhpur,Region Bikaner
Kalu S.O,334602,Delivery,PO,Jodhpur,Region Bikaner
Garabdesar B.O,334602,Delivery,BO,Jodhpur,Region Bikaner
Kharda B.O,334602,Delivery,BO,Jodhpur,Region Bikaner
Rawansar B.O,334602,Delivery,BO,Jodhpur,Region Bikaner
Sahjrasar B.O,334602,Delivery,BO,Jodhpur,Region Bikaner
Kujti B.O,334602,Non-Delivery,BO,Jodhpur,Region Bikaner
Lunkaransar S.O,334603,Delivery,PO,Jodhpur,Region Bikaner
Bhikhnera B.O,334603,Delivery,BO,Jodhpur,Region Bikaner
Dulmera B.O,334603,Delivery,BO,Jodhpur,Region Bikaner
Hansera B.O,334603,Delivery,BO,Jodhpur,Region Bikaner
Kankarwala B.O,334603,Delivery,BO,Jodhpur,Region Bikaner
Kapoorisar B.O,334603,Delivery,BO,Jodhpur,Region Bikaner
Khinyera B.O,334603,Delivery,BO,Jodhpur,Region Bikaner
Khokhrana B.O,334603,Delivery,BO,Jodhpur,Region Bikaner
Nathwana B.O,334603,Delivery,BO,Jodhpur,Region Bikaner
Rajasar Karnisar B.O,334603,Delivery,BO,Jodhpur,Region Bikaner
Rojan B.O,334603,Delivery,BO,Jodhpur,Region Bikaner
Shekhsar B.O,334603,Delivery,BO,Jodhpur,Region Bikaner
Sui B.O,334603,Delivery,BO,Jodhpur,Region Bikaner
Surnana B.O,334603,Delivery,BO,Jodhpur,Region Bikaner
Mahajan S.O,334604,Delivery,PO,Jodhpur,Region Bikaner
Arjansar B.O,334604,Delivery,BO,Jodhpur,Region Bikaner
Baladesar B.O,334604,Delivery,BO,Jodhpur,Region Bikaner
Jaitpur B.O,334604,Delivery,BO,Jodhpur,Region Bikaner
Malkisar B.O,334604,Delivery,BO,Jodhpur,Region Bikaner
Mithdiya B.O,334604,Delivery,BO,Jodhpur,Region Bikaner
Rambag B.O,334604,Delivery,BO,Jodhpur,Region Bikaner
Sherpura B.O,334604,Delivery,BO,Jodhpur,Region Bikaner
Deshnoke S.O,334801,Delivery,PO,Jodhpur,Region Bikaner
Bhamatsar B.O,334801,Delivery,BO,Jodhpur,Region Bikaner
Ghatoo B.O,334801,Delivery,BO,Jodhpur,Region Bikaner
Morkhana Athuna B.O,334801,Delivery,BO,Jodhpur,Region Bikaner
Parwa B.O,334801,Delivery,BO,Jodhpur,Region Bikaner
Rasisar B.O,334801,Delivery,BO,Jodhpur,Region Bikaner
Sinjguru B.O,334801,Delivery,BO,Jodhpur,Region Bikaner
Surpura B.O,334801,Delivery,BO,Jodhpur,Region Bikaner
Himatsar S.O,334802,Delivery,PO,Jodhpur,Region Bikaner
Ankhisar B.O,334802,Delivery,BO,Jodhpur,Region Bikaner
Berasar B.O,334802,Delivery,BO,Jodhpur,Region Bikaner
Dhoopaliya B.O,334802,Delivery,BO,Jodhpur,Region Bikaner
Gajsukhdesar B.O,334802,Delivery,BO,Jodhpur,Region Bikaner
Gondusar B.O,334802,Delivery,BO,Jodhpur,Region Bikaner
Jasrasar B.O,334802,Delivery,BO,Jodhpur,Region Bikaner
Jesalsar B.O,334802,Delivery,BO,Jodhpur,Region Bikaner
Jhadeli B.O,334802,Delivery,BO,Jodhpur,Region Bikaner
Kakra B.O,334802,Delivery,BO,Jodhpur,Region Bikaner
Lalamdesar Bara B.O,334802,Delivery,BO,Jodhpur,Region Bikaner
Mainsar B.O,334802,Delivery,BO,Jodhpur,Region Bikaner
Mansoori B.O,334802,Delivery,BO,Jodhpur,Region Bikaner
Moondar B.O,334802,Delivery,BO,Jodhpur,Region Bikaner
Sadhasar B.O,334802,Delivery,BO,Jodhpur,Region Bikaner
Seeniwala B.O,334802,Delivery,BO,Jodhpur,Region Bikaner
Thawariya B.O,334802,Delivery,BO,Jodhpur,Region Bikaner
Udsar B.O,334802,Delivery,BO,Jodhpur,Region Bikaner
Utmamdesar B.O,334802,Delivery,BO,Jodhpur,Region Bikaner
Nokha S.O,334803,Delivery,PO,Jodhpur,Region Bikaner
Bandhra B.O,334803,Delivery,BO,Jodhpur,Region Bikaner
Beekasar B.O,334803,Delivery,BO,Jodhpur,Region Bikaner
Bhalda B.O,334803,Delivery,BO,Jodhpur,Region Bikaner
Charkra B.O,334803,Delivery,BO,Jodhpur,Region Bikaner
Chitana B.O,334803,Delivery,BO,Jodhpur,Region Bikaner
Dawa B.O,334803,Delivery,BO,Jodhpur,Region Bikaner
Desalsar B.O,334803,Delivery,BO,Jodhpur,Region Bikaner
Hansasar B.O,334803,Delivery,BO,Jodhpur,Region Bikaner
Hiyadesar B.O,334803,Delivery,BO,Jodhpur,Region Bikaner
Jaisingdesar B.O,334803,Delivery,BO,Jodhpur,Region Bikaner
Jangloo B.O,334803,Delivery,BO,Jodhpur,Region Bikaner
Kakoo B.O,334803,Delivery,BO,Jodhpur,Region Bikaner
Nokha Villege B.O,334803,Delivery,BO,Jodhpur,Region Bikaner
Raisar B.O,334803,Delivery,BO,Jodhpur,Region Bikaner
Rora B.O,334803,Delivery,BO,Jodhpur,Region Bikaner
Sadhoona B.O,334803,Delivery,BO,Jodhpur,Region Bikaner
Saloondiya B.O,334803,Delivery,BO,Jodhpur,Region Bikaner
Sarunda B.O,334803,Delivery,BO,Jodhpur,Region Bikaner
Siyana Bhatiyana B.O,334803,Delivery,BO,Jodhpur,Region Bikaner
Somalsar B.O,334803,Delivery,BO,Jodhpur,Region Bikaner
Panchoo S.O,334804,Delivery,PO,Jodhpur,Region Bikaner
Dharnok B.O,334804,Delivery,BO,Jodhpur,Region Bikaner
Dhingsari B.O,334804,Delivery,BO,Jodhpur,Region Bikaner
Kisnasar B.O,334804,Delivery,BO,Jodhpur,Region Bikaner
Koo Dsoo B.O,334804,Delivery,BO,Jodhpur,Region Bikaner
Kumbhasariya B.O,334804,Delivery,BO,Jodhpur,Region Bikaner
Nathusar B.O,334804,Delivery,BO,Jodhpur,Region Bikaner
Saisar B.O,334804,Delivery,BO,Jodhpur,Region Bikaner
Udasar B.O,334804,Delivery,BO,Jodhpur,Region Bikaner
Bandhala B.O,334804,Delivery,BO,Jodhpur,Region Bikaner
Pugal S.O,334808,Delivery,PO,Jodhpur,Region Bikaner
Delitalai B.O,334808,Delivery,BO,Jodhpur,Region Bikaner
Karnisar Bhatiyan B.O,334808,Delivery,BO,Jodhpur,Region Bikaner
Siyasar Panchkosa B.O,334808,Delivery,BO,Jodhpur,Region Bikaner
Churu H.O,331001,Delivery,HO,Jodhpur,Region Churu
Jasrasar B.O,331001,Delivery,BO,Jodhpur,Region Churu
Ranasar B.O,331001,Delivery,BO,Jodhpur,Region Churu
Bhamasi B.O,331001,Delivery,BO,Jodhpur,Region Churu
Jharia B.O,331001,Delivery,BO,Jodhpur,Region Churu
Karwasar B.O,331001,Delivery,BO,Jodhpur,Region Churu
Khandwa B.O,331001,Delivery,BO,Jodhpur,Region Churu
Pithisar B.O,331001,Delivery,BO,Jodhpur,Region Churu
Sahjusar B.O,331001,Delivery,BO,Jodhpur,Region Churu
Somasi B.O,331001,Delivery,BO,Jodhpur,Region Churu
Asalkheri B.O,331001,Delivery,BO,Jodhpur,Region Churu
Dhirasar B.O,331001,Delivery,BO,Jodhpur,Region Churu
Jasasar B.O,331001,Delivery,BO,Jodhpur,Region Churu
Nakrasar B.O,331001,Delivery,BO,Jodhpur,Region Churu
Buntia B.O,331001,Delivery,BO,Jodhpur,Region Churu
Dhadharia Charnan B.O,331001,Delivery,BO,Jodhpur,Region Churu
Ginari Patta Lohasana B.O,331001,Delivery,BO,Jodhpur,Region Churu
Dhadhar B.O,331001,Delivery,BO,Jodhpur,Region Churu
Ghanghu B.O,331001,Delivery,BO,Jodhpur,Region Churu
Ghantel B.O,331001,Delivery,BO,Jodhpur,Region Churu
Ramsara B.O,331001,Delivery,BO,Jodhpur,Region Churu
Dandu B.O,331001,Delivery,BO,Jodhpur,Region Churu
Lakhau B.O,331001,Delivery,BO,Jodhpur,Region Churu
Rampura Bass B.O,331001,Delivery,BO,Jodhpur,Region Churu
Khansoli B.O,331001,Delivery,BO,Jodhpur,Region Churu
Khinwasar B.O,331001,Delivery,BO,Jodhpur,Region Churu
B.S.Road Churu S.O,331001,Non-Delivery,PO,Jodhpur,Region Churu
Churu City S.O,331001,Non-Delivery,PO,Jodhpur,Region Churu
Churu Collectorate S.O,331001,Non-Delivery,PO,Jodhpur,Region Churu
Ghantaghar Churu S.O,331001,Non-Delivery,PO,Jodhpur,Region Churu
Station Road Churu S.O,331001,Non-Delivery,PO,Jodhpur,Region Churu
Ratan Nagar S.O,331021,Delivery,PO,Jodhpur,Region Churu
Depalsar B.O,331021,Delivery,BO,Jodhpur,Region Churu
Dhani D.S.Pura B.O,331021,Delivery,BO,Jodhpur,Region Churu
Meghsar B.O,331021,Delivery,BO,Jodhpur,Region Churu
Untawalia B.O,331021,Delivery,BO,Jodhpur,Region Churu
Ratangarh H.O,331022,Delivery,HO,Jodhpur,Region Churu
Bhukhredi B.O,331022,Delivery,BO,Jodhpur,Region Churu
Deepsar B.O,331022,Delivery,BO,Jodhpur,Region Churu
Dulrasar B.O,331022,Delivery,BO,Jodhpur,Region Churu
Hamusar B.O,331022,Delivery,BO,Jodhpur,Region Churu
Nosaria B.O,331022,Delivery,BO,Jodhpur,Region Churu
Roopalisar B.O,331022,Delivery,BO,Jodhpur,Region Churu
Sangasar B.O,331022,Delivery,BO,Jodhpur,Region Churu
Tidiasar B.O,331022,Delivery,BO,Jodhpur,Region Churu
Gorisar B.O,331022,Delivery,BO,Jodhpur,Region Churu
Khudera Charnan B.O,331022,Delivery,BO,Jodhpur,Region Churu
Loha B.O,331022,Delivery,BO,Jodhpur,Region Churu
Lunchh B.O,331022,Delivery,BO,Jodhpur,Region Churu
Melusar B.O,331022,Delivery,BO,Jodhpur,Region Churu
Ratansara B.O,331022,Delivery,BO,Jodhpur,Region Churu
Bhanuda B.O,331022,Delivery,BO,Jodhpur,Region Churu
Daudsar B.O,331022,Delivery,BO,Jodhpur,Region Churu
Ladhasar B.O,331022,Delivery,BO,Jodhpur,Region Churu
Thathawata B.O,331022,Delivery,BO,Jodhpur,Region Churu
Hudera B.O,331022,Delivery,BO,Jodhpur,Region Churu
Sehla B.O,331022,Delivery,BO,Jodhpur,Region Churu
Bachharara Bara B.O,331022,Delivery,BO,Jodhpur,Region Churu
Kusumdesar B.O,331022,Delivery,BO,Jodhpur,Region Churu
Charanwasi B.O,331022,Delivery,BO,Jodhpur,Region Churu
Golsar B.O,331022,Delivery,BO,Jodhpur,Region Churu
Jaleu B.O,331022,Delivery,BO,Jodhpur,Region Churu
Jandwa B.O,331022,Delivery,BO,Jodhpur,Region Churu
Noowan B.O,331022,Delivery,BO,Jodhpur,Region Churu
Sahanali Bari B.O,331022,Delivery,BO,Jodhpur,Region Churu
Gopalpuria B.O,331022,Delivery,BO,Jodhpur,Region Churu
Khotari B.O,331022,Delivery,BO,Jodhpur,Region Churu
Pabusar B.O,331022,Delivery,BO,Jodhpur,Region Churu
Payali B.O,331022,Delivery,BO,Jodhpur,Region Churu
Biramsar B.O,331022,Delivery,BO,Jodhpur,Region Churu
E.G.Ratangarh S.O,331022,Non-Delivery,PO,Jodhpur,Region Churu
Power House Ratangarh S.O,331022,Non-Delivery,PO,Jodhpur,Region Churu
Ratangarh RS S.O,331022,Non-Delivery,PO,Jodhpur,Region Churu
Sadulpur S.O,331023,Delivery,PO,Jodhpur,Region Churu
Bairasar Chhota B.O,331023,Delivery,BO,Jodhpur,Region Churu
Bhagela B.O,331023,Delivery,BO,Jodhpur,Region Churu
Bhuwari B.O,331023,Delivery,BO,Jodhpur,Region Churu
Bungi B.O,331023,Delivery,BO,Jodhpur,Region Churu
Chainpura Chhota B.O,331023,Delivery,BO,Jodhpur,Region Churu
Chubakia Tal B.O,331023,Delivery,BO,Jodhpur,Region Churu
Dadrewa B.O,331023,Delivery,BO,Jodhpur,Region Churu
Devipura B.O,331023,Delivery,BO,Jodhpur,Region Churu
Dhani Mozi B.O,331023,Delivery,BO,Jodhpur,Region Churu
Dhigarla B.O,331023,Delivery,BO,Jodhpur,Region Churu
Dhingi B.O,331023,Delivery,BO,Jodhpur,Region Churu
Dokwa B.O,331023,Delivery,BO,Jodhpur,Region Churu
Ghanau B.O,331023,Delivery,BO,Jodhpur,Region Churu
Gothya Bari B.O,331023,Delivery,BO,Jodhpur,Region Churu
Gulpura B.O,331023,Delivery,BO,Jodhpur,Region Churu
Gwalisar B.O,331023,Delivery,BO,Jodhpur,Region Churu
Hadyal R.S. B.O,331023,Delivery,BO,Jodhpur,Region Churu
Hansiyawas B.O,331023,Delivery,BO,Jodhpur,Region Churu
Jaitpura B.O,331023,Delivery,BO,Jodhpur,Region Churu
Jharsar Chhota B.O,331023,Delivery,BO,Jodhpur,Region Churu
Lakhlan B.O,331023,Delivery,BO,Jodhpur,Region Churu
Lambor Bari B.O,331023,Delivery,BO,Jodhpur,Region Churu
Laseri B.O,331023,Delivery,BO,Jodhpur,Region Churu
Lilaki B.O,331023,Delivery,BO,Jodhpur,Region Churu
Mahalana Utarada B.O,331023,Delivery,BO,Jodhpur,Region Churu
Modawasi B.O,331023,Delivery,BO,Jodhpur,Region Churu
Mundi Tal B.O,331023,Delivery,BO,Jodhpur,Region Churu
Narwasi R.S. B.O,331023,Delivery,BO,Jodhpur,Region Churu
Narwasi Village B.O,331023,Delivery,BO,Jodhpur,Region Churu
Nyangal Bari B.O,331023,Delivery,BO,Jodhpur,Region Churu
Nyangal Chhoti B.O,331023,Delivery,BO,Jodhpur,Region Churu
Paharsar B.O,331023,Delivery,BO,Jodhpur,Region Churu
Ragha Chhoti B.O,331023,Delivery,BO,Jodhpur,Region Churu
Suratpura B.O,331023,Delivery,BO,Jodhpur,Region Churu
Thanmathoi B.O,331023,Delivery,BO,Jodhpur,Region Churu
Gagarwas,331023,Delivery,BO,Jodhpur,Region Churu
Patel Chowk Sadulpur S.O,331023,Non-Delivery,PO,Jodhpur,Region Churu
Sadulpur City S.O,331023,Non-Delivery,PO,Jodhpur,Region Churu
Dudhwakhara S.O,331029,Delivery,PO,Jodhpur,Region Churu
Dudhwakha R.S. B.O,331029,Delivery,BO,Jodhpur,Region Churu
Hadyal Village B.O,331029,Delivery,BO,Jodhpur,Region Churu
Inderpura B.O,331029,Delivery,BO,Jodhpur,Region Churu
Ladria B.O,331029,Delivery,BO,Jodhpur,Region Churu
Lohsana Bara B.O,331029,Delivery,BO,Jodhpur,Region Churu
Lohsana Chhota B.O,331029,Delivery,BO,Jodhpur,Region Churu
Morthal B.O,331029,Delivery,BO,Jodhpur,Region Churu
Rajpura B.O,331029,Delivery,BO,Jodhpur,Region Churu
Satyun B.O,331029,Delivery,BO,Jodhpur,Region Churu
Sirsala B.O,331029,Delivery,BO,Jodhpur,Region Churu
Sirsali B.O,331029,Delivery,BO,Jodhpur,Region Churu
Satra S.O,331031,Delivery,PO,Jodhpur,Region Churu
Binasar B.O,331031,Delivery,BO,Jodhpur,Region Churu
Molisar B.O,331031,Delivery,BO,Jodhpur,Region Churu
Raipuria B.O,331031,Delivery,BO,Jodhpur,Region Churu
Rampura Beri S.O,331301,Delivery,PO,Jodhpur,Region Churu
Bewar B.O,331301,Delivery,BO,Jodhpur,Region Churu
Bhainsali B.O,331301,Delivery,BO,Jodhpur,Region Churu
Bhojan B.O,331301,Delivery,BO,Jodhpur,Region Churu
Biran B.O,331301,Delivery,BO,Jodhpur,Region Churu
Kalari B.O,331301,Delivery,BO,Jodhpur,Region Churu
Khairubari B.O,331301,Delivery,BO,Jodhpur,Region Churu
Nawan B.O,331301,Delivery,BO,Jodhpur,Region Churu
Sahwa S.O,331302,Delivery,PO,Jodhpur,Region Churu
Bharang B.O,331302,Delivery,BO,Jodhpur,Region Churu
Dhirwas B.O,331302,Delivery,BO,Jodhpur,Region Churu
Meghsar B.O,331302,Delivery,BO,Jodhpur,Region Churu
Mehrasar Uppadhiyan B.O,331302,Delivery,BO,Jodhpur,Region Churu
Punsisar B.O,331302,Delivery,BO,Jodhpur,Region Churu
Raiyatunda B.O,331302,Delivery,BO,Jodhpur,Region Churu
Somasisar B.O,331302,Delivery,BO,Jodhpur,Region Churu
Sankhu Fort S.O,331303,Delivery,PO,Jodhpur,Region Churu
Baijwa B.O,331303,Delivery,BO,Jodhpur,Region Churu
Janau Khari B.O,331303,Delivery,BO,Jodhpur,Region Churu
Jaswantpura B.O,331303,Delivery,BO,Jodhpur,Region Churu
Kalana Tal B.O,331303,Delivery,BO,Jodhpur,Region Churu
Lilawati B.O,331303,Delivery,BO,Jodhpur,Region Churu
Nesal B.O,331303,Delivery,BO,Jodhpur,Region Churu
Norangpura B.O,331303,Delivery,BO,Jodhpur,Region Churu
Rawantsar Kunjla B.O,331303,Delivery,BO,Jodhpur,Region Churu
Sankhan Tal B.O,331303,Delivery,BO,Jodhpur,Region Churu
Sulkhania B.O,331303,Delivery,BO,Jodhpur,Region Churu
Taranagar S.O,331304,Delivery,PO,Jodhpur,Region Churu
Allayala B.O,331304,Delivery,BO,Jodhpur,Region Churu
Anandsinghpura B.O,331304,Delivery,BO,Jodhpur,Region Churu
Bain B.O,331304,Delivery,BO,Jodhpur,Region Churu
Banara B.O,331304,Delivery,BO,Jodhpur,Region Churu
Bhalau Tal B.O,331304,Delivery,BO,Jodhpur,Region Churu
Bhaleri B.O,331304,Delivery,BO,Jodhpur,Region Churu
Bhanin B.O,331304,Delivery,BO,Jodhpur,Region Churu
Bhuchawas B.O,331304,Delivery,BO,Jodhpur,Region Churu
Chalkoi Banirotan B.O,331304,Delivery,BO,Jodhpur,Region Churu
Changoi B.O,331304,Delivery,BO,Jodhpur,Region Churu
Dhana Bhakran B.O,331304,Delivery,BO,Jodhpur,Region Churu
Dhani Asha B.O,331304,Delivery,BO,Jodhpur,Region Churu
Dhani Kumharan B.O,331304,Delivery,BO,Jodhpur,Region Churu
Gajuwas B.O,331304,Delivery,BO,Jodhpur,Region Churu
Jharsar Kandhlan B.O,331304,Delivery,BO,Jodhpur,Region Churu
Jigsana Tal B.O,331304,Delivery,BO,Jodhpur,Region Churu
Jori B.O,331304,Delivery,BO,Jodhpur,Region Churu
Jothran B.O,331304,Delivery,BO,Jodhpur,Region Churu
Kalwas B.O,331304,Delivery,BO,Jodhpur,Region Churu
Kohina B.O,331304,Delivery,BO,Jodhpur,Region Churu
Kotwad Tal B.O,331304,Delivery,BO,Jodhpur,Region Churu
Melusar B.O,331304,Delivery,BO,Jodhpur,Region Churu
Nethwa B.O,331304,Delivery,BO,Jodhpur,Region Churu
Pandreu Tal B.O,331304,Delivery,BO,Jodhpur,Region Churu
Pandreu Tibba B.O,331304,Delivery,BO,Jodhpur,Region Churu
Punras B.O,331304,Delivery,BO,Jodhpur,Region Churu
Rajas B.O,331304,Delivery,BO,Jodhpur,Region Churu
Redi Bhurawas B.O,331304,Delivery,BO,Jodhpur,Region Churu
Sarayan B.O,331304,Delivery,BO,Jodhpur,Region Churu
Seowa B.O,331304,Delivery,BO,Jodhpur,Region Churu
Togawas B.O,331304,Delivery,BO,Jodhpur,Region Churu
Taranagar Bazar S.O,331304,Non-Delivery,PO,Jodhpur,Region Churu
Hamirwas S.O,331305,Delivery,PO,Jodhpur,Region Churu
Bhamreed B.O,331305,Delivery,BO,Jodhpur,Region Churu
Binjawas B.O,331305,Delivery,BO,Jodhpur,Region Churu
Chand Gothi B.O,331305,Delivery,BO,Jodhpur,Region Churu
Harpalu Tal B.O,331305,Delivery,BO,Jodhpur,Region Churu
Neema B.O,331305,Delivery,BO,Jodhpur,Region Churu
Nuhand B.O,331305,Delivery,BO,Jodhpur,Region Churu
Sardarpura B.O,331305,Delivery,BO,Jodhpur,Region Churu
Thirpali Bari B.O,331305,Delivery,BO,Jodhpur,Region Churu
Pulasar S.O,331402,Delivery,PO,Jodhpur,Region Churu
Derajsar B.O,331402,Delivery,BO,Jodhpur,Region Churu
Jaisinghsar B.O,331402,Delivery,BO,Jodhpur,Region Churu
Kaklasar B.O,331402,Delivery,BO,Jodhpur,Region Churu
Phogan B.O,331402,Delivery,BO,Jodhpur,Region Churu
Sarsar B.O,331402,Delivery,BO,Jodhpur,Region Churu
Udasar Bidawtan B.O,331402,Delivery,BO,Jodhpur,Region Churu
Sardarshahar S.O,331403,Delivery,PO,Jodhpur,Region Churu
Adsisar B.O,331403,Delivery,BO,Jodhpur,Region Churu
Aspalsar Bara B.O,331403,Delivery,BO,Jodhpur,Region Churu
Baila B.O,331403,Delivery,BO,Jodhpur,Region Churu
Bandhnau B.O,331403,Delivery,BO,Jodhpur,Region Churu
Bhadasar B.O,331403,Delivery,BO,Jodhpur,Region Churu
Bhojasar Upadhiyan B.O,331403,Delivery,BO,Jodhpur,Region Churu
Bikamsara B.O,331403,Delivery,BO,Jodhpur,Region Churu
Billu Bass Rampura B.O,331403,Delivery,BO,Jodhpur,Region Churu
Boghera B.O,331403,Delivery,BO,Jodhpur,Region Churu
Dhani Pachera B.O,331403,Delivery,BO,Jodhpur,Region Churu
Gajusar B.O,331403,Delivery,BO,Jodhpur,Region Churu
Kalyanpura B.O,331403,Delivery,BO,Jodhpur,Region Churu
Karansar B.O,331403,Delivery,BO,Jodhpur,Region Churu
Khejara B.O,331403,Delivery,BO,Jodhpur,Region Churu
Mehari Rajviyan B.O,331403,Delivery,BO,Jodhpur,Region Churu
Mehrasar Chachera B.O,331403,Delivery,BO,Jodhpur,Region Churu
Patlisar Bara B.O,331403,Delivery,BO,Jodhpur,Region Churu
Pichkai Tal B.O,331403,Delivery,BO,Jodhpur,Region Churu
Rajasar Bikan B.O,331403,Delivery,BO,Jodhpur,Region Churu
Ramsisar B.O,331403,Delivery,BO,Jodhpur,Region Churu
Rangaisar B.O,331403,Delivery,BO,Jodhpur,Region Churu
Ratusar B.O,331403,Delivery,BO,Jodhpur,Region Churu
Sawai Bari B.O,331403,Delivery,BO,Jodhpur,Region Churu
Simla B.O,331403,Delivery,BO,Jodhpur,Region Churu
Sonpalsar B.O,331403,Delivery,BO,Jodhpur,Region Churu
Udsar B.O,331403,Delivery,BO,Jodhpur,Region Churu
Gvm Sardarshahr S.O,331403,Non-Delivery,PO,Jodhpur,Region Churu
Moti Chowk Sardarshahr S.O,331403,Non-Delivery,PO,Jodhpur,Region Churu
Sabji Mandi Sardarshahar S.O,331403,Non-Delivery,PO,Jodhpur,Region Churu
Bhanipura S.O,331411,Delivery,PO,Jodhpur,Region Churu
Barjangsar B.O,331411,Delivery,BO,Jodhpur,Region Churu
Bhojasar B.O,331411,Delivery,BO,Jodhpur,Region Churu
Bukalsar Bara B.O,331411,Delivery,BO,Jodhpur,Region Churu
Jaitasar B.O,331411,Delivery,BO,Jodhpur,Region Churu
Jaitsisar B.O,331411,Delivery,BO,Jodhpur,Region Churu
Kalwasia B.O,331411,Delivery,BO,Jodhpur,Region Churu
Malkasar B.O,331411,Delivery,BO,Jodhpur,Region Churu
Malsar B.O,331411,Delivery,BO,Jodhpur,Region Churu
Ransisar B.O,331411,Delivery,BO,Jodhpur,Region Churu
Sadasar B.O,331411,Delivery,BO,Jodhpur,Region Churu
Tolasar B.O,331411,Delivery,BO,Jodhpur,Region Churu
Bidasar S.O,331501,Delivery,PO,Jodhpur,Region Churu
Dariba B.O,331501,Delivery,BO,Jodhpur,Region Churu
Dunkar B.O,331501,Delivery,BO,Jodhpur,Region Churu
Chhapar S.O,331502,Delivery,PO,Jodhpur,Region Churu
Dewani B.O,331502,Delivery,BO,Jodhpur,Region Churu
Charwas S.O,331503,Delivery,PO,Jodhpur,Region Churu
Balera B.O,331503,Delivery,BO,Jodhpur,Region Churu
Gopalpura B.O,331503,Delivery,BO,Jodhpur,Region Churu
Gogasar S.O,331504,Delivery,PO,Jodhpur,Region Churu
Ajeetsar B.O,331504,Delivery,BO,Jodhpur,Region Churu
Asalsar B.O,331504,Delivery,BO,Jodhpur,Region Churu
Kangar B.O,331504,Delivery,BO,Jodhpur,Region Churu
Ranasar Bikan B.O,331504,Delivery,BO,Jodhpur,Region Churu
Parihara S.O (Churu),331505,Delivery,PO,Jodhpur,Region Churu
Absar B.O,331505,Delivery,BO,Jodhpur,Region Churu
Bhojasar B.O,331505,Delivery,BO,Jodhpur,Region Churu
Dhatri B.O,331505,Delivery,BO,Jodhpur,Region Churu
Harasar B.O,331505,Delivery,BO,Jodhpur,Region Churu
Rajiasar B.O,331505,Delivery,BO,Jodhpur,Region Churu
Ratnadesar B.O,331505,Delivery,BO,Jodhpur,Region Churu
Salasar S.O,331506,Delivery,PO,Jodhpur,Region Churu
Bamania B.O,331506,Delivery,BO,Jodhpur,Region Churu
Bhimsar B.O,331506,Delivery,BO,Jodhpur,Region Churu
Charia B.O,331506,Delivery,BO,Jodhpur,Region Churu
Kanwari B.O,331506,Delivery,BO,Jodhpur,Region Churu
Kharia Kaniram B.O,331506,Delivery,BO,Jodhpur,Region Churu
Khinchiwala B.O,331506,Delivery,BO,Jodhpur,Region Churu
Khuri B.O,331506,Delivery,BO,Jodhpur,Region Churu
Mainasar B.O,331506,Delivery,BO,Jodhpur,Region Churu
Murdakia B.O,331506,Delivery,BO,Jodhpur,Region Churu
Norangsar B.O,331506,Delivery,BO,Jodhpur,Region Churu
Nyama B.O,331506,Delivery,BO,Jodhpur,Region Churu
Sandan B.O,331506,Delivery,BO,Jodhpur,Region Churu
Shobhasar B.O,331506,Delivery,BO,Jodhpur,Region Churu
Sitsar B.O,331506,Delivery,BO,Jodhpur,Region Churu
Sujangarh S.O,331507,Delivery,PO,Jodhpur,Region Churu
Badabar B.O,331507,Delivery,BO,Jodhpur,Region Churu
Bobasar Bidawtan B.O,331507,Delivery,BO,Jodhpur,Region Churu
Guleria B.O,331507,Delivery,BO,Jodhpur,Region Churu
Jindrasar B.O,331507,Delivery,BO,Jodhpur,Region Churu
Kanuta B.O,331507,Delivery,BO,Jodhpur,Region Churu
Kolasar B.O,331507,Delivery,BO,Jodhpur,Region Churu
Lodsar B.O,331507,Delivery,BO,Jodhpur,Region Churu
Magrasar B.O,331507,Delivery,BO,Jodhpur,Region Churu
Malsisar B.O,331507,Delivery,BO,Jodhpur,Region Churu
G.G.Sujangarh S.O,331507,Non-Delivery,PO,Jodhpur,Region Churu
Naya Bass Sujangarh S.O,331507,Non-Delivery,PO,Jodhpur,Region Churu
Sujangarh RS S.O,331507,Non-Delivery,PO,Jodhpur,Region Churu
Sandwa S.O,331517,Delivery,PO,Jodhpur,Region Churu
Amarsar B.O,331517,Delivery,BO,Jodhpur,Region Churu
Bairasar B.O,331517,Delivery,BO,Jodhpur,Region Churu
Bamboo B.O,331517,Delivery,BO,Jodhpur,Region Churu
Charla B.O,331517,Delivery,BO,Jodhpur,Region Churu
Girwarsar B.O,331517,Delivery,BO,Jodhpur,Region Churu
Inyara B.O,331517,Delivery,BO,Jodhpur,Region Churu
Katar Chhoti B.O,331517,Delivery,BO,Jodhpur,Region Churu
Luhara B.O,331517,Delivery,BO,Jodhpur,Region Churu
Parewara B.O,331517,Delivery,BO,Jodhpur,Region Churu
Reda B.O,331517,Delivery,BO,Jodhpur,Region Churu
Sadu Bari B.O,331517,Delivery,BO,Jodhpur,Region Churu
Tehandesar B.O,331517,Delivery,BO,Jodhpur,Region Churu
Udwala B.O,331517,Delivery,BO,Jodhpur,Region Churu
Utalad B.O,331517,Delivery,BO,Jodhpur,Region Churu
Lalgarh S.O (Churu),331518,Delivery,PO,Jodhpur,Region Churu
Badsar B.O,331518,Delivery,BO,Jodhpur,Region Churu
Bagsara B.O,331518,Delivery,BO,Jodhpur,Region Churu
Bhasina B.O,331518,Delivery,BO,Jodhpur,Region Churu
Jeeli B.O,331518,Delivery,BO,Jodhpur,Region Churu
Jogalsar B.O,331518,Delivery,BO,Jodhpur,Region Churu
Kalyansar B.O,331518,Delivery,BO,Jodhpur,Region Churu
Mundra B.O,331518,Delivery,BO,Jodhpur,Region Churu
Parawa B.O,331518,Delivery,BO,Jodhpur,Region Churu
Sarothia B.O,331518,Delivery,BO,Jodhpur,Region Churu
Sidhmukh S.O,331701,Delivery,PO,Jodhpur,Region Churu
Bhimsana B.O,331701,Delivery,BO,Jodhpur,Region Churu
Birami Khalsa B.O,331701,Delivery,BO,Jodhpur,Region Churu
Dhani Bari B.O,331701,Delivery,BO,Jodhpur,Region Churu
Dhanoti Chhoti B.O,331701,Delivery,BO,Jodhpur,Region Churu
Dhanoti Kalan B.O,331701,Delivery,BO,Jodhpur,Region Churu
Galar B.O,331701,Delivery,BO,Jodhpur,Region Churu
Kanjan B.O,331701,Delivery,BO,Jodhpur,Region Churu
Malwas B.O,331701,Delivery,BO,Jodhpur,Region Churu
Ramsara Tal B.O,331701,Delivery,BO,Jodhpur,Region Churu
Rajaldesar S.O,331802,Delivery,PO,Jodhpur,Region Churu
Abadsar B.O,331802,Delivery,BO,Jodhpur,Region Churu
Alsar B.O,331802,Delivery,BO,Jodhpur,Region Churu
Bandwa B.O,331802,Delivery,BO,Jodhpur,Region Churu
Bharpalsar B.O,331802,Delivery,BO,Jodhpur,Region Churu
Bhawandesar B.O,331802,Delivery,BO,Jodhpur,Region Churu
Binadesar B.O,331802,Delivery,BO,Jodhpur,Region Churu
Dhandheru Bhamuwan B.O,331802,Delivery,BO,Jodhpur,Region Churu
Jegania B.O,331802,Delivery,BO,Jodhpur,Region Churu
Jetasar B.O,331802,Delivery,BO,Jodhpur,Region Churu
Joglia B.O,331802,Delivery,BO,Jodhpur,Region Churu
Lachharsar B.O,331802,Delivery,BO,Jodhpur,Region Churu
Loonasar B.O,331802,Delivery,BO,Jodhpur,Region Churu
Parsneu B.O,331802,Delivery,BO,Jodhpur,Region Churu
Simsia B.O,331802,Delivery,BO,Jodhpur,Region Churu
Rajaldesar Bazar S.O,331802,Non-Delivery,PO,Jodhpur,Region Churu
Alsisar S.O,331025,Delivery,PO,Jodhpur,Region Jhunjhunu
Bas Ghasiram B.O,331025,Delivery,BO,Jodhpur,Region Jhunjhunu
Haripura B.O,331025,Delivery,BO,Jodhpur,Region Jhunjhunu
Kant B.O,331025,Delivery,BO,Jodhpur,Region Jhunjhunu
Rampura B.O,331025,Delivery,BO,Jodhpur,Region Jhunjhunu
Tamkore S.O,331026,Delivery,PO,Jodhpur,Region Jhunjhunu
Badet B.O,331026,Delivery,BO,Jodhpur,Region Jhunjhunu
Budhaka Bas B.O,331026,Delivery,BO,Jodhpur,Region Jhunjhunu
Jabasar B.O,331026,Delivery,BO,Jodhpur,Region Jhunjhunu
Kaliasar B.O,331026,Delivery,BO,Jodhpur,Region Jhunjhunu
Khyali B.O,331026,Delivery,BO,Jodhpur,Region Jhunjhunu
Bissau S.O,331027,Delivery,PO,Jodhpur,Region Jhunjhunu
Bidasar B.O,331027,Delivery,BO,Jodhpur,Region Jhunjhunu
Birmi B.O,331027,Delivery,BO,Jodhpur,Region Jhunjhunu
Chandawa B.O,331027,Delivery,BO,Jodhpur,Region Jhunjhunu
Dhilsar B.O,331027,Delivery,BO,Jodhpur,Region Jhunjhunu
Diloi South B.O,331027,Delivery,BO,Jodhpur,Region Jhunjhunu
Dulchas B.O,331027,Delivery,BO,Jodhpur,Region Jhunjhunu
Gangiasar B.O,331027,Delivery,BO,Jodhpur,Region Jhunjhunu
K.K. Dhani B.O,331027,Delivery,BO,Jodhpur,Region Jhunjhunu
Kodesar B.O,331027,Delivery,BO,Jodhpur,Region Jhunjhunu
Patoda B.O,331027,Delivery,BO,Jodhpur,Region Jhunjhunu
Punio Ka Bas3 B.O,331027,Delivery,BO,Jodhpur,Region Jhunjhunu
Tain B.O,331027,Delivery,BO,Jodhpur,Region Jhunjhunu
Malsisar S.O,331028,Delivery,PO,Jodhpur,Region Jhunjhunu
Kakreu Kalan B.O,331028,Delivery,BO,Jodhpur,Region Jhunjhunu
Niradhana B.O,331028,Delivery,BO,Jodhpur,Region Jhunjhunu
Pithusar B.O,331028,Delivery,BO,Jodhpur,Region Jhunjhunu
Mahansar S.O,331030,Delivery,PO,Jodhpur,Region Jhunjhunu
Bhikhansar B.O,331030,Delivery,BO,Jodhpur,Region Jhunjhunu
Sefragunwar S.O,332716,Delivery,PO,Jodhpur,Region Jhunjhunu
Dalelpura B.O,332716,Delivery,BO,Jodhpur,Region Jhunjhunu
Hardia B.O,332716,Delivery,BO,Jodhpur,Region Jhunjhunu
Norangpura B.O,332716,Delivery,BO,Jodhpur,Region Jhunjhunu
Padewa B.O,332716,Delivery,BO,Jodhpur,Region Jhunjhunu
Shimala S.O,332746,Delivery,PO,Jodhpur,Region Jhunjhunu
Dalota B.O,332746,Delivery,BO,Jodhpur,Region Jhunjhunu
Dhosi B.O,332746,Delivery,BO,Jodhpur,Region Jhunjhunu
Doodwa B.O,332746,Delivery,BO,Jodhpur,Region Jhunjhunu
Gorir B.O,332746,Delivery,BO,Jodhpur,Region Jhunjhunu
Mandri B.O,332746,Delivery,BO,Jodhpur,Region Jhunjhunu
Ranwa B.O,332746,Delivery,BO,Jodhpur,Region Jhunjhunu
Thathwari B.O,332746,Delivery,BO,Jodhpur,Region Jhunjhunu
Jhunjhunu H.O,333001,Delivery,HO,Jodhpur,Region Jhunjhunu
Churella B.O,333001,Delivery,BO,Jodhpur,Region Jhunjhunu
Nand B.O,333001,Delivery,BO,Jodhpur,Region Jhunjhunu
Nayasar B.O,333001,Delivery,BO,Jodhpur,Region Jhunjhunu
Samsapur B.O,333001,Delivery,BO,Jodhpur,Region Jhunjhunu
Shinshiya B.O,333001,Delivery,BO,Jodhpur,Region Jhunjhunu
Abusar B.O,333001,Delivery,BO,Jodhpur,Region Jhunjhunu
Shekhasar B.O,333001,Delivery,BO,Jodhpur,Region Jhunjhunu
Hamiri B.O,333001,Delivery,BO,Jodhpur,Region Jhunjhunu
Bhimsar B.O,333001,Delivery,BO,Jodhpur,Region Jhunjhunu
Kolinda B.O,333001,Delivery,BO,Jodhpur,Region Jhunjhunu
Lootu B.O,333001,Delivery,BO,Jodhpur,Region Jhunjhunu
Patusari B.O,333001,Delivery,BO,Jodhpur,Region Jhunjhunu
Purohitonki Dhani B.O,333001,Delivery,BO,Jodhpur,Region Jhunjhunu
Bakara B.O,333001,Delivery,BO,Jodhpur,Region Jhunjhunu
Hansasar B.O,333001,Delivery,BO,Jodhpur,Region Jhunjhunu
Indali B.O,333001,Delivery,BO,Jodhpur,Region Jhunjhunu
Paratappura B.O,333001,Delivery,BO,Jodhpur,Region Jhunjhunu
Bhurasar B.O,333001,Delivery,BO,Jodhpur,Region Jhunjhunu
Khatehpura B.O,333001,Delivery,BO,Jodhpur,Region Jhunjhunu
Udas B.O,333001,Delivery,BO,Jodhpur,Region Jhunjhunu
Footla Bazar S.O,333001,Non-Delivery,PO,Jodhpur,Region Jhunjhunu
Gandhi Chowk Jhunjhunu S.O,333001,Non-Delivery,PO,Jodhpur,Region Jhunjhunu
Jhunjhunu Bazar S.O,333001,Non-Delivery,PO,Jodhpur,Region Jhunjhunu
Jhunjhunu City S.O,333001,Non-Delivery,PO,Jodhpur,Region Jhunjhunu
Jhunjhunu Court S.O,333001,Non-Delivery,PO,Jodhpur,Region Jhunjhunu
Dhanuri S.O,333011,Delivery,PO,Jodhpur,Region Jhunjhunu
Hansasari B.O,333011,Delivery,BO,Jodhpur,Region Jhunjhunu
Kharkhari B.O,333011,Delivery,BO,Jodhpur,Region Jhunjhunu
Ladusar B.O,333011,Delivery,BO,Jodhpur,Region Jhunjhunu
Loona B.O,333011,Delivery,BO,Jodhpur,Region Jhunjhunu
Sonasar B.O,333011,Delivery,BO,Jodhpur,Region Jhunjhunu
Titanwar S.O,333012,Delivery,PO,Jodhpur,Region Jhunjhunu
Chhawasari B.O,333012,Delivery,BO,Jodhpur,Region Jhunjhunu
Hukampura B.O,333012,Delivery,BO,Jodhpur,Region Jhunjhunu
Ked B.O,333012,Delivery,BO,Jodhpur,Region Jhunjhunu
Khatkar B.O,333012,Delivery,BO,Jodhpur,Region Jhunjhunu
Khinwasar B.O,333012,Delivery,BO,Jodhpur,Region Jhunjhunu
Baragaon (Jhunjhunu)S.O,333021,Delivery,PO,Jodhpur,Region Jhunjhunu
Ajari Bari B.O,333021,Delivery,BO,Jodhpur,Region Jhunjhunu
Bajawa B.O,333021,Delivery,BO,Jodhpur,Region Jhunjhunu
Binjusar B.O,333021,Delivery,BO,Jodhpur,Region Jhunjhunu
Bishanpura B.O,333021,Delivery,BO,Jodhpur,Region Jhunjhunu
Deorasar B.O,333021,Delivery,BO,Jodhpur,Region Jhunjhunu
Hasalsar B.O,333021,Delivery,BO,Jodhpur,Region Jhunjhunu
Malsar B.O,333021,Delivery,BO,Jodhpur,Region Jhunjhunu
Sithal B.O,333021,Delivery,BO,Jodhpur,Region Jhunjhunu
Gudhagorjika S.O,333022,Delivery,PO,Jodhpur,Region Jhunjhunu
Bamlas B.O,333022,Delivery,BO,Jodhpur,Region Jhunjhunu
Bar Ki Dhani B.O,333022,Delivery,BO,Jodhpur,Region Jhunjhunu
Dahani Risiyan B.O,333022,Delivery,BO,Jodhpur,Region Jhunjhunu
Duriya B.O,333022,Delivery,BO,Jodhpur,Region Jhunjhunu
Jaitpura B.O,333022,Delivery,BO,Jodhpur,Region Jhunjhunu
Posana B.O,333022,Delivery,BO,Jodhpur,Region Jhunjhunu
Raghunathpura B.O,333022,Delivery,BO,Jodhpur,Region Jhunjhunu
Bagar S.O,333023,Delivery,PO,Jodhpur,Region Jhunjhunu
Adarsh Nagar B.O,333023,Delivery,BO,Jodhpur,Region Jhunjhunu
Alipur B.O,333023,Delivery,BO,Jodhpur,Region Jhunjhunu
Bakhatawarpura B.O,333023,Delivery,BO,Jodhpur,Region Jhunjhunu
Budana B.O,333023,Delivery,BO,Jodhpur,Region Jhunjhunu
Desusar B.O,333023,Delivery,BO,Jodhpur,Region Jhunjhunu
Jaipahari B.O,333023,Delivery,BO,Jodhpur,Region Jhunjhunu
Kasimpura B.O,333023,Delivery,BO,Jodhpur,Region Jhunjhunu
Khudana B.O,333023,Delivery,BO,Jodhpur,Region Jhunjhunu
Lalpur B.O,333023,Delivery,BO,Jodhpur,Region Jhunjhunu
Lamba B.O,333023,Delivery,BO,Jodhpur,Region Jhunjhunu
Narnod Maligaon B.O,333023,Delivery,BO,Jodhpur,Region Jhunjhunu
Pakori Dhani B.O,333023,Delivery,BO,Jodhpur,Region Jhunjhunu
Islampur S.O (Jhujhunu),333024,Delivery,PO,Jodhpur,Region Jhunjhunu
Bharunda Kalan B.O,333024,Delivery,BO,Jodhpur,Region Jhunjhunu
Bharunda Khurd B.O,333024,Delivery,BO,Jodhpur,Region Jhunjhunu
Kali Pahari B.O,333024,Delivery,BO,Jodhpur,Region Jhunjhunu
Khajpur Naya B.O,333024,Delivery,BO,Jodhpur,Region Jhunjhunu
Mohanpura B.O,333024,Delivery,BO,Jodhpur,Region Jhunjhunu
Mandrella S.O,333025,Delivery,PO,Jodhpur,Region Jhunjhunu
Bajala B.O,333025,Delivery,BO,Jodhpur,Region Jhunjhunu
Bajawa B.O,333025,Delivery,BO,Jodhpur,Region Jhunjhunu
Budania B.O,333025,Delivery,BO,Jodhpur,Region Jhunjhunu
Dabri B.O,333025,Delivery,BO,Jodhpur,Region Jhunjhunu
Jakhora B.O,333025,Delivery,BO,Jodhpur,Region Jhunjhunu
Nalawa B.O,333025,Delivery,BO,Jodhpur,Region Jhunjhunu
Chirawa H.O,333026,Delivery,HO,Jodhpur,Region Jhunjhunu
Bamanwas B.O,333026,Delivery,BO,Jodhpur,Region Jhunjhunu
Bigodana B.O,333026,Delivery,BO,Jodhpur,Region Jhunjhunu
Chanana B.O,333026,Delivery,BO,Jodhpur,Region Jhunjhunu
Nangli Saledi Singh B.O,333026,Delivery,BO,Jodhpur,Region Jhunjhunu
Bhatiwar B.O,333026,Delivery,BO,Jodhpur,Region Jhunjhunu
Rasoolpur B.O,333026,Delivery,BO,Jodhpur,Region Jhunjhunu
Aduka B.O,333026,Delivery,BO,Jodhpur,Region Jhunjhunu
Lamba Gothra B.O,333026,Delivery,BO,Jodhpur,Region Jhunjhunu
Ram Rikh Ki Dhani B.O,333026,Delivery,BO,Jodhpur,Region Jhunjhunu
Sehi Kalan B.O,333026,Delivery,BO,Jodhpur,Region Jhunjhunu
Bhukana B.O,333026,Delivery,BO,Jodhpur,Region Jhunjhunu
Charawas B.O,333026,Delivery,BO,Jodhpur,Region Jhunjhunu
Gadakhera B.O,333026,Delivery,BO,Jodhpur,Region Jhunjhunu
Nunia Gothra B.O,333026,Delivery,BO,Jodhpur,Region Jhunjhunu
Swami Sehi B.O,333026,Delivery,BO,Jodhpur,Region Jhunjhunu
Nangli Gujran B.O,333026,Delivery,BO,Jodhpur,Region Jhunjhunu
Ojtu B.O,333026,Delivery,BO,Jodhpur,Region Jhunjhunu
Pichanawa B.O,333026,Delivery,BO,Jodhpur,Region Jhunjhunu
Barau B.O,333026,Delivery,BO,Jodhpur,Region Jhunjhunu
Kidwana B.O,333026,Delivery,BO,Jodhpur,Region Jhunjhunu
Badsari Ka Bas B.O,333026,Delivery,BO,Jodhpur,Region Jhunjhunu
Chirawa Town S.O,333026,Non-Delivery,PO,Jodhpur,Region Jhunjhunu
Ardawata S.O,333027,Delivery,PO,Jodhpur,Region Jhunjhunu
Gidania B.O,333027,Delivery,BO,Jodhpur,Region Jhunjhunu
Heerawaa B.O,333027,Delivery,BO,Jodhpur,Region Jhunjhunu
Jodha Ka Bas B.O,333027,Delivery,BO,Jodhpur,Region Jhunjhunu
Khadot B.O,333027,Delivery,BO,Jodhpur,Region Jhunjhunu
Sari B.O,333027,Delivery,BO,Jodhpur,Region Jhunjhunu
Sultana S.O,333028,Delivery,PO,Jodhpur,Region Jhunjhunu
Gowala B.O,333028,Delivery,BO,Jodhpur,Region Jhunjhunu
Keharpura B.O,333028,Delivery,BO,Jodhpur,Region Jhunjhunu
Kishorpura B.O,333028,Delivery,BO,Jodhpur,Region Jhunjhunu
Kithana B.O,333028,Delivery,BO,Jodhpur,Region Jhunjhunu
Kyamsar B.O,333028,Delivery,BO,Jodhpur,Region Jhunjhunu
Maharampur B.O,333028,Delivery,BO,Jodhpur,Region Jhunjhunu
Padampura B.O,333028,Delivery,BO,Jodhpur,Region Jhunjhunu
Solana B.O,333028,Delivery,BO,Jodhpur,Region Jhunjhunu
Thincholi B.O,333028,Delivery,BO,Jodhpur,Region Jhunjhunu
Surajgarh S.O,333029,Delivery,PO,Jodhpur,Region Jhunjhunu
Agawana Khurd B.O,333029,Delivery,BO,Jodhpur,Region Jhunjhunu
Bhawathari B.O,333029,Delivery,BO,Jodhpur,Region Jhunjhunu
Kakoda B.O,333029,Delivery,BO,Jodhpur,Region Jhunjhunu
Kasani B.O,333029,Delivery,BO,Jodhpur,Region Jhunjhunu
Lotia B.O,333029,Delivery,BO,Jodhpur,Region Jhunjhunu
Pilod B.O,333029,Delivery,BO,Jodhpur,Region Jhunjhunu
Raghunathpura B.O,333029,Delivery,BO,Jodhpur,Region Jhunjhunu
Surajgarh Bazar S.O,333029,Non-Delivery,PO,Jodhpur,Region Jhunjhunu
Kajara S.O,333030,Delivery,PO,Jodhpur,Region Jhunjhunu
Bhobia B.O,333030,Delivery,BO,Jodhpur,Region Jhunjhunu
Dhindawa Aguna B.O,333030,Delivery,BO,Jodhpur,Region Jhunjhunu
Jeeni B.O,333030,Delivery,BO,Jodhpur,Region Jhunjhunu
Pharat B.O,333030,Delivery,BO,Jodhpur,Region Jhunjhunu
Pilani S.O,333031,Delivery,PO,Jodhpur,Region Jhunjhunu
Bangothari B.O,333031,Delivery,BO,Jodhpur,Region Jhunjhunu
Beri B.O,333031,Delivery,BO,Jodhpur,Region Jhunjhunu
Chhapara B.O,333031,Delivery,BO,Jodhpur,Region Jhunjhunu
Dhandhar Ka Bas B.O,333031,Delivery,BO,Jodhpur,Region Jhunjhunu
Dobara B.O,333031,Delivery,BO,Jodhpur,Region Jhunjhunu
Doodawa B.O,333031,Delivery,BO,Jodhpur,Region Jhunjhunu
Dulaniya B.O,333031,Delivery,BO,Jodhpur,Region Jhunjhunu
Haminpur B.O,333031,Delivery,BO,Jodhpur,Region Jhunjhunu
Jherli B.O,333031,Delivery,BO,Jodhpur,Region Jhunjhunu
Kaji B.O,333031,Delivery,BO,Jodhpur,Region Jhunjhunu
Khudania B.O,333031,Delivery,BO,Jodhpur,Region Jhunjhunu
Ladunda B.O,333031,Delivery,BO,Jodhpur,Region Jhunjhunu
Likhawa B.O,333031,Delivery,BO,Jodhpur,Region Jhunjhunu
Morwa B.O,333031,Delivery,BO,Jodhpur,Region Jhunjhunu
Pantharia B.O,333031,Delivery,BO,Jodhpur,Region Jhunjhunu
Peepli B.O,333031,Delivery,BO,Jodhpur,Region Jhunjhunu
Sujdola B.O,333031,Delivery,BO,Jodhpur,Region Jhunjhunu
Ceeri Pilani S.O,333031,Non-Delivery,PO,Jodhpur,Region Jhunjhunu
V.V. Pilani S.O,333031,Non-Delivery,PO,Jodhpur,Region Jhunjhunu
Bhorki S.O,333032,Delivery,PO,Jodhpur,Region Jhunjhunu
Gilonki  Dhani B.O,333032,Delivery,BO,Jodhpur,Region Jhunjhunu
Signore B.O,333032,Delivery,BO,Jodhpur,Region Jhunjhunu
Jakhod S.O,333033,Delivery,PO,Jodhpur,Region Jhunjhunu
Asalwas B.O,333033,Delivery,BO,Jodhpur,Region Jhunjhunu
Balonda B.O,333033,Delivery,BO,Jodhpur,Region Jhunjhunu
Berla B.O,333033,Delivery,BO,Jodhpur,Region Jhunjhunu
Bhudanpura B.O,333033,Delivery,BO,Jodhpur,Region Jhunjhunu
Dhingaria B.O,333033,Delivery,BO,Jodhpur,Region Jhunjhunu
Dhulwa B.O,333033,Delivery,BO,Jodhpur,Region Jhunjhunu
Gadli B.O,333033,Delivery,BO,Jodhpur,Region Jhunjhunu
Kukloth Kalan B.O,333033,Delivery,BO,Jodhpur,Region Jhunjhunu
Kuloth Chhoti B.O,333033,Delivery,BO,Jodhpur,Region Jhunjhunu
Mahapalwas B.O,333033,Delivery,BO,Jodhpur,Region Jhunjhunu
Ureeka B.O,333033,Delivery,BO,Jodhpur,Region Jhunjhunu
Kuharwas S.O,333034,Delivery,PO,Jodhpur,Region Jhunjhunu
Bhuriwas B.O,333034,Delivery,BO,Jodhpur,Region Jhunjhunu
Dhakamandi B.O,333034,Delivery,BO,Jodhpur,Region Jhunjhunu
Ghasera B.O,333034,Delivery,BO,Jodhpur,Region Jhunjhunu
Jaitpura B.O,333034,Delivery,BO,Jodhpur,Region Jhunjhunu
Jharoda B.O,333034,Delivery,BO,Jodhpur,Region Jhunjhunu
Kajala B.O,333034,Delivery,BO,Jodhpur,Region Jhunjhunu
Lalamandi B.O,333034,Delivery,BO,Jodhpur,Region Jhunjhunu
Nuhania B.O,333034,Delivery,BO,Jodhpur,Region Jhunjhunu
Sagawa B.O,333034,Delivery,BO,Jodhpur,Region Jhunjhunu
Udamandi B.O,333034,Delivery,BO,Jodhpur,Region Jhunjhunu
Narhar S.O,333035,Delivery,PO,Jodhpur,Region Jhunjhunu
Badangarh B.O,333035,Delivery,BO,Jodhpur,Region Jhunjhunu
Deoroad B.O,333035,Delivery,BO,Jodhpur,Region Jhunjhunu
Kherala B.O,333035,Delivery,BO,Jodhpur,Region Jhunjhunu
Tibabasai S.O,333036,Delivery,PO,Jodhpur,Region Jhunjhunu
Kishanpura B.O,333036,Delivery,BO,Jodhpur,Region Jhunjhunu
Mehara Jatuwas B.O,333036,Delivery,BO,Jodhpur,Region Jhunjhunu
Nangali Gujarwas B.O,333036,Delivery,BO,Jodhpur,Region Jhunjhunu
Rampura B.O,333036,Delivery,BO,Jodhpur,Region Jhunjhunu
Sihor B.O,333036,Delivery,BO,Jodhpur,Region Jhunjhunu
Nua S.O,333041,Delivery,PO,Jodhpur,Region Jhunjhunu
Bharu B.O,333041,Delivery,BO,Jodhpur,Region Jhunjhunu
Bhojasar B.O,333041,Delivery,BO,Jodhpur,Region Jhunjhunu
Bibasar B.O,333041,Delivery,BO,Jodhpur,Region Jhunjhunu
Derwala B.O,333041,Delivery,BO,Jodhpur,Region Jhunjhunu
Dhigal B.O,333041,Delivery,BO,Jodhpur,Region Jhunjhunu
Durana B.O,333041,Delivery,BO,Jodhpur,Region Jhunjhunu
Hetamsar B.O,333041,Delivery,BO,Jodhpur,Region Jhunjhunu
Siriyasar Kaklan B.O,333041,Delivery,BO,Jodhpur,Region Jhunjhunu
Nawalgarh S.O,333042,Delivery,PO,Jodhpur,Region Jhunjhunu
Barwasi B.O,333042,Delivery,BO,Jodhpur,Region Jhunjhunu
Bay B.O,333042,Delivery,BO,Jodhpur,Region Jhunjhunu
Chelasi B.O,333042,Delivery,BO,Jodhpur,Region Jhunjhunu
Chobdaranki Dhani B.O,333042,Delivery,BO,Jodhpur,Region Jhunjhunu
Dhania B.O,333042,Delivery,BO,Jodhpur,Region Jhunjhunu
Khirod B.O,333042,Delivery,BO,Jodhpur,Region Jhunjhunu
Kolsia B.O,333042,Delivery,BO,Jodhpur,Region Jhunjhunu
Monwari B.O,333042,Delivery,BO,Jodhpur,Region Jhunjhunu
Nawalari B.O,333042,Delivery,BO,Jodhpur,Region Jhunjhunu
Nansagate Nawalgarh S.O,333042,Non-Delivery,PO,Jodhpur,Region Jhunjhunu
Ponkh S.O,333053,Delivery,PO,Jodhpur,Region Jhunjhunu
Chanwara B.O,333053,Delivery,BO,Jodhpur,Region Jhunjhunu
Deepura B.O,333053,Delivery,BO,Jodhpur,Region Jhunjhunu
Gadala Kalkan B.O,333053,Delivery,BO,Jodhpur,Region Jhunjhunu
Gura B.O,333053,Delivery,BO,Jodhpur,Region Jhunjhunu
Kakarana B.O,333053,Delivery,BO,Jodhpur,Region Jhunjhunu
Kankaria B.O,333053,Delivery,BO,Jodhpur,Region Jhunjhunu
Khoh B.O,333053,Delivery,BO,Jodhpur,Region Jhunjhunu
Kishorepura B.O,333053,Delivery,BO,Jodhpur,Region Jhunjhunu
Mainpura B.O,333053,Delivery,BO,Jodhpur,Region Jhunjhunu
Newari B.O,333053,Delivery,BO,Jodhpur,Region Jhunjhunu
Chhapoli S.O,333302,Delivery,PO,Jodhpur,Region Jhunjhunu
Girawadi B.O,333302,Delivery,BO,Jodhpur,Region Jhunjhunu
Jahaz B.O,333302,Delivery,BO,Jodhpur,Region Jhunjhunu
Mandawara B.O,333302,Delivery,BO,Jodhpur,Region Jhunjhunu
Mauta B.O,333302,Delivery,BO,Jodhpur,Region Jhunjhunu
Chirana S.O,333303,Delivery,PO,Jodhpur,Region Jhunjhunu
Lohargal B.O,333303,Delivery,BO,Jodhpur,Region Jhunjhunu
Todpura B.O,333303,Delivery,BO,Jodhpur,Region Jhunjhunu
Tonk Chhhilri B.O,333303,Delivery,BO,Jodhpur,Region Jhunjhunu
Jhajhar S.O,333304,Delivery,PO,Jodhpur,Region Jhunjhunu
Barwa B.O,333304,Delivery,BO,Jodhpur,Region Jhunjhunu
Basawa B.O,333304,Delivery,BO,Jodhpur,Region Jhunjhunu
Birol B.O,333304,Delivery,BO,Jodhpur,Region Jhunjhunu
Gothara B.O,333304,Delivery,BO,Jodhpur,Region Jhunjhunu
Jakhal S.O,333305,Delivery,PO,Jodhpur,Region Jhunjhunu
Bhagera B.O,333305,Delivery,BO,Jodhpur,Region Jhunjhunu
Bugala B.O,333305,Delivery,BO,Jodhpur,Region Jhunjhunu
Chhau B.O,333305,Delivery,BO,Jodhpur,Region Jhunjhunu
Kari B.O,333305,Delivery,BO,Jodhpur,Region Jhunjhunu
Majhau B.O,333305,Delivery,BO,Jodhpur,Region Jhunjhunu
Niwai B.O,333305,Delivery,BO,Jodhpur,Region Jhunjhunu
Udaipurwati S.O,333307,Delivery,PO,Jodhpur,Region Jhunjhunu
Bagora B.O,333307,Delivery,BO,Jodhpur,Region Jhunjhunu
Dholekhera B.O,333307,Delivery,BO,Jodhpur,Region Jhunjhunu
Inderpura B.O,333307,Delivery,BO,Jodhpur,Region Jhunjhunu
Kot B.O,333307,Delivery,BO,Jodhpur,Region Jhunjhunu
Nangal B.O,333307,Delivery,BO,Jodhpur,Region Jhunjhunu
Girdharpura Shahpura B.O,333307,Non-Delivery,BO,Jodhpur,Region Jhunjhunu
Parasrampura S.O,333308,Delivery,PO,Jodhpur,Region Jhunjhunu
Bhojnagar B.O,333308,Delivery,BO,Jodhpur,Region Jhunjhunu
Dhamora B.O,333308,Delivery,BO,Jodhpur,Region Jhunjhunu
Naya Parasrampura B.O,333308,Delivery,BO,Jodhpur,Region Jhunjhunu
Babai S.O (Jhujhunu),333501,Delivery,PO,Jodhpur,Region Jhunjhunu
Chinchroli B.O,333501,Delivery,BO,Jodhpur,Region Jhunjhunu
Gadrata B.O,333501,Delivery,BO,Jodhpur,Region Jhunjhunu
Kalota B.O,333501,Delivery,BO,Jodhpur,Region Jhunjhunu
Madhogarh B.O,333501,Delivery,BO,Jodhpur,Region Jhunjhunu
Sanjay Nagar B.O,333501,Delivery,BO,Jodhpur,Region Jhunjhunu
Buhana S.O,333502,Delivery,PO,Jodhpur,Region Jhunjhunu
Badbar B.O,333502,Delivery,BO,Jodhpur,Region Jhunjhunu
Jhanjha B.O,333502,Delivery,BO,Jodhpur,Region Jhunjhunu
Kalakhari B.O,333502,Delivery,BO,Jodhpur,Region Jhunjhunu
Khandawa B.O,333502,Delivery,BO,Jodhpur,Region Jhunjhunu
Lambi Ahir B.O,333502,Delivery,BO,Jodhpur,Region Jhunjhunu
Mainana B.O,333502,Delivery,BO,Jodhpur,Region Jhunjhunu
Palota B.O,333502,Delivery,BO,Jodhpur,Region Jhunjhunu
Saga B.O,333502,Delivery,BO,Jodhpur,Region Jhunjhunu
Sahad B.O,333502,Delivery,BO,Jodhpur,Region Jhunjhunu
Sanwlod B.O,333502,Delivery,BO,Jodhpur,Region Jhunjhunu
Sirsala B.O,333502,Delivery,BO,Jodhpur,Region Jhunjhunu
Sultana Ahiran B.O,333502,Delivery,BO,Jodhpur,Region Jhunjhunu
Khetri S.O (Jhujhunu),333503,Delivery,PO,Jodhpur,Region Jhunjhunu
Badalwas B.O,333503,Delivery,BO,Jodhpur,Region Jhunjhunu
Bagor B.O,333503,Delivery,BO,Jodhpur,Region Jhunjhunu
Bansiyal B.O,333503,Delivery,BO,Jodhpur,Region Jhunjhunu
Beelawa B.O,333503,Delivery,BO,Jodhpur,Region Jhunjhunu
Chirani B.O,333503,Delivery,BO,Jodhpur,Region Jhunjhunu
Dada Fatehpura B.O,333503,Delivery,BO,Jodhpur,Region Jhunjhunu
Nalpur B.O,333503,Delivery,BO,Jodhpur,Region Jhunjhunu
Papurana B.O,333503,Delivery,BO,Jodhpur,Region Jhunjhunu
Tihara B.O,333503,Delivery,BO,Jodhpur,Region Jhunjhunu
Tyonda B.O,333503,Delivery,BO,Jodhpur,Region Jhunjhunu
Khetri Bazar S.O,333503,Non-Delivery,PO,Jodhpur,Region Jhunjhunu
Kolihan Nagar S.O,333503,Non-Delivery,PO,Jodhpur,Region Jhunjhunu
Khetri Nagar S.O,333504,Delivery,PO,Jodhpur,Region Jhunjhunu
Dhana B.O,333504,Delivery,BO,Jodhpur,Region Jhunjhunu
Makro B.O,333504,Delivery,BO,Jodhpur,Region Jhunjhunu
Manota Kalan B.O,333504,Delivery,BO,Jodhpur,Region Jhunjhunu
Tatija B.O,333504,Delivery,BO,Jodhpur,Region Jhunjhunu
Kcpt Khetri Nagar S.O,333504,Non-Delivery,PO,Jodhpur,Region Jhunjhunu
Jasrapur S.O,333514,Delivery,PO,Jodhpur,Region Jhunjhunu
Dhani Badan B.O,333514,Delivery,BO,Jodhpur,Region Jhunjhunu
Gharadana Khurd B.O,333514,Delivery,BO,Jodhpur,Region Jhunjhunu
Kharkhara B.O,333514,Delivery,BO,Jodhpur,Region Jhunjhunu
Loyal B.O,333514,Delivery,BO,Jodhpur,Region Jhunjhunu
Manota Jatan B.O,333514,Delivery,BO,Jodhpur,Region Jhunjhunu
Teelawali B.O,333514,Delivery,BO,Jodhpur,Region Jhunjhunu
Pacheri Badi S.O,333515,Delivery,PO,Jodhpur,Region Jhunjhunu
Bhaloth B.O,333515,Delivery,BO,Jodhpur,Region Jhunjhunu
Bhirr B.O,333515,Delivery,BO,Jodhpur,Region Jhunjhunu
Churina B.O,333515,Delivery,BO,Jodhpur,Region Jhunjhunu
Deolawas B.O,333515,Delivery,BO,Jodhpur,Region Jhunjhunu
Gunti B.O,333515,Delivery,BO,Jodhpur,Region Jhunjhunu
Nihaloth B.O,333515,Delivery,BO,Jodhpur,Region Jhunjhunu
Pacheri Chhoti B.O,333515,Delivery,BO,Jodhpur,Region Jhunjhunu
Panthroli B.O,333515,Delivery,BO,Jodhpur,Region Jhunjhunu
Raipur Ahiran B.O,333515,Delivery,BO,Jodhpur,Region Jhunjhunu
Santore B.O,333515,Delivery,BO,Jodhpur,Region Jhunjhunu
Sohali B.O,333515,Delivery,BO,Jodhpur,Region Jhunjhunu
Singhana S.O,333516,Delivery,PO,Jodhpur,Region Jhunjhunu
Basawata Khurd B.O,333516,Delivery,BO,Jodhpur,Region Jhunjhunu
Chittausa B.O,333516,Delivery,BO,Jodhpur,Region Jhunjhunu
Dhadhot Kalan B.O,333516,Delivery,BO,Jodhpur,Region Jhunjhunu
Dumoli Khurd B.O,333516,Delivery,BO,Jodhpur,Region Jhunjhunu
Ghardana Kalan B.O,333516,Delivery,BO,Jodhpur,Region Jhunjhunu
Goth B.O,333516,Delivery,BO,Jodhpur,Region Jhunjhunu
Gujarwas B.O,333516,Delivery,BO,Jodhpur,Region Jhunjhunu
Khanpur B.O,333516,Delivery,BO,Jodhpur,Region Jhunjhunu
Moi Purani B.O,333516,Delivery,BO,Jodhpur,Region Jhunjhunu
Muradpur B.O,333516,Delivery,BO,Jodhpur,Region Jhunjhunu
Puhania B.O,333516,Delivery,BO,Jodhpur,Region Jhunjhunu
Raipur Jatan B.O,333516,Delivery,BO,Jodhpur,Region Jhunjhunu
Shahpura B.O,333516,Delivery,BO,Jodhpur,Region Jhunjhunu
Thali B.O,333516,Delivery,BO,Jodhpur,Region Jhunjhunu
Churiajitgarh S.O,333701,Delivery,PO,Jodhpur,Region Jhunjhunu
Phooskhani B.O,333701,Delivery,BO,Jodhpur,Region Jhunjhunu
Dundlod S.O,333702,Delivery,PO,Jodhpur,Region Jhunjhunu
Mandawa S.O,333704,Delivery,PO,Jodhpur,Region Jhunjhunu
Bahadurwas B.O,333704,Delivery,BO,Jodhpur,Region Jhunjhunu
Bajisar B.O,333704,Delivery,BO,Jodhpur,Region Jhunjhunu
Chanderapura B.O,333704,Delivery,BO,Jodhpur,Region Jhunjhunu
Hanumanpura B.O,333704,Delivery,BO,Jodhpur,Region Jhunjhunu
Khalasi B.O,333704,Delivery,BO,Jodhpur,Region Jhunjhunu
Kuharu B.O,333704,Delivery,BO,Jodhpur,Region Jhunjhunu
Lumawas B.O,333704,Delivery,BO,Jodhpur,Region Jhunjhunu
Maharadasi B.O,333704,Delivery,BO,Jodhpur,Region Jhunjhunu
Mojas B.O,333704,Delivery,BO,Jodhpur,Region Jhunjhunu
Sigra B.O,333704,Delivery,BO,Jodhpur,Region Jhunjhunu
Toliasar B.O,333704,Delivery,BO,Jodhpur,Region Jhunjhunu
Wahidpura B.O,333704,Delivery,BO,Jodhpur,Region Jhunjhunu
Mandawa Bazar S.O,333704,Non-Delivery,PO,Jodhpur,Region Jhunjhunu
Mukundgarh S.O,333705,Delivery,PO,Jodhpur,Region Jhunjhunu
Balaria B.O,333705,Delivery,BO,Jodhpur,Region Jhunjhunu
Ghoriwara Kalan B.O,333705,Delivery,BO,Jodhpur,Region Jhunjhunu
Ghoriwara Khurd B.O,333705,Delivery,BO,Jodhpur,Region Jhunjhunu
Kaseru B.O,333705,Delivery,BO,Jodhpur,Region Jhunjhunu
Mandasi B.O,333705,Delivery,BO,Jodhpur,Region Jhunjhunu
Narsinghanni B.O,333705,Delivery,BO,Jodhpur,Region Jhunjhunu
Pabana B.O,333705,Delivery,BO,Jodhpur,Region Jhunjhunu
C.R. Mukundgarh S.O,333705,Non-Delivery,PO,Jodhpur,Region Jhunjhunu
Dundlod RS S.O,333705,Non-Delivery,PO,Jodhpur,Region Jhunjhunu
Doomra S.O,333707,Delivery,PO,Jodhpur,Region Jhunjhunu
Dabri Baloda B.O,333707,Delivery,BO,Jodhpur,Region Jhunjhunu
Delsar Kaklan B.O,333707,Delivery,BO,Jodhpur,Region Jhunjhunu
Deogaon B.O,333707,Delivery,BO,Jodhpur,Region Jhunjhunu
Jejusar B.O,333707,Delivery,BO,Jodhpur,Region Jhunjhunu
Kairu B.O,333707,Delivery,BO,Jodhpur,Region Jhunjhunu
Kumawas B.O,333707,Delivery,BO,Jodhpur,Region Jhunjhunu
Ranasar B.O,333707,Delivery,BO,Jodhpur,Region Jhunjhunu
Sotwara B.O,333707,Delivery,BO,Jodhpur,Region Jhunjhunu
Togara Kalan B.O,333707,Delivery,BO,Jodhpur,Region Jhunjhunu
Togara Khurd B.O,333707,Delivery,BO,Jodhpur,Region Jhunjhunu
Saraisurpura S.O,333801,Delivery,PO,Jodhpur,Region Jhunjhunu
Bagoli B.O,333801,Delivery,BO,Jodhpur,Region Jhunjhunu
Jodhpura B.O,333801,Delivery,BO,Jodhpur,Region Jhunjhunu
Manaksas B.O,333801,Delivery,BO,Jodhpur,Region Jhunjhunu
Pachlangi B.O,333801,Delivery,BO,Jodhpur,Region Jhunjhunu
Papara B.O,333801,Delivery,BO,Jodhpur,Region Jhunjhunu
Jodhpur HO,342001,Delivery,HO,Jodhpur,Region Jodhpur
Bavarli BO,342001,Delivery,BO,Jodhpur,Region Jodhpur
Lodi Daijran BO,342001,Delivery,BO,Jodhpur,Region Jodhpur
Chokhan BO,342001,Delivery,BO,Jodhpur,Region Jodhpur
Bambore Darjiyan BO,342001,Delivery,BO,Jodhpur,Region Jodhpur
Dhandhaniya BO,342001,Delivery,BO,Jodhpur,Region Jodhpur
Dhandhaniya Bhayalan BO,342001,Delivery,BO,Jodhpur,Region Jodhpur
Joliyali BO,342001,Delivery,BO,Jodhpur,Region Jodhpur
Surani BO,342001,Delivery,BO,Jodhpur,Region Jodhpur
Agolai BO,342001,Delivery,BO,Jodhpur,Region Jodhpur
Barli BO,342001,Delivery,BO,Jodhpur,Region Jodhpur
Jodhpur Bhagat Ki Kothi SO,342001,Non-Delivery,PO,Jodhpur,Region Jodhpur
Jodhpur City SO,342001,Non-Delivery,PO,Jodhpur,Region Jodhpur
Jodhpur Cloth Market SO,342001,Non-Delivery,PO,Jodhpur,Region Jodhpur
Jodhpur Girdikot SO,342001,Non-Delivery,PO,Jodhpur,Region Jodhpur
Jodhpur University Campus SO,342001,Non-Delivery,PO,Jodhpur,Region Jodhpur
Kabutaron Ka Chowk SO,342001,Non-Delivery,PO,Jodhpur,Region Jodhpur
Railway Office SO,342001,Non-Delivery,PO,Jodhpur,Region Jodhpur
Siwanchi Gate SO,342001,Non-Delivery,PO,Jodhpur,Region Jodhpur
Jodhpur Shastri Nagar SO,342003,Delivery,PO,Jodhpur,Region Jodhpur
Jalori Gate SO,342003,Non-Delivery,PO,Jodhpur,Region Jodhpur
Jodhpur Chopasni Road SO,342003,Non-Delivery,PO,Jodhpur,Region Jodhpur
Pratap Nagar SO Jodhpur,342003,Non-Delivery,PO,Jodhpur,Region Jodhpur
Jodhpur KUM Bhagat Ki Kothi SO,342005,Delivery,PO,Jodhpur,Region Jodhpur
Jodhpur Marudhar Ind  Area SO,342005,Non-Delivery,PO,Jodhpur,Region Jodhpur
Kuri Bhagtasni Housing Board SO,342005,Non-Delivery,PO,Jodhpur,Region Jodhpur
Jodhpur Kachery SO,342006,Delivery,PO,Jodhpur,Region Jodhpur
Jodhpur Mahamandir SO,342006,Non-Delivery,PO,Jodhpur,Region Jodhpur
Jodhpur Rasala Road SO,342006,Non-Delivery,PO,Jodhpur,Region Jodhpur
Jodhpur Umaid Bhawan SO,342006,Non-Delivery,PO,Jodhpur,Region Jodhpur
Jodhpur KUM Mandore Road SO,342007,Delivery,PO,Jodhpur,Region Jodhpur
Nandanwan SO,342008,Delivery,PO,Jodhpur,Region Jodhpur
Subhash Nagar Jodhpur SO,342008,Non-Delivery,PO,Jodhpur,Region Jodhpur
Jodhpur Residency Road SO,342011,Delivery,PO,Jodhpur,Region Jodhpur
Jodhpur Aerodrame SO,342011,Non-Delivery,PO,Jodhpur,Region Jodhpur
Jodhpur Agency SO,342011,Non-Delivery,PO,Jodhpur,Region Jodhpur
Ratanada SO,342011,Non-Delivery,PO,Jodhpur,Region Jodhpur
Boranada SO,342012,Delivery,PO,Jodhpur,Region Jodhpur
Sangaria SO Jodhpur,342013,Delivery,PO,Jodhpur,Region Jodhpur
Jhalamand BO,342013,Delivery,BO,Jodhpur,Region Jodhpur
Salawas BO,342013,Delivery,BO,Jodhpur,Region Jodhpur
Rajasthan High Court NB SO,342013,Non-Delivery,PO,Jodhpur,Region Jodhpur
Pal SO,342014,Delivery,PO,Jodhpur,Region Jodhpur
Badliya BO,342014,Delivery,BO,Jodhpur,Region Jodhpur
Bhandukalla BO,342014,Delivery,BO,Jodhpur,Region Jodhpur
Chali BO,342014,Delivery,BO,Jodhpur,Region Jodhpur
Chincharli BO,342014,Delivery,BO,Jodhpur,Region Jodhpur
Daipara Khichiyan BO,342014,Delivery,BO,Jodhpur,Region Jodhpur
Dhawa BO,342014,Delivery,BO,Jodhpur,Region Jodhpur
Doli BO,342014,Delivery,BO,Jodhpur,Region Jodhpur
Janadesar BO,342014,Delivery,BO,Jodhpur,Region Jodhpur
Jhanwar BO,342014,Delivery,BO,Jodhpur,Region Jodhpur
Khudala BO,342014,Delivery,BO,Jodhpur,Region Jodhpur
Loonawas Kallan BO,342014,Delivery,BO,Jodhpur,Region Jodhpur
Loonawas Khara BO,342014,Delivery,BO,Jodhpur,Region Jodhpur
Narnadi BO,342014,Delivery,BO,Jodhpur,Region Jodhpur
Sinali BO,342014,Delivery,BO,Jodhpur,Region Jodhpur
Subdand BO,342014,Delivery,BO,Jodhpur,Region Jodhpur
Saran Nagar SO,342015,Delivery,PO,Jodhpur,Region Jodhpur
Fitkasani BO,342015,Delivery,BO,Jodhpur,Region Jodhpur
Kharda Randheer BO,342015,Delivery,BO,Jodhpur,Region Jodhpur
Nandra Kallan BO,342015,Delivery,BO,Jodhpur,Region Jodhpur
Nandri BO,342015,Delivery,BO,Jodhpur,Region Jodhpur
Somesar SO,342021,Delivery,PO,Jodhpur,Region Jodhpur
Dasania BO,342021,Delivery,BO,Jodhpur,Region Jodhpur
Jaitsar BO,342021,Delivery,BO,Jodhpur,Region Jodhpur
Jethania BO,342021,Delivery,BO,Jodhpur,Region Jodhpur
Kalau BO,342021,Delivery,BO,Jodhpur,Region Jodhpur
Pabusar BO,342021,Delivery,BO,Jodhpur,Region Jodhpur
Shergarh SO Jodhpur,342022,Delivery,PO,Jodhpur,Region Jodhpur
Bhomsagar BO,342022,Delivery,BO,Jodhpur,Region Jodhpur
Bhungra BO,342022,Delivery,BO,Jodhpur,Region Jodhpur
Chaba BO,342022,Delivery,BO,Jodhpur,Region Jodhpur
Dev rajgarh BO,342022,Delivery,BO,Jodhpur,Region Jodhpur
Garha BO,342022,Delivery,BO,Jodhpur,Region Jodhpur
Himmatpura BO,342022,Delivery,BO,Jodhpur,Region Jodhpur
Raisar BO,342022,Delivery,BO,Jodhpur,Region Jodhpur
Sai BO,342022,Delivery,BO,Jodhpur,Region Jodhpur
Sointra BO,342022,Delivery,BO,Jodhpur,Region Jodhpur
Suwalia BO,342022,Delivery,BO,Jodhpur,Region Jodhpur
Chuturpura BO,342022,Delivery,BO,Jodhpur,Region Jodhpur
Balesar SO,342023,Delivery,PO,Jodhpur,Region Jodhpur
Balesar Durgawatan BO,342023,Delivery,BO,Jodhpur,Region Jodhpur
Bastawa BO,342023,Delivery,BO,Jodhpur,Region Jodhpur
Belwa Rajawtan  BO,342023,Delivery,BO,Jodhpur,Region Jodhpur
Belwa Bagawatan BO,342023,Delivery,BO,Jodhpur,Region Jodhpur
Belwa Ranajee BO,342023,Delivery,BO,Jodhpur,Region Jodhpur
Bhandu Charni BO,342023,Delivery,BO,Jodhpur,Region Jodhpur
Bhandu Jati BO,342023,Delivery,BO,Jodhpur,Region Jodhpur
Gopalsar BO,342023,Delivery,BO,Jodhpur,Region Jodhpur
Jhinjhinyala BO,342023,Delivery,BO,Jodhpur,Region Jodhpur
Judia BO,342023,Delivery,BO,Jodhpur,Region Jodhpur
Kui Inda BO,342023,Delivery,BO,Jodhpur,Region Jodhpur
Nimba Ka Gaon BO,342023,Delivery,BO,Jodhpur,Region Jodhpur
Soorsagar SO,342024,Delivery,PO,Jodhpur,Region Jodhpur
Beru BO,342024,Delivery,BO,Jodhpur,Region Jodhpur
Chawanda BO,342024,Delivery,BO,Jodhpur,Region Jodhpur
Ghantiyala BO,342024,Delivery,BO,Jodhpur,Region Jodhpur
Kali Beri BO,342024,Delivery,BO,Jodhpur,Region Jodhpur
Keru BO,342024,Delivery,BO,Jodhpur,Region Jodhpur
Malunga BO,342024,Delivery,BO,Jodhpur,Region Jodhpur
Popawas BO,342024,Delivery,BO,Jodhpur,Region Jodhpur
Salori BO,342024,Delivery,BO,Jodhpur,Region Jodhpur
Setrawa SO,342025,Delivery,PO,Jodhpur,Region Jodhpur
Asarlai BO,342025,Delivery,BO,Jodhpur,Region Jodhpur
Bhaloo Kallan BO,342025,Delivery,BO,Jodhpur,Region Jodhpur
Bhalu Rajwan BO,342025,Delivery,BO,Jodhpur,Region Jodhpur
Chordiyan BO,342025,Delivery,BO,Jodhpur,Region Jodhpur
Deda BO,342025,Delivery,BO,Jodhpur,Region Jodhpur
Deda Hapan BO,342025,Delivery,BO,Jodhpur,Region Jodhpur
Dewatu BO,342025,Delivery,BO,Jodhpur,Region Jodhpur
Ketu Hema BO,342025,Delivery,BO,Jodhpur,Region Jodhpur
Ketu Kallan BO,342025,Delivery,BO,Jodhpur,Region Jodhpur
Khiny Asariya BO,342025,Delivery,BO,Jodhpur,Region Jodhpur
Lawaran BO,342025,Delivery,BO,Jodhpur,Region Jodhpur
Shekhala BO,342025,Delivery,BO,Jodhpur,Region Jodhpur
Solankiya Tala BO,342025,Delivery,BO,Jodhpur,Region Jodhpur
Dheerpura BO,342025,Delivery,BO,Jodhpur,Region Jodhpur
Jodhpur BSF Trg Centre SO,342026,Delivery,PO,Jodhpur,Region Jodhpur
Banar SO,342027,Delivery,PO,Jodhpur,Region Jodhpur
Banwarla BO,342027,Delivery,BO,Jodhpur,Region Jodhpur
Bhatinda BO,342027,Delivery,BO,Jodhpur,Region Jodhpur
Binawas BO,342027,Delivery,BO,Jodhpur,Region Jodhpur
Birami BO,342027,Delivery,BO,Jodhpur,Region Jodhpur
Bisalpur BO,342027,Delivery,BO,Jodhpur,Region Jodhpur
Chandelao BO,342027,Delivery,BO,Jodhpur,Region Jodhpur
Daikara BO,342027,Delivery,BO,Jodhpur,Region Jodhpur
Dangiawas BO,342027,Delivery,BO,Jodhpur,Region Jodhpur
Dantiwara BO,342027,Delivery,BO,Jodhpur,Region Jodhpur
Gangani BO,342027,Delivery,BO,Jodhpur,Region Jodhpur
Jajeli Daikara BO,342027,Delivery,BO,Jodhpur,Region Jodhpur
Jajiwal Kallan BO,342027,Delivery,BO,Jodhpur,Region Jodhpur
Jaleli Fozdara BO,342027,Delivery,BO,Jodhpur,Region Jodhpur
Kakelao BO,342027,Delivery,BO,Jodhpur,Region Jodhpur
Khatiyasani BO,342027,Delivery,BO,Jodhpur,Region Jodhpur
Modi Joshiyan BO,342027,Delivery,BO,Jodhpur,Region Jodhpur
Palasni BO,342027,Delivery,BO,Jodhpur,Region Jodhpur
Peethawas BO,342027,Delivery,BO,Jodhpur,Region Jodhpur
Salwa Kallan BO,342027,Delivery,BO,Jodhpur,Region Jodhpur
Tena SO,342028,Delivery,PO,Jodhpur,Region Jodhpur
Khirja Ashan BO,342028,Delivery,BO,Jodhpur,Region Jodhpur
Khirja Khas BO,342028,Delivery,BO,Jodhpur,Region Jodhpur
Khirja Tibna BO,342028,Delivery,BO,Jodhpur,Region Jodhpur
Siyada BO,342028,Delivery,BO,Jodhpur,Region Jodhpur
Soyla PO,342029,Delivery,PO,Jodhpur,Region Jodhpur
Dhanari Kallan BO,342029,Delivery,BO,Jodhpur,Region Jodhpur
Kajnau Kallan BO,342029,Delivery,BO,Jodhpur,Region Jodhpur
Kherapa BO,342029,Delivery,BO,Jodhpur,Region Jodhpur
Nandia Kallan BO,342029,Delivery,BO,Jodhpur,Region Jodhpur
Nandiya Khurd BO,342029,Delivery,BO,Jodhpur,Region Jodhpur
IIT JODHPUR,342030,Delivery,PO,Jodhpur,Region Jodhpur
Lavera Baori SO,342037,Delivery,PO,Jodhpur,Region Jodhpur
Anvana BO,342037,Delivery,BO,Jodhpur,Region Jodhpur
Bhawad BO,342037,Delivery,BO,Jodhpur,Region Jodhpur
Danwra BO,342037,Delivery,BO,Jodhpur,Region Jodhpur
Karwar BO,342037,Delivery,BO,Jodhpur,Region Jodhpur
Kasti BO,342037,Delivery,BO,Jodhpur,Region Jodhpur
Kelva Kallan BO,342037,Delivery,BO,Jodhpur,Region Jodhpur
Lavera Kallan BO,342037,Delivery,BO,Jodhpur,Region Jodhpur
Lavera Khurd BO,342037,Delivery,BO,Jodhpur,Region Jodhpur
Lordi Panditji BO,342037,Delivery,BO,Jodhpur,Region Jodhpur
Netra BO,342037,Delivery,BO,Jodhpur,Region Jodhpur
Sawant Kuan Khurd BO,342037,Delivery,BO,Jodhpur,Region Jodhpur
Phalodi SO,342301,Delivery,PO,Jodhpur,Region Jodhpur
Bari Baori BO,342301,Delivery,BO,Jodhpur,Region Jodhpur
Baru BO,342301,Delivery,BO,Jodhpur,Region Jodhpur
Bengti Kallan BO,342301,Delivery,BO,Jodhpur,Region Jodhpur
Bengti Khurd BO,342301,Delivery,BO,Jodhpur,Region Jodhpur
Bithdi BO,342301,Delivery,BO,Jodhpur,Region Jodhpur
Chilla BO,342301,Delivery,BO,Jodhpur,Region Jodhpur
Hindalgore BO,342301,Delivery,BO,Jodhpur,Region Jodhpur
Hopardi BO,342301,Delivery,BO,Jodhpur,Region Jodhpur
Jalora BO,342301,Delivery,BO,Jodhpur,Region Jodhpur
Jamba BO,342301,Delivery,BO,Jodhpur,Region Jodhpur
Khetasar BO,342301,Delivery,BO,Jodhpur,Region Jodhpur
Lordiyan BO,342301,Delivery,BO,Jodhpur,Region Jodhpur
Malar BO,342301,Delivery,BO,Jodhpur,Region Jodhpur
Mohri BO,342301,Delivery,BO,Jodhpur,Region Jodhpur
Mokheri BO,342301,Delivery,BO,Jodhpur,Region Jodhpur
Motai BO,342301,Delivery,BO,Jodhpur,Region Jodhpur
Neneu BO,342301,Delivery,BO,Jodhpur,Region Jodhpur
Raneri BO,342301,Delivery,BO,Jodhpur,Region Jodhpur
Shekhasar BO,342301,Delivery,BO,Jodhpur,Region Jodhpur
Singhda BO,342301,Delivery,BO,Jodhpur,Region Jodhpur
Tekra BO,342301,Delivery,BO,Jodhpur,Region Jodhpur
Tepu BO,342301,Delivery,BO,Jodhpur,Region Jodhpur
Phalodi Sadar Bazar SO,342301,Non-Delivery,PO,Jodhpur,Region Jodhpur
Lohawat SO,342302,Delivery,PO,Jodhpur,Region Jodhpur
Dhelana BO,342302,Delivery,BO,Jodhpur,Region Jodhpur
Jammeshwar Nagar BO,342302,Delivery,BO,Jodhpur,Region Jodhpur
Lohawat Jatabas BO,342302,Delivery,BO,Jodhpur,Region Jodhpur
Palli BO,342302,Delivery,BO,Jodhpur,Region Jodhpur
Paschimi Dhani BO,342302,Delivery,BO,Jodhpur,Region Jodhpur
Samrau BO,342302,Delivery,BO,Jodhpur,Region Jodhpur
Osian SO,342303,Delivery,PO,Jodhpur,Region Jodhpur
Baran Khurd BO,342303,Delivery,BO,Jodhpur,Region Jodhpur
Bethwasia BO,342303,Delivery,BO,Jodhpur,Region Jodhpur
Bhikamkore BO,342303,Delivery,BO,Jodhpur,Region Jodhpur
Chandarakh BO,342303,Delivery,BO,Jodhpur,Region Jodhpur
Dabri BO,342303,Delivery,BO,Jodhpur,Region Jodhpur
Khabra Khurd BO,342303,Delivery,BO,Jodhpur,Region Jodhpur
Khetasar BO,342303,Delivery,BO,Jodhpur,Region Jodhpur
Neora BO,342303,Delivery,BO,Jodhpur,Region Jodhpur
Nosar BO,342303,Delivery,BO,Jodhpur,Region Jodhpur
Padasala BO,342303,Delivery,BO,Jodhpur,Region Jodhpur
Sirmandi BO,342303,Delivery,BO,Jodhpur,Region Jodhpur
Thob BO,342303,Delivery,BO,Jodhpur,Region Jodhpur
Mandore SO,342304,Delivery,PO,Jodhpur,Region Jodhpur
Punjla BO,342304,Delivery,BO,Jodhpur,Region Jodhpur
Surpura BO,342304,Delivery,BO,Jodhpur,Region Jodhpur
Mathania SO,342305,Delivery,PO,Jodhpur,Region Jodhpur
Bhenser Chawandiali BO,342305,Delivery,BO,Jodhpur,Region Jodhpur
Jud BO,342305,Delivery,BO,Jodhpur,Region Jodhpur
Kharda Mewasa BO,342305,Delivery,BO,Jodhpur,Region Jodhpur
Manaklao BO,342305,Delivery,BO,Jodhpur,Region Jodhpur
Rampura Bhatiyan BO,342305,Delivery,BO,Jodhpur,Region Jodhpur
Umed Nagar BO,342305,Delivery,BO,Jodhpur,Region Jodhpur
Teori SO,342306,Delivery,PO,Jodhpur,Region Jodhpur
Balarwa BO,342306,Delivery,BO,Jodhpur,Region Jodhpur
Banaka Bas BO,342306,Delivery,BO,Jodhpur,Region Jodhpur
Barla Basni BO,342306,Delivery,BO,Jodhpur,Region Jodhpur
Berdon Ka Bass BO,342306,Delivery,BO,Jodhpur,Region Jodhpur
Bhalasariya BO,342306,Delivery,BO,Jodhpur,Region Jodhpur
Binjwaria BO,342306,Delivery,BO,Jodhpur,Region Jodhpur
Birai BO,342306,Delivery,BO,Jodhpur,Region Jodhpur
Chamu BO,342306,Delivery,BO,Jodhpur,Region Jodhpur
Cherai BO,342306,Delivery,BO,Jodhpur,Region Jodhpur
Deriya BO,342306,Delivery,BO,Jodhpur,Region Jodhpur
Devania BO,342306,Delivery,BO,Jodhpur,Region Jodhpur
Gheora BO,342306,Delivery,BO,Jodhpur,Region Jodhpur
Indroka BO,342306,Delivery,BO,Jodhpur,Region Jodhpur
Jelu Gagari BO,342306,Delivery,BO,Jodhpur,Region Jodhpur
Khudiyala BO,342306,Delivery,BO,Jodhpur,Region Jodhpur
Mandial Kallan BO,342306,Delivery,BO,Jodhpur,Region Jodhpur
Narwa BO,342306,Delivery,BO,Jodhpur,Region Jodhpur
Panchala Khurd BO,342306,Delivery,BO,Jodhpur,Region Jodhpur
Utamber BO,342306,Delivery,BO,Jodhpur,Region Jodhpur
Bap SO,342307,Delivery,PO,Jodhpur,Region Jodhpur
Bari Sidh BO,342307,Delivery,BO,Jodhpur,Region Jodhpur
Chakhoo BO,342307,Delivery,BO,Jodhpur,Region Jodhpur
Kanasar BO,342307,Delivery,BO,Jodhpur,Region Jodhpur
Kansingh Ki Sidh BO,342307,Delivery,BO,Jodhpur,Region Jodhpur
Khidrat BO,342307,Delivery,BO,Jodhpur,Region Jodhpur
Loona BO,342307,Delivery,BO,Jodhpur,Region Jodhpur
Malamsingh Ki Sidh BO,342307,Delivery,BO,Jodhpur,Region Jodhpur
Noore Ki Bhuj BO,342307,Delivery,BO,Jodhpur,Region Jodhpur
Udat BO,342307,Delivery,BO,Jodhpur,Region Jodhpur
Khichan SO,342308,Delivery,PO,Jodhpur,Region Jodhpur
Amla BO,342308,Delivery,BO,Jodhpur,Region Jodhpur
Barjasar BO,342308,Delivery,BO,Jodhpur,Region Jodhpur
Denok BO,342308,Delivery,BO,Jodhpur,Region Jodhpur
Dholasar BO,342308,Delivery,BO,Jodhpur,Region Jodhpur
Moriya Munjasar BO,342308,Delivery,BO,Jodhpur,Region Jodhpur
Padiyal BO,342308,Delivery,BO,Jodhpur,Region Jodhpur
Palina BO,342308,Delivery,BO,Jodhpur,Region Jodhpur
Shaitan Singh Nagar BO,342308,Delivery,BO,Jodhpur,Region Jodhpur
Peelwa SO,342309,Delivery,PO,Jodhpur,Region Jodhpur
Barnau BO,342309,Delivery,BO,Jodhpur,Region Jodhpur
Bher BO,342309,Delivery,BO,Jodhpur,Region Jodhpur
Bhojakore BO,342309,Delivery,BO,Jodhpur,Region Jodhpur
Dayakore BO,342309,Delivery,BO,Jodhpur,Region Jodhpur
Gilakore BO,342309,Delivery,BO,Jodhpur,Region Jodhpur
Lorta Achalawatan BO,342309,Delivery,BO,Jodhpur,Region Jodhpur
Nathrau BO,342309,Delivery,BO,Jodhpur,Region Jodhpur
Nokh SO,342310,Delivery,PO,Jodhpur,Region Jodhpur
Bodana BO,342310,Delivery,BO,Jodhpur,Region Jodhpur
Sanwara Gaon BO,342310,Delivery,BO,Jodhpur,Region Jodhpur
Aau SO,342311,Delivery,PO,Jodhpur,Region Jodhpur
Badu BO,342311,Delivery,BO,Jodhpur,Region Jodhpur
Bapini BO,342311,Delivery,BO,Jodhpur,Region Jodhpur
Bhiyasar BO,342311,Delivery,BO,Jodhpur,Region Jodhpur
Bhojasar BO,342311,Delivery,BO,Jodhpur,Region Jodhpur
Cheemana BO,342311,Delivery,BO,Jodhpur,Region Jodhpur
Ghantiyali BO,342311,Delivery,BO,Jodhpur,Region Jodhpur
Ishru BO,342311,Delivery,BO,Jodhpur,Region Jodhpur
Jaisla BO,342311,Delivery,BO,Jodhpur,Region Jodhpur
Kelansar BO,342311,Delivery,BO,Jodhpur,Region Jodhpur
Mattoda BO,342311,Delivery,BO,Jodhpur,Region Jodhpur
Nimbo Ka Talab BO,342311,Delivery,BO,Jodhpur,Region Jodhpur
Nokhra Bhatiyan BO,342311,Delivery,BO,Jodhpur,Region Jodhpur
Suwap BO,342311,Delivery,BO,Jodhpur,Region Jodhpur
Chadi SO,342312,Delivery,PO,Jodhpur,Region Jodhpur
Barsallu Kallan BO,342312,Delivery,BO,Jodhpur,Region Jodhpur
Bugri BO,342312,Delivery,BO,Jodhpur,Region Jodhpur
Champasar BO,342312,Delivery,BO,Jodhpur,Region Jodhpur
Gingala BO,342312,Delivery,BO,Jodhpur,Region Jodhpur
Hatundi BO,342312,Delivery,BO,Jodhpur,Region Jodhpur
Jakhan BO,342312,Delivery,BO,Jodhpur,Region Jodhpur
Kapooria BO,342312,Delivery,BO,Jodhpur,Region Jodhpur
Khindakore BO,342312,Delivery,BO,Jodhpur,Region Jodhpur
Kinjari BO,342312,Delivery,BO,Jodhpur,Region Jodhpur
Laxman Nagar BO,342312,Delivery,BO,Jodhpur,Region Jodhpur
Poonasar BO,342312,Delivery,BO,Jodhpur,Region Jodhpur
Raimalwara BO,342312,Delivery,BO,Jodhpur,Region Jodhpur
Ridmalsar BO,342312,Delivery,BO,Jodhpur,Region Jodhpur
Rohina BO,342312,Delivery,BO,Jodhpur,Region Jodhpur
Tapoo BO,342312,Delivery,BO,Jodhpur,Region Jodhpur
Dechu SO,342314,Delivery,PO,Jodhpur,Region Jodhpur
Burkiya BO,342314,Delivery,BO,Jodhpur,Region Jodhpur
Chandsama BO,342314,Delivery,BO,Jodhpur,Region Jodhpur
Utwaliya BO,342314,Delivery,BO,Jodhpur,Region Jodhpur
Kanodia BO,342314,Delivery,BO,Jodhpur,Region Jodhpur
Kolu Pabuji BO,342314,Delivery,BO,Jodhpur,Region Jodhpur
Kolu Rathoran BO,342314,Delivery,BO,Jodhpur,Region Jodhpur
Kushlawa BO,342314,Delivery,BO,Jodhpur,Region Jodhpur
Sagrau BO,342314,Delivery,BO,Jodhpur,Region Jodhpur
Sanurij BO,342314,Delivery,BO,Jodhpur,Region Jodhpur
Thadia BO,342314,Delivery,BO,Jodhpur,Region Jodhpur
Pipar SO,342601,Delivery,PO,Jodhpur,Region Jodhpur
Bhagasani BO,342601,Delivery,BO,Jodhpur,Region Jodhpur
Buchakallan BO,342601,Delivery,BO,Jodhpur,Region Jodhpur
Chirdani BO,342601,Delivery,BO,Jodhpur,Region Jodhpur
Chodhan BO,342601,Delivery,BO,Jodhpur,Region Jodhpur
Chokari Kallan BO,342601,Delivery,BO,Jodhpur,Region Jodhpur
Hariyadhana BO,342601,Delivery,BO,Jodhpur,Region Jodhpur
Khawaspura BO,342601,Delivery,BO,Jodhpur,Region Jodhpur
Khejarla BO,342601,Delivery,BO,Jodhpur,Region Jodhpur
Kosana BO,342601,Delivery,BO,Jodhpur,Region Jodhpur
Madaliya BO,342601,Delivery,BO,Jodhpur,Region Jodhpur
Nanan BO,342601,Delivery,BO,Jodhpur,Region Jodhpur
Ramaniyana BO,342601,Delivery,BO,Jodhpur,Region Jodhpur
Ransi Gaon BO,342601,Delivery,BO,Jodhpur,Region Jodhpur
Riyan BO,342601,Delivery,BO,Jodhpur,Region Jodhpur
Sambhariya BO,342601,Delivery,BO,Jodhpur,Region Jodhpur
Sathin BO,342601,Delivery,BO,Jodhpur,Region Jodhpur
Sindhipura BO,342601,Delivery,BO,Jodhpur,Region Jodhpur
Siyara BO,342601,Delivery,BO,Jodhpur,Region Jodhpur
Pipar Chopra Bazar SO,342601,Non-Delivery,PO,Jodhpur,Region Jodhpur
Bilara SO,342602,Delivery,PO,Jodhpur,Region Jodhpur
Barna BO,342602,Delivery,BO,Jodhpur,Region Jodhpur
Jetiwas BO,342602,Delivery,BO,Jodhpur,Region Jodhpur
Jhak BO,342602,Delivery,BO,Jodhpur,Region Jodhpur
Kharia Mithapur BO,342602,Delivery,BO,Jodhpur,Region Jodhpur
Pichiyak BO,342602,Delivery,BO,Jodhpur,Region Jodhpur
Udaliyawas BO,342602,Delivery,BO,Jodhpur,Region Jodhpur
Bhopalgarh SO,342603,Delivery,PO,Jodhpur,Region Jodhpur
Bagoria BO,342603,Delivery,BO,Jodhpur,Region Jodhpur
Birai BO,342603,Delivery,BO,Jodhpur,Region Jodhpur
Birani BO,342603,Delivery,BO,Jodhpur,Region Jodhpur
Hiradesar BO,342603,Delivery,BO,Jodhpur,Region Jodhpur
Mailana BO,342603,Delivery,BO,Jodhpur,Region Jodhpur
Nadsar BO,342603,Delivery,BO,Jodhpur,Region Jodhpur
Surpura Khurd BO,342603,Delivery,BO,Jodhpur,Region Jodhpur
Ustran BO,342603,Delivery,BO,Jodhpur,Region Jodhpur
Borunda SO,342604,Delivery,PO,Jodhpur,Region Jodhpur
Patel Nagar BO,342604,Delivery,BO,Jodhpur,Region Jodhpur
Sewania BO,342604,Delivery,BO,Jodhpur,Region Jodhpur
Bhavi SO,342605,Delivery,PO,Jodhpur,Region Jodhpur
Bala BO,342605,Delivery,BO,Jodhpur,Region Jodhpur
Boyal BO,342605,Delivery,BO,Jodhpur,Region Jodhpur
Hariada BO,342605,Delivery,BO,Jodhpur,Region Jodhpur
Hungaon Kallan BO,342605,Delivery,BO,Jodhpur,Region Jodhpur
Kaprda BO,342605,Delivery,BO,Jodhpur,Region Jodhpur
Lamba BO,342605,Delivery,BO,Jodhpur,Region Jodhpur
Malkosni BO,342605,Delivery,BO,Jodhpur,Region Jodhpur
Olvi BO,342605,Delivery,BO,Jodhpur,Region Jodhpur
Padasla Kallan BO,342605,Delivery,BO,Jodhpur,Region Jodhpur
Ramasni BO,342605,Delivery,BO,Jodhpur,Region Jodhpur
Rawar BO,342605,Delivery,BO,Jodhpur,Region Jodhpur
Silari BO,342605,Delivery,BO,Jodhpur,Region Jodhpur
Tilwasni BO,342605,Delivery,BO,Jodhpur,Region Jodhpur
Ghanamagra BO,342605,Delivery,BO,Jodhpur,Region Jodhpur
Pipar Road SO,342606,Delivery,PO,Jodhpur,Region Jodhpur
Artiyan Kallan BO,342606,Delivery,BO,Jodhpur,Region Jodhpur
Bhundana BO,342606,Delivery,BO,Jodhpur,Region Jodhpur
Borvi Khurd BO,342606,Delivery,BO,Jodhpur,Region Jodhpur
Bucheti BO,342606,Delivery,BO,Jodhpur,Region Jodhpur
Burkiya BO,342606,Delivery,BO,Jodhpur,Region Jodhpur
Dhoru BO,342606,Delivery,BO,Jodhpur,Region Jodhpur
Khangta BO,342606,Delivery,BO,Jodhpur,Region Jodhpur
Kharia Khangar BO,342606,Delivery,BO,Jodhpur,Region Jodhpur
Kheri Salwa BO,342606,Delivery,BO,Jodhpur,Region Jodhpur
Kood BO,342606,Delivery,BO,Jodhpur,Region Jodhpur
Kudi BO,342606,Delivery,BO,Jodhpur,Region Jodhpur
Malar BO,342606,Delivery,BO,Jodhpur,Region Jodhpur
Nandiya Prabhawati BO,342606,Delivery,BO,Jodhpur,Region Jodhpur
Palri Sidhan BO,342606,Delivery,BO,Jodhpur,Region Jodhpur
Rajshri Nagar BO,342606,Delivery,BO,Jodhpur,Region Jodhpur
Ramdawas Kallan BO,342606,Delivery,BO,Jodhpur,Region Jodhpur
Ratkuria BO,342606,Delivery,BO,Jodhpur,Region Jodhpur
Sewki Kallan BO,342606,Delivery,BO,Jodhpur,Region Jodhpur
Devatara BO,342606,Delivery,BO,Jodhpur,Region Jodhpur
Dunara SO,342801,Delivery,PO,Jodhpur,Region Jodhpur
Bhacharna BO,342801,Delivery,BO,Jodhpur,Region Jodhpur
Feench BO,342801,Delivery,BO,Jodhpur,Region Jodhpur
Piparli BO,342801,Delivery,BO,Jodhpur,Region Jodhpur
Rohicha Kallan BO,342801,Delivery,BO,Jodhpur,Region Jodhpur
Rohicha Khurd BO,342801,Delivery,BO,Jodhpur,Region Jodhpur
Sar BO,342801,Delivery,BO,Jodhpur,Region Jodhpur
Sarecha BO,342801,Delivery,BO,Jodhpur,Region Jodhpur
Luni SO,342802,Delivery,PO,Jodhpur,Region Jodhpur
Dhandiya BO,342802,Delivery,BO,Jodhpur,Region Jodhpur
Guda Vishnoiyan BO,342802,Delivery,BO,Jodhpur,Region Jodhpur
Kakani BO,342802,Delivery,BO,Jodhpur,Region Jodhpur
Khara Bera Bheemawatan BO,342802,Delivery,BO,Jodhpur,Region Jodhpur
Khara Bera Purohitan BO,342802,Delivery,BO,Jodhpur,Region Jodhpur
Khejarli Kallan BO,342802,Delivery,BO,Jodhpur,Region Jodhpur
Mogra Kallan BO,342802,Delivery,BO,Jodhpur,Region Jodhpur
Satlana BO,342802,Delivery,BO,Jodhpur,Region Jodhpur
Sikarpura BO,342802,Delivery,BO,Jodhpur,Region Jodhpur
Asop SO,342901,Delivery,PO,Jodhpur,Region Jodhpur
Barni Khurd BO,342901,Delivery,BO,Jodhpur,Region Jodhpur
Basni Harisingh BO,342901,Delivery,BO,Jodhpur,Region Jodhpur
Dadmi BO,342901,Delivery,BO,Jodhpur,Region Jodhpur
Gajsinghpura BO,342901,Delivery,BO,Jodhpur,Region Jodhpur
Garasni BO,342901,Delivery,BO,Jodhpur,Region Jodhpur
Mageria BO,342901,Delivery,BO,Jodhpur,Region Jodhpur
Paldi Ranawatan BO,342901,Delivery,BO,Jodhpur,Region Jodhpur
Radod BO,342901,Delivery,BO,Jodhpur,Region Jodhpur
Rajlani BO,342901,Delivery,BO,Jodhpur,Region Jodhpur
Jaisalmer HO,345001,Delivery,HO,Jodhpur,Region Jodhpur
Damodara BO,345001,Delivery,BO,Jodhpur,Region Jodhpur
Bhadasar BO,345001,Delivery,BO,Jodhpur,Region Jodhpur
Chhatrel BO,345001,Delivery,BO,Jodhpur,Region Jodhpur
Dedha BO,345001,Delivery,BO,Jodhpur,Region Jodhpur
Mokhala BO,345001,Delivery,BO,Jodhpur,Region Jodhpur
Rasla BO,345001,Delivery,BO,Jodhpur,Region Jodhpur
Roopsi BO,345001,Delivery,BO,Jodhpur,Region Jodhpur
Badoda Gaon BO,345001,Delivery,BO,Jodhpur,Region Jodhpur
Mulana BO,345001,Delivery,BO,Jodhpur,Region Jodhpur
Parewar BO,345001,Delivery,BO,Jodhpur,Region Jodhpur
Poonam Nagar BO,345001,Delivery,BO,Jodhpur,Region Jodhpur
Adabala BO,345001,Delivery,BO,Jodhpur,Region Jodhpur
Bandha BO,345001,Delivery,BO,Jodhpur,Region Jodhpur
Deora BO,345001,Delivery,BO,Jodhpur,Region Jodhpur
Keeta BO,345001,Delivery,BO,Jodhpur,Region Jodhpur
Sam BO,345001,Delivery,BO,Jodhpur,Region Jodhpur
Bhagu Ka Gaon BO,345001,Delivery,BO,Jodhpur,Region Jodhpur
Bhoo BO,345001,Delivery,BO,Jodhpur,Region Jodhpur
Dhaisar BO,345001,Delivery,BO,Jodhpur,Region Jodhpur
Narsinghaon Ki Dhani BO,345001,Delivery,BO,Jodhpur,Region Jodhpur
Amarsalagar BO,345001,Delivery,BO,Jodhpur,Region Jodhpur
Baramsar BO,345001,Delivery,BO,Jodhpur,Region Jodhpur
Khinya BO,345001,Delivery,BO,Jodhpur,Region Jodhpur
Salkha BO,345001,Delivery,BO,Jodhpur,Region Jodhpur
Sonu BO,345001,Delivery,BO,Jodhpur,Region Jodhpur
Bida BO,345001,Delivery,BO,Jodhpur,Region Jodhpur
Chatogarh BO,345001,Delivery,BO,Jodhpur,Region Jodhpur
Dabla BO,345001,Delivery,BO,Jodhpur,Region Jodhpur
Dewa BO,345001,Delivery,BO,Jodhpur,Region Jodhpur
Kanoi BO,345001,Delivery,BO,Jodhpur,Region Jodhpur
Kathori BO,345001,Delivery,BO,Jodhpur,Region Jodhpur
Khuiyala BO,345001,Delivery,BO,Jodhpur,Region Jodhpur
Nedai BO,345001,Delivery,BO,Jodhpur,Region Jodhpur
Sultana BO,345001,Delivery,BO,Jodhpur,Region Jodhpur
Chelak BO,345001,Delivery,BO,Jodhpur,Region Jodhpur
Lanela BO,345001,Delivery,BO,Jodhpur,Region Jodhpur
Tejpala BO,345001,Delivery,BO,Jodhpur,Region Jodhpur
Gandhi Colony Jaisalmer SO,345001,Non-Delivery,PO,Jodhpur,Region Jodhpur
Jaisalmer Bsf SO,345001,Non-Delivery,PO,Jodhpur,Region Jodhpur
Jaisalmer Collectorate SO,345001,Non-Delivery,PO,Jodhpur,Region Jodhpur
Jaisalmer Gopa Chowk SO,345001,Non-Delivery,PO,Jodhpur,Region Jodhpur
Jaisalmer Ignp Colony SO,345001,Non-Delivery,PO,Jodhpur,Region Jodhpur
Pokaran SO,345021,Delivery,PO,Jodhpur,Region Jodhpur
Baghthal BO,345021,Delivery,BO,Jodhpur,Region Jodhpur
Bamnu BO,345021,Delivery,BO,Jodhpur,Region Jodhpur
Barath Ka Gaon BO,345021,Delivery,BO,Jodhpur,Region Jodhpur
Chowk BO,345021,Delivery,BO,Jodhpur,Region Jodhpur
Dadhu BO,345021,Delivery,BO,Jodhpur,Region Jodhpur
Gomat BO,345021,Delivery,BO,Jodhpur,Region Jodhpur
Jhabra BO,345021,Delivery,BO,Jodhpur,Region Jodhpur
Jhalaria BO,345021,Delivery,BO,Jodhpur,Region Jodhpur
Kelawa BO,345021,Delivery,BO,Jodhpur,Region Jodhpur
Lawan BO,345021,Delivery,BO,Jodhpur,Region Jodhpur
Mandla BO,345021,Delivery,BO,Jodhpur,Region Jodhpur
Modardi BO,345021,Delivery,BO,Jodhpur,Region Jodhpur
Nathusar BO,345021,Delivery,BO,Jodhpur,Region Jodhpur
Padroda BO,345021,Delivery,BO,Jodhpur,Region Jodhpur
Ratariya BO,345021,Delivery,BO,Jodhpur,Region Jodhpur
Ujlan BO,345021,Delivery,BO,Jodhpur,Region Jodhpur
Pokaran City SO,345021,Non-Delivery,PO,Jodhpur,Region Jodhpur
Ramgarh SO Jaisalmer,345022,Delivery,PO,Jodhpur,Region Jodhpur
Raghwa BO,345022,Delivery,BO,Jodhpur,Region Jodhpur
Seuwa BO,345022,Delivery,BO,Jodhpur,Region Jodhpur
Tanot BO,345022,Delivery,BO,Jodhpur,Region Jodhpur
Ramdeora SO,345023,Delivery,PO,Jodhpur,Region Jodhpur
Ajasar BO,345023,Delivery,BO,Jodhpur,Region Jodhpur
Bardana BO,345023,Delivery,BO,Jodhpur,Region Jodhpur
Chayan BO,345023,Delivery,BO,Jodhpur,Region Jodhpur
Ekah BO,345023,Delivery,BO,Jodhpur,Region Jodhpur
Khara BO,345023,Delivery,BO,Jodhpur,Region Jodhpur
Loharki BO,345023,Delivery,BO,Jodhpur,Region Jodhpur
Bhaniyana SO,345024,Delivery,PO,Jodhpur,Region Jodhpur
Balu Singh Ki Dhani BO,345024,Delivery,BO,Jodhpur,Region Jodhpur
Jaimla BO,345024,Delivery,BO,Jodhpur,Region Jodhpur
Madwa BO,345024,Delivery,BO,Jodhpur,Region Jodhpur
Pannasar BO,345024,Delivery,BO,Jodhpur,Region Jodhpur
Phalsund SO,345025,Delivery,PO,Jodhpur,Region Jodhpur
Bandhewa BO,345025,Delivery,BO,Jodhpur,Region Jodhpur
Bhikodai BO,345025,Delivery,BO,Jodhpur,Region Jodhpur
Dantal BO,345025,Delivery,BO,Jodhpur,Region Jodhpur
Padampura BO,345025,Delivery,BO,Jodhpur,Region Jodhpur
Phulasar BO,345025,Delivery,BO,Jodhpur,Region Jodhpur
Rajmathai BO,345025,Delivery,BO,Jodhpur,Region Jodhpur
Sohanpura BO,345025,Delivery,BO,Jodhpur,Region Jodhpur
Swami Ki Dhani BO,345025,Delivery,BO,Jodhpur,Region Jodhpur
Sankra SO Jaisalmer,345026,Delivery,PO,Jodhpur,Region Jodhpur
Bhensara BO,345026,Delivery,BO,Jodhpur,Region Jodhpur
Bonada BO,345026,Delivery,BO,Jodhpur,Region Jodhpur
Loona Kallan BO,345026,Delivery,BO,Jodhpur,Region Jodhpur
Loona Khurd BO,345026,Delivery,BO,Jodhpur,Region Jodhpur
Nedan BO,345026,Delivery,BO,Jodhpur,Region Jodhpur
Ola BO,345026,Delivery,BO,Jodhpur,Region Jodhpur
Rajgarh BO,345026,Delivery,BO,Jodhpur,Region Jodhpur
Sanawara BO,345026,Delivery,BO,Jodhpur,Region Jodhpur
Fatehgarh SO,345027,Delivery,PO,Jodhpur,Region Jodhpur
Dangari BO,345027,Delivery,BO,Jodhpur,Region Jodhpur
Baiya BO,345027,Delivery,BO,Jodhpur,Region Jodhpur
Bhadli BO,345027,Delivery,BO,Jodhpur,Region Jodhpur
Devikot BO,345027,Delivery,BO,Jodhpur,Region Jodhpur
Jhinjhinyali BO,345027,Delivery,BO,Jodhpur,Region Jodhpur
Kapuriya BO,345027,Delivery,BO,Jodhpur,Region Jodhpur
Koda BO,345027,Delivery,BO,Jodhpur,Region Jodhpur
Kunda BO,345027,Delivery,BO,Jodhpur,Region Jodhpur
Lakha BO,345027,Delivery,BO,Jodhpur,Region Jodhpur
Modha BO,345027,Delivery,BO,Jodhpur,Region Jodhpur
Rama BO,345027,Delivery,BO,Jodhpur,Region Jodhpur
Randha BO,345027,Delivery,BO,Jodhpur,Region Jodhpur
Rewari BO,345027,Delivery,BO,Jodhpur,Region Jodhpur
Sangad BO,345027,Delivery,BO,Jodhpur,Region Jodhpur
Seerhar BO,345027,Delivery,BO,Jodhpur,Region Jodhpur
Tejmalta BO,345027,Delivery,BO,Jodhpur,Region Jodhpur
Tejrawa BO,345027,Delivery,BO,Jodhpur,Region Jodhpur
Mandai BO,345027,Delivery,BO,Jodhpur,Region Jodhpur
Nachana SO,345028,Delivery,PO,Jodhpur,Region Jodhpur
Askandra BO,345028,Delivery,BO,Jodhpur,Region Jodhpur
Away BO,345028,Delivery,BO,Jodhpur,Region Jodhpur
Bahala BO,345028,Delivery,BO,Jodhpur,Region Jodhpur
Bharewala BO,345028,Delivery,BO,Jodhpur,Region Jodhpur
Chinu BO,345028,Delivery,BO,Jodhpur,Region Jodhpur
Didhu BO,345028,Delivery,BO,Jodhpur,Region Jodhpur
Madasar BO,345028,Delivery,BO,Jodhpur,Region Jodhpur
Pancheka Talab BO,345028,Delivery,BO,Jodhpur,Region Jodhpur
Satyaya BO,345028,Delivery,BO,Jodhpur,Region Jodhpur
Tadana BO,345028,Delivery,BO,Jodhpur,Region Jodhpur
Tawriwala BO,345028,Delivery,BO,Jodhpur,Region Jodhpur
Lathi SO Jaisalmer,345031,Delivery,PO,Jodhpur,Region Jodhpur
Bhadariya BO,345031,Delivery,BO,Jodhpur,Region Jodhpur
Chacha BO,345031,Delivery,BO,Jodhpur,Region Jodhpur
Chandan BO,345031,Delivery,BO,Jodhpur,Region Jodhpur
Delasar BO,345031,Delivery,BO,Jodhpur,Region Jodhpur
Dholiya BO,345031,Delivery,BO,Jodhpur,Region Jodhpur
Khetolai BO,345031,Delivery,BO,Jodhpur,Region Jodhpur
Odhania BO,345031,Delivery,BO,Jodhpur,Region Jodhpur
Sodakore BO,345031,Delivery,BO,Jodhpur,Region Jodhpur
Mohangarh SO Jaisalmer,345033,Delivery,PO,Jodhpur,Region Jodhpur
Hamira BO,345033,Delivery,BO,Jodhpur,Region Jodhpur
Kanod Rawaliya BO,345033,Delivery,BO,Jodhpur,Region Jodhpur
Khoohri SO,345034,Delivery,PO,Jodhpur,Region Jodhpur
Bericiyala BO,345034,Delivery,BO,Jodhpur,Region Jodhpur
Karda BO,345034,Delivery,BO,Jodhpur,Region Jodhpur
Kotri BO,345034,Delivery,BO,Jodhpur,Region Jodhpur
Lunar BO,345034,Delivery,BO,Jodhpur,Region Jodhpur
Myazhar BO,345034,Delivery,BO,Jodhpur,Region Jodhpur
Phulia BO,345034,Delivery,BO,Jodhpur,Region Jodhpur
Pithala BO,345034,Delivery,BO,Jodhpur,Region Jodhpur
Pochina BO,345034,Delivery,BO,Jodhpur,Region Jodhpur
Satto BO,345034,Delivery,BO,Jodhpur,Region Jodhpur
Thanwala S.O,305026,Delivery,PO,Jodhpur,Region Nagaur
Badighati B.O,305026,Delivery,BO,Jodhpur,Region Nagaur
Dhanipura B.O,305026,Delivery,BO,Jodhpur,Region Nagaur
Nimbola Bishwa B.O,305026,Delivery,BO,Jodhpur,Region Nagaur
Ratrana B.O,305026,Delivery,BO,Jodhpur,Region Nagaur
Nagaur H.O,341001,Delivery,HO,Jodhpur,Region Nagaur
Panchori B.O,341001,Delivery,BO,Jodhpur,Region Nagaur
Tantwas B.O,341001,Delivery,BO,Jodhpur,Region Nagaur
Balaya B.O,341001,Delivery,BO,Jodhpur,Region Nagaur
Bhadana B.O,341001,Delivery,BO,Jodhpur,Region Nagaur
Bher B.O,341001,Delivery,BO,Jodhpur,Region Nagaur
Ganthilasar B.O,341001,Delivery,BO,Jodhpur,Region Nagaur
Alai B.O,341001,Delivery,BO,Jodhpur,Region Nagaur
Chau B.O,341001,Delivery,BO,Jodhpur,Region Nagaur
Gudhabhagwandas B.O,341001,Delivery,BO,Jodhpur,Region Nagaur
Phirod B.O,341001,Delivery,BO,Jodhpur,Region Nagaur
Rohini B.O,341001,Delivery,BO,Jodhpur,Region Nagaur
Anwaliyasar B.O,341001,Delivery,BO,Jodhpur,Region Nagaur
Bhundel B.O,341001,Delivery,BO,Jodhpur,Region Nagaur
Chawandiya B.O,341001,Delivery,BO,Jodhpur,Region Nagaur
Shyamsar B.O,341001,Delivery,BO,Jodhpur,Region Nagaur
Unthwaliya B.O,341001,Delivery,BO,Jodhpur,Region Nagaur
Jalaniyasar B.O,341001,Delivery,BO,Jodhpur,Region Nagaur
Pabusar B.O,341001,Delivery,BO,Jodhpur,Region Nagaur
Sadokan B.O,341001,Delivery,BO,Jodhpur,Region Nagaur
Sukhwasi B.O,341001,Delivery,BO,Jodhpur,Region Nagaur
Tausar B.O,341001,Delivery,BO,Jodhpur,Region Nagaur
Deu B.O,341001,Delivery,BO,Jodhpur,Region Nagaur
Janewa B.O,341001,Delivery,BO,Jodhpur,Region Nagaur
Kalri B.O,341001,Delivery,BO,Jodhpur,Region Nagaur
Karnu B.O,341001,Delivery,BO,Jodhpur,Region Nagaur
Satheran B.O,341001,Delivery,BO,Jodhpur,Region Nagaur
Singar B.O,341001,Delivery,BO,Jodhpur,Region Nagaur
Bhakrod B.O,341001,Delivery,BO,Jodhpur,Region Nagaur
Chuntisara B.O,341001,Delivery,BO,Jodhpur,Region Nagaur
Datina B.O,341001,Delivery,BO,Jodhpur,Region Nagaur
Gogelao B.O,341001,Delivery,BO,Jodhpur,Region Nagaur
Kharnal B.O,341001,Delivery,BO,Jodhpur,Region Nagaur
Tankala B.O,341001,Delivery,BO,Jodhpur,Region Nagaur
Bhadwasi B.O,341001,Delivery,BO,Jodhpur,Region Nagaur
Chenar B.O,341001,Delivery,BO,Jodhpur,Region Nagaur
Daru B.O,341001,Delivery,BO,Jodhpur,Region Nagaur
Jharisara B.O,341001,Delivery,BO,Jodhpur,Region Nagaur
Jodhiyasi B.O,341001,Delivery,BO,Jodhpur,Region Nagaur
Kharikaramsota B.O,341001,Delivery,BO,Jodhpur,Region Nagaur
Sinod B.O,341001,Delivery,BO,Jodhpur,Region Nagaur
Bansiwala Temple S.O,341001,Non-Delivery,PO,Jodhpur,Region Nagaur
Nagaurcity S.O,341001,Non-Delivery,PO,Jodhpur,Region Nagaur
PANCHORI S.O.,341020,Delivery,PO,Jodhpur,Region Nagaur
Basni S.O,341021,Delivery,PO,Jodhpur,Region Nagaur
Barangaon B.O,341021,Delivery,BO,Jodhpur,Region Nagaur
Boodhi B.O,341021,Delivery,BO,Jodhpur,Region Nagaur
Kumari B.O,341021,Delivery,BO,Jodhpur,Region Nagaur
Raidhanu B.O,341021,Delivery,BO,Jodhpur,Region Nagaur
Deh S.O,341022,Delivery,PO,Jodhpur,Region Nagaur
Akora B.O,341022,Delivery,BO,Jodhpur,Region Nagaur
Burdi B.O,341022,Delivery,BO,Jodhpur,Region Nagaur
Chhapara B.O,341022,Delivery,BO,Jodhpur,Region Nagaur
Jhareli B.O,341022,Delivery,BO,Jodhpur,Region Nagaur
Kameria B.O,341022,Delivery,BO,Jodhpur,Region Nagaur
Somana B.O,341022,Delivery,BO,Jodhpur,Region Nagaur
Soneli B.O,341022,Delivery,BO,Jodhpur,Region Nagaur
Surpalia B.O,341022,Delivery,BO,Jodhpur,Region Nagaur
Tanwara B.O,341022,Delivery,BO,Jodhpur,Region Nagaur
Jael S.O,341023,Delivery,PO,Jodhpur,Region Nagaur
Barnel B.O,341023,Delivery,BO,Jodhpur,Region Nagaur
Chhajoli B.O,341023,Delivery,BO,Jodhpur,Region Nagaur
Dugastau B.O,341023,Delivery,BO,Jodhpur,Region Nagaur
Dugoli B.O,341023,Delivery,BO,Jodhpur,Region Nagaur
Gudha Jodhan B.O,341023,Delivery,BO,Jodhpur,Region Nagaur
Gugaryali B.O,341023,Delivery,BO,Jodhpur,Region Nagaur
Jochina B.O,341023,Delivery,BO,Jodhpur,Region Nagaur
Kathoti B.O,341023,Delivery,BO,Jodhpur,Region Nagaur
Khinyala B.O,341023,Delivery,BO,Jodhpur,Region Nagaur
Rajod B.O,341023,Delivery,BO,Jodhpur,Region Nagaur
Rotoo B.O,341023,Delivery,BO,Jodhpur,Region Nagaur
Silanwad B.O,341023,Delivery,BO,Jodhpur,Region Nagaur
Kuchera S.O (Nagaur),341024,Delivery,PO,Jodhpur,Region Nagaur
Akeli b B.O,341024,Delivery,BO,Jodhpur,Region Nagaur
Arwar B.O,341024,Delivery,BO,Jodhpur,Region Nagaur
Bachhwari B.O,341024,Delivery,BO,Jodhpur,Region Nagaur
Bhaola B.O,341024,Delivery,BO,Jodhpur,Region Nagaur
Borwa B.O,341024,Delivery,BO,Jodhpur,Region Nagaur
Chhawata Khurd B.O,341024,Delivery,BO,Jodhpur,Region Nagaur
Gajoo B.O,341024,Delivery,BO,Jodhpur,Region Nagaur
Geloli B.O,341024,Delivery,BO,Jodhpur,Region Nagaur
Gothara B.O,341024,Delivery,BO,Jodhpur,Region Nagaur
Kasnau B.O,341024,Delivery,BO,Jodhpur,Region Nagaur
Lunsara B.O,341024,Delivery,BO,Jodhpur,Region Nagaur
Nimbrichandawatan B.O,341024,Delivery,BO,Jodhpur,Region Nagaur
Khinwsar S.O,341025,Delivery,PO,Jodhpur,Region Nagaur
Achina B.O,341025,Delivery,BO,Jodhpur,Region Nagaur
Akala Hamiran B.O,341025,Delivery,BO,Jodhpur,Region Nagaur
Bairathal B.O,341025,Delivery,BO,Jodhpur,Region Nagaur
Bhanwanda B.O,341025,Delivery,BO,Jodhpur,Region Nagaur
Birloka B.O,341025,Delivery,BO,Jodhpur,Region Nagaur
Kantiya B.O,341025,Delivery,BO,Jodhpur,Region Nagaur
Khatora B.O,341025,Delivery,BO,Jodhpur,Region Nagaur
Kurchi B.O,341025,Delivery,BO,Jodhpur,Region Nagaur
Madpura B.O,341025,Delivery,BO,Jodhpur,Region Nagaur
Manakpura B.O,341025,Delivery,BO,Jodhpur,Region Nagaur
Nagari B.O,341025,Delivery,BO,Jodhpur,Region Nagaur
Narwakallan B.O,341025,Delivery,BO,Jodhpur,Region Nagaur
Panchlasidha B.O,341025,Delivery,BO,Jodhpur,Region Nagaur
Tadas B.O,341025,Delivery,BO,Jodhpur,Region Nagaur
Marwar Mundwa S.O,341026,Delivery,PO,Jodhpur,Region Nagaur
Bhadana B.O,341026,Delivery,BO,Jodhpur,Region Nagaur
Inana B.O,341026,Delivery,BO,Jodhpur,Region Nagaur
Jhujhanda B.O,341026,Delivery,BO,Jodhpur,Region Nagaur
Karlu B.O,341026,Delivery,BO,Jodhpur,Region Nagaur
Thirod B.O,341026,Delivery,BO,Jodhpur,Region Nagaur
Rol S.O,341027,Delivery,PO,Jodhpur,Region Nagaur
Bugarda B.O,341027,Delivery,BO,Jodhpur,Region Nagaur
Didiyakallan B.O,341027,Delivery,BO,Jodhpur,Region Nagaur
Gagwana B.O,341027,Delivery,BO,Jodhpur,Region Nagaur
Khanwar B.O,341027,Delivery,BO,Jodhpur,Region Nagaur
Manglod B.O,341027,Delivery,BO,Jodhpur,Region Nagaur
Ratanga B.O,341027,Delivery,BO,Jodhpur,Region Nagaur
Surjaniyawas B.O,341027,Delivery,BO,Jodhpur,Region Nagaur
Khajwana S.O,341028,Delivery,PO,Jodhpur,Region Nagaur
Bhadora B.O,341028,Delivery,BO,Jodhpur,Region Nagaur
Bhatnokha B.O,341028,Delivery,BO,Jodhpur,Region Nagaur
Dhadhariyakallan B.O,341028,Delivery,BO,Jodhpur,Region Nagaur
Gawalu B.O,341028,Delivery,BO,Jodhpur,Region Nagaur
Gowankallan B.O,341028,Delivery,BO,Jodhpur,Region Nagaur
Janana B.O,341028,Delivery,BO,Jodhpur,Region Nagaur
Mori B.O,341028,Delivery,BO,Jodhpur,Region Nagaur
Mundiyar B.O,341028,Delivery,BO,Jodhpur,Region Nagaur
Palrijodhan B.O,341028,Delivery,BO,Jodhpur,Region Nagaur
Roon B.O,341028,Delivery,BO,Jodhpur,Region Nagaur
Sankhawas B.O,341028,Delivery,BO,Jodhpur,Region Nagaur
Sheelgaon B.O,341028,Delivery,BO,Jodhpur,Region Nagaur
Sribalaji S.O,341029,Delivery,PO,Jodhpur,Region Nagaur
Chiloo B.O,341029,Delivery,BO,Jodhpur,Region Nagaur
Pipasar B.O,341029,Delivery,BO,Jodhpur,Region Nagaur
Sewari B.O,341029,Delivery,BO,Jodhpur,Region Nagaur
Tarnau S.O,341030,Delivery,PO,Jodhpur,Region Nagaur
Dehari B.O,341030,Delivery,BO,Jodhpur,Region Nagaur
Merwas B.O,341030,Delivery,BO,Jodhpur,Region Nagaur
Pharrod B.O,341030,Delivery,BO,Jodhpur,Region Nagaur
Rohina B.O,341030,Delivery,BO,Jodhpur,Region Nagaur
Sandila B.O,341030,Delivery,BO,Jodhpur,Region Nagaur
Ubasi B.O,341030,Delivery,BO,Jodhpur,Region Nagaur
Padukallan S.O,341031,Delivery,PO,Jodhpur,Region Nagaur
Bherunda B.O,341031,Delivery,BO,Jodhpur,Region Nagaur
Bhikarniyakallan B.O,341031,Delivery,BO,Jodhpur,Region Nagaur
Dodiyana B.O,341031,Delivery,BO,Jodhpur,Region Nagaur
Mewara B.O,341031,Delivery,BO,Jodhpur,Region Nagaur
Nathawara B.O,341031,Delivery,BO,Jodhpur,Region Nagaur
Padukhurd B.O,341031,Delivery,BO,Jodhpur,Region Nagaur
Sathana B.O,341031,Delivery,BO,Jodhpur,Region Nagaur
Sudwar B.O,341031,Delivery,BO,Jodhpur,Region Nagaur
Tehla B.O,341031,Delivery,BO,Jodhpur,Region Nagaur
Bari Khatu S.O,341301,Delivery,PO,Jodhpur,Region Nagaur
Chuwa B.O,341301,Delivery,BO,Jodhpur,Region Nagaur
Jakhara B.O,341301,Delivery,BO,Jodhpur,Region Nagaur
Kasari B.O,341301,Delivery,BO,Jodhpur,Region Nagaur
Kiro R.S. B.O,341301,Delivery,BO,Jodhpur,Region Nagaur
Manjhi B.O,341301,Delivery,BO,Jodhpur,Region Nagaur
Rajapura B.O,341301,Delivery,BO,Jodhpur,Region Nagaur
Chhotikhatu S.O,341302,Delivery,PO,Jodhpur,Region Nagaur
Badabara B.O,341302,Delivery,BO,Jodhpur,Region Nagaur
Bhinchawa B.O,341302,Delivery,BO,Jodhpur,Region Nagaur
Pawa B.O,341302,Delivery,BO,Jodhpur,Region Nagaur
Ranigaon B.O,341302,Delivery,BO,Jodhpur,Region Nagaur
Serani Ki Dhani B.O,341302,Delivery,BO,Jodhpur,Region Nagaur
Didwana H.O,341303,Delivery,HO,Jodhpur,Region Nagaur
Ajawa B.O,341303,Delivery,BO,Jodhpur,Region Nagaur
Barichhapri B.O,341303,Delivery,BO,Jodhpur,Region Nagaur
Daulatpura B.O,341303,Delivery,BO,Jodhpur,Region Nagaur
Ambapa B.O,341303,Delivery,BO,Jodhpur,Region Nagaur
Kalwani B.O,341303,Delivery,BO,Jodhpur,Region Nagaur
Khatiyabasani B.O,341303,Delivery,BO,Jodhpur,Region Nagaur
Chhapara B.O,341303,Delivery,BO,Jodhpur,Region Nagaur
Phogari B.O,341303,Delivery,BO,Jodhpur,Region Nagaur
Ramsabas B.O,341303,Delivery,BO,Jodhpur,Region Nagaur
Dayalpura B.O,341303,Delivery,BO,Jodhpur,Region Nagaur
Lachhari B.O,341303,Delivery,BO,Jodhpur,Region Nagaur
Lalsari B.O,341303,Delivery,BO,Jodhpur,Region Nagaur
Chholukhan B.O,341303,Delivery,BO,Jodhpur,Region Nagaur
Raidhana B.O,341303,Delivery,BO,Jodhpur,Region Nagaur
Sanwarad B.O,341303,Delivery,BO,Jodhpur,Region Nagaur
Firwasi B.O,341303,Delivery,BO,Jodhpur,Region Nagaur
Singrawatkallan B.O,341303,Delivery,BO,Jodhpur,Region Nagaur
Dhyawa B.O,341303,Delivery,BO,Jodhpur,Region Nagaur
Girroda Mitha B.O,341303,Delivery,BO,Jodhpur,Region Nagaur
Mithri B.O,341303,Delivery,BO,Jodhpur,Region Nagaur
Sardi B.O,341303,Delivery,BO,Jodhpur,Region Nagaur
Chhotichhapri B.O,341303,Delivery,BO,Jodhpur,Region Nagaur
Khinwaj B.O,341303,Delivery,BO,Jodhpur,Region Nagaur
Marwarbalia B.O,341303,Delivery,BO,Jodhpur,Region Nagaur
Reengan B.O,341303,Delivery,BO,Jodhpur,Region Nagaur
Supaka B.O,341303,Delivery,BO,Jodhpur,Region Nagaur
Barangana B.O,341303,Delivery,BO,Jodhpur,Region Nagaur
Mawa B.O,341303,Delivery,BO,Jodhpur,Region Nagaur
Nimbikhurd B.O,341303,Delivery,BO,Jodhpur,Region Nagaur
Sewa B.O,341303,Delivery,BO,Jodhpur,Region Nagaur
Singhana B.O,341303,Delivery,BO,Jodhpur,Region Nagaur
D.M.Didwana S.O,341303,Non-Delivery,PO,Jodhpur,Region Nagaur
Station Road Didwana S.O,341303,Non-Delivery,PO,Jodhpur,Region Nagaur
Jaswantgarh S.O,341304,Delivery,PO,Jodhpur,Region Nagaur
Balsamand B.O,341304,Delivery,BO,Jodhpur,Region Nagaur
Dabari B.O,341304,Delivery,BO,Jodhpur,Region Nagaur
Dholia B.O,341304,Delivery,BO,Jodhpur,Region Nagaur
Kasumbi B.O,341304,Delivery,BO,Jodhpur,Region Nagaur
Ledi B.O,341304,Delivery,BO,Jodhpur,Region Nagaur
Rodu B.O,341304,Delivery,BO,Jodhpur,Region Nagaur
Tanwara B.O,341304,Delivery,BO,Jodhpur,Region Nagaur
Koliya S.O,341305,Delivery,PO,Jodhpur,Region Nagaur
Agoonta B.O,341305,Delivery,BO,Jodhpur,Region Nagaur
Banthri B.O,341305,Delivery,BO,Jodhpur,Region Nagaur
Kerap B.O,341305,Delivery,BO,Jodhpur,Region Nagaur
Mamroda B.O,341305,Delivery,BO,Jodhpur,Region Nagaur
Palot B.O,341305,Delivery,BO,Jodhpur,Region Nagaur
Ransisar B.O,341305,Delivery,BO,Jodhpur,Region Nagaur
Sagoobari B.O,341305,Delivery,BO,Jodhpur,Region Nagaur
Ladnun Lsg S.O,341306,Delivery,PO,Jodhpur,Region Nagaur
Asotapura B.O,341306,Delivery,BO,Jodhpur,Region Nagaur
Bakalia B.O,341306,Delivery,BO,Jodhpur,Region Nagaur
Dujar B.O,341306,Delivery,BO,Jodhpur,Region Nagaur
Sunari B.O,341306,Delivery,BO,Jodhpur,Region Nagaur
Ladnuncity S.O,341306,Non-Delivery,PO,Jodhpur,Region Nagaur
Pahelipatti Ladnun S.O,341306,Non-Delivery,PO,Jodhpur,Region Nagaur
Rahugate Ladnun S.O,341306,Non-Delivery,PO,Jodhpur,Region Nagaur
Nimbijodhan S.O,341316,Delivery,PO,Jodhpur,Region Nagaur
Baldu B.O,341316,Delivery,BO,Jodhpur,Region Nagaur
Bharnawa B.O,341316,Delivery,BO,Jodhpur,Region Nagaur
Chandrai B.O,341316,Delivery,BO,Jodhpur,Region Nagaur
Dudoli B.O,341316,Delivery,BO,Jodhpur,Region Nagaur
Gorau B.O,341316,Delivery,BO,Jodhpur,Region Nagaur
Hudas B.O,341316,Delivery,BO,Jodhpur,Region Nagaur
Malgaon B.O,341316,Delivery,BO,Jodhpur,Region Nagaur
Odit B.O,341316,Delivery,BO,Jodhpur,Region Nagaur
Thakriyas B.O,341316,Delivery,BO,Jodhpur,Region Nagaur
Ratau S.O,341317,Delivery,PO,Jodhpur,Region Nagaur
Dhingasari B.O,341317,Delivery,BO,Jodhpur,Region Nagaur
Dhurila B.O,341317,Delivery,BO,Jodhpur,Region Nagaur
Genana B.O,341317,Delivery,BO,Jodhpur,Region Nagaur
Khamiyad B.O,341317,Delivery,BO,Jodhpur,Region Nagaur
Sinwa B.O,341317,Delivery,BO,Jodhpur,Region Nagaur
Khunkhuna S.O,341318,Delivery,PO,Jodhpur,Region Nagaur
Kharesh B.O,341318,Delivery,BO,Jodhpur,Region Nagaur
Khojas B.O,341318,Delivery,BO,Jodhpur,Region Nagaur
Pirwa B.O,341318,Delivery,BO,Jodhpur,Region Nagaur
Sania B.O,341318,Delivery,BO,Jodhpur,Region Nagaur
Toshina S.O,341319,Delivery,PO,Jodhpur,Region Nagaur
Asarwa B.O,341319,Delivery,BO,Jodhpur,Region Nagaur
Chandi B.O,341319,Delivery,BO,Jodhpur,Region Nagaur
Chindaliya B.O,341319,Delivery,BO,Jodhpur,Region Nagaur
Dhananwa B.O,341319,Delivery,BO,Jodhpur,Region Nagaur
Gaondi B.O,341319,Delivery,BO,Jodhpur,Region Nagaur
Indokha B.O,341319,Delivery,BO,Jodhpur,Region Nagaur
Kharwaliya B.O,341319,Delivery,BO,Jodhpur,Region Nagaur
Mandukara B.O,341319,Delivery,BO,Jodhpur,Region Nagaur
Nawad B.O,341319,Delivery,BO,Jodhpur,Region Nagaur
Thebari B.O,341319,Delivery,BO,Jodhpur,Region Nagaur
Badu S.O (Nagaur),341501,Delivery,PO,Jodhpur,Region Nagaur
Bhadawa B.O,341501,Delivery,BO,Jodhpur,Region Nagaur
Gular B.O,341501,Delivery,BO,Jodhpur,Region Nagaur
Harnawa B.O,341501,Delivery,BO,Jodhpur,Region Nagaur
Janjila B.O,341501,Delivery,BO,Jodhpur,Region Nagaur
Lalana Khurd B.O,341501,Delivery,BO,Jodhpur,Region Nagaur
Nimbri B.O,341501,Delivery,BO,Jodhpur,Region Nagaur
Sirsu B.O,341501,Delivery,BO,Jodhpur,Region Nagaur
Borawar S.O,341502,Delivery,PO,Jodhpur,Region Nagaur
Bhinchawa B.O,341502,Delivery,BO,Jodhpur,Region Nagaur
Dabariya B.O,341502,Delivery,BO,Jodhpur,Region Nagaur
Hudia B.O,341502,Delivery,BO,Jodhpur,Region Nagaur
Jakhali B.O,341502,Delivery,BO,Jodhpur,Region Nagaur
Jiwadiya B.O,341502,Delivery,BO,Jodhpur,Region Nagaur
Kalwa B.O,341502,Delivery,BO,Jodhpur,Region Nagaur
Loroli B.O,341502,Delivery,BO,Jodhpur,Region Nagaur
Manana B.O,341502,Delivery,BO,Jodhpur,Region Nagaur
Modicharana B.O,341502,Delivery,BO,Jodhpur,Region Nagaur
Saferkallan B.O,341502,Delivery,BO,Jodhpur,Region Nagaur
Degana S.O,341503,Delivery,PO,Jodhpur,Region Nagaur
Bajoli B.O,341503,Delivery,BO,Jodhpur,Region Nagaur
Bajwas B.O,341503,Delivery,BO,Jodhpur,Region Nagaur
Bamana B.O,341503,Delivery,BO,Jodhpur,Region Nagaur
Barana B.O,341503,Delivery,BO,Jodhpur,Region Nagaur
Binthwaliya B.O,341503,Delivery,BO,Jodhpur,Region Nagaur
Chandaroon B.O,341503,Delivery,BO,Jodhpur,Region Nagaur
Chosali B.O,341503,Delivery,BO,Jodhpur,Region Nagaur
Degana Village B.O,341503,Delivery,BO,Jodhpur,Region Nagaur
Dotina B.O,341503,Delivery,BO,Jodhpur,Region Nagaur
Dugorachala B.O,341503,Delivery,BO,Jodhpur,Region Nagaur
Idwa B.O,341503,Delivery,BO,Jodhpur,Region Nagaur
Jaola B.O,341503,Delivery,BO,Jodhpur,Region Nagaur
Kherwa B.O,341503,Delivery,BO,Jodhpur,Region Nagaur
Khurikallan B.O,341503,Delivery,BO,Jodhpur,Region Nagaur
Kitalsar B.O,341503,Delivery,BO,Jodhpur,Region Nagaur
Kundari B.O,341503,Delivery,BO,Jodhpur,Region Nagaur
Kurdada B.O,341503,Delivery,BO,Jodhpur,Region Nagaur
Langod B.O,341503,Delivery,BO,Jodhpur,Region Nagaur
Mandaljodhan B.O,341503,Delivery,BO,Jodhpur,Region Nagaur
Midiyan B.O,341503,Delivery,BO,Jodhpur,Region Nagaur
Mithariya B.O,341503,Delivery,BO,Jodhpur,Region Nagaur
Morikhurd B.O,341503,Delivery,BO,Jodhpur,Region Nagaur
Netiyas B.O,341503,Delivery,BO,Jodhpur,Region Nagaur
Nimbrikallan B.O,341503,Delivery,BO,Jodhpur,Region Nagaur
Paliyas B.O,341503,Delivery,BO,Jodhpur,Region Nagaur
Palrikallan B.O,341503,Delivery,BO,Jodhpur,Region Nagaur
Peeh B.O,341503,Delivery,BO,Jodhpur,Region Nagaur
Peelwa B.O,341503,Delivery,BO,Jodhpur,Region Nagaur
Poonlota B.O,341503,Delivery,BO,Jodhpur,Region Nagaur
Rajlota B.O,341503,Delivery,BO,Jodhpur,Region Nagaur
Ramsari B.O,341503,Delivery,BO,Jodhpur,Region Nagaur
Rid B.O,341503,Delivery,BO,Jodhpur,Region Nagaur
Sanju B.O,341503,Delivery,BO,Jodhpur,Region Nagaur
Tilanesh B.O,341503,Delivery,BO,Jodhpur,Region Nagaur
Gachhipura S.O,341504,Delivery,PO,Jodhpur,Region Nagaur
Alatawa B.O,341504,Delivery,BO,Jodhpur,Region Nagaur
Barnel B.O,341504,Delivery,BO,Jodhpur,Region Nagaur
Bhiyankallan B.O,341504,Delivery,BO,Jodhpur,Region Nagaur
Damboi Khurd B.O,341504,Delivery,BO,Jodhpur,Region Nagaur
Dobarikallan B.O,341504,Delivery,BO,Jodhpur,Region Nagaur
Dobariya B.O,341504,Delivery,BO,Jodhpur,Region Nagaur
Itawalakha B.O,341504,Delivery,BO,Jodhpur,Region Nagaur
Jaswantpura B.O,341504,Delivery,BO,Jodhpur,Region Nagaur
Khardiya B.O,341504,Delivery,BO,Jodhpur,Region Nagaur
Kherileela B.O,341504,Delivery,BO,Jodhpur,Region Nagaur
Kheriseela B.O,341504,Delivery,BO,Jodhpur,Region Nagaur
Kuchipala B.O,341504,Delivery,BO,Jodhpur,Region Nagaur
Nundara B.O,341504,Delivery,BO,Jodhpur,Region Nagaur
Ramsia B.O,341504,Delivery,BO,Jodhpur,Region Nagaur
Sarnawara B.O,341504,Delivery,BO,Jodhpur,Region Nagaur
Makrana Rs S.O,341505,Delivery,PO,Jodhpur,Region Nagaur
Jusariya B.O,341505,Delivery,BO,Jodhpur,Region Nagaur
Barwala B.O,341505,Delivery,BO,Jodhpur,Region Nagaur
Barwali B.O,341505,Delivery,BO,Jodhpur,Region Nagaur
Bharnai B.O,341505,Delivery,BO,Jodhpur,Region Nagaur
Bursu B.O,341505,Delivery,BO,Jodhpur,Region Nagaur
Dildhani B.O,341505,Delivery,BO,Jodhpur,Region Nagaur
Gunawati B.O,341505,Delivery,BO,Jodhpur,Region Nagaur
Jusari B.O,341505,Delivery,BO,Jodhpur,Region Nagaur
Kukrod B.O,341505,Delivery,BO,Jodhpur,Region Nagaur
Manglana B.O,341505,Delivery,BO,Jodhpur,Region Nagaur
Makrana S.B. S.O,341505,Non-Delivery,PO,Jodhpur,Region Nagaur
Makrana S.O,341505,Non-Delivery,PO,Jodhpur,Region Nagaur
Maulasar S.O,341506,Delivery,PO,Jodhpur,Region Nagaur
Akoda B.O,341506,Delivery,BO,Jodhpur,Region Nagaur
Bansa B.O,341506,Delivery,BO,Jodhpur,Region Nagaur
Begsar B.O,341506,Delivery,BO,Jodhpur,Region Nagaur
Berwa B.O,341506,Delivery,BO,Jodhpur,Region Nagaur
Dabara B.O,341506,Delivery,BO,Jodhpur,Region Nagaur
Dikawa B.O,341506,Delivery,BO,Jodhpur,Region Nagaur
Jharod B.O,341506,Delivery,BO,Jodhpur,Region Nagaur
Khakholi B.O,341506,Delivery,BO,Jodhpur,Region Nagaur
Nimod B.O,341506,Delivery,BO,Jodhpur,Region Nagaur
Maroth S.O,341507,Delivery,PO,Jodhpur,Region Nagaur
Deolikallan B.O,341507,Delivery,BO,Jodhpur,Region Nagaur
Shimbhupura B.O,341507,Delivery,BO,Jodhpur,Region Nagaur
Shyamgarh B.O,341507,Delivery,BO,Jodhpur,Region Nagaur
Kuchamancity S.O,341508,Delivery,PO,Jodhpur,Region Nagaur
Anandpura B.O,341508,Delivery,BO,Jodhpur,Region Nagaur
Bhanwata B.O,341508,Delivery,BO,Jodhpur,Region Nagaur
Bhooni B.O,341508,Delivery,BO,Jodhpur,Region Nagaur
Charanwas B.O,341508,Delivery,BO,Jodhpur,Region Nagaur
Dalelpura B.O,341508,Delivery,BO,Jodhpur,Region Nagaur
Hariyajun B.O,341508,Delivery,BO,Jodhpur,Region Nagaur
Heerani B.O,341508,Delivery,BO,Jodhpur,Region Nagaur
Indokha B.O,341508,Delivery,BO,Jodhpur,Region Nagaur
Jiliya B.O,341508,Delivery,BO,Jodhpur,Region Nagaur
Kankariya B.O,341508,Delivery,BO,Jodhpur,Region Nagaur
Muwana B.O,341508,Delivery,BO,Jodhpur,Region Nagaur
Narainpura B.O,341508,Delivery,BO,Jodhpur,Region Nagaur
Palara B.O,341508,Delivery,BO,Jodhpur,Region Nagaur
Panchwa B.O,341508,Delivery,BO,Jodhpur,Region Nagaur
Rajaliya B.O,341508,Delivery,BO,Jodhpur,Region Nagaur
Rasal B.O,341508,Delivery,BO,Jodhpur,Region Nagaur
Rooppura B.O,341508,Delivery,BO,Jodhpur,Region Nagaur
S.Padampura B.O,341508,Delivery,BO,Jodhpur,Region Nagaur
Sabalpura B.O,341508,Delivery,BO,Jodhpur,Region Nagaur
Ghatwa B.O,341508,Delivery,BO,Jodhpur,Region Nagaur
S.R. Kuchamancity S.O,341508,Non-Delivery,PO,Jodhpur,Region Nagaur
Nawacity Lsg S.O,341509,Delivery,PO,Jodhpur,Region Nagaur
Bhagwanpura B.O,341509,Delivery,BO,Jodhpur,Region Nagaur
Chosala B.O,341509,Delivery,BO,Jodhpur,Region Nagaur
Govindi B.O,341509,Delivery,BO,Jodhpur,Region Nagaur
Gudhasalt B.O,341509,Delivery,BO,Jodhpur,Region Nagaur
Hudeel B.O,341509,Delivery,BO,Jodhpur,Region Nagaur
Jabdinagar B.O,341509,Delivery,BO,Jodhpur,Region Nagaur
Khardiya B.O,341509,Delivery,BO,Jodhpur,Region Nagaur
Khorandi B.O,341509,Delivery,BO,Jodhpur,Region Nagaur
Lalas B.O,341509,Delivery,BO,Jodhpur,Region Nagaur
Lunwa B.O,341509,Delivery,BO,Jodhpur,Region Nagaur
Mindha B.O,341509,Delivery,BO,Jodhpur,Region Nagaur
Mundghasoi B.O,341509,Delivery,BO,Jodhpur,Region Nagaur
Panchota B.O,341509,Delivery,BO,Jodhpur,Region Nagaur
Thikariya Khurd B.O,341509,Delivery,BO,Jodhpur,Region Nagaur
Todas B.O,341509,Delivery,BO,Jodhpur,Region Nagaur
I.A.Nawacity S.O,341509,Non-Delivery,PO,Jodhpur,Region Nagaur
Merta S.O,341510,Delivery,PO,Jodhpur,Region Nagaur
Akeli a B.O,341510,Delivery,BO,Jodhpur,Region Nagaur
Arniyala B.O,341510,Delivery,BO,Jodhpur,Region Nagaur
Baggar B.O,341510,Delivery,BO,Jodhpur,Region Nagaur
Bargaon B.O,341510,Delivery,BO,Jodhpur,Region Nagaur
Beetan B.O,341510,Delivery,BO,Jodhpur,Region Nagaur
Bhuriyasani B.O,341510,Delivery,BO,Jodhpur,Region Nagaur
Chawandiyakallan B.O,341510,Delivery,BO,Jodhpur,Region Nagaur
Chundiya B.O,341510,Delivery,BO,Jodhpur,Region Nagaur
Dangawas B.O,341510,Delivery,BO,Jodhpur,Region Nagaur
Dhandhalas B.O,341510,Delivery,BO,Jodhpur,Region Nagaur
Dhaneriya B.O,341510,Delivery,BO,Jodhpur,Region Nagaur
Gagrana B.O,341510,Delivery,BO,Jodhpur,Region Nagaur
Ganthiya B.O,341510,Delivery,BO,Jodhpur,Region Nagaur
Gawardi B.O,341510,Delivery,BO,Jodhpur,Region Nagaur
Indawar B.O,341510,Delivery,BO,Jodhpur,Region Nagaur
Kalru B.O,341510,Delivery,BO,Jodhpur,Region Nagaur
Kanwariyat B.O,341510,Delivery,BO,Jodhpur,Region Nagaur
Katyasani B.O,341510,Delivery,BO,Jodhpur,Region Nagaur
Khakharki B.O,341510,Delivery,BO,Jodhpur,Region Nagaur
Kurdayan B.O,341510,Delivery,BO,Jodhpur,Region Nagaur
Lambajatan B.O,341510,Delivery,BO,Jodhpur,Region Nagaur
Lampolai B.O,341510,Delivery,BO,Jodhpur,Region Nagaur
Mokala B.O,341510,Delivery,BO,Jodhpur,Region Nagaur
Morra B.O,341510,Delivery,BO,Jodhpur,Region Nagaur
Mugadara B.O,341510,Delivery,BO,Jodhpur,Region Nagaur
Netariya B.O,341510,Delivery,BO,Jodhpur,Region Nagaur
Pundlu B.O,341510,Delivery,BO,Jodhpur,Region Nagaur
Rasaliyawas B.O,341510,Delivery,BO,Jodhpur,Region Nagaur
Satlas B.O,341510,Delivery,BO,Jodhpur,Region Nagaur
Kum Merta S.O,341510,Non-Delivery,PO,Jodhpur,Region Nagaur
Merta City S.O,341510,Non-Delivery,PO,Jodhpur,Region Nagaur
Merta Road S.O,341511,Delivery,PO,Jodhpur,Region Nagaur
Chhapri B.O,341511,Delivery,BO,Jodhpur,Region Nagaur
Datani B.O,341511,Delivery,BO,Jodhpur,Region Nagaur
Dhadhwara B.O,341511,Delivery,BO,Jodhpur,Region Nagaur
Dhawa B.O,341511,Delivery,BO,Jodhpur,Region Nagaur
Jaroda B.O,341511,Delivery,BO,Jodhpur,Region Nagaur
Jogimagara B.O,341511,Delivery,BO,Jodhpur,Region Nagaur
Kheduli B.O,341511,Delivery,BO,Jodhpur,Region Nagaur
Kupras B.O,341511,Delivery,BO,Jodhpur,Region Nagaur
Oladan B.O,341511,Delivery,BO,Jodhpur,Region Nagaur
Parbatsar S.O,341512,Delivery,PO,Jodhpur,Region Nagaur
Bagot B.O,341512,Delivery,BO,Jodhpur,Region Nagaur
Bansed B.O,341512,Delivery,BO,Jodhpur,Region Nagaur
Banwal B.O,341512,Delivery,BO,Jodhpur,Region Nagaur
Bassi B.O,341512,Delivery,BO,Jodhpur,Region Nagaur
Bhadasiya B.O,341512,Delivery,BO,Jodhpur,Region Nagaur
Bhakhari B.O,341512,Delivery,BO,Jodhpur,Region Nagaur
Chitai B.O,341512,Delivery,BO,Jodhpur,Region Nagaur
Dhadhota B.O,341512,Delivery,BO,Jodhpur,Region Nagaur
Gangawa B.O,341512,Delivery,BO,Jodhpur,Region Nagaur
Jhalara B.O,341512,Delivery,BO,Jodhpur,Region Nagaur
Khakharki B.O,341512,Delivery,BO,Jodhpur,Region Nagaur
Khanpur B.O,341512,Delivery,BO,Jodhpur,Region Nagaur
Khokhar B.O,341512,Delivery,BO,Jodhpur,Region Nagaur
Kinsariya B.O,341512,Delivery,BO,Jodhpur,Region Nagaur
Mayapur B.O,341512,Delivery,BO,Jodhpur,Region Nagaur
Neniya B.O,341512,Delivery,BO,Jodhpur,Region Nagaur
Peeplad B.O,341512,Delivery,BO,Jodhpur,Region Nagaur
Rabariyad B.O,341512,Delivery,BO,Jodhpur,Region Nagaur
Rohindi B.O,341512,Delivery,BO,Jodhpur,Region Nagaur
Taparwara B.O,341512,Delivery,BO,Jodhpur,Region Nagaur
Riyan S.O,341513,Delivery,PO,Jodhpur,Region Nagaur
Bijathal B.O,341513,Delivery,BO,Jodhpur,Region Nagaur
Jatawas B.O,341513,Delivery,BO,Jodhpur,Region Nagaur
Jhintiya B.O,341513,Delivery,BO,Jodhpur,Region Nagaur
Kod B.O,341513,Delivery,BO,Jodhpur,Region Nagaur
Ladpura B.O,341513,Delivery,BO,Jodhpur,Region Nagaur
Rohisa B.O,341513,Delivery,BO,Jodhpur,Region Nagaur
Sensara B.O,341513,Delivery,BO,Jodhpur,Region Nagaur
Alaniyawas B.O,341513,Delivery,BO,Jodhpur,Region Nagaur
Ren S.O,341514,Delivery,PO,Jodhpur,Region Nagaur
Antroli Khurd B.O,341514,Delivery,BO,Jodhpur,Region Nagaur
Banwarala B.O,341514,Delivery,BO,Jodhpur,Region Nagaur
Butati B.O,341514,Delivery,BO,Jodhpur,Region Nagaur
Choliyas B.O,341514,Delivery,BO,Jodhpur,Region Nagaur
Jal R.S. B.O,341514,Delivery,BO,Jodhpur,Region Nagaur
Jalsu Nanak B.O,341514,Delivery,BO,Jodhpur,Region Nagaur
Jalsukallan B.O,341514,Delivery,BO,Jodhpur,Region Nagaur
Khinyas B.O,341514,Delivery,BO,Jodhpur,Region Nagaur
Nimbolakallan B.O,341514,Delivery,BO,Jodhpur,Region Nagaur
Punas B.O,341514,Delivery,BO,Jodhpur,Region Nagaur
Rajod B.O,341514,Delivery,BO,Jodhpur,Region Nagaur
Sirasana B.O,341514,Delivery,BO,Jodhpur,Region Nagaur
Harsore S.O,341515,Delivery,PO,Jodhpur,Region Nagaur
Moriallan B.O,341515,Delivery,BO,Jodhpur,Region Nagaur
Thata B.O,341515,Delivery,BO,Jodhpur,Region Nagaur
Dhankoli S.O,341516,Delivery,PO,Jodhpur,Region Nagaur
Bhadasar B.O,341516,Delivery,BO,Jodhpur,Region Nagaur
Chawandia B.O,341516,Delivery,BO,Jodhpur,Region Nagaur
Daudsar B.O,341516,Delivery,BO,Jodhpur,Region Nagaur
Parewari B.O,341516,Delivery,BO,Jodhpur,Region Nagaur
Ladariya S.O,341517,Delivery,PO,Jodhpur,Region Nagaur
Bhadlia B.O,341517,Delivery,BO,Jodhpur,Region Nagaur
Gelasar B.O,341517,Delivery,BO,Jodhpur,Region Nagaur
Nandolichandawatan B.O,341517,Delivery,BO,Jodhpur,Region Nagaur
Rasidpura B.O,341517,Delivery,BO,Jodhpur,Region Nagaur
Jasnagar S.O,341518,Delivery,PO,Jodhpur,Region Nagaur
Badayali B.O,341518,Delivery,BO,Jodhpur,Region Nagaur
Bhanwal B.O,341518,Delivery,BO,Jodhpur,Region Nagaur
Jaswantabad B.O,341518,Delivery,BO,Jodhpur,Region Nagaur
Ladawa B.O,341518,Delivery,BO,Jodhpur,Region Nagaur
Liliya B.O,341518,Delivery,BO,Jodhpur,Region Nagaur
Medas B.O,341518,Delivery,BO,Jodhpur,Region Nagaur
Kukanwali S.O,341519,Delivery,PO,Jodhpur,Region Nagaur
Araksar B.O,341519,Delivery,BO,Jodhpur,Region Nagaur
Chitawa B.O,341519,Delivery,BO,Jodhpur,Region Nagaur
Daulatpura B.O,341519,Delivery,BO,Jodhpur,Region Nagaur
Jijoth B.O,341519,Delivery,BO,Jodhpur,Region Nagaur
Motipura B.O,341519,Delivery,BO,Jodhpur,Region Nagaur
Nagwara B.O,341519,Delivery,BO,Jodhpur,Region Nagaur
Nalot B.O,341519,Delivery,BO,Jodhpur,Region Nagaur
Prempura B.O,341519,Delivery,BO,Jodhpur,Region Nagaur
Shiv B.O,341519,Delivery,BO,Jodhpur,Region Nagaur
Besroli S.O,341520,Delivery,PO,Jodhpur,Region Nagaur
Dhandholi B.O,341520,Delivery,BO,Jodhpur,Region Nagaur
Gedakallan B.O,341520,Delivery,BO,Jodhpur,Region Nagaur
Gingaliya B.O,341520,Delivery,BO,Jodhpur,Region Nagaur
Ladoli B.O,341520,Delivery,BO,Jodhpur,Region Nagaur
Mamroli B.O,341520,Delivery,BO,Jodhpur,Region Nagaur
Nandoli Mertiyan B.O,341520,Delivery,BO,Jodhpur,Region Nagaur
Sabalpura B.O,341520,Delivery,BO,Jodhpur,Region Nagaur
Mithri S.O,341533,Delivery,PO,Jodhpur,Region Nagaur
Banwaligudha B.O,341533,Delivery,BO,Jodhpur,Region Nagaur
Lichana B.O,341533,Delivery,BO,Jodhpur,Region Nagaur
Palrinawa B.O,341533,Delivery,BO,Jodhpur,Region Nagaur
I.A.Bidiad S.O,341542,Delivery,PO,Jodhpur,Region Nagaur
Bidiad B.O,341542,Delivery,BO,Jodhpur,Region Nagaur
Billoo B.O,341542,Delivery,BO,Jodhpur,Region Nagaur
Morer B.O,341542,Delivery,BO,Jodhpur,Region Nagaur
Berichhoti S.O,341551,Delivery,PO,Jodhpur,Region Nagaur
Bardawa B.O,341551,Delivery,BO,Jodhpur,Region Nagaur
Barikallan B.O,341551,Delivery,BO,Jodhpur,Region Nagaur
Dindarpura B.O,341551,Delivery,BO,Jodhpur,Region Nagaur
Ganeshpura B.O,341551,Delivery,BO,Jodhpur,Region Nagaur
Khariya B.O,341551,Delivery,BO,Jodhpur,Region Nagaur
Kyamsar B.O,341551,Delivery,BO,Jodhpur,Region Nagaur
Modiawat B.O,341551,Delivery,BO,Jodhpur,Region Nagaur
Nuwa B.O,341551,Delivery,BO,Jodhpur,Region Nagaur
Payali B.O,341551,Delivery,BO,Jodhpur,Region Nagaur
Sardarpura Khurd B.O,341551,Delivery,BO,Jodhpur,Region Nagaur
Sudarasan B.O,341551,Delivery,BO,Jodhpur,Region Nagaur
Gotan S.O,342902,Delivery,PO,Jodhpur,Region Nagaur
Asawari B.O,342902,Delivery,BO,Jodhpur,Region Nagaur
Basni Sejan B.O,342902,Delivery,BO,Jodhpur,Region Nagaur
Dhanapa B.O,342902,Delivery,BO,Jodhpur,Region Nagaur
Diyawari B.O,342902,Delivery,BO,Jodhpur,Region Nagaur
Harsolav B.O,342902,Delivery,BO,Jodhpur,Region Nagaur
Nokhachandawatan B.O,342902,Delivery,BO,Jodhpur,Region Nagaur
Senani B.O,342902,Delivery,BO,Jodhpur,Region Nagaur
Talanpur B.O,342902,Delivery,BO,Jodhpur,Region Nagaur
Toonkaliyan B.O,342902,Delivery,BO,Jodhpur,Region Nagaur
Chelawas B.O,306001,Delivery,BO,Jodhpur,Region Pali
Marwar Jn. H.O,306001,Delivery,HO,Jodhpur,Region Pali
Auwa R.S. B.O,306001,Delivery,BO,Jodhpur,Region Pali
Bithora Kallan B.O,306001,Delivery,BO,Jodhpur,Region Pali
Hemliyawas Kala B.O,306001,Delivery,BO,Jodhpur,Region Pali
Hemliyawas Khurd B.O,306001,Delivery,BO,Jodhpur,Region Pali
Barsa B.O,306001,Delivery,BO,Jodhpur,Region Pali
Chawadiya B.O,306001,Delivery,BO,Jodhpur,Region Pali
Khariya Soda B.O,306001,Delivery,BO,Jodhpur,Region Pali
Dhareshwar B.O,306001,Delivery,BO,Jodhpur,Region Pali
Karadi B.O,306001,Delivery,BO,Jodhpur,Region Pali
Khardi B.O,306001,Delivery,BO,Jodhpur,Region Pali
Kharchi B.O,306001,Delivery,BO,Jodhpur,Region Pali
Sinla B.O,306001,Delivery,BO,Jodhpur,Region Pali
Deoli Auwa B.O,306021,Delivery,BO,Jodhpur,Region Pali
Guda Kesarsingh B.O,306021,Delivery,BO,Jodhpur,Region Pali
Guda Ramsingh B.O,306021,Delivery,BO,Jodhpur,Region Pali
Isali B.O,306021,Delivery,BO,Jodhpur,Region Pali
Januda B.O,306021,Delivery,BO,Jodhpur,Region Pali
Auwa S.O,306021,Delivery,PO,Jodhpur,Region Pali
Basni Jojawar B.O,306022,Delivery,BO,Jodhpur,Region Pali
Bhagora B.O,306022,Delivery,BO,Jodhpur,Region Pali
Dhanla B.O,306022,Delivery,BO,Jodhpur,Region Pali
Kot  Solankiyan B.O,306022,Delivery,BO,Jodhpur,Region Pali
Panota B.O,306022,Delivery,BO,Jodhpur,Region Pali
Sansari B.O,306022,Delivery,BO,Jodhpur,Region Pali
Jojawar S.O,306022,Delivery,PO,Jodhpur,Region Pali
Bopari B.O,306023,Delivery,BO,Jodhpur,Region Pali
Borimada B.O,306023,Delivery,BO,Jodhpur,Region Pali
Chirpatiya B.O,306023,Delivery,BO,Jodhpur,Region Pali
Chokariya B.O,306023,Delivery,BO,Jodhpur,Region Pali
Gadhana B.O,306023,Delivery,BO,Jodhpur,Region Pali
Guda Soorsingh B.O,306023,Delivery,BO,Jodhpur,Region Pali
Malsabaori B.O,306023,Delivery,BO,Jodhpur,Region Pali
Phulad B.O,306023,Delivery,BO,Jodhpur,Region Pali
Radawas B.O,306023,Delivery,BO,Jodhpur,Region Pali
Saran B.O,306023,Delivery,BO,Jodhpur,Region Pali
Seeriyari B.O,306023,Delivery,BO,Jodhpur,Region Pali
Thakurwas B.O,306023,Delivery,BO,Jodhpur,Region Pali
Ranawas S.O,306023,Delivery,PO,Jodhpur,Region Pali
Dhaneriya B.O,306101,Delivery,BO,Jodhpur,Region Pali
Kurki B.O,306101,Delivery,BO,Jodhpur,Region Pali
Pratap   Garh B.O,306101,Delivery,BO,Jodhpur,Region Pali
Ras B.O,306101,Delivery,BO,Jodhpur,Region Pali
Sewariya B.O,306101,Delivery,BO,Jodhpur,Region Pali
Sumel B.O,306101,Delivery,BO,Jodhpur,Region Pali
Babra S.O (Pali),306101,Delivery,PO,Jodhpur,Region Pali
Amarpura B.O,306102,Delivery,BO,Jodhpur,Region Pali
Bootiwas B.O,306102,Delivery,BO,Jodhpur,Region Pali
Chang B.O,306102,Delivery,BO,Jodhpur,Region Pali
Chittar B.O,306102,Delivery,BO,Jodhpur,Region Pali
Giri B.O,306102,Delivery,BO,Jodhpur,Region Pali
Kanuja B.O,306102,Delivery,BO,Jodhpur,Region Pali
Nanana B.O,306102,Delivery,BO,Jodhpur,Region Pali
Ratadiya B.O,306102,Delivery,BO,Jodhpur,Region Pali
Relra B.O,306102,Delivery,BO,Jodhpur,Region Pali
Toonkra B.O,306102,Delivery,BO,Jodhpur,Region Pali
Sendra S.O,306102,Delivery,PO,Jodhpur,Region Pali
Alawas B.O,306103,Delivery,BO,Jodhpur,Region Pali
Babhan B.O,306103,Delivery,BO,Jodhpur,Region Pali
Bhaisana B.O,306103,Delivery,BO,Jodhpur,Region Pali
Bornadi B.O,306103,Delivery,BO,Jodhpur,Region Pali
Dhundhla B.O,306103,Delivery,BO,Jodhpur,Region Pali
Guda Kalan B.O,306103,Delivery,BO,Jodhpur,Region Pali
Guda shama B.O,306103,Delivery,BO,Jodhpur,Region Pali
Hariyamali B.O,306103,Delivery,BO,Jodhpur,Region Pali
Jeejardi B.O,306103,Delivery,BO,Jodhpur,Region Pali
Kantaliya B.O,306103,Delivery,BO,Jodhpur,Region Pali
Manda B.O,306103,Delivery,BO,Jodhpur,Region Pali
Musaliya B.O,306103,Delivery,BO,Jodhpur,Region Pali
Neembli  Manda B.O,306103,Delivery,BO,Jodhpur,Region Pali
Rajola   Khurd B.O,306103,Delivery,BO,Jodhpur,Region Pali
Rendri B.O,306103,Delivery,BO,Jodhpur,Region Pali
Sawrad B.O,306103,Delivery,BO,Jodhpur,Region Pali
Seesarwada B.O,306103,Delivery,BO,Jodhpur,Region Pali
Sehwaj B.O,306103,Delivery,BO,Jodhpur,Region Pali
Shekhawas B.O,306103,Delivery,BO,Jodhpur,Region Pali
Siyat B.O,306103,Delivery,BO,Jodhpur,Region Pali
Sojat  Road S.O,306103,Delivery,PO,Jodhpur,Region Pali
Atabara B.O,306104,Delivery,BO,Jodhpur,Region Pali
Beelawas B.O,306104,Delivery,BO,Jodhpur,Region Pali
Chadwas B.O,306104,Delivery,BO,Jodhpur,Region Pali
Chopra B.O,306104,Delivery,BO,Jodhpur,Region Pali
Dhakri B.O,306104,Delivery,BO,Jodhpur,Region Pali
Dhinawas B.O,306104,Delivery,BO,Jodhpur,Region Pali
Hingawas B.O,306104,Delivery,BO,Jodhpur,Region Pali
Khariya neev B.O,306104,Delivery,BO,Jodhpur,Region Pali
Mandla B.O,306104,Delivery,BO,Jodhpur,Region Pali
Meo B.O,306104,Delivery,BO,Jodhpur,Region Pali
Rajola   Kalan B.O,306104,Delivery,BO,Jodhpur,Region Pali
Ramasani   Bala B.O,306104,Delivery,BO,Jodhpur,Region Pali
Reprawas B.O,306104,Delivery,BO,Jodhpur,Region Pali
Roopawas B.O,306104,Delivery,BO,Jodhpur,Region Pali
Shivpura B.O,306104,Delivery,BO,Jodhpur,Region Pali
Surayta B.O,306104,Delivery,BO,Jodhpur,Region Pali
Sojat S.O,306104,Delivery,PO,Jodhpur,Region Pali
Sojat Bazar S.O,306104,Non-Delivery,PO,Jodhpur,Region Pali
Bagri Kalaliya B.O,306105,Delivery,BO,Jodhpur,Region Pali
Birantiya Kalan B.O,306105,Delivery,BO,Jodhpur,Region Pali
Birantiya Khurd B.O,306105,Delivery,BO,Jodhpur,Region Pali
Hajiwas B.O,306105,Delivery,BO,Jodhpur,Region Pali
Kalaliya B.O,306105,Delivery,BO,Jodhpur,Region Pali
Kirana B.O,306105,Delivery,BO,Jodhpur,Region Pali
Mesiya B.O,306105,Delivery,BO,Jodhpur,Region Pali
Bar S.O,306105,Delivery,PO,Jodhpur,Region Pali
Deoli Hulla B.O,306114,Delivery,BO,Jodhpur,Region Pali
Gajnai B.O,306114,Delivery,BO,Jodhpur,Region Pali
Guda Binja B.O,306114,Delivery,BO,Jodhpur,Region Pali
Kelwad B.O,306114,Delivery,BO,Jodhpur,Region Pali
Khodiya B.O,306114,Delivery,BO,Jodhpur,Region Pali
Pachunda   Kalan B.O,306114,Delivery,BO,Jodhpur,Region Pali
Piplad B.O,306114,Delivery,BO,Jodhpur,Region Pali
Bagri Nagar S.O,306114,Delivery,PO,Jodhpur,Region Pali
Beerami B.O,306115,Delivery,BO,Jodhpur,Region Pali
Chanchori B.O,306115,Delivery,BO,Jodhpur,Region Pali
Dhana B.O,306115,Delivery,BO,Jodhpur,Region Pali
Itendra Charnan B.O,306115,Delivery,BO,Jodhpur,Region Pali
Kheemel B.O,306115,Delivery,BO,Jodhpur,Region Pali
Lapod B.O,306115,Delivery,BO,Jodhpur,Region Pali
Mandal B.O,306115,Delivery,BO,Jodhpur,Region Pali
Mokampura B.O,306115,Delivery,BO,Jodhpur,Region Pali
Rani Gaon B.O,306115,Delivery,BO,Jodhpur,Region Pali
Vidhyawari B.O,306115,Delivery,BO,Jodhpur,Region Pali
Rani S.O (Pali),306115,Delivery,PO,Jodhpur,Region Pali
Rani Sadar Bazar S.O,306115,Non-Delivery,PO,Jodhpur,Region Pali
Deotra B.O,306116,Delivery,BO,Jodhpur,Region Pali
Dhani B.O,306116,Delivery,BO,Jodhpur,Region Pali
Falna Village B.O,306116,Delivery,BO,Jodhpur,Region Pali
Falna S.O,306116,Delivery,PO,Jodhpur,Region Pali
Falna  I. E. S.O,306116,Non-Delivery,PO,Jodhpur,Region Pali
Dhariya B.O,306119,Delivery,BO,Jodhpur,Region Pali
Itendra Mertiyan B.O,306119,Delivery,BO,Jodhpur,Region Pali
Jawali B.O,306119,Delivery,BO,Jodhpur,Region Pali
Khatukara B.O,306119,Delivery,BO,Jodhpur,Region Pali
Nadana bhatan B.O,306119,Delivery,BO,Jodhpur,Region Pali
Saleriya B.O,306119,Delivery,BO,Jodhpur,Region Pali
Khod S.O,306119,Delivery,PO,Jodhpur,Region Pali
Bera B.O,306126,Delivery,BO,Jodhpur,Region Pali
Bisalpur B.O,306126,Delivery,BO,Jodhpur,Region Pali
Dudni B.O,306126,Delivery,BO,Jodhpur,Region Pali
Kakaradi B.O,306126,Delivery,BO,Jodhpur,Region Pali
Mori Bera B.O,306126,Delivery,BO,Jodhpur,Region Pali
Perwa B.O,306126,Delivery,BO,Jodhpur,Region Pali
Jawai  Bandh S.O,306126,Delivery,PO,Jodhpur,Region Pali
Bhoombaliya B.O,306301,Delivery,BO,Jodhpur,Region Pali
Falka   Kalan B.O,306301,Delivery,BO,Jodhpur,Region Pali
Kanwaliya  Kalan B.O,306301,Delivery,BO,Jodhpur,Region Pali
Kekindra B.O,306301,Delivery,BO,Jodhpur,Region Pali
Lambiya B.O,306301,Delivery,BO,Jodhpur,Region Pali
Anandpur Kalu S.O,306301,Delivery,PO,Jodhpur,Region Pali
Agewa B.O,306302,Delivery,BO,Jodhpur,Region Pali
Ber   Kalan B.O,306302,Delivery,BO,Jodhpur,Region Pali
Birol B.O,306302,Delivery,BO,Jodhpur,Region Pali
Deoria B.O,306302,Delivery,BO,Jodhpur,Region Pali
Garniya B.O,306302,Delivery,BO,Jodhpur,Region Pali
Jhujanda B.O,306302,Delivery,BO,Jodhpur,Region Pali
Khinawari B.O,306302,Delivery,BO,Jodhpur,Region Pali
Lototi B.O,306302,Delivery,BO,Jodhpur,Region Pali
Patwa B.O,306302,Delivery,BO,Jodhpur,Region Pali
Phoolmal B.O,306302,Delivery,BO,Jodhpur,Region Pali
Rajadand B.O,306302,Delivery,BO,Jodhpur,Region Pali
Ramawas B.O,306302,Delivery,BO,Jodhpur,Region Pali
Raniwal B.O,306302,Delivery,BO,Jodhpur,Region Pali
Talkiya B.O,306302,Delivery,BO,Jodhpur,Region Pali
Jaitaran S.O,306302,Delivery,PO,Jodhpur,Region Pali
Asarlai B.O,306303,Delivery,BO,Jodhpur,Region Pali
Mohrai B.O,306303,Delivery,BO,Jodhpur,Region Pali
Sangawas B.O,306303,Delivery,BO,Jodhpur,Region Pali
Nimaj S.O,306303,Delivery,PO,Jodhpur,Region Pali
Deepawas B.O,306304,Delivery,BO,Jodhpur,Region Pali
Haripur B.O,306304,Delivery,BO,Jodhpur,Region Pali
Jhoontha B.O,306304,Delivery,BO,Jodhpur,Region Pali
Kalab kalan B.O,306304,Delivery,BO,Jodhpur,Region Pali
Pachanpura B.O,306304,Delivery,BO,Jodhpur,Region Pali
Raipur  Marwar S.O,306304,Delivery,PO,Jodhpur,Region Pali
Bagiara B.O,306305,Delivery,BO,Jodhpur,Region Pali
Chawandiya B.O,306305,Delivery,BO,Jodhpur,Region Pali
Karmawas Maliyan B.O,306305,Delivery,BO,Jodhpur,Region Pali
Leelamba B.O,306305,Delivery,BO,Jodhpur,Region Pali
Nimbera  Kalan B.O,306305,Delivery,BO,Jodhpur,Region Pali
Kushalpura S.O,306305,Delivery,PO,Jodhpur,Region Pali
Basna B.O,306306,Delivery,BO,Jodhpur,Region Pali
Chanddawal R.S. B.O,306306,Delivery,BO,Jodhpur,Region Pali
Deoli Kalan B.O,306306,Delivery,BO,Jodhpur,Region Pali
Khokhra B.O,306306,Delivery,BO,Jodhpur,Region Pali
Murdawa B.O,306306,Delivery,BO,Jodhpur,Region Pali
Rampura   Kalan B.O,306306,Delivery,BO,Jodhpur,Region Pali
Sandiya B.O,306306,Delivery,BO,Jodhpur,Region Pali
Chandawal S.O,306306,Delivery,PO,Jodhpur,Region Pali
Bansiya B.O,306307,Delivery,BO,Jodhpur,Region Pali
Guriya B.O,306307,Delivery,BO,Jodhpur,Region Pali
Karmawas Patta B.O,306307,Delivery,BO,Jodhpur,Region Pali
Mohra   Kalan B.O,306307,Delivery,BO,Jodhpur,Region Pali
Raira Kalan B.O,306307,Delivery,BO,Jodhpur,Region Pali
Sabalpura B.O,306307,Delivery,BO,Jodhpur,Region Pali
Pipliya Kalan S.O,306307,Delivery,PO,Jodhpur,Region Pali
Banjakuri B.O,306308,Delivery,BO,Jodhpur,Region Pali
Digarna B.O,306308,Delivery,BO,Jodhpur,Region Pali
Kharadi B.O,306308,Delivery,BO,Jodhpur,Region Pali
Nimbol B.O,306308,Delivery,BO,Jodhpur,Region Pali
Sinla B.O,306308,Delivery,BO,Jodhpur,Region Pali
Balunda S.O,306308,Delivery,PO,Jodhpur,Region Pali
Pali Marwar H.O,306401,Delivery,HO,Jodhpur,Region Pali
Sonai Manji B.O,306401,Delivery,BO,Jodhpur,Region Pali
Dari B.O,306401,Delivery,BO,Jodhpur,Region Pali
Jadan B.O,306401,Delivery,BO,Jodhpur,Region Pali
Bhangesar B.O,306401,Delivery,BO,Jodhpur,Region Pali
Rupawas B.O,306401,Delivery,BO,Jodhpur,Region Pali
Bomadra B.O,306401,Delivery,BO,Jodhpur,Region Pali
Jhintra B.O,306401,Delivery,BO,Jodhpur,Region Pali
Kerla B.O,306401,Delivery,BO,Jodhpur,Region Pali
Rana B.O,306401,Delivery,BO,Jodhpur,Region Pali
Giradra B.O,306401,Delivery,BO,Jodhpur,Region Pali
Bhakriwala B.O,306401,Delivery,BO,Jodhpur,Region Pali
Bhanwari B.O,306401,Delivery,BO,Jodhpur,Region Pali
Manihari B.O,306401,Delivery,BO,Jodhpur,Region Pali
Sardar Samand B.O,306401,Delivery,BO,Jodhpur,Region Pali
Neembli Uran B.O,306401,Delivery,BO,Jodhpur,Region Pali
Dayalpura B.O,306401,Delivery,BO,Jodhpur,Region Pali
Hemawas B.O,306401,Delivery,BO,Jodhpur,Region Pali
Mandiya B.O,306401,Delivery,BO,Jodhpur,Region Pali
Pali  Housing Board S.O,306401,Non-Delivery,PO,Jodhpur,Region Pali
Pali City S.O,306401,Non-Delivery,PO,Jodhpur,Region Pali
Pali Industrial Estate S.O,306401,Non-Delivery,PO,Jodhpur,Region Pali
Pali Kutchery S.O,306401,Non-Delivery,PO,Jodhpur,Region Pali
Pali Railway Station S.O,306401,Non-Delivery,PO,Jodhpur,Region Pali
Pali Veer Durgadas  Nagar S.O,306401,Non-Delivery,PO,Jodhpur,Region Pali
Bayad B.O,306421,Delivery,BO,Jodhpur,Region Pali
Beethu B.O,306421,Delivery,BO,Jodhpur,Region Pali
Chenda B.O,306421,Delivery,BO,Jodhpur,Region Pali
Chotila B.O,306421,Delivery,BO,Jodhpur,Region Pali
Dhabar Kalan B.O,306421,Delivery,BO,Jodhpur,Region Pali
Diwandi B.O,306421,Delivery,BO,Jodhpur,Region Pali
Dudiya B.O,306421,Delivery,BO,Jodhpur,Region Pali
Gadwara B.O,306421,Delivery,BO,Jodhpur,Region Pali
Gelawas B.O,306421,Delivery,BO,Jodhpur,Region Pali
Kalali B.O,306421,Delivery,BO,Jodhpur,Region Pali
Khandi B.O,306421,Delivery,BO,Jodhpur,Region Pali
Kharda B.O,306421,Delivery,BO,Jodhpur,Region Pali
Kulthana B.O,306421,Delivery,BO,Jodhpur,Region Pali
Mandawas B.O,306421,Delivery,BO,Jodhpur,Region Pali
Rohat R.S. B.O,306421,Delivery,BO,Jodhpur,Region Pali
Rohat S.O (Pali),306421,Delivery,PO,Jodhpur,Region Pali
Balrai B.O,306422,Delivery,BO,Jodhpur,Region Pali
Deegai B.O,306422,Delivery,BO,Jodhpur,Region Pali
Denda B.O,306422,Delivery,BO,Jodhpur,Region Pali
Dhola B.O,306422,Delivery,BO,Jodhpur,Region Pali
Guda Endla B.O,306422,Delivery,BO,Jodhpur,Region Pali
Keerwa B.O,306422,Delivery,BO,Jodhpur,Region Pali
Koorna B.O,306422,Delivery,BO,Jodhpur,Region Pali
Gundoj S.O,306422,Delivery,PO,Jodhpur,Region Pali
Dhamli B.O,306501,Delivery,BO,Jodhpur,Region Pali
Hingola Khurd B.O,306501,Delivery,BO,Jodhpur,Region Pali
Lambiya B.O,306501,Delivery,BO,Jodhpur,Region Pali
Sapooni B.O,306501,Delivery,BO,Jodhpur,Region Pali
Khairwa S.O,306501,Delivery,PO,Jodhpur,Region Pali
Bagol B.O,306502,Delivery,BO,Jodhpur,Region Pali
Dayalana B.O,306502,Delivery,BO,Jodhpur,Region Pali
Gajnipura B.O,306502,Delivery,BO,Jodhpur,Region Pali
Ghenri B.O,306502,Delivery,BO,Jodhpur,Region Pali
Kerli B.O,306502,Delivery,BO,Jodhpur,Region Pali
Magartalab B.O,306502,Delivery,BO,Jodhpur,Region Pali
Pilowani B.O,306502,Delivery,BO,Jodhpur,Region Pali
Raipuriya B.O,306502,Delivery,BO,Jodhpur,Region Pali
Siwas B.O,306502,Delivery,BO,Jodhpur,Region Pali
Wandar B.O,306502,Delivery,BO,Jodhpur,Region Pali
Khinwara S.O,306502,Delivery,PO,Jodhpur,Region Pali
Banta Town B.O,306503,Delivery,BO,Jodhpur,Region Pali
Bhadarlau B.O,306503,Delivery,BO,Jodhpur,Region Pali
Bheemaliya B.O,306503,Delivery,BO,Jodhpur,Region Pali
Boosi B.O,306503,Delivery,BO,Jodhpur,Region Pali
Dutariya B.O,306503,Delivery,BO,Jodhpur,Region Pali
Inderwara B.O,306503,Delivery,BO,Jodhpur,Region Pali
Neembara B.O,306503,Delivery,BO,Jodhpur,Region Pali
Panchetiya B.O,306503,Delivery,BO,Jodhpur,Region Pali
Sodawas B.O,306503,Delivery,BO,Jodhpur,Region Pali
Tewali B.O,306503,Delivery,BO,Jodhpur,Region Pali
Thakurla B.O,306503,Delivery,BO,Jodhpur,Region Pali
Somesar S.O,306503,Delivery,PO,Jodhpur,Region Pali
Amaliya B.O,306504,Delivery,BO,Jodhpur,Region Pali
Bhandar B.O,306504,Delivery,BO,Jodhpur,Region Pali
Bheemana B.O,306504,Delivery,BO,Jodhpur,Region Pali
Chamunderi B.O,306504,Delivery,BO,Jodhpur,Region Pali
Kothar B.O,306504,Delivery,BO,Jodhpur,Region Pali
Koyalbao B.O,306504,Delivery,BO,Jodhpur,Region Pali
Kumatiya B.O,306504,Delivery,BO,Jodhpur,Region Pali
Malnoo B.O,306504,Delivery,BO,Jodhpur,Region Pali
Nana S.O,306504,Delivery,PO,Jodhpur,Region Pali
Dadai B.O,306601,Delivery,BO,Jodhpur,Region Pali
Varkana B.O,306601,Delivery,BO,Jodhpur,Region Pali
Bijowa S.O,306601,Delivery,PO,Jodhpur,Region Pali
Anoppura B.O,306602,Delivery,BO,Jodhpur,Region Pali
Beethora B.O,306602,Delivery,BO,Jodhpur,Region Pali
SAKADARA B.O.,306602,Delivery,BO,Jodhpur,Region Pali
Chanod S.O,306602,Delivery,PO,Jodhpur,Region Pali
Deoli Pabuji B.O,306603,Delivery,BO,Jodhpur,Region Pali
Dhalop B.O,306603,Delivery,BO,Jodhpur,Region Pali
Jeewand Kalan B.O,306603,Delivery,BO,Jodhpur,Region Pali
Kesooli B.O,306603,Delivery,BO,Jodhpur,Region Pali
Kharda B.O,306603,Delivery,BO,Jodhpur,Region Pali
Kishanpura B.O,306603,Delivery,BO,Jodhpur,Region Pali
Kotri B.O,306603,Delivery,BO,Jodhpur,Region Pali
Neepal B.O,306603,Delivery,BO,Jodhpur,Region Pali
Prithviraj Ka Gurha B.O,306603,Delivery,BO,Jodhpur,Region Pali
Sanwalta B.O,306603,Delivery,BO,Jodhpur,Region Pali
Nadol S.O,306603,Delivery,PO,Jodhpur,Region Pali
Boya B.O,306701,Delivery,BO,Jodhpur,Region Pali
Dantiwara B.O,306701,Delivery,BO,Jodhpur,Region Pali
Kot  Baliyan B.O,306701,Delivery,BO,Jodhpur,Region Pali
Sela B.O,306701,Delivery,BO,Jodhpur,Region Pali
Bali S.O,306701,Delivery,PO,Jodhpur,Region Pali
Barod B.O,306702,Delivery,BO,Jodhpur,Region Pali
Mada B.O,306702,Delivery,BO,Jodhpur,Region Pali
Mandigarh B.O,306702,Delivery,BO,Jodhpur,Region Pali
Ranakpur B.O,306702,Delivery,BO,Jodhpur,Region Pali
Sindharli B.O,306702,Delivery,BO,Jodhpur,Region Pali
Sadri S.O,306702,Delivery,PO,Jodhpur,Region Pali
Ana B.O,306703,Delivery,BO,Jodhpur,Region Pali
Narlai B.O,306703,Delivery,BO,Jodhpur,Region Pali
Sumer B.O,306703,Delivery,BO,Jodhpur,Region Pali
Desuri S.O,306703,Delivery,PO,Jodhpur,Region Pali
Dudapura B.O,306704,Delivery,BO,Jodhpur,Region Pali
Ghanerao S.O,306704,Delivery,PO,Jodhpur,Region Pali
Bheetwara B.O,306705,Delivery,BO,Jodhpur,Region Pali
Gudalass B.O,306705,Delivery,BO,Jodhpur,Region Pali
Lalrai B.O,306705,Delivery,BO,Jodhpur,Region Pali
Latara B.O,306705,Delivery,BO,Jodhpur,Region Pali
Morkha B.O,306705,Delivery,BO,Jodhpur,Region Pali
Panchalwara B.O,306705,Delivery,BO,Jodhpur,Region Pali
Sheotalao B.O,306705,Delivery,BO,Jodhpur,Region Pali
Mundara S.O,306705,Delivery,PO,Jodhpur,Region Pali
Barwa B.O,306706,Delivery,BO,Jodhpur,Region Pali
Mirgesar B.O,306706,Delivery,BO,Jodhpur,Region Pali
Sesli B.O,306706,Delivery,BO,Jodhpur,Region Pali
Lunawa S.O,306706,Delivery,PO,Jodhpur,Region Pali
Beejapur B.O,306707,Delivery,BO,Jodhpur,Region Pali
Bhatund B.O,306707,Delivery,BO,Jodhpur,Region Pali
Goriya B.O,306707,Delivery,BO,Jodhpur,Region Pali
Padarla B.O,306707,Delivery,BO,Jodhpur,Region Pali
Sena B.O,306707,Delivery,BO,Jodhpur,Region Pali
Sewari S.O,306707,Delivery,PO,Jodhpur,Region Pali
Babagaon B.O,306708,Delivery,BO,Jodhpur,Region Pali
Basant B.O,306708,Delivery,BO,Jodhpur,Region Pali
Dujana B.O,306708,Delivery,BO,Jodhpur,Region Pali
Kheemara B.O,306708,Delivery,BO,Jodhpur,Region Pali
Koselao B.O,306708,Delivery,BO,Jodhpur,Region Pali
Pawa B.O,306708,Delivery,BO,Jodhpur,Region Pali
Sindru B.O,306708,Delivery,BO,Jodhpur,Region Pali
Sanderao S.O,306708,Delivery,PO,Jodhpur,Region Pali
Balada B.O,306709,Delivery,BO,Jodhpur,Region Pali
Ghorawar B.O,306709,Delivery,BO,Jodhpur,Region Pali
Rabriyawas B.O,306709,Delivery,BO,Jodhpur,Region Pali
Dlf Rabriyawas S.O,306709,Delivery,PO,Jodhpur,Region Pali
Balupura B.O,306901,Delivery,BO,Jodhpur,Region Pali
Bamnera B.O,306901,Delivery,BO,Jodhpur,Region Pali
Bharunda B.O,306901,Delivery,BO,Jodhpur,Region Pali
Khiwandi B.O,306901,Delivery,BO,Jodhpur,Region Pali
Korta B.O,306901,Delivery,BO,Jodhpur,Region Pali
Novi B.O,306901,Delivery,BO,Jodhpur,Region Pali
Bankli S.O,306901,Delivery,PO,Jodhpur,Region Pali
B.M.G. Hospital Ramnagar B.O,306902,Delivery,BO,Jodhpur,Region Pali
Fattapura B.O,306902,Delivery,BO,Jodhpur,Region Pali
Kanpura B.O,306902,Delivery,BO,Jodhpur,Region Pali
Koliwara B.O,306902,Delivery,BO,Jodhpur,Region Pali
Netra B.O,306902,Delivery,BO,Jodhpur,Region Pali
Palri jod B.O,306902,Delivery,BO,Jodhpur,Region Pali
Pomawa B.O,306902,Delivery,BO,Jodhpur,Region Pali
Sumerpur S.O,306902,Delivery,PO,Jodhpur,Region Pali
Sumerpur Krishi Upaj Mandi S.O,306902,Non-Delivery,PO,Jodhpur,Region Pali
Balana B.O,306912,Delivery,BO,Jodhpur,Region Pali
Gogra B.O,306912,Delivery,BO,Jodhpur,Region Pali
Tagatgarh S.O,306912,Delivery,PO,Jodhpur,Region Pali
Ramgarh Shekhawati SO,331024,Delivery,PO,Jodhpur,Region Sikar
Dhakas BO,331024,Delivery,BO,Jodhpur,Region Sikar
Kayamsar BO,331024,Delivery,BO,Jodhpur,Region Sikar
Khotiya BO,331024,Delivery,BO,Jodhpur,Region Sikar
Neemakidhani BO,331024,Delivery,BO,Jodhpur,Region Sikar
Nethwa BO,331024,Delivery,BO,Jodhpur,Region Sikar
Sahnusar BO,331024,Delivery,BO,Jodhpur,Region Sikar
Takhalsar BO,331024,Delivery,BO,Jodhpur,Region Sikar
Thedi BO,331024,Delivery,BO,Jodhpur,Region Sikar
Ramgarh Bazar SO,331024,Non-Delivery,PO,Jodhpur,Region Sikar
Sikar HO,332001,Delivery,HO,Jodhpur,Region Sikar
Sabalpura BO,332001,Delivery,BO,Jodhpur,Region Sikar
Nathawatpura BO,332001,Delivery,BO,Jodhpur,Region Sikar
Kanwarpura BO,332001,Delivery,BO,Jodhpur,Region Sikar
Bajaj RoadSikar SO,332001,Non-Delivery,PO,Jodhpur,Region Sikar
Devipura SO,332001,Non-Delivery,PO,Jodhpur,Region Sikar
Fatehpuri Gate SO,332001,Non-Delivery,PO,Jodhpur,Region Sikar
Gandhinagar SO Sikar,332001,Non-Delivery,PO,Jodhpur,Region Sikar
Mochiwara SO,332001,Non-Delivery,PO,Jodhpur,Region Sikar
Bhaironpura BO,332001,Non-Delivery,BO,Jodhpur,Region Sikar
Dhod SO,332002,Delivery,PO,Jodhpur,Region Sikar
Anokhu BO,332002,Delivery,BO,Jodhpur,Region Sikar
Kasli BO,332002,Delivery,BO,Jodhpur,Region Sikar
Nagwa BO,332002,Delivery,BO,Jodhpur,Region Sikar
Netarwas BO,332002,Delivery,BO,Jodhpur,Region Sikar
Pewa BO,332002,Delivery,BO,Jodhpur,Region Sikar
Bajajgram SO,332021,Delivery,PO,Jodhpur,Region Sikar
Antri BO,332021,Delivery,BO,Jodhpur,Region Sikar
Chandpura BO,332021,Delivery,BO,Jodhpur,Region Sikar
Deogarh BO,332021,Delivery,BO,Jodhpur,Region Sikar
Dujod BO,332021,Delivery,BO,Jodhpur,Region Sikar
Gokulpura BO,332021,Delivery,BO,Jodhpur,Region Sikar
Harsh BO,332021,Delivery,BO,Jodhpur,Region Sikar
Kashikabas BO,332021,Delivery,BO,Jodhpur,Region Sikar
Mandawara BO,332021,Delivery,BO,Jodhpur,Region Sikar
Puran Badi BO,332021,Delivery,BO,Jodhpur,Region Sikar
Khoor SO,332023,Delivery,PO,Jodhpur,Region Sikar
Badalwas BO,332023,Delivery,BO,Jodhpur,Region Sikar
Banura BO,332023,Delivery,BO,Jodhpur,Region Sikar
Bhagatpura BO,332023,Delivery,BO,Jodhpur,Region Sikar
Bidoli BO,332023,Delivery,BO,Jodhpur,Region Sikar
Gothra Taglan BO,332023,Delivery,BO,Jodhpur,Region Sikar
Jachas BO,332023,Delivery,BO,Jodhpur,Region Sikar
Mandota BO,332023,Delivery,BO,Jodhpur,Region Sikar
Mundawara BO,332023,Delivery,BO,Jodhpur,Region Sikar
Rajpura BO,332023,Delivery,BO,Jodhpur,Region Sikar
Sami BO,332023,Delivery,BO,Jodhpur,Region Sikar
Sesam BO,332023,Delivery,BO,Jodhpur,Region Sikar
Katrathal SO,332024,Delivery,PO,Jodhpur,Region Sikar
Bhadwasi BO,332024,Delivery,BO,Jodhpur,Region Sikar
Dadia BO,332024,Delivery,BO,Jodhpur,Region Sikar
Dinarpura BO,332024,Delivery,BO,Jodhpur,Region Sikar
Jheegar Chhoti BO,332024,Delivery,BO,Jodhpur,Region Sikar
Kudli BO,332024,Delivery,BO,Jodhpur,Region Sikar
Tarpura BO,332024,Delivery,BO,Jodhpur,Region Sikar
Losal SO,332025,Delivery,PO,Jodhpur,Region Sikar
Bhima BO,332025,Delivery,BO,Jodhpur,Region Sikar
Bhirana BO,332025,Delivery,BO,Jodhpur,Region Sikar
Bosana BO,332025,Delivery,BO,Jodhpur,Region Sikar
Chirasara BO,332025,Delivery,BO,Jodhpur,Region Sikar
Jana BO,332025,Delivery,BO,Jodhpur,Region Sikar
Khanri BO,332025,Delivery,BO,Jodhpur,Region Sikar
Losal Chhoti BO,332025,Delivery,BO,Jodhpur,Region Sikar
Sangliya BO,332025,Delivery,BO,Jodhpur,Region Sikar
Losal Bazar SO,332025,Non-Delivery,PO,Jodhpur,Region Sikar
Nechhwa SO,332026,Delivery,PO,Jodhpur,Region Sikar
Ghirnia Bada BO,332026,Delivery,BO,Jodhpur,Region Sikar
Kachhwa BO,332026,Delivery,BO,Jodhpur,Region Sikar
Kothyari BO,332026,Delivery,BO,Jodhpur,Region Sikar
Kumas BO,332026,Delivery,BO,Jodhpur,Region Sikar
Tunwa BO,332026,Delivery,BO,Jodhpur,Region Sikar
Piprali SO,332027,Delivery,PO,Jodhpur,Region Sikar
Chainpura BO,332027,Delivery,BO,Jodhpur,Region Sikar
Gungara BO,332027,Delivery,BO,Jodhpur,Region Sikar
Hardayalpura BO,332027,Delivery,BO,Jodhpur,Region Sikar
Kushalpura BO,332027,Delivery,BO,Jodhpur,Region Sikar
Purohitkabas BO,332027,Delivery,BO,Jodhpur,Region Sikar
Raghunathgarh BO,332027,Delivery,BO,Jodhpur,Region Sikar
Singhasan BO,332027,Delivery,BO,Jodhpur,Region Sikar
Sihot Badi SO,332028,Delivery,PO,Jodhpur,Region Sikar
Bhilunda BO,332028,Delivery,BO,Jodhpur,Region Sikar
Binjasi BO,332028,Delivery,BO,Jodhpur,Region Sikar
Dher Ka Bas BO,332028,Delivery,BO,Jodhpur,Region Sikar
Fatehpura BO,332028,Delivery,BO,Jodhpur,Region Sikar
Gunatoo BO,332028,Delivery,BO,Jodhpur,Region Sikar
Rulyani BO,332028,Delivery,BO,Jodhpur,Region Sikar
Shahpura BO,332028,Delivery,BO,Jodhpur,Region Sikar
Ganeri SO,332029,Delivery,PO,Jodhpur,Region Sikar
Bochi BO,332029,Delivery,BO,Jodhpur,Region Sikar
Sutod BO,332029,Delivery,BO,Jodhpur,Region Sikar
Tiroki Badi BO,332029,Delivery,BO,Jodhpur,Region Sikar
Singrawat SO,332030,Delivery,PO,Jodhpur,Region Sikar
Mordunga BO,332030,Delivery,BO,Jodhpur,Region Sikar
Sarwari BO,332030,Delivery,BO,Jodhpur,Region Sikar
Sujanpura BO,332030,Delivery,BO,Jodhpur,Region Sikar
Koodan SO,332031,Delivery,PO,Jodhpur,Region Sikar
Beri BO,332031,Delivery,BO,Jodhpur,Region Sikar
Gothra Bhukaran BO,332031,Delivery,BO,Jodhpur,Region Sikar
Kolida BO,332031,Delivery,BO,Jodhpur,Region Sikar
Palri BO,332031,Delivery,BO,Jodhpur,Region Sikar
Posani BO,332031,Delivery,BO,Jodhpur,Region Sikar
Subhash Nagar BO,332031,Delivery,BO,Jodhpur,Region Sikar
Yalsar BO,332031,Delivery,BO,Jodhpur,Region Sikar
Dharamshala BO,332031,Delivery,BO,Jodhpur,Region Sikar
Phagalwa SO,332041,Delivery,PO,Jodhpur,Region Sikar
Khakholi BO,332041,Delivery,BO,Jodhpur,Region Sikar
Kirdoli BO,332041,Delivery,BO,Jodhpur,Region Sikar
Molyasi BO,332041,Delivery,BO,Jodhpur,Region Sikar
Pardoli Badi BO,332041,Delivery,BO,Jodhpur,Region Sikar
Rulyana Mali BO,332041,Delivery,BO,Jodhpur,Region Sikar
Sewa BO,332041,Delivery,BO,Jodhpur,Region Sikar
Sewad Badi BO,332041,Delivery,BO,Jodhpur,Region Sikar
Shyampura BO,332041,Delivery,BO,Jodhpur,Region Sikar
Sihot Chhoti BO,332041,Delivery,BO,Jodhpur,Region Sikar
Sutot BO,332041,Delivery,BO,Jodhpur,Region Sikar
Tatanwa SO,332042,Delivery,PO,Jodhpur,Region Sikar
Bhuwala BO,332042,Delivery,BO,Jodhpur,Region Sikar
Dugoli BO,332042,Delivery,BO,Jodhpur,Region Sikar
Palwas BO,332042,Delivery,BO,Jodhpur,Region Sikar
Tasar Badi BO,332042,Delivery,BO,Jodhpur,Region Sikar
Fatehpur Shekhawati SO,332301,Delivery,PO,Jodhpur,Region Sikar
Banthod BO,332301,Delivery,BO,Jodhpur,Region Sikar
Bari BO,332301,Delivery,BO,Jodhpur,Region Sikar
Birania BO,332301,Delivery,BO,Jodhpur,Region Sikar
Chuwas BO,332301,Delivery,BO,Jodhpur,Region Sikar
Dewas BO,332301,Delivery,BO,Jodhpur,Region Sikar
Fadanpura BO,332301,Delivery,BO,Jodhpur,Region Sikar
Gangiasar BO,332301,Delivery,BO,Jodhpur,Region Sikar
Garinda BO,332301,Delivery,BO,Jodhpur,Region Sikar
Godia Bada BO,332301,Delivery,BO,Jodhpur,Region Sikar
Harsawa BO,332301,Delivery,BO,Jodhpur,Region Sikar
Jalalsar BO,332301,Delivery,BO,Jodhpur,Region Sikar
Karanga Bada BO,332301,Delivery,BO,Jodhpur,Region Sikar
Mandela Bada BO,332301,Delivery,BO,Jodhpur,Region Sikar
Mandela Chhota BO,332301,Delivery,BO,Jodhpur,Region Sikar
Nayabas BO,332301,Delivery,BO,Jodhpur,Region Sikar
Tajsar BO,332301,Delivery,BO,Jodhpur,Region Sikar
Fatehpur Bazar SO,332301,Non-Delivery,PO,Jodhpur,Region Sikar
Sikaria BazarFatehpur SO,332301,Non-Delivery,PO,Jodhpur,Region Sikar
Dhandhan SO,332302,Delivery,PO,Jodhpur,Region Sikar
Palas BO,332302,Delivery,BO,Jodhpur,Region Sikar
Ramshisar BO,332302,Delivery,BO,Jodhpur,Region Sikar
Beswa SO,332303,Delivery,PO,Jodhpur,Region Sikar
Almas BO,332303,Delivery,BO,Jodhpur,Region Sikar
Bagroda BO,332303,Delivery,BO,Jodhpur,Region Sikar
Bhagasara BO,332303,Delivery,BO,Jodhpur,Region Sikar
Bheenchari BO,332303,Delivery,BO,Jodhpur,Region Sikar
Dinwa BO,332303,Delivery,BO,Jodhpur,Region Sikar
Hirna BO,332303,Delivery,BO,Jodhpur,Region Sikar
Nabipura BO,332303,Delivery,BO,Jodhpur,Region Sikar
Rolsabsar SO,332304,Delivery,PO,Jodhpur,Region Sikar
Hudera BO,332304,Delivery,BO,Jodhpur,Region Sikar
Rosawa BO,332304,Delivery,BO,Jodhpur,Region Sikar
Sekhisar BO,332304,Delivery,BO,Jodhpur,Region Sikar
Sadinsar SO,332305,Delivery,PO,Jodhpur,Region Sikar
Balod Bhakaran BO,332305,Delivery,BO,Jodhpur,Region Sikar
Balod Chhoti BO,332305,Delivery,BO,Jodhpur,Region Sikar
Dabri BO,332305,Delivery,BO,Jodhpur,Region Sikar
Tihawali SO,332307,Delivery,PO,Jodhpur,Region Sikar
Thimoli BO,332307,Delivery,BO,Jodhpur,Region Sikar
Tihay BO,332307,Delivery,BO,Jodhpur,Region Sikar
Lachhmangarh SO,332311,Delivery,PO,Jodhpur,Region Sikar
Bagri BO,332311,Delivery,BO,Jodhpur,Region Sikar
Bairas BO,332311,Delivery,BO,Jodhpur,Region Sikar
Batranau BO,332311,Delivery,BO,Jodhpur,Region Sikar
Chachiwad BO,332311,Delivery,BO,Jodhpur,Region Sikar
Dantru BO,332311,Delivery,BO,Jodhpur,Region Sikar
Deenwa BO,332311,Delivery,BO,Jodhpur,Region Sikar
Hamirpura BO,332311,Delivery,BO,Jodhpur,Region Sikar
Kumas BO,332311,Delivery,BO,Jodhpur,Region Sikar
Narodara BO,332311,Delivery,BO,Jodhpur,Region Sikar
Singodra BO,332311,Delivery,BO,Jodhpur,Region Sikar
Lachhmangarh Bazar SO,332311,Non-Delivery,PO,Jodhpur,Region Sikar
Nayama Bazar Lachhmangarh SO,332311,Non-Delivery,PO,Jodhpur,Region Sikar
Patoda SO Sikar,332312,Delivery,PO,Jodhpur,Region Sikar
Alkhpura Bogan BO,332312,Delivery,BO,Jodhpur,Region Sikar
Bathot BO,332312,Delivery,BO,Jodhpur,Region Sikar
Bhojasar BO,332312,Delivery,BO,Jodhpur,Region Sikar
Garoda BO,332312,Delivery,BO,Jodhpur,Region Sikar
Ghana BO,332312,Delivery,BO,Jodhpur,Region Sikar
Hapas BO,332312,Delivery,BO,Jodhpur,Region Sikar
Miran BO,332312,Delivery,BO,Jodhpur,Region Sikar
Sola BO,332312,Delivery,BO,Jodhpur,Region Sikar
Khuri Badi SO,332315,Delivery,PO,Jodhpur,Region Sikar
Akwa BO,332315,Delivery,BO,Jodhpur,Region Sikar
Badhadhar BO,332315,Delivery,BO,Jodhpur,Region Sikar
Gassu BO,332315,Delivery,BO,Jodhpur,Region Sikar
Jasrasar BO,332315,Delivery,BO,Jodhpur,Region Sikar
Lalasi BO,332315,Delivery,BO,Jodhpur,Region Sikar
Palthana BO,332315,Delivery,BO,Jodhpur,Region Sikar
Rashidpura BO,332315,Delivery,BO,Jodhpur,Region Sikar
Sanwaloda Dhayalan BO,332315,Delivery,BO,Jodhpur,Region Sikar
Sanwloda Ladkhani BO,332315,Delivery,BO,Jodhpur,Region Sikar
Sanwloda Purohitan BO,332315,Delivery,BO,Jodhpur,Region Sikar
Beedasar SO,332316,Delivery,PO,Jodhpur,Region Sikar
Birodi Chotti BO,332316,Delivery,BO,Jodhpur,Region Sikar
Birodibadi BO,332316,Delivery,BO,Jodhpur,Region Sikar
Doodwa BO,332316,Delivery,BO,Jodhpur,Region Sikar
Kheerwa BO,332316,Delivery,BO,Jodhpur,Region Sikar
Khinwasar BO,332316,Delivery,BO,Jodhpur,Region Sikar
Panlawa BO,332316,Delivery,BO,Jodhpur,Region Sikar
Beedsar BO,332316,Delivery,BO,Jodhpur,Region Sikar
Roru Badi SO,332317,Delivery,PO,Jodhpur,Region Sikar
Badusar BO,332317,Delivery,BO,Jodhpur,Region Sikar
Bibipur BO,332317,Delivery,BO,Jodhpur,Region Sikar
Rajas BO,332317,Delivery,BO,Jodhpur,Region Sikar
Jajod SO Lachhmangarh,332318,Delivery,PO,Jodhpur,Region Sikar
Bhooma Bada BO,332318,Delivery,BO,Jodhpur,Region Sikar
Dhanani BO,332318,Delivery,BO,Jodhpur,Region Sikar
Juliasar BO,332318,Delivery,BO,Jodhpur,Region Sikar
Mangloona BO,332318,Delivery,BO,Jodhpur,Region Sikar
Narsas BO,332318,Delivery,BO,Jodhpur,Region Sikar
Balaran SO,332401,Delivery,PO,Jodhpur,Region Sikar
Athwas BO,332401,Delivery,BO,Jodhpur,Region Sikar
Churi Miyon BO,332401,Delivery,BO,Jodhpur,Region Sikar
Disnau BO,332401,Delivery,BO,Jodhpur,Region Sikar
Kaswali BO,332401,Delivery,BO,Jodhpur,Region Sikar
Kheri Radan BO,332401,Delivery,BO,Jodhpur,Region Sikar
Madhopura BO,332401,Delivery,BO,Jodhpur,Region Sikar
Rahnawa BO,332401,Delivery,BO,Jodhpur,Region Sikar
Rajpura BO,332401,Delivery,BO,Jodhpur,Region Sikar
Sankhu BO,332401,Delivery,BO,Jodhpur,Region Sikar
Palsana SO Sikar,332402,Delivery,PO,Jodhpur,Region Sikar
Abhaipura BO,332402,Delivery,BO,Jodhpur,Region Sikar
Ajabpura BO,332402,Delivery,BO,Jodhpur,Region Sikar
Barsinghpura BO,332402,Delivery,BO,Jodhpur,Region Sikar
Dookia BO,332402,Delivery,BO,Jodhpur,Region Sikar
Gordhanpura BO,332402,Delivery,BO,Jodhpur,Region Sikar
Govati BO,332402,Delivery,BO,Jodhpur,Region Sikar
Govindpura BO,332402,Delivery,BO,Jodhpur,Region Sikar
Gudha Chhota BO,332402,Delivery,BO,Jodhpur,Region Sikar
Jurathara BO,332402,Delivery,BO,Jodhpur,Region Sikar
Ladhana BO,332402,Delivery,BO,Jodhpur,Region Sikar
Mandha Madni BO,332402,Delivery,BO,Jodhpur,Region Sikar
Prithvipura BO,332402,Delivery,BO,Jodhpur,Region Sikar
Sunderpura BO,332402,Delivery,BO,Jodhpur,Region Sikar
Ranoli SO Sikar,332403,Delivery,PO,Jodhpur,Region Sikar
Bajore BO,332403,Delivery,BO,Jodhpur,Region Sikar
Goriyan BO,332403,Delivery,BO,Jodhpur,Region Sikar
Khandelsar BO,332403,Delivery,BO,Jodhpur,Region Sikar
Raipura BO,332403,Delivery,BO,Jodhpur,Region Sikar
Rewasa BO,332403,Delivery,BO,Jodhpur,Region Sikar
Sherpura Sujas BO,332403,Delivery,BO,Jodhpur,Region Sikar
Shyampura BO,332403,Delivery,BO,Jodhpur,Region Sikar
Trilokpura BO,332403,Delivery,BO,Jodhpur,Region Sikar
Ringas SO,332404,Delivery,PO,Jodhpur,Region Sikar
Bhopatpura BO,332404,Delivery,BO,Jodhpur,Region Sikar
Dadia Rampura BO,332404,Delivery,BO,Jodhpur,Region Sikar
Jetusar BO,332404,Delivery,BO,Jodhpur,Region Sikar
Kotri Dhayalan BO,332404,Delivery,BO,Jodhpur,Region Sikar
Lakhani BO,332404,Delivery,BO,Jodhpur,Region Sikar
Lampuwa BO,332404,Delivery,BO,Jodhpur,Region Sikar
Sargoth BO,332404,Delivery,BO,Jodhpur,Region Sikar
Tapiplya BO,332404,Delivery,BO,Jodhpur,Region Sikar
Ringas Town SO,332404,Non-Delivery,PO,Jodhpur,Region Sikar
Shishu SO,332405,Delivery,PO,Jodhpur,Region Sikar
Baral BO,332405,Delivery,BO,Jodhpur,Region Sikar
Palasara BO,332405,Delivery,BO,Jodhpur,Region Sikar
Sangarwa BO,332405,Delivery,BO,Jodhpur,Region Sikar
Ved Ki Dhani BO,332405,Delivery,BO,Jodhpur,Region Sikar
Kochhore SO,332406,Delivery,PO,Jodhpur,Region Sikar
Dudhwa BO,332406,Delivery,BO,Jodhpur,Region Sikar
Jeenmata BO,332406,Delivery,BO,Jodhpur,Region Sikar
Jeenwas BO,332406,Delivery,BO,Jodhpur,Region Sikar
Mohanpura BO,332406,Delivery,BO,Jodhpur,Region Sikar
Nimera BO,332406,Delivery,BO,Jodhpur,Region Sikar
Ralwata BO,332406,Delivery,BO,Jodhpur,Region Sikar
Reta BO,332406,Delivery,BO,Jodhpur,Region Sikar
Roopgarh BO,332406,Delivery,BO,Jodhpur,Region Sikar
Baori SO,332411,Delivery,PO,Jodhpur,Region Sikar
Ladpur BO,332411,Delivery,BO,Jodhpur,Region Sikar
Malikpur BO,332411,Delivery,BO,Jodhpur,Region Sikar
Shahpura BO,332411,Delivery,BO,Jodhpur,Region Sikar
Thikaria BO,332411,Delivery,BO,Jodhpur,Region Sikar
Baya SO,332601,Delivery,PO,Jodhpur,Region Sikar
Bajiawas BO,332601,Delivery,BO,Jodhpur,Region Sikar
Banathala BO,332601,Delivery,BO,Jodhpur,Region Sikar
Charanwas BO,332601,Delivery,BO,Jodhpur,Region Sikar
Dhingpur BO,332601,Delivery,BO,Jodhpur,Region Sikar
Jalund BO,332601,Delivery,BO,Jodhpur,Region Sikar
Kantia BO,332601,Delivery,BO,Jodhpur,Region Sikar
Khora BO,332601,Delivery,BO,Jodhpur,Region Sikar
Ladpur BO,332601,Delivery,BO,Jodhpur,Region Sikar
Likhma Ka Bas BO,332601,Delivery,BO,Jodhpur,Region Sikar
Mota Ki Dhani BO,332601,Delivery,BO,Jodhpur,Region Sikar
Rulana BO,332601,Delivery,BO,Jodhpur,Region Sikar
Khatushyamjika SO,332602,Delivery,PO,Jodhpur,Region Sikar
Abhawas BO,332602,Delivery,BO,Jodhpur,Region Sikar
Aloda BO,332602,Delivery,BO,Jodhpur,Region Sikar
Chomupurohitan BO,332602,Delivery,BO,Jodhpur,Region Sikar
Ganora BO,332602,Delivery,BO,Jodhpur,Region Sikar
Lamiya BO,332602,Delivery,BO,Jodhpur,Region Sikar
Samer BO,332602,Delivery,BO,Jodhpur,Region Sikar
Mahroli SO,332603,Delivery,PO,Jodhpur,Region Sikar
Arnia BO,332603,Delivery,BO,Jodhpur,Region Sikar
Gudha BO,332603,Delivery,BO,Jodhpur,Region Sikar
Simarla Pironka BO,332603,Delivery,BO,Jodhpur,Region Sikar
Ajitgarh Amarsar SO,332701,Delivery,PO,Jodhpur,Region Sikar
Ajmeri BO,332701,Delivery,BO,Jodhpur,Region Sikar
Aspura BO,332701,Delivery,BO,Jodhpur,Region Sikar
Deorala BO,332701,Delivery,BO,Jodhpur,Region Sikar
Garh Taknet BO,332701,Delivery,BO,Jodhpur,Region Sikar
Jugrajpura BO,332701,Delivery,BO,Jodhpur,Region Sikar
Kishorepura BO,332701,Delivery,BO,Jodhpur,Region Sikar
Mandusiya BO,332701,Delivery,BO,Jodhpur,Region Sikar
Pithalpur BO,332701,Delivery,BO,Jodhpur,Region Sikar
Raipur Jagir BO,332701,Delivery,BO,Jodhpur,Region Sikar
Seepur BO,332701,Delivery,BO,Jodhpur,Region Sikar
Tatera BO,332701,Delivery,BO,Jodhpur,Region Sikar
Danta SO,332702,Delivery,PO,Jodhpur,Region Sikar
Motlawas BO,332702,Delivery,BO,Jodhpur,Region Sikar
Mundiawas BO,332702,Delivery,BO,Jodhpur,Region Sikar
Neemawas BO,332702,Delivery,BO,Jodhpur,Region Sikar
Suliawas BO,332702,Delivery,BO,Jodhpur,Region Sikar
Danta Ramgarh SO,332703,Delivery,PO,Jodhpur,Region Sikar
Bhurdonkabas BO,332703,Delivery,BO,Jodhpur,Region Sikar
Dholasari BO,332703,Delivery,BO,Jodhpur,Region Sikar
Meirajanpura BO,332703,Delivery,BO,Jodhpur,Region Sikar
Ganeshwar SO,332705,Delivery,PO,Jodhpur,Region Sikar
Chiplata BO,332705,Delivery,BO,Jodhpur,Region Sikar
Dariba BO,332705,Delivery,BO,Jodhpur,Region Sikar
Deepawas BO,332705,Delivery,BO,Jodhpur,Region Sikar
Ganwari BO,332705,Delivery,BO,Jodhpur,Region Sikar
Khiroti BO,332705,Delivery,BO,Jodhpur,Region Sikar
Ladikabas BO,332705,Delivery,BO,Jodhpur,Region Sikar
Mokalwas BO,332705,Delivery,BO,Jodhpur,Region Sikar
Toda BO,332705,Delivery,BO,Jodhpur,Region Sikar
Guhala SO,332706,Delivery,PO,Jodhpur,Region Sikar
Chala BO,332706,Delivery,BO,Jodhpur,Region Sikar
Chowkri BO,332706,Delivery,BO,Jodhpur,Region Sikar
Narsinghpuri BO,332706,Delivery,BO,Jodhpur,Region Sikar
Thikariya BO,332706,Delivery,BO,Jodhpur,Region Sikar
Jharli SO,332707,Delivery,PO,Jodhpur,Region Sikar
Hardaskabas BO,332707,Delivery,BO,Jodhpur,Region Sikar
Haripura BO,332707,Delivery,BO,Jodhpur,Region Sikar
Hathideh BO,332707,Delivery,BO,Jodhpur,Region Sikar
Sanwalpura Shekhawatan BO,332707,Delivery,BO,Jodhpur,Region Sikar
Sanwalpura Tanwaran BO,332707,Delivery,BO,Jodhpur,Region Sikar
Surani BO,332707,Delivery,BO,Jodhpur,Region Sikar
Kanwat Town SO,332708,Delivery,PO,Jodhpur,Region Sikar
Basri BO,332708,Delivery,BO,Jodhpur,Region Sikar
Basri Khurd BO,332708,Delivery,BO,Jodhpur,Region Sikar
Bhadwari BO,332708,Delivery,BO,Jodhpur,Region Sikar
Dhani Jorawarsingh BO,332708,Delivery,BO,Jodhpur,Region Sikar
Harjanpura BO,332708,Delivery,BO,Jodhpur,Region Sikar
Jugalpura BO,332708,Delivery,BO,Jodhpur,Region Sikar
Kanwat RS BO,332708,Delivery,BO,Jodhpur,Region Sikar
Lorwara BO,332708,Delivery,BO,Jodhpur,Region Sikar
Neemki BO,332708,Delivery,BO,Jodhpur,Region Sikar
Pritampuri BO,332708,Delivery,BO,Jodhpur,Region Sikar
Samrathpura BO,332708,Delivery,BO,Jodhpur,Region Sikar
Khandela SO,332709,Delivery,PO,Jodhpur,Region Sikar
Athbigha BO,332709,Delivery,BO,Jodhpur,Region Sikar
Bamanwas BO,332709,Delivery,BO,Jodhpur,Region Sikar
Barsinghpura BO,332709,Delivery,BO,Jodhpur,Region Sikar
Bhojpur BO,332709,Delivery,BO,Jodhpur,Region Sikar
Dayara BO,332709,Delivery,BO,Jodhpur,Region Sikar
Dhani Guman Singh BO,332709,Delivery,BO,Jodhpur,Region Sikar
Dudhwalonkabas BO,332709,Delivery,BO,Jodhpur,Region Sikar
Gokulkabas BO,332709,Delivery,BO,Jodhpur,Region Sikar
Hod BO,332709,Delivery,BO,Jodhpur,Region Sikar
Kerpura BO,332709,Delivery,BO,Jodhpur,Region Sikar
Khatundra BO,332709,Delivery,BO,Jodhpur,Region Sikar
Kotri BO,332709,Delivery,BO,Jodhpur,Region Sikar
Paniharwas BO,332709,Delivery,BO,Jodhpur,Region Sikar
Rampura BO,332709,Delivery,BO,Jodhpur,Region Sikar
Royal BO,332709,Delivery,BO,Jodhpur,Region Sikar
Saledipura BO,332709,Delivery,BO,Jodhpur,Region Sikar
Tiwarikidhani BO,332709,Delivery,BO,Jodhpur,Region Sikar
NPKhandela SO,332709,Non-Delivery,PO,Jodhpur,Region Sikar
Khachariawas SO,332710,Delivery,PO,Jodhpur,Region Sikar
Chakgopinathpura BO,332710,Delivery,BO,Jodhpur,Region Sikar
Karad BO,332710,Delivery,BO,Jodhpur,Region Sikar
Koolie BO,332710,Delivery,BO,Jodhpur,Region Sikar
Pachar BO,332710,Delivery,BO,Jodhpur,Region Sikar
Shyampura BO,332710,Delivery,BO,Jodhpur,Region Sikar
Umara BO,332710,Delivery,BO,Jodhpur,Region Sikar
Maonda RS SO,332711,Delivery,PO,Jodhpur,Region Sikar
Dayalkinangal BO,332711,Delivery,BO,Jodhpur,Region Sikar
Jillo BO,332711,Delivery,BO,Jodhpur,Region Sikar
Makri BO,332711,Delivery,BO,Jodhpur,Region Sikar
Maonda Kalan BO,332711,Delivery,BO,Jodhpur,Region Sikar
Maonda Khurd BO,332711,Delivery,BO,Jodhpur,Region Sikar
Nathakinangal BO,332711,Delivery,BO,Jodhpur,Region Sikar
Mundru SO,332712,Delivery,PO,Jodhpur,Region Sikar
Lisariya BO,332712,Delivery,BO,Jodhpur,Region Sikar
Nangal Nathusar BO,332712,Delivery,BO,Jodhpur,Region Sikar
Nathusar BO,332712,Delivery,BO,Jodhpur,Region Sikar
Ratanpura BO,332712,Delivery,BO,Jodhpur,Region Sikar
Footala BO,332712,Delivery,BO,Jodhpur,Region Sikar
Nimkathana Town SO,332713,Delivery,PO,Jodhpur,Region Sikar
Bhudoli BO,332713,Delivery,BO,Jodhpur,Region Sikar
Godawas BO,332713,Delivery,BO,Jodhpur,Region Sikar
Khadra BO,332713,Delivery,BO,Jodhpur,Region Sikar
Kotra BO,332713,Delivery,BO,Jodhpur,Region Sikar
Mahawa BO,332713,Delivery,BO,Jodhpur,Region Sikar
Mandholi BO,332713,Delivery,BO,Jodhpur,Region Sikar
Napawali BO,332713,Delivery,BO,Jodhpur,Region Sikar
Nayabas BO,332713,Delivery,BO,Jodhpur,Region Sikar
Nimod BO,332713,Delivery,BO,Jodhpur,Region Sikar
Puranabas BO,332713,Delivery,BO,Jodhpur,Region Sikar
Nimkathana SO,332713,Non-Delivery,PO,Jodhpur,Region Sikar
Sirohi SO,332714,Delivery,PO,Jodhpur,Region Sikar
Bhagoth BO,332714,Delivery,BO,Jodhpur,Region Sikar
Bhagwanpura BO,332714,Delivery,BO,Jodhpur,Region Sikar
Govindpura BO,332714,Delivery,BO,Jodhpur,Region Sikar
Jassika Kabas BO,332714,Delivery,BO,Jodhpur,Region Sikar
Srimadhopur HO,332715,Delivery,HO,Jodhpur,Region Sikar
Bassi BO,332715,Delivery,BO,Jodhpur,Region Sikar
Nangal Bhim BO,332715,Delivery,BO,Jodhpur,Region Sikar
Patwari Ka Bas BO,332715,Delivery,BO,Jodhpur,Region Sikar
Tiwari Ki Dhani BO,332715,Delivery,BO,Jodhpur,Region Sikar
Prithvipura BO,332715,Delivery,BO,Jodhpur,Region Sikar
Ralawata BO,332715,Delivery,BO,Jodhpur,Region Sikar
Bagriawas BO,332715,Delivery,BO,Jodhpur,Region Sikar
Bharni BO,332715,Delivery,BO,Jodhpur,Region Sikar
Dhabawali BO,332715,Delivery,BO,Jodhpur,Region Sikar
Hansapur BO,332715,Delivery,BO,Jodhpur,Region Sikar
Mau BO,332715,Delivery,BO,Jodhpur,Region Sikar
Kotri BO,332715,Delivery,BO,Jodhpur,Region Sikar
Vijaypura BO,332715,Delivery,BO,Jodhpur,Region Sikar
Holikabas BO,332715,Delivery,BO,Jodhpur,Region Sikar
Jairampura BO,332715,Delivery,BO,Jodhpur,Region Sikar
Kanchanpur BO,332715,Delivery,BO,Jodhpur,Region Sikar
Dhaliawas BO,332715,Delivery,BO,Jodhpur,Region Sikar
Srimadhopur Bazar SO,332715,Non-Delivery,PO,Jodhpur,Region Sikar
Srimadhopur RS SO,332715,Non-Delivery,PO,Jodhpur,Region Sikar
Surani Bazar Srimadhopur SO,332715,Non-Delivery,PO,Jodhpur,Region Sikar
Patan SO Sikar,332718,Delivery,PO,Jodhpur,Region Sikar
Ballupura BO,332718,Delivery,BO,Jodhpur,Region Sikar
Bihar BO,332718,Delivery,BO,Jodhpur,Region Sikar
Biharipur BO,332718,Delivery,BO,Jodhpur,Region Sikar
Chhajakinangal BO,332718,Delivery,BO,Jodhpur,Region Sikar
Dabla BO,332718,Delivery,BO,Jodhpur,Region Sikar
Dalpatpura BO,332718,Delivery,BO,Jodhpur,Region Sikar
Dokan BO,332718,Delivery,BO,Jodhpur,Region Sikar
Doongakinangal BO,332718,Delivery,BO,Jodhpur,Region Sikar
Ghasipura BO,332718,Delivery,BO,Jodhpur,Region Sikar
Hasampur BO,332718,Delivery,BO,Jodhpur,Region Sikar
Raipur BO,332718,Delivery,BO,Jodhpur,Region Sikar
Rajpura BO,332718,Delivery,BO,Jodhpur,Region Sikar
Rampura BO,332718,Delivery,BO,Jodhpur,Region Sikar
Ramsinghkidhani BO,332718,Delivery,BO,Jodhpur,Region Sikar
Shyampura BO,332718,Delivery,BO,Jodhpur,Region Sikar
Thoi SO,332719,Delivery,PO,Jodhpur,Region Sikar
Garh Bhopji BO,332719,Delivery,BO,Jodhpur,Region Sikar
Kalyanpura BO,332719,Delivery,BO,Jodhpur,Region Sikar
Kardka BO,332719,Delivery,BO,Jodhpur,Region Sikar
Rampura BO,332719,Delivery,BO,Jodhpur,Region Sikar
Rooppura BO,332719,Delivery,BO,Jodhpur,Region Sikar
Sihori BO,332719,Delivery,BO,Jodhpur,Region Sikar
Simrala BO,332719,Delivery,BO,Jodhpur,Region Sikar
Gurara SO,332721,Delivery,PO,Jodhpur,Region Sikar
Fatehpura BO,332721,Delivery,BO,Jodhpur,Region Sikar
Rajpura BO,332721,Delivery,BO,Jodhpur,Region Sikar
Sakraimata BO,332721,Delivery,BO,Jodhpur,Region Sikar
Shyamgarh BO,332721,Delivery,BO,Jodhpur,Region Sikar
Jajod SO Srimadhopur,332722,Delivery,PO,Jodhpur,Region Sikar
Goriyan BO,332722,Delivery,BO,Jodhpur,Region Sikar
Jankipura BO,332722,Delivery,BO,Jodhpur,Region Sikar
Kasarda BO,332722,Delivery,BO,Jodhpur,Region Sikar
Nimera BO,332722,Delivery,BO,Jodhpur,Region Sikar
Sawaipura BO,332722,Delivery,BO,Jodhpur,Region Sikar
Shola BO,332722,Delivery,BO,Jodhpur,Region Sikar
Mandha Surera SO,332742,Delivery,PO,Jodhpur,Region Sikar
Bharija BO,332742,Delivery,BO,Jodhpur,Region Sikar
Dansroli BO,332742,Delivery,BO,Jodhpur,Region Sikar
Kankra BO,332742,Delivery,BO,Jodhpur,Region Sikar
Rajpura Nosal BO,332742,Delivery,BO,Jodhpur,Region Sikar
Surera BO,332742,Delivery,BO,Jodhpur,Region Sikar
Sirohi H.O,307001,Delivery,HO,Jodhpur,Region Sirohi
Vellangari B.O,307001,Delivery,BO,Jodhpur,Region Sirohi
Dhanta B.O,307001,Delivery,BO,Jodhpur,Region Sirohi
Gohili B.O,307001,Delivery,BO,Jodhpur,Region Sirohi
Makroda B.O,307001,Delivery,BO,Jodhpur,Region Sirohi
Mamawali B.O,307001,Delivery,BO,Jodhpur,Region Sirohi
Padiv B.O,307001,Delivery,BO,Jodhpur,Region Sirohi
Rampura B.O,307001,Delivery,BO,Jodhpur,Region Sirohi
Krishnaganj B.O,307001,Delivery,BO,Jodhpur,Region Sirohi
Mandwa B.O,307001,Delivery,BO,Jodhpur,Region Sirohi
Sindrath B.O,307001,Delivery,BO,Jodhpur,Region Sirohi
Balda B.O,307001,Delivery,BO,Jodhpur,Region Sirohi
Dodua B.O,307001,Delivery,BO,Jodhpur,Region Sirohi
Khambal B.O,307001,Delivery,BO,Jodhpur,Region Sirohi
Sirohi Bhatkra S.O,307001,Non-Delivery,PO,Jodhpur,Region Sirohi
Sirohi Sarupvilas S.O,307001,Non-Delivery,PO,Jodhpur,Region Sirohi
Basantgarh B.O,307019,Delivery,BO,Jodhpur,Region Sirohi
Jkpuram S.O,307019,Delivery,PO,Jodhpur,Region Sirohi
Ajari B.O,307022,Delivery,BO,Jodhpur,Region Sirohi
Janapur B.O,307022,Delivery,BO,Jodhpur,Region Sirohi
Jhadoli B.O,307022,Delivery,BO,Jodhpur,Region Sirohi
Kojra B.O,307022,Delivery,BO,Jodhpur,Region Sirohi
Moras B.O,307022,Delivery,BO,Jodhpur,Region Sirohi
Nandia B.O,307022,Delivery,BO,Jodhpur,Region Sirohi
Peshua B.O,307022,Delivery,BO,Jodhpur,Region Sirohi
Sanwara B.O,307022,Delivery,BO,Jodhpur,Region Sirohi
Sivera B.O,307022,Delivery,BO,Jodhpur,Region Sirohi
Telpur B.O,307022,Delivery,BO,Jodhpur,Region Sirohi
Varli B.O,307022,Delivery,BO,Jodhpur,Region Sirohi
Verwara B.O,307022,Delivery,BO,Jodhpur,Region Sirohi
Pindwara S.O,307022,Delivery,PO,Jodhpur,Region Sirohi
Bhawari B.O,307023,Delivery,BO,Jodhpur,Region Sirohi
Dhanari B.O,307023,Delivery,BO,Jodhpur,Region Sirohi
Ishra B.O,307023,Delivery,BO,Jodhpur,Region Sirohi
Kachholi B.O,307023,Delivery,BO,Jodhpur,Region Sirohi
Kermandwara B.O,307023,Delivery,BO,Jodhpur,Region Sirohi
Mandwarakhalsa B.O,307023,Delivery,BO,Jodhpur,Region Sirohi
Nitora B.O,307023,Delivery,BO,Jodhpur,Region Sirohi
Sarupganj S.O,307023,Delivery,PO,Jodhpur,Region Sirohi
Bhimana R.S. B.O,307024,Delivery,BO,Jodhpur,Region Sirohi
Bhula B.O,307024,Delivery,BO,Jodhpur,Region Sirohi
Doytra B.O,307024,Delivery,BO,Jodhpur,Region Sirohi
Paba B.O,307024,Delivery,BO,Jodhpur,Region Sirohi
Valoriya B.O,307024,Delivery,BO,Jodhpur,Region Sirohi
Vasa B.O,307024,Delivery,BO,Jodhpur,Region Sirohi
Vatera B.O,307024,Delivery,BO,Jodhpur,Region Sirohi
Rohida S.O,307024,Delivery,PO,Jodhpur,Region Sirohi
Awal B.O,307026,Delivery,BO,Jodhpur,Region Sirohi
Bahadurpura B.O,307026,Delivery,BO,Jodhpur,Region Sirohi
Chandela B.O,307026,Delivery,BO,Jodhpur,Region Sirohi
Chandrawati B.O,307026,Delivery,BO,Jodhpur,Region Sirohi
Channar B.O,307026,Delivery,BO,Jodhpur,Region Sirohi
Dattani B.O,307026,Delivery,BO,Jodhpur,Region Sirohi
Derri B.O,307026,Delivery,BO,Jodhpur,Region Sirohi
Dhavli B.O,307026,Delivery,BO,Jodhpur,Region Sirohi
Girwar B.O,307026,Delivery,BO,Jodhpur,Region Sirohi
Jamburi B.O,307026,Delivery,BO,Jodhpur,Region Sirohi
Khadat B.O,307026,Delivery,BO,Jodhpur,Region Sirohi
Kyariya B.O,307026,Delivery,BO,Jodhpur,Region Sirohi
Makawal B.O,307026,Delivery,BO,Jodhpur,Region Sirohi
Mawal B.O,307026,Delivery,BO,Jodhpur,Region Sirohi
Morthala B.O,307026,Delivery,BO,Jodhpur,Region Sirohi
Mungthala B.O,307026,Delivery,BO,Jodhpur,Region Sirohi
Ore B.O,307026,Delivery,BO,Jodhpur,Region Sirohi
Santpur B.O,307026,Delivery,BO,Jodhpur,Region Sirohi
Siyawa B.O,307026,Delivery,BO,Jodhpur,Region Sirohi
Soorpagla B.O,307026,Delivery,BO,Jodhpur,Region Sirohi
Tartoli B.O,307026,Delivery,BO,Jodhpur,Region Sirohi
Vasda B.O,307026,Delivery,BO,Jodhpur,Region Sirohi
Aburoad S.O,307026,Delivery,PO,Jodhpur,Region Sirohi
A.I.A. Aburoad S.O,307026,Non-Delivery,PO,Jodhpur,Region Sirohi
Aburoad Diesel Shed S.O,307026,Non-Delivery,PO,Jodhpur,Region Sirohi
Aburoad Gandhi Nagar S.O,307026,Non-Delivery,PO,Jodhpur,Region Sirohi
Badgaon B.O,307027,Delivery,BO,Jodhpur,Region Sirohi
Dhurbana B.O,307027,Delivery,BO,Jodhpur,Region Sirohi
Jetpura B.O,307027,Delivery,BO,Jodhpur,Region Sirohi
Kesharpura B.O,307027,Delivery,BO,Jodhpur,Region Sirohi
Sheoganj S.O (Sirohi),307027,Delivery,PO,Jodhpur,Region Sirohi
Alpa B.O,307028,Delivery,BO,Jodhpur,Region Sirohi
Arathwara B.O,307028,Delivery,BO,Jodhpur,Region Sirohi
Bhev B.O,307028,Delivery,BO,Jodhpur,Region Sirohi
Chuli B.O,307028,Delivery,BO,Jodhpur,Region Sirohi
Jogapura B.O,307028,Delivery,BO,Jodhpur,Region Sirohi
Joyla B.O,307028,Delivery,BO,Jodhpur,Region Sirohi
Khandera B.O,307028,Delivery,BO,Jodhpur,Region Sirohi
Rowada B.O,307028,Delivery,BO,Jodhpur,Region Sirohi
Posalia S.O,307028,Delivery,PO,Jodhpur,Region Sirohi
Aipura B.O,307029,Delivery,BO,Jodhpur,Region Sirohi
Badanwari B.O,307029,Delivery,BO,Jodhpur,Region Sirohi
Bala B.O,307029,Delivery,BO,Jodhpur,Region Sirohi
Bankli B.O,307029,Delivery,BO,Jodhpur,Region Sirohi
Baori B.O,307029,Delivery,BO,Jodhpur,Region Sirohi
Bhadrajun B.O,307029,Delivery,BO,Jodhpur,Region Sirohi
Bhenswara B.O,307029,Delivery,BO,Jodhpur,Region Sirohi
Bhorda B.O,307029,Delivery,BO,Jodhpur,Region Sirohi
Charli B.O,307029,Delivery,BO,Jodhpur,Region Sirohi
Chunda B.O,307029,Delivery,BO,Jodhpur,Region Sirohi
Deoki B.O,307029,Delivery,BO,Jodhpur,Region Sirohi
Ghana B.O,307029,Delivery,BO,Jodhpur,Region Sirohi
Godan B.O,307029,Delivery,BO,Jodhpur,Region Sirohi
Govindla B.O,307029,Delivery,BO,Jodhpur,Region Sirohi
Kamba B.O,307029,Delivery,BO,Jodhpur,Region Sirohi
Kishangarh B.O,307029,Delivery,BO,Jodhpur,Region Sirohi
Neelkanth B.O,307029,Delivery,BO,Jodhpur,Region Sirohi
Nimbla B.O,307029,Delivery,BO,Jodhpur,Region Sirohi
Norwa B.O,307029,Delivery,BO,Jodhpur,Region Sirohi
Nosra B.O,307029,Delivery,BO,Jodhpur,Region Sirohi
Rama B.O,307029,Delivery,BO,Jodhpur,Region Sirohi
Samuja B.O,307029,Delivery,BO,Jodhpur,Region Sirohi
Sankhwali B.O,307029,Delivery,BO,Jodhpur,Region Sirohi
Sanwara B.O,307029,Delivery,BO,Jodhpur,Region Sirohi
Sugalia Jodha B.O,307029,Delivery,BO,Jodhpur,Region Sirohi
Vedia B.O,307029,Delivery,BO,Jodhpur,Region Sirohi
Ahore S.O,307029,Delivery,PO,Jodhpur,Region Sirohi
Agawari B.O,307030,Delivery,BO,Jodhpur,Region Sirohi
Bedana B.O,307030,Delivery,BO,Jodhpur,Region Sirohi
Bhuti B.O,307030,Delivery,BO,Jodhpur,Region Sirohi
Bithura B.O,307030,Delivery,BO,Jodhpur,Region Sirohi
Chandrai B.O,307030,Delivery,BO,Jodhpur,Region Sirohi
Dayalpura B.O,307030,Delivery,BO,Jodhpur,Region Sirohi
Dodiyali B.O,307030,Delivery,BO,Jodhpur,Region Sirohi
Kawarada B.O,307030,Delivery,BO,Jodhpur,Region Sirohi
Kawlan B.O,307030,Delivery,BO,Jodhpur,Region Sirohi
Padarli B.O,307030,Delivery,BO,Jodhpur,Region Sirohi
Palasia B.O,307030,Delivery,BO,Jodhpur,Region Sirohi
Panchota B.O,307030,Delivery,BO,Jodhpur,Region Sirohi
Paota B.O,307030,Delivery,BO,Jodhpur,Region Sirohi
Rodla B.O,307030,Delivery,BO,Jodhpur,Region Sirohi
Umedpur B.O,307030,Delivery,BO,Jodhpur,Region Sirohi
Valdara B.O,307030,Delivery,BO,Jodhpur,Region Sirohi
Gudabalotan S.O,307030,Delivery,PO,Jodhpur,Region Sirohi
Amli B.O,307031,Delivery,BO,Jodhpur,Region Sirohi
Thandi Beri B.O.,307031,Delivery,BO,Jodhpur,Region Sirohi
Binanigram S.O,307031,Delivery,PO,Jodhpur,Region Sirohi
Jayadara B.O,307032,Delivery,BO,Jodhpur,Region Sirohi
Nichalagarh B.O,307032,Delivery,BO,Jodhpur,Region Sirohi
Tankiya B.O,307032,Delivery,BO,Jodhpur,Region Sirohi
Uplagarh B.O,307032,Delivery,BO,Jodhpur,Region Sirohi
Deldar B.O,307032,Delivery,BO,Jodhpur,Region Sirohi
BHARJA S.O,307032,Delivery,PO,Jodhpur,Region Sirohi
Andore B.O,307043,Delivery,BO,Jodhpur,Region Sirohi
Bagseen B.O,307043,Delivery,BO,Jodhpur,Region Sirohi
Chhibagaon B.O,307043,Delivery,BO,Jodhpur,Region Sirohi
Morli B.O,307043,Delivery,BO,Jodhpur,Region Sirohi
Uthman B.O,307043,Delivery,BO,Jodhpur,Region Sirohi
Van B.O,307043,Delivery,BO,Jodhpur,Region Sirohi
Palri M S.O,307043,Delivery,PO,Jodhpur,Region Sirohi
Delwara B.O,307501,Delivery,BO,Jodhpur,Region Sirohi
Oriya B.O,307501,Delivery,BO,Jodhpur,Region Sirohi
Utraj B.O,307501,Delivery,BO,Jodhpur,Region Sirohi
Abu S.O,307501,Delivery,PO,Jodhpur,Region Sirohi
Achpura B.O,307510,Delivery,BO,Jodhpur,Region Sirohi
Akrabhatta B.O,307510,Delivery,BO,Jodhpur,Region Sirohi
Amthala B.O,307510,Delivery,BO,Jodhpur,Region Sirohi
Ganka B.O,307510,Delivery,BO,Jodhpur,Region Sirohi
Kiverli B.O,307510,Delivery,BO,Jodhpur,Region Sirohi
Muderla B.O,307510,Delivery,BO,Jodhpur,Region Sirohi
Shantivan S.O,307510,Delivery,PO,Jodhpur,Region Sirohi
Dabani B.O,307511,Delivery,BO,Jodhpur,Region Sirohi
Dak B.O,307511,Delivery,BO,Jodhpur,Region Sirohi
Gulabganj B.O,307511,Delivery,BO,Jodhpur,Region Sirohi
Hathal B.O,307511,Delivery,BO,Jodhpur,Region Sirohi
Malgaon B.O,307511,Delivery,BO,Jodhpur,Region Sirohi
Nagani B.O,307511,Delivery,BO,Jodhpur,Region Sirohi
Pamera B.O,307511,Delivery,BO,Jodhpur,Region Sirohi
Positra B.O,307511,Delivery,BO,Jodhpur,Region Sirohi
Sanwara B.O,307511,Delivery,BO,Jodhpur,Region Sirohi
Sirodi B.O,307511,Delivery,BO,Jodhpur,Region Sirohi
Udwaria B.O,307511,Delivery,BO,Jodhpur,Region Sirohi
Anadra S.O,307511,Delivery,PO,Jodhpur,Region Sirohi
Amlari B.O,307512,Delivery,BO,Jodhpur,Region Sirohi
Dhan B.O,307512,Delivery,BO,Jodhpur,Region Sirohi
Nimbaj B.O,307512,Delivery,BO,Jodhpur,Region Sirohi
Sanpur B.O,307512,Delivery,BO,Jodhpur,Region Sirohi
Dantrai S.O,307512,Delivery,PO,Jodhpur,Region Sirohi
Bant B.O,307513,Delivery,BO,Jodhpur,Region Sirohi
Jetawara B.O,307513,Delivery,BO,Jodhpur,Region Sirohi
Pithapura B.O,307513,Delivery,BO,Jodhpur,Region Sirohi
Raipur B.O,307513,Delivery,BO,Jodhpur,Region Sirohi
Sorda B.O,307513,Delivery,BO,Jodhpur,Region Sirohi
Mandar S.O (Sirohi),307513,Delivery,PO,Jodhpur,Region Sirohi
Basan B.O,307514,Delivery,BO,Jodhpur,Region Sirohi
Bhatana B.O,307514,Delivery,BO,Jodhpur,Region Sirohi
Bherugarh B.O,307514,Delivery,BO,Jodhpur,Region Sirohi
Jeerawal B.O,307514,Delivery,BO,Jodhpur,Region Sirohi
Jolapur B.O,307514,Delivery,BO,Jodhpur,Region Sirohi
Lunol B.O,307514,Delivery,BO,Jodhpur,Region Sirohi
Magriwara B.O,307514,Delivery,BO,Jodhpur,Region Sirohi
Marol B.O,307514,Delivery,BO,Jodhpur,Region Sirohi
Padar B.O,307514,Delivery,BO,Jodhpur,Region Sirohi
Varman B.O,307514,Delivery,BO,Jodhpur,Region Sirohi
Reodar S.O,307514,Delivery,PO,Jodhpur,Region Sirohi
Dantlawas B.O,307515,Delivery,BO,Jodhpur,Region Sirohi
Dorda B.O,307515,Delivery,BO,Jodhpur,Region Sirohi
Gajapura B.O,307515,Delivery,BO,Jodhpur,Region Sirohi
Golana B.O,307515,Delivery,BO,Jodhpur,Region Sirohi
Kalapura B.O,307515,Delivery,BO,Jodhpur,Region Sirohi
Rajikawas B.O,307515,Delivery,BO,Jodhpur,Region Sirohi
Sundhaparbat B.O,307515,Delivery,BO,Jodhpur,Region Sirohi
Jaswantpura S.O,307515,Delivery,PO,Jodhpur,Region Sirohi
Deldar B.O.,307801,Delivery,BO,Jodhpur,Region Sirohi
Barloot B.O,307801,Delivery,BO,Jodhpur,Region Sirohi
Bhutgaon B.O,307801,Delivery,BO,Jodhpur,Region Sirohi
Gol B.O,307801,Delivery,BO,Jodhpur,Region Sirohi
Jhadoliveer B.O,307801,Delivery,BO,Jodhpur,Region Sirohi
Lass B.O,307801,Delivery,BO,Jodhpur,Region Sirohi
Manadar B.O,307801,Delivery,BO,Jodhpur,Region Sirohi
Mandani B.O,307801,Delivery,BO,Jodhpur,Region Sirohi
Mandwara B.O,307801,Delivery,BO,Jodhpur,Region Sirohi
Mandwaria B.O,307801,Delivery,BO,Jodhpur,Region Sirohi
Manora B.O,307801,Delivery,BO,Jodhpur,Region Sirohi
Naradara B.O,307801,Delivery,BO,Jodhpur,Region Sirohi
Oda B.O,307801,Delivery,BO,Jodhpur,Region Sirohi
Udd B.O,307801,Delivery,BO,Jodhpur,Region Sirohi
Varada B.O,307801,Delivery,BO,Jodhpur,Region Sirohi
Jawal S.O,307801,Delivery,PO,Jodhpur,Region Sirohi
Chadual B.O,307802,Delivery,BO,Jodhpur,Region Sirohi
Haliwara B.O,307802,Delivery,BO,Jodhpur,Region Sirohi
Jela B.O,307802,Delivery,BO,Jodhpur,Region Sirohi
Madia B.O,307802,Delivery,BO,Jodhpur,Region Sirohi
Mermandwara B.O,307802,Delivery,BO,Jodhpur,Region Sirohi
Mohabbatnagar B.O,307802,Delivery,BO,Jodhpur,Region Sirohi
Nawara B.O,307802,Delivery,BO,Jodhpur,Region Sirohi
Phungani B.O,307802,Delivery,BO,Jodhpur,Region Sirohi
Sartara B.O,307802,Delivery,BO,Jodhpur,Region Sirohi
Sildar B.O,307802,Delivery,BO,Jodhpur,Region Sirohi
Tanwari B.O,307802,Delivery,BO,Jodhpur,Region Sirohi
Kalandari S.O,307802,Delivery,PO,Jodhpur,Region Sirohi
Boogaon B.O,307803,Delivery,BO,Jodhpur,Region Sirohi
Chandur B.O,307803,Delivery,BO,Jodhpur,Region Sirohi
Mandoli Nagar B.O,307803,Delivery,BO,Jodhpur,Region Sirohi
Mudtrasili B.O,307803,Delivery,BO,Jodhpur,Region Sirohi
Punakkalan B.O,307803,Delivery,BO,Jodhpur,Region Sirohi
Sandhara B.O,307803,Delivery,BO,Jodhpur,Region Sirohi
Sikwara B.O,307803,Delivery,BO,Jodhpur,Region Sirohi
Somta B.O,307803,Delivery,BO,Jodhpur,Region Sirohi
Thoor B.O,307803,Delivery,BO,Jodhpur,Region Sirohi
Ramseen S.O,307803,Delivery,PO,Jodhpur,Region Sirohi
Jalore H.O,343001,Delivery,HO,Jodhpur,Region Sirohi
Meda Uparla B.O,343001,Delivery,BO,Jodhpur,Region Sirohi
Keshwana B.O,343001,Delivery,BO,Jodhpur,Region Sirohi
Leta B.O,343001,Delivery,BO,Jodhpur,Region Sirohi
Rewatra B.O,343001,Delivery,BO,Jodhpur,Region Sirohi
Safada B.O,343001,Delivery,BO,Jodhpur,Region Sirohi
Bhagli Sindhlan B.O,343001,Delivery,BO,Jodhpur,Region Sirohi
Unn B.O,343001,Delivery,BO,Jodhpur,Region Sirohi
Veerana B.O,343001,Delivery,BO,Jodhpur,Region Sirohi
Chawarcha B.O,343001,Delivery,BO,Jodhpur,Region Sirohi
Harji B.O,343001,Delivery,BO,Jodhpur,Region Sirohi
Thawla B.O,343001,Delivery,BO,Jodhpur,Region Sirohi
Alasan B.O,343001,Delivery,BO,Jodhpur,Region Sirohi
Samtipura B.O,343001,Delivery,BO,Jodhpur,Region Sirohi
Sankarna B.O,343001,Delivery,BO,Jodhpur,Region Sirohi
Jalore V.D.C. S.O,343001,Non-Delivery,PO,Jodhpur,Region Sirohi
I.A.Jalore S.O,343002,Delivery,PO,Jodhpur,Region Sirohi
Dangra B.O,343021,Delivery,BO,Jodhpur,Region Sirohi
Elana B.O,343021,Delivery,BO,Jodhpur,Region Sirohi
Nimblana B.O,343021,Delivery,BO,Jodhpur,Region Sirohi
Othwala B.O,343021,Delivery,BO,Jodhpur,Region Sirohi
Ummedabad S.O,343021,Delivery,PO,Jodhpur,Region Sirohi
Asana B.O,343022,Delivery,BO,Jodhpur,Region Sirohi
Babtra B.O,343022,Delivery,BO,Jodhpur,Region Sirohi
Chorau B.O,343022,Delivery,BO,Jodhpur,Region Sirohi
Jeewana B.O,343022,Delivery,BO,Jodhpur,Region Sirohi
Meghalwa B.O,343022,Delivery,BO,Jodhpur,Region Sirohi
Posana B.O,343022,Delivery,BO,Jodhpur,Region Sirohi
Sangana B.O,343022,Delivery,BO,Jodhpur,Region Sirohi
Sirana B.O,343022,Delivery,BO,Jodhpur,Region Sirohi
Taliyana B.O,343022,Delivery,BO,Jodhpur,Region Sirohi
Sayla S.O (Jalor),343022,Delivery,PO,Jodhpur,Region Sirohi
Pantheri B.O,343023,Delivery,BO,Jodhpur,Region Sirohi
Thalwad B.O,343023,Delivery,BO,Jodhpur,Region Sirohi
Unri B.O,343023,Delivery,BO,Jodhpur,Region Sirohi
Dhansa S.O,343023,Delivery,PO,Jodhpur,Region Sirohi
Bhetala B.O,343024,Delivery,BO,Jodhpur,Region Sirohi
Chandana B.O,343024,Delivery,BO,Jodhpur,Region Sirohi
Raipuria B.O,343024,Delivery,BO,Jodhpur,Region Sirohi
Sawna B.O,343024,Delivery,BO,Jodhpur,Region Sirohi
Siana S.O,343024,Delivery,PO,Jodhpur,Region Sirohi
Akoli B.O,343025,Delivery,BO,Jodhpur,Region Sirohi
Bakra B.O,343025,Delivery,BO,Jodhpur,Region Sirohi
Bakra Road B.O,343025,Delivery,BO,Jodhpur,Region Sirohi
Berath B.O,343025,Delivery,BO,Jodhpur,Region Sirohi
Bibalsar B.O,343025,Delivery,BO,Jodhpur,Region Sirohi
Chura B.O,343025,Delivery,BO,Jodhpur,Region Sirohi
Dakatra B.O,343025,Delivery,BO,Jodhpur,Region Sirohi
Degaon B.O,343025,Delivery,BO,Jodhpur,Region Sirohi
Doodsi B.O,343025,Delivery,BO,Jodhpur,Region Sirohi
Madgaon B.O,343025,Delivery,BO,Jodhpur,Region Sirohi
Narnawas B.O,343025,Delivery,BO,Jodhpur,Region Sirohi
Noon B.O,343025,Delivery,BO,Jodhpur,Region Sirohi
Santhu B.O,343025,Delivery,BO,Jodhpur,Region Sirohi
Sarat B.O,343025,Delivery,BO,Jodhpur,Region Sirohi
Bagra S.O,343025,Delivery,PO,Jodhpur,Region Sirohi
Amli B.O,343027,Delivery,BO,Jodhpur,Region Sirohi
Bhimguda B.O,343027,Delivery,BO,Jodhpur,Region Sirohi
Dawal B.O,343027,Delivery,BO,Jodhpur,Region Sirohi
Janvi B.O,343027,Delivery,BO,Jodhpur,Region Sirohi
Khejariyali B.O,343027,Delivery,BO,Jodhpur,Region Sirohi
Soonthri B.O,343027,Delivery,BO,Jodhpur,Region Sirohi
Surachand B.O,343027,Delivery,BO,Jodhpur,Region Sirohi
Hadecha S.O,343027,Delivery,PO,Jodhpur,Region Sirohi
Basda Dhanji B.O,343028,Delivery,BO,Jodhpur,Region Sirohi
Serna B.O,343028,Delivery,BO,Jodhpur,Region Sirohi
Modran S.O,343028,Delivery,PO,Jodhpur,Region Sirohi
Bhadvi B.O,343029,Delivery,BO,Jodhpur,Region Sirohi
Bhagal Bhim B.O,343029,Delivery,BO,Jodhpur,Region Sirohi
Bhagal Sefta B.O,343029,Delivery,BO,Jodhpur,Region Sirohi
Bhalni B.O,343029,Delivery,BO,Jodhpur,Region Sirohi
Bharudi B.O,343029,Delivery,BO,Jodhpur,Region Sirohi
Borta B.O,343029,Delivery,BO,Jodhpur,Region Sirohi
Chatwara B.O,343029,Delivery,BO,Jodhpur,Region Sirohi
Daspan B.O,343029,Delivery,BO,Jodhpur,Region Sirohi
Fagotra B.O,343029,Delivery,BO,Jodhpur,Region Sirohi
Gazipura B.O,343029,Delivery,BO,Jodhpur,Region Sirohi
Jodwara B.O,343029,Delivery,BO,Jodhpur,Region Sirohi
Khanpur B.O,343029,Delivery,BO,Jodhpur,Region Sirohi
Kora B.O,343029,Delivery,BO,Jodhpur,Region Sirohi
Kotkastan B.O,343029,Delivery,BO,Jodhpur,Region Sirohi
Kuka B.O,343029,Delivery,BO,Jodhpur,Region Sirohi
Ledarmer B.O,343029,Delivery,BO,Jodhpur,Region Sirohi
Mandhar B.O,343029,Delivery,BO,Jodhpur,Region Sirohi
Munthala Kaba B.O,343029,Delivery,BO,Jodhpur,Region Sirohi
Narta B.O,343029,Delivery,BO,Jodhpur,Region Sirohi
Nasoli B.O,343029,Delivery,BO,Jodhpur,Region Sirohi
Nimbawas B.O,343029,Delivery,BO,Jodhpur,Region Sirohi
Paoli B.O,343029,Delivery,BO,Jodhpur,Region Sirohi
Punasa B.O,343029,Delivery,BO,Jodhpur,Region Sirohi
Tawab B.O,343029,Delivery,BO,Jodhpur,Region Sirohi
Thobau B.O,343029,Delivery,BO,Jodhpur,Region Sirohi
Vandhar B.O,343029,Delivery,BO,Jodhpur,Region Sirohi
Bhinmal S.O,343029,Delivery,PO,Jodhpur,Region Sirohi
Bhinmal Sadar Bazar S.O,343029,Non-Delivery,PO,Jodhpur,Region Sirohi
Dhumbadia B.O,343030,Delivery,BO,Jodhpur,Region Sirohi
Dungarwas B.O,343030,Delivery,BO,Jodhpur,Region Sirohi
Jaitu B.O,343030,Delivery,BO,Jodhpur,Region Sirohi
Jeran B.O,343030,Delivery,BO,Jodhpur,Region Sirohi
Kaleti B.O,343030,Delivery,BO,Jodhpur,Region Sirohi
Kawatra B.O,343030,Delivery,BO,Jodhpur,Region Sirohi
Komta B.O,343030,Delivery,BO,Jodhpur,Region Sirohi
Loonawas B.O,343030,Delivery,BO,Jodhpur,Region Sirohi
Narsana B.O,343030,Delivery,BO,Jodhpur,Region Sirohi
Rah B.O,343030,Delivery,BO,Jodhpur,Region Sirohi
Sewari B.O,343030,Delivery,BO,Jodhpur,Region Sirohi
Vali B.O,343030,Delivery,BO,Jodhpur,Region Sirohi
Joojani S.O,343030,Delivery,PO,Jodhpur,Region Sirohi
Chenpura B.O,343032,Delivery,BO,Jodhpur,Region Sirohi
Dadal B.O,343032,Delivery,BO,Jodhpur,Region Sirohi
Detakalan B.O,343032,Delivery,BO,Jodhpur,Region Sirohi
Jaisawas B.O,343032,Delivery,BO,Jodhpur,Region Sirohi
Koridhawecha B.O,343032,Delivery,BO,Jodhpur,Region Sirohi
Morseem B.O,343032,Delivery,BO,Jodhpur,Region Sirohi
Nandia B.O,343032,Delivery,BO,Jodhpur,Region Sirohi
Rangala B.O,343032,Delivery,BO,Jodhpur,Region Sirohi
Raota B.O,343032,Delivery,BO,Jodhpur,Region Sirohi
Surana B.O,343032,Delivery,BO,Jodhpur,Region Sirohi
Tiloda B.O,343032,Delivery,BO,Jodhpur,Region Sirohi
Bagoda S.O,343032,Delivery,PO,Jodhpur,Region Sirohi
Akhrad B.O,343039,Delivery,BO,Jodhpur,Region Sirohi
Puran B.O,343039,Delivery,BO,Jodhpur,Region Sirohi
Surajwara B.O,343039,Delivery,BO,Jodhpur,Region Sirohi
Malwara S.O,343039,Delivery,PO,Jodhpur,Region Sirohi
Ajodar B.O,343040,Delivery,BO,Jodhpur,Region Sirohi
Binjrol B.O,343040,Delivery,BO,Jodhpur,Region Sirohi
Dantwara B.O,343040,Delivery,BO,Jodhpur,Region Sirohi
Deora B.O,343040,Delivery,BO,Jodhpur,Region Sirohi
Dhanol B.O,343040,Delivery,BO,Jodhpur,Region Sirohi
Dungri B.O,343040,Delivery,BO,Jodhpur,Region Sirohi
Gong B.O,343040,Delivery,BO,Jodhpur,Region Sirohi
Gundau B.O,343040,Delivery,BO,Jodhpur,Region Sirohi
Hemguda B.O,343040,Delivery,BO,Jodhpur,Region Sirohi
Itada B.O,343040,Delivery,BO,Jodhpur,Region Sirohi
Jhab B.O,343040,Delivery,BO,Jodhpur,Region Sirohi
Jhakhari B.O,343040,Delivery,BO,Jodhpur,Region Sirohi
Kardan B.O,343040,Delivery,BO,Jodhpur,Region Sirohi
Karwada B.O,343040,Delivery,BO,Jodhpur,Region Sirohi
Korka B.O,343040,Delivery,BO,Jodhpur,Region Sirohi
Kuda B.O,343040,Delivery,BO,Jodhpur,Region Sirohi
Meda B.O,343040,Delivery,BO,Jodhpur,Region Sirohi
Pamana B.O,343040,Delivery,BO,Jodhpur,Region Sirohi
Raniwara Khurd B.O,343040,Delivery,BO,Jodhpur,Region Sirohi
Ratanpur B.O,343040,Delivery,BO,Jodhpur,Region Sirohi
Sankad B.O,343040,Delivery,BO,Jodhpur,Region Sirohi
Sarnau B.O,343040,Delivery,BO,Jodhpur,Region Sirohi
Sewara B.O,343040,Delivery,BO,Jodhpur,Region Sirohi
Raniwara S.O,343040,Delivery,PO,Jodhpur,Region Sirohi
Achalpur B.O,343041,Delivery,BO,Jodhpur,Region Sirohi
Akoli B.O,343041,Delivery,BO,Jodhpur,Region Sirohi
Arnay B.O,343041,Delivery,BO,Jodhpur,Region Sirohi
Balera B.O,343041,Delivery,BO,Jodhpur,Region Sirohi
Bawarla B.O,343041,Delivery,BO,Jodhpur,Region Sirohi
Bhadruna B.O,343041,Delivery,BO,Jodhpur,Region Sirohi
Bhadwal B.O,343041,Delivery,BO,Jodhpur,Region Sirohi
Bhawatra B.O,343041,Delivery,BO,Jodhpur,Region Sirohi
Bichhawadi B.O,343041,Delivery,BO,Jodhpur,Region Sirohi
Birol B.O,343041,Delivery,BO,Jodhpur,Region Sirohi
Chitalwana B.O,343041,Delivery,BO,Jodhpur,Region Sirohi
Chora B.O,343041,Delivery,BO,Jodhpur,Region Sirohi
Dabal B.O,343041,Delivery,BO,Jodhpur,Region Sirohi
Dhamana B.O,343041,Delivery,BO,Jodhpur,Region Sirohi
Dungri B.O,343041,Delivery,BO,Jodhpur,Region Sirohi
Duthwa B.O,343041,Delivery,BO,Jodhpur,Region Sirohi
Golasan B.O,343041,Delivery,BO,Jodhpur,Region Sirohi
Hadetar B.O,343041,Delivery,BO,Jodhpur,Region Sirohi
Hariyali B.O,343041,Delivery,BO,Jodhpur,Region Sirohi
Hotigaon B.O,343041,Delivery,BO,Jodhpur,Region Sirohi
Jakhal B.O,343041,Delivery,BO,Jodhpur,Region Sirohi
Karola B.O,343041,Delivery,BO,Jodhpur,Region Sirohi
Keriya B.O,343041,Delivery,BO,Jodhpur,Region Sirohi
Khara B.O,343041,Delivery,BO,Jodhpur,Region Sirohi
Luniyasar B.O,343041,Delivery,BO,Jodhpur,Region Sirohi
Nenol B.O,343041,Delivery,BO,Jodhpur,Region Sirohi
Panchala B.O,343041,Delivery,BO,Jodhpur,Region Sirohi
Parawa B.O,343041,Delivery,BO,Jodhpur,Region Sirohi
Pur B.O,343041,Delivery,BO,Jodhpur,Region Sirohi
Ranodar B.O,343041,Delivery,BO,Jodhpur,Region Sirohi
Sarwana B.O,343041,Delivery,BO,Jodhpur,Region Sirohi
Sewara B.O,343041,Delivery,BO,Jodhpur,Region Sirohi
Surawa B.O,343041,Delivery,BO,Jodhpur,Region Sirohi
Veerawa B.O,343041,Delivery,BO,Jodhpur,Region Sirohi
Sanchore S.O,343041,Delivery,PO,Jodhpur,Region Sirohi
Anwloj B.O,343042,Delivery,BO,Jodhpur,Region Sirohi
Balwara B.O,343042,Delivery,BO,Jodhpur,Region Sirohi
Bhawrani B.O,343042,Delivery,BO,Jodhpur,Region Sirohi
Bishangarh B.O,343042,Delivery,BO,Jodhpur,Region Sirohi
Debawas B.O,343042,Delivery,BO,Jodhpur,Region Sirohi
Odwara B.O,343042,Delivery,BO,Jodhpur,Region Sirohi
Raithal B.O,343042,Delivery,BO,Jodhpur,Region Sirohi
Sarana B.O,343042,Delivery,BO,Jodhpur,Region Sirohi
Tikhi B.O,343042,Delivery,BO,Jodhpur,Region Sirohi
Mandwala S.O,343042,Delivery,PO,Jodhpur,Region Sirohi
Dhamseen B.O,343048,Delivery,BO,Jodhpur,Region Sirohi
Vadgaon S.O (Jalor),343048,Delivery,PO,Jodhpur,Region Sirohi
Alri B.O,343049,Delivery,BO,Jodhpur,Region Sirohi
Bilar B.O,343049,Delivery,BO,Jodhpur,Region Sirohi
Chirpatia B.O,343049,Delivery,BO,Jodhpur,Region Sirohi
Chitrodi B.O,343049,Delivery,BO,Jodhpur,Region Sirohi
Kori B.O,343049,Delivery,BO,Jodhpur,Region Sirohi
Panseri B.O,343049,Delivery,BO,Jodhpur,Region Sirohi
Ropsi B.O,343049,Delivery,BO,Jodhpur,Region Sirohi
Savidhar B.O,343049,Delivery,BO,Jodhpur,Region Sirohi
Silasan B.O,343049,Delivery,BO,Jodhpur,Region Sirohi
Kagmala S.O,343049,Delivery,PO,Jodhpur,Region Sirohi
Sriganganagar H.O,335001,Delivery,HO,Jodhpur,Region Sriganganagar
Mohanpura B.O,335001,Delivery,BO,Jodhpur,Region Sriganganagar
Chakbhagsar B.O,335001,Delivery,BO,Jodhpur,Region Sriganganagar
Chak 5 E Chhoti B.O,335001,Delivery,BO,Jodhpur,Region Sriganganagar
Kalian B.O,335001,Delivery,BO,Jodhpur,Region Sriganganagar
12 Z B.O,335001,Delivery,BO,Jodhpur,Region Sriganganagar
Sadhuwali B.O,335001,Delivery,BO,Jodhpur,Region Sriganganagar
Maderan B.O,335001,Delivery,BO,Jodhpur,Region Sriganganagar
3 Y B.O,335001,Delivery,BO,Jodhpur,Region Sriganganagar
Chak 5 Ll B.O,335001,Delivery,BO,Jodhpur,Region Sriganganagar
Rohirawali Suthran B.O,335001,Delivery,BO,Jodhpur,Region Sriganganagar
Khatlabana B.O,335001,Delivery,BO,Jodhpur,Region Sriganganagar
Rohiranwali Rathan B.O,335001,Delivery,BO,Jodhpur,Region Sriganganagar
Sahuwala B.O,335001,Delivery,BO,Jodhpur,Region Sriganganagar
15 Z B.O,335001,Delivery,BO,Jodhpur,Region Sriganganagar
Chak 20 GG B.O,335001,Delivery,BO,Jodhpur,Region Sriganganagar
Fathui B.O,335001,Delivery,BO,Jodhpur,Region Sriganganagar
10 Z B.O,335001,Delivery,BO,Jodhpur,Region Sriganganagar
11 Z B.O,335001,Delivery,BO,Jodhpur,Region Sriganganagar
Sriganganagar Rs S.O,335001,Non-Delivery,PO,Jodhpur,Region Sriganganagar
Block Area S.O,335001,Non-Delivery,PO,Jodhpur,Region Sriganganagar
Goushala Road S.O,335001,Non-Delivery,PO,Jodhpur,Region Sriganganagar
Mandi Sriganganagar S.O,335001,Non-Delivery,PO,Jodhpur,Region Sriganganagar
Mukarjee Nagar S.O,335001,Non-Delivery,PO,Jodhpur,Region Sriganganagar
Purani Abadi S.O,335001,Non-Delivery,PO,Jodhpur,Region Sriganganagar
Udyog Vihar S.O,335002,Delivery,PO,Jodhpur,Region Sriganganagar
Chak 13 Lnp B.O,335002,Delivery,BO,Jodhpur,Region Sriganganagar
Chak 2ll B.O,335002,Delivery,BO,Jodhpur,Region Sriganganagar
Dharmsinghwala B.O,335002,Delivery,BO,Jodhpur,Region Sriganganagar
Govindpura B.O,335002,Delivery,BO,Jodhpur,Region Sriganganagar
Khayaliwala B.O,335002,Delivery,BO,Jodhpur,Region Sriganganagar
Kundlawala B.O,335002,Delivery,BO,Jodhpur,Region Sriganganagar
Mahiyanwali B.O,335002,Delivery,BO,Jodhpur,Region Sriganganagar
Netewala B.O,335002,Delivery,BO,Jodhpur,Region Sriganganagar
Nathwala B.O,335002,Delivery,BO,Jodhpur,Region Sriganganagar
Sihaganwali B.O,335002,Delivery,BO,Jodhpur,Region Sriganganagar
Bishanpura S.O,335021,Delivery,PO,Jodhpur,Region Sriganganagar
39 Ps B.O,335021,Delivery,BO,Jodhpur,Region Sriganganagar
41 Ps B.O,335021,Delivery,BO,Jodhpur,Region Sriganganagar
Chak 75 NP B.O,335021,Delivery,BO,Jodhpur,Region Sriganganagar
Khatan B.O,335021,Delivery,BO,Jodhpur,Region Sriganganagar
Lakhahakam B.O,335021,Delivery,BO,Jodhpur,Region Sriganganagar
Sameja(15 PTD) B.O,335021,Delivery,BO,Jodhpur,Region Sriganganagar
Sanwatsar B.O,335021,Delivery,BO,Jodhpur,Region Sriganganagar
Chunawadh S.O,335022,Delivery,PO,Jodhpur,Region Sriganganagar
Chak 11 G Choti B.O,335022,Delivery,BO,Jodhpur,Region Sriganganagar
Chak 27 Gg B.O,335022,Delivery,BO,Jodhpur,Region Sriganganagar
Chak 3h Choti B.O,335022,Delivery,BO,Jodhpur,Region Sriganganagar
Chak 4 G Choti B.O,335022,Delivery,BO,Jodhpur,Region Sriganganagar
Chak 4bb B.O,335022,Delivery,BO,Jodhpur,Region Sriganganagar
Chak 5 Kk B.O,335022,Delivery,BO,Jodhpur,Region Sriganganagar
Chak 6 G Choti B.O,335022,Delivery,BO,Jodhpur,Region Sriganganagar
Chak 1 KK B.O,335022,Delivery,BO,Jodhpur,Region Sriganganagar
Dhingawali B.O,335022,Delivery,BO,Jodhpur,Region Sriganganagar
Gudhuwala B.O,335022,Delivery,BO,Jodhpur,Region Sriganganagar
Jodhewala B.O,335022,Delivery,BO,Jodhpur,Region Sriganganagar
Rattewale B.O,335022,Delivery,BO,Jodhpur,Region Sriganganagar
Sagarwala B.O,335022,Delivery,BO,Jodhpur,Region Sriganganagar
Tatarsar B.O,335022,Delivery,BO,Jodhpur,Region Sriganganagar
Dalpatsinghpur S.O,335023,Delivery,PO,Jodhpur,Region Sriganganagar
Chak 2 X B.O,335023,Delivery,BO,Jodhpur,Region Sriganganagar
Chak 24 H B.O,335023,Delivery,BO,Jodhpur,Region Sriganganagar
Chak 28 H B.O,335023,Delivery,BO,Jodhpur,Region Sriganganagar
Chak 30 H B.O,335023,Delivery,BO,Jodhpur,Region Sriganganagar
Dhanoor B.O,335023,Delivery,BO,Jodhpur,Region Sriganganagar
Gajsinghpur S.O,335024,Delivery,PO,Jodhpur,Region Sriganganagar
15 Ff B.O,335024,Delivery,BO,Jodhpur,Region Sriganganagar
19 Rb B.O,335024,Delivery,BO,Jodhpur,Region Sriganganagar
2 Ffa B.O,335024,Delivery,BO,Jodhpur,Region Sriganganagar
23 Ff B.O,335024,Delivery,BO,Jodhpur,Region Sriganganagar
32 Bb B.O,335024,Delivery,BO,Jodhpur,Region Sriganganagar
35 Bb B.O,335024,Delivery,BO,Jodhpur,Region Sriganganagar
4 Jj B.O,335024,Delivery,BO,Jodhpur,Region Sriganganagar
56 F B.O,335024,Delivery,BO,Jodhpur,Region Sriganganagar
Khyaliwala B.O,335024,Delivery,BO,Jodhpur,Region Sriganganagar
Motasarkhuni B.O,335024,Delivery,BO,Jodhpur,Region Sriganganagar
Rajpura B.O,335024,Delivery,BO,Jodhpur,Region Sriganganagar
Sangrana B.O,335024,Delivery,BO,Jodhpur,Region Sriganganagar
Thandewala B.O,335024,Delivery,BO,Jodhpur,Region Sriganganagar
Zorawarpura B.O,335024,Delivery,BO,Jodhpur,Region Sriganganagar
Ganeshgarh S.O,335025,Delivery,PO,Jodhpur,Region Sriganganagar
9 Ml B.O,335025,Delivery,BO,Jodhpur,Region Sriganganagar
Bakhtanwali B.O,335025,Delivery,BO,Jodhpur,Region Sriganganagar
Ladhuwala B.O,335025,Delivery,BO,Jodhpur,Region Sriganganagar
Narsinghpura B.O,335025,Delivery,BO,Jodhpur,Region Sriganganagar
Kesrisinghpur S.O,335027,Delivery,PO,Jodhpur,Region Sriganganagar
19 F B.O,335027,Delivery,BO,Jodhpur,Region Sriganganagar
Arayan B.O,335027,Delivery,BO,Jodhpur,Region Sriganganagar
Gulabewala B.O,335027,Delivery,BO,Jodhpur,Region Sriganganagar
Gurusar B.O,335027,Delivery,BO,Jodhpur,Region Sriganganagar
Kaminpura B.O,335027,Delivery,BO,Jodhpur,Region Sriganganagar
Malkana Kalan B.O,335027,Delivery,BO,Jodhpur,Region Sriganganagar
Malkana Khurd B.O,335027,Delivery,BO,Jodhpur,Region Sriganganagar
Mohlan B.O,335027,Delivery,BO,Jodhpur,Region Sriganganagar
CHAK 2 V B.O,335027,Delivery,BO,Jodhpur,Region Sriganganagar
Lalgarh Jatan S.O,335037,Delivery,PO,Jodhpur,Region Sriganganagar
Morjand Khari B.O,335037,Delivery,BO,Jodhpur,Region Sriganganagar
Panniwali B.O,335037,Delivery,BO,Jodhpur,Region Sriganganagar
Sardarpura Jiwan B.O,335037,Delivery,BO,Jodhpur,Region Sriganganagar
Mirzewala S.O,335038,Delivery,PO,Jodhpur,Region Sriganganagar
19 Z B.O,335038,Delivery,BO,Jodhpur,Region Sriganganagar
23 Z B.O,335038,Delivery,BO,Jodhpur,Region Sriganganagar
3 C Chotti B.O,335038,Delivery,BO,Jodhpur,Region Sriganganagar
Bakhtana B.O,335038,Delivery,BO,Jodhpur,Region Sriganganagar
Daulatpura B.O,335038,Delivery,BO,Jodhpur,Region Sriganganagar
Matili Rathan B.O,335038,Delivery,BO,Jodhpur,Region Sriganganagar
Phusewala B.O,335038,Delivery,BO,Jodhpur,Region Sriganganagar
Sahibsinghwala B.O,335038,Delivery,BO,Jodhpur,Region Sriganganagar
Sangetpura B.O,335038,Delivery,BO,Jodhpur,Region Sriganganagar
Mukalawa S.O,335039,Delivery,PO,Jodhpur,Region Sriganganagar
16ps B.O,335039,Delivery,BO,Jodhpur,Region Sriganganagar
19ps B.O,335039,Delivery,BO,Jodhpur,Region Sriganganagar
31ml B.O,335039,Delivery,BO,Jodhpur,Region Sriganganagar
3mk B.O,335039,Delivery,BO,Jodhpur,Region Sriganganagar
5tk B.O,335039,Delivery,BO,Jodhpur,Region Sriganganagar
6tk B.O,335039,Delivery,BO,Jodhpur,Region Sriganganagar
Dabla B.O,335039,Delivery,BO,Jodhpur,Region Sriganganagar
Jhotanwali B.O,335039,Delivery,BO,Jodhpur,Region Sriganganagar
Udsar B.O,335039,Delivery,BO,Jodhpur,Region Sriganganagar
10TK B.O,335039,Delivery,BO,Jodhpur,Region Sriganganagar
Nizampura S.O,335040,Delivery,PO,Jodhpur,Region Sriganganagar
13ff B.O,335040,Delivery,BO,Jodhpur,Region Sriganganagar
14ff B.O,335040,Delivery,BO,Jodhpur,Region Sriganganagar
40f B.O,335040,Delivery,BO,Jodhpur,Region Sriganganagar
50gg B.O,335040,Delivery,BO,Jodhpur,Region Sriganganagar
Dharinganwali B.O,335040,Delivery,BO,Jodhpur,Region Sriganganagar
Kharlan B.O,335040,Delivery,BO,Jodhpur,Region Sriganganagar
Srinagar B.O,335040,Delivery,BO,Jodhpur,Region Sriganganagar
Sanwatsar B.O,335041,Delivery,BO,Jodhpur,Region Sriganganagar
16BB B.O,335041,Delivery,BO,Jodhpur,Region Sriganganagar
Tamkot B.O,335041,Delivery,BO,Jodhpur,Region Sriganganagar
41RB B.O,335041,Delivery,BO,Jodhpur,Region Sriganganagar
Padampur S.O,335041,Delivery,PO,Jodhpur,Region Sriganganagar
23bb B.O,335041,Delivery,BO,Jodhpur,Region Sriganganagar
29bb B.O,335041,Delivery,BO,Jodhpur,Region Sriganganagar
2rb B.O,335041,Delivery,BO,Jodhpur,Region Sriganganagar
4nn B.O,335041,Delivery,BO,Jodhpur,Region Sriganganagar
5 EEA B.O,335041,Delivery,BO,Jodhpur,Region Sriganganagar
5nn B.O,335041,Delivery,BO,Jodhpur,Region Sriganganagar
6cc B.O,335041,Delivery,BO,Jodhpur,Region Sriganganagar
8nn B.O,335041,Delivery,BO,Jodhpur,Region Sriganganagar
Binjbaila B.O,335041,Delivery,BO,Jodhpur,Region Sriganganagar
Delwan B.O,335041,Delivery,BO,Jodhpur,Region Sriganganagar
Fakirwali B.O,335041,Delivery,BO,Jodhpur,Region Sriganganagar
Ghamoorwali B.O,335041,Delivery,BO,Jodhpur,Region Sriganganagar
Jalloki B.O,335041,Delivery,BO,Jodhpur,Region Sriganganagar
Jorkian B.O,335041,Delivery,BO,Jodhpur,Region Sriganganagar
11ps B.O,335051,Delivery,BO,Jodhpur,Region Sriganganagar
22ps B.O,335051,Delivery,BO,Jodhpur,Region Sriganganagar
67rb B.O,335051,Delivery,BO,Jodhpur,Region Sriganganagar
68np B.O,335051,Delivery,BO,Jodhpur,Region Sriganganagar
71rb B.O,335051,Delivery,BO,Jodhpur,Region Sriganganagar
9ps B.O,335051,Delivery,BO,Jodhpur,Region Sriganganagar
Bagicha B.O,335051,Delivery,BO,Jodhpur,Region Sriganganagar
Bajuwala B.O,335051,Delivery,BO,Jodhpur,Region Sriganganagar
Bhadwanwala B.O,335051,Delivery,BO,Jodhpur,Region Sriganganagar
Bhompura B.O,335051,Delivery,BO,Jodhpur,Region Sriganganagar
Fozuwala B.O,335051,Delivery,BO,Jodhpur,Region Sriganganagar
Karadwali B.O,335051,Delivery,BO,Jodhpur,Region Sriganganagar
Likhmewala B.O,335051,Delivery,BO,Jodhpur,Region Sriganganagar
Mohannagar B.O,335051,Delivery,BO,Jodhpur,Region Sriganganagar
Mokamwala B.O,335051,Delivery,BO,Jodhpur,Region Sriganganagar
Nanuwala B.O,335051,Delivery,BO,Jodhpur,Region Sriganganagar
Satzanda B.O,335051,Delivery,BO,Jodhpur,Region Sriganganagar
Shyamgarh B.O,335051,Delivery,BO,Jodhpur,Region Sriganganagar
Sukhchainpura B.O,335051,Delivery,BO,Jodhpur,Region Sriganganagar
Thakri B.O,335051,Delivery,BO,Jodhpur,Region Sriganganagar
Thandi B.O,335051,Delivery,BO,Jodhpur,Region Sriganganagar
Ganguwala B.O,335051,Delivery,BO,Jodhpur,Region Sriganganagar
Kikarwali B.O,335051,Delivery,BO,Jodhpur,Region Sriganganagar
Raisinghnagar S.O,335051,Delivery,PO,Jodhpur,Region Sriganganagar
1 Ps B.O,335061,Delivery,BO,Jodhpur,Region Sriganganagar
54 Lnp B.O,335061,Delivery,BO,Jodhpur,Region Sriganganagar
69 Lnp B.O,335061,Delivery,BO,Jodhpur,Region Sriganganagar
Fakirwali Kothi B.O,335061,Delivery,BO,Jodhpur,Region Sriganganagar
Harkhewala B.O,335061,Delivery,BO,Jodhpur,Region Sriganganagar
Pharsewala B.O,335061,Delivery,BO,Jodhpur,Region Sriganganagar
Ratanpura B.O,335061,Delivery,BO,Jodhpur,Region Sriganganagar
Ridmalsar S.O,335061,Delivery,PO,Jodhpur,Region Sriganganagar
Dalianwali B.O,335062,Delivery,BO,Jodhpur,Region Sriganganagar
Gadderkhera B.O,335062,Delivery,BO,Jodhpur,Region Sriganganagar
Hakamabada B.O,335062,Delivery,BO,Jodhpur,Region Sriganganagar
Indergarh B.O,335062,Delivery,BO,Jodhpur,Region Sriganganagar
Karadwala B.O,335062,Delivery,BO,Jodhpur,Region Sriganganagar
Khatsajwar B.O,335062,Delivery,BO,Jodhpur,Region Sriganganagar
Kishanpura Utrada B.O,335062,Delivery,BO,Jodhpur,Region Sriganganagar
Manniwali B.O,335062,Delivery,BO,Jodhpur,Region Sriganganagar
Noorpura B.O,335062,Delivery,BO,Jodhpur,Region Sriganganagar
Rasuwala B.O,335062,Delivery,BO,Jodhpur,Region Sriganganagar
Alipura B.O,335062,Delivery,BO,Jodhpur,Region Sriganganagar
Banwali B.O,335062,Delivery,BO,Jodhpur,Region Sriganganagar
Budharwali B.O,335062,Delivery,BO,Jodhpur,Region Sriganganagar
Chhapanwali B.O,335062,Delivery,BO,Jodhpur,Region Sriganganagar
Sadulshahar S.O,335062,Delivery,PO,Jodhpur,Region Sriganganagar
Sangaria S.O (Hanumangarh),335063,Delivery,PO,Jodhpur,Region Sriganganagar
Amarpura Jalukhat B.O,335063,Delivery,BO,Jodhpur,Region Sriganganagar
Bashir B.O,335063,Delivery,BO,Jodhpur,Region Sriganganagar
Bhagatpura B.O,335063,Delivery,BO,Jodhpur,Region Sriganganagar
Bhakranwali B.O,335063,Delivery,BO,Jodhpur,Region Sriganganagar
Bolanwali B.O,335063,Delivery,BO,Jodhpur,Region Sriganganagar
Deengarh B.O,335063,Delivery,BO,Jodhpur,Region Sriganganagar
Dhaba B.O,335063,Delivery,BO,Jodhpur,Region Sriganganagar
Gilwala B.O,335063,Delivery,BO,Jodhpur,Region Sriganganagar
Gudia B.O,335063,Delivery,BO,Jodhpur,Region Sriganganagar
Haripura B.O,335063,Delivery,BO,Jodhpur,Region Sriganganagar
Jandwali Sikhan B.O,335063,Delivery,BO,Jodhpur,Region Sriganganagar
Kharakhera B.O,335063,Delivery,BO,Jodhpur,Region Sriganganagar
Kikarawali B.O,335063,Delivery,BO,Jodhpur,Region Sriganganagar
Kulchander B.O,335063,Delivery,BO,Jodhpur,Region Sriganganagar
Morjand Sikhan B.O,335063,Delivery,BO,Jodhpur,Region Sriganganagar
Naiwala B.O,335063,Delivery,BO,Jodhpur,Region Sriganganagar
Nathwana B.O,335063,Delivery,BO,Jodhpur,Region Sriganganagar
Nukera B.O,335063,Delivery,BO,Jodhpur,Region Sriganganagar
Rampura Mala B.O,335063,Delivery,BO,Jodhpur,Region Sriganganagar
Ratanpura B.O,335063,Delivery,BO,Jodhpur,Region Sriganganagar
Sabuana B.O,335063,Delivery,BO,Jodhpur,Region Sriganganagar
Saliwala B.O,335063,Delivery,BO,Jodhpur,Region Sriganganagar
Santpura B.O,335063,Delivery,BO,Jodhpur,Region Sriganganagar
Shahpini B.O,335063,Delivery,BO,Jodhpur,Region Sriganganagar
Vidyapeeth B.O,335063,Delivery,BO,Jodhpur,Region Sriganganagar
Sangaria Rs S.O,335063,Non-Delivery,PO,Jodhpur,Region Sriganganagar
Dholipal S.O,335064,Delivery,PO,Jodhpur,Region Sriganganagar
Inderpura B.O,335064,Delivery,BO,Jodhpur,Region Sriganganagar
Kalwasia B.O,335064,Delivery,BO,Jodhpur,Region Sriganganagar
Kheruwala B.O,335064,Delivery,BO,Jodhpur,Region Sriganganagar
Manuka B.O,335064,Delivery,BO,Jodhpur,Region Sriganganagar
Narayangarh B.O,335064,Delivery,BO,Jodhpur,Region Sriganganagar
Hirnawali B.O,335064,Delivery,BO,Jodhpur,Region Sriganganagar
Manaksar S.O,335065,Delivery,PO,Jodhpur,Region Sriganganagar
Daulatpura B.O,335065,Delivery,BO,Jodhpur,Region Sriganganagar
Fatehpura B.O,335065,Delivery,BO,Jodhpur,Region Sriganganagar
Lilanwali B.O,335065,Delivery,BO,Jodhpur,Region Sriganganagar
Malerkhera B.O,335065,Delivery,BO,Jodhpur,Region Sriganganagar
Nagrana B.O,335065,Delivery,BO,Jodhpur,Region Sriganganagar
15 o B.O,335073,Delivery,BO,Jodhpur,Region Sriganganagar
3 o B.O,335073,Delivery,BO,Jodhpur,Region Sriganganagar
42 H B.O,335073,Delivery,BO,Jodhpur,Region Sriganganagar
47 F B.O,335073,Delivery,BO,Jodhpur,Region Sriganganagar
6 o B.O,335073,Delivery,BO,Jodhpur,Region Sriganganagar
61 F B.O,335073,Delivery,BO,Jodhpur,Region Sriganganagar
Badopal B.O,335073,Delivery,BO,Jodhpur,Region Sriganganagar
Baringa B.O,335073,Delivery,BO,Jodhpur,Region Sriganganagar
Burjwala B.O,335073,Delivery,BO,Jodhpur,Region Sriganganagar
Danewala B.O,335073,Delivery,BO,Jodhpur,Region Sriganganagar
Majhiwala B.O,335073,Delivery,BO,Jodhpur,Region Sriganganagar
Mukan Pabusar B.O,335073,Delivery,BO,Jodhpur,Region Sriganganagar
Naggi B.O,335073,Delivery,BO,Jodhpur,Region Sriganganagar
Radewala B.O,335073,Delivery,BO,Jodhpur,Region Sriganganagar
Roopnagar B.O,335073,Delivery,BO,Jodhpur,Region Sriganganagar
Tejewala B.O,335073,Delivery,BO,Jodhpur,Region Sriganganagar
14 S Majhiwala B.O,335073,Delivery,BO,Jodhpur,Region Sriganganagar
Srikaranpur S.O,335073,Delivery,PO,Jodhpur,Region Sriganganagar
Bhadra S.O,335501,Delivery,PO,Jodhpur,Region Sriganganagar
Ajitpura B.O,335501,Delivery,BO,Jodhpur,Region Sriganganagar
Anupshahar B.O,335501,Delivery,BO,Jodhpur,Region Sriganganagar
Bhadi B.O,335501,Delivery,BO,Jodhpur,Region Sriganganagar
Bhagwan B.O,335501,Delivery,BO,Jodhpur,Region Sriganganagar
Bhanai B.O,335501,Delivery,BO,Jodhpur,Region Sriganganagar
Bhangarh B.O,335501,Delivery,BO,Jodhpur,Region Sriganganagar
Bhojasar B.O,335501,Delivery,BO,Jodhpur,Region Sriganganagar
Dobi B.O,335501,Delivery,BO,Jodhpur,Region Sriganganagar
Gandhi Bari B.O,335501,Delivery,BO,Jodhpur,Region Sriganganagar
Karanpura B.O,335501,Delivery,BO,Jodhpur,Region Sriganganagar
Utradabas B.O,335501,Delivery,BO,Jodhpur,Region Sriganganagar
Kalana S.O,335502,Delivery,PO,Jodhpur,Region Sriganganagar
Bojhla B.O,335502,Delivery,BO,Jodhpur,Region Sriganganagar
Dungarana B.O,335502,Delivery,BO,Jodhpur,Region Sriganganagar
Gheu B.O,335502,Delivery,BO,Jodhpur,Region Sriganganagar
Kanau B.O,335502,Delivery,BO,Jodhpur,Region Sriganganagar
Kiradabara B.O,335502,Delivery,BO,Jodhpur,Region Sriganganagar
Kuji B.O,335502,Delivery,BO,Jodhpur,Region Sriganganagar
Malsisar B.O,335502,Delivery,BO,Jodhpur,Region Sriganganagar
Mundriabara B.O,335502,Delivery,BO,Jodhpur,Region Sriganganagar
Raslana B.O,335502,Delivery,BO,Jodhpur,Region Sriganganagar
Dabri S.O,335503,Delivery,PO,Jodhpur,Region Sriganganagar
Asan B.O,335503,Delivery,BO,Jodhpur,Region Sriganganagar
Bhirani B.O,335503,Delivery,BO,Jodhpur,Region Sriganganagar
Gadhra B.O,335503,Delivery,BO,Jodhpur,Region Sriganganagar
Jogiwala B.O,335503,Delivery,BO,Jodhpur,Region Sriganganagar
Sagra B.O,335503,Delivery,BO,Jodhpur,Region Sriganganagar
Sherda B.O,335503,Delivery,BO,Jodhpur,Region Sriganganagar
Shivdanpura B.O,335503,Delivery,BO,Jodhpur,Region Sriganganagar
Suratpura B.O,335503,Delivery,BO,Jodhpur,Region Sriganganagar
Gogameri S.O,335504,Delivery,PO,Jodhpur,Region Sriganganagar
Badbiran B.O,335504,Delivery,BO,Jodhpur,Region Sriganganagar
Barwali B.O,335504,Delivery,BO,Jodhpur,Region Sriganganagar
Bharwana B.O,335504,Delivery,BO,Jodhpur,Region Sriganganagar
Deeplana B.O,335504,Delivery,BO,Jodhpur,Region Sriganganagar
Dhilki B.O,335504,Delivery,BO,Jodhpur,Region Sriganganagar
Parlika B.O,335504,Delivery,BO,Jodhpur,Region Sriganganagar
Khachwana B.O,335504,Delivery,BO,Jodhpur,Region Sriganganagar
Lalana B.O,335504,Delivery,BO,Jodhpur,Region Sriganganagar
Munsari B.O,335504,Delivery,BO,Jodhpur,Region Sriganganagar
Nathwania B.O,335504,Delivery,BO,Jodhpur,Region Sriganganagar
Nethrana B.O,335504,Delivery,BO,Jodhpur,Region Sriganganagar
Ramgarh B.O,335504,Delivery,BO,Jodhpur,Region Sriganganagar
Ujjalwas B.O,335504,Delivery,BO,Jodhpur,Region Sriganganagar
Sardargarhia B.O,335504,Delivery,BO,Jodhpur,Region Sriganganagar
Channibari S.O,335511,Delivery,PO,Jodhpur,Region Sriganganagar
Biran B.O,335511,Delivery,BO,Jodhpur,Region Sriganganagar
Garhichhani B.O,335511,Delivery,BO,Jodhpur,Region Sriganganagar
Jhansal B.O,335511,Delivery,BO,Jodhpur,Region Sriganganagar
Mahrana B.O,335511,Delivery,BO,Jodhpur,Region Sriganganagar
Malkhera B.O,335511,Delivery,BO,Jodhpur,Region Sriganganagar
Ninan B.O,335511,Delivery,BO,Jodhpur,Region Sriganganagar
Ramgarhia B.O,335511,Delivery,BO,Jodhpur,Region Sriganganagar
Sahuwala B.O,335511,Delivery,BO,Jodhpur,Region Sriganganagar
Sherpura B.O,335511,Delivery,BO,Jodhpur,Region Sriganganagar
Hanumangarh Jn. H.O,335512,Delivery,HO,Jodhpur,Region Sriganganagar
Rorawali B.O,335512,Delivery,BO,Jodhpur,Region Sriganganagar
Nawan B.O,335512,Delivery,BO,Jodhpur,Region Sriganganagar
Makkasar B.O,335512,Delivery,BO,Jodhpur,Region Sriganganagar
Jandwali B.O,335512,Delivery,BO,Jodhpur,Region Sriganganagar
Jorkia B.O,335512,Delivery,BO,Jodhpur,Region Sriganganagar
Satipura B.O,335512,Delivery,BO,Jodhpur,Region Sriganganagar
Chak Jawalasinghwala B.O,335512,Delivery,BO,Jodhpur,Region Sriganganagar
Pakka Saharana B.O,335512,Delivery,BO,Jodhpur,Region Sriganganagar
CHAK 6 UTS B.O,335512,Delivery,BO,Jodhpur,Region Sriganganagar
Civil Line Hanumangarh3 S.O,335512,Non-Delivery,PO,Jodhpur,Region Sriganganagar
Hanumangarh Jn. Court S.O,335512,Non-Delivery,PO,Jodhpur,Region Sriganganagar
Hanumangarh Town S.O,335513,Delivery,PO,Jodhpur,Region Sriganganagar
Amarpura Theri B.O,335513,Delivery,BO,Jodhpur,Region Sriganganagar
Jhamber B.O,335513,Delivery,BO,Jodhpur,Region Sriganganagar
Kamrani B.O,335513,Delivery,BO,Jodhpur,Region Sriganganagar
Kishanpura Dikhnada B.O,335513,Delivery,BO,Jodhpur,Region Sriganganagar
Kohlan B.O,335513,Delivery,BO,Jodhpur,Region Sriganganagar
Ramsara Narain B.O,335513,Delivery,BO,Jodhpur,Region Sriganganagar
Sherekan B.O,335513,Delivery,BO,Jodhpur,Region Sriganganagar
Hanumangarh Town Bazar S.O,335513,Non-Delivery,PO,Jodhpur,Region Sriganganagar
Nai Abdi Hanumangarh Town S.O,335513,Non-Delivery,PO,Jodhpur,Region Sriganganagar
Nohar S.O,335523,Delivery,PO,Jodhpur,Region Sriganganagar
Aradhki B.O,335523,Delivery,BO,Jodhpur,Region Sriganganagar
Bhukarka B.O,335523,Delivery,BO,Jodhpur,Region Sriganganagar
Birkali B.O,335523,Delivery,BO,Jodhpur,Region Sriganganagar
Chak Sardarpura B.O,335523,Delivery,BO,Jodhpur,Region Sriganganagar
Deidas B.O,335523,Delivery,BO,Jodhpur,Region Sriganganagar
Dalpatpura B.O,335523,Delivery,BO,Jodhpur,Region Sriganganagar
Dhandhela B.O,335523,Delivery,BO,Jodhpur,Region Sriganganagar
Dhani LaL khan B.O,335523,Delivery,BO,Jodhpur,Region Sriganganagar
Dhansia B.O,335523,Delivery,BO,Jodhpur,Region Sriganganagar
Durjana B.O,335523,Delivery,BO,Jodhpur,Region Sriganganagar
Gandheli B.O,335523,Delivery,BO,Jodhpur,Region Sriganganagar
Gorkhana B.O,335523,Delivery,BO,Jodhpur,Region Sriganganagar
Gudia B.O,335523,Delivery,BO,Jodhpur,Region Sriganganagar
Jabrasar B.O,335523,Delivery,BO,Jodhpur,Region Sriganganagar
Jasana B.O,335523,Delivery,BO,Jodhpur,Region Sriganganagar
Jhedasar B.O,335523,Delivery,BO,Jodhpur,Region Sriganganagar
Khinania B.O,335523,Delivery,BO,Jodhpur,Region Sriganganagar
Khuiuyan B.O,335523,Delivery,BO,Jodhpur,Region Sriganganagar
Lalania B.O,335523,Delivery,BO,Jodhpur,Region Sriganganagar
Malwani B.O,335523,Delivery,BO,Jodhpur,Region Sriganganagar
Mandarpura B.O,335523,Delivery,BO,Jodhpur,Region Sriganganagar
Meghana B.O,335523,Delivery,BO,Jodhpur,Region Sriganganagar
Munsari B.O,335523,Delivery,BO,Jodhpur,Region Sriganganagar
Nanau B.O,335523,Delivery,BO,Jodhpur,Region Sriganganagar
Naulakhi B.O,335523,Delivery,BO,Jodhpur,Region Sriganganagar
Neemla B.O,335523,Delivery,BO,Jodhpur,Region Sriganganagar
Padampura B.O,335523,Delivery,BO,Jodhpur,Region Sriganganagar
Pandusar B.O,335523,Delivery,BO,Jodhpur,Region Sriganganagar
Phephana B.O,335523,Delivery,BO,Jodhpur,Region Sriganganagar
Ratanpura B.O,335523,Delivery,BO,Jodhpur,Region Sriganganagar
Sirangsar B.O,335523,Delivery,BO,Jodhpur,Region Sriganganagar
Sonari B.O,335523,Delivery,BO,Jodhpur,Region Sriganganagar
Soorpura B.O,335523,Delivery,BO,Jodhpur,Region Sriganganagar
Thirana B.O,335523,Delivery,BO,Jodhpur,Region Sriganganagar
Tidyasar B.O,335523,Delivery,BO,Jodhpur,Region Sriganganagar
Toparia B.O,335523,Delivery,BO,Jodhpur,Region Sriganganagar
Nohar Bazar S.O,335523,Non-Delivery,PO,Jodhpur,Region Sriganganagar
Rawatsar S.O (Hanumangarh),335524,Delivery,PO,Jodhpur,Region Sriganganagar
15 Kwd B.O,335524,Delivery,BO,Jodhpur,Region Sriganganagar
4 Cym B.O,335524,Delivery,BO,Jodhpur,Region Sriganganagar
4 Dwm B.O,335524,Delivery,BO,Jodhpur,Region Sriganganagar
Baramsar B.O,335524,Delivery,BO,Jodhpur,Region Sriganganagar
Bherunsari B.O,335524,Delivery,BO,Jodhpur,Region Sriganganagar
Bhompura B.O,335524,Delivery,BO,Jodhpur,Region Sriganganagar
Bisrasar B.O,335524,Delivery,BO,Jodhpur,Region Sriganganagar
Chahiyan B.O,335524,Delivery,BO,Jodhpur,Region Sriganganagar
Chahuwali B.O,335524,Delivery,BO,Jodhpur,Region Sriganganagar
Dablikalan B.O,335524,Delivery,BO,Jodhpur,Region Sriganganagar
Daniyasar B.O,335524,Delivery,BO,Jodhpur,Region Sriganganagar
Dhannasar B.O,335524,Delivery,BO,Jodhpur,Region Sriganganagar
Hardaswali B.O,335524,Delivery,BO,Jodhpur,Region Sriganganagar
Jorawarpura B.O,335524,Delivery,BO,Jodhpur,Region Sriganganagar
Kanwani B.O,335524,Delivery,BO,Jodhpur,Region Sriganganagar
Khoda B.O,335524,Delivery,BO,Jodhpur,Region Sriganganagar
Lakhuwali Head B.O,335524,Delivery,BO,Jodhpur,Region Sriganganagar
Modhunagar B.O,335524,Delivery,BO,Jodhpur,Region Sriganganagar
Mahela B.O,335524,Delivery,BO,Jodhpur,Region Sriganganagar
Mainawali B.O,335524,Delivery,BO,Jodhpur,Region Sriganganagar
Mirzewali Mer B.O,335524,Delivery,BO,Jodhpur,Region Sriganganagar
Mohanmagaria B.O,335524,Delivery,BO,Jodhpur,Region Sriganganagar
Moter B.O,335524,Delivery,BO,Jodhpur,Region Sriganganagar
Naiyasar B.O,335524,Delivery,BO,Jodhpur,Region Sriganganagar
Naurangdesar B.O,335524,Delivery,BO,Jodhpur,Region Sriganganagar
Pallu B.O,335524,Delivery,BO,Jodhpur,Region Sriganganagar
Poharka B.O,335524,Delivery,BO,Jodhpur,Region Sriganganagar
Purabsar B.O,335524,Delivery,BO,Jodhpur,Region Sriganganagar
Rampura Matoria B.O,335524,Delivery,BO,Jodhpur,Region Sriganganagar
Thalarka B.O,335524,Delivery,BO,Jodhpur,Region Sriganganagar
Talwara Jheel S.O,335525,Delivery,PO,Jodhpur,Region Sriganganagar
Silwala Kalan B.O,335525,Delivery,BO,Jodhpur,Region Sriganganagar
Tibbi S.O,335526,Delivery,PO,Jodhpur,Region Sriganganagar
Chak 2 Ksp B.O,335526,Delivery,BO,Jodhpur,Region Sriganganagar
Chak 4 Ksp B.O,335526,Delivery,BO,Jodhpur,Region Sriganganagar
Masani B.O,335526,Delivery,BO,Jodhpur,Region Sriganganagar
Masitanwali B.O,335526,Delivery,BO,Jodhpur,Region Sriganganagar
Meharwala B.O,335526,Delivery,BO,Jodhpur,Region Sriganganagar
Munda B.O,335526,Delivery,BO,Jodhpur,Region Sriganganagar
Pakki Dabli B.O,335526,Delivery,BO,Jodhpur,Region Sriganganagar
Panniwali B.O,335526,Delivery,BO,Jodhpur,Region Sriganganagar
Peerkamadia B.O,335526,Delivery,BO,Jodhpur,Region Sriganganagar
Rampura Ramsara B.O,335526,Delivery,BO,Jodhpur,Region Sriganganagar
Rathikhara B.O,335526,Delivery,BO,Jodhpur,Region Sriganganagar
Silwala Khurd B.O,335526,Delivery,BO,Jodhpur,Region Sriganganagar
Surewala B.O,335526,Delivery,BO,Jodhpur,Region Sriganganagar
Anupgarh S.O,335701,Delivery,PO,Jodhpur,Region Sriganganagar
1lsm9(Bada Colony) B.O,335701,Delivery,BO,Jodhpur,Region Sriganganagar
78 Gb B.O,335701,Delivery,BO,Jodhpur,Region Sriganganagar
90 Gb B.O,335701,Delivery,BO,Jodhpur,Region Sriganganagar
Banda B.O,335701,Delivery,BO,Jodhpur,Region Sriganganagar
Bhatiwala B.O,335701,Delivery,BO,Jodhpur,Region Sriganganagar
Chak 22 A B.O,335701,Delivery,BO,Jodhpur,Region Sriganganagar
Chak 27 A B.O,335701,Delivery,BO,Jodhpur,Region Sriganganagar
Chak 86 Gb B.O,335701,Delivery,BO,Jodhpur,Region Sriganganagar
Chak15 A B.O,335701,Delivery,BO,Jodhpur,Region Sriganganagar
Kamrania B.O,335701,Delivery,BO,Jodhpur,Region Sriganganagar
Khokharanwali B.O,335701,Delivery,BO,Jodhpur,Region Sriganganagar
Jetsar S.O,335702,Delivery,PO,Jodhpur,Region Sriganganagar
6 Gb B.O,335702,Delivery,BO,Jodhpur,Region Sriganganagar
7 Lc B.O,335702,Delivery,BO,Jodhpur,Region Sriganganagar
Bugia B.O,335702,Delivery,BO,Jodhpur,Region Sriganganagar
Jankidaswala B.O,335702,Delivery,BO,Jodhpur,Region Sriganganagar
Raghunathgarh B.O,335702,Delivery,BO,Jodhpur,Region Sriganganagar
Sarupsar B.O,335702,Delivery,BO,Jodhpur,Region Sriganganagar
Jetsar Farm B.O,335702,Delivery,BO,Jodhpur,Region Sriganganagar
15blda B.O,335703,Delivery,BO,Jodhpur,Region Sriganganagar
15lm B.O,335703,Delivery,BO,Jodhpur,Region Sriganganagar
2a B.O,335703,Delivery,BO,Jodhpur,Region Sriganganagar
3nd B.O,335703,Delivery,BO,Jodhpur,Region Sriganganagar
48gba B.O,335703,Delivery,BO,Jodhpur,Region Sriganganagar
51gb B.O,335703,Delivery,BO,Jodhpur,Region Sriganganagar
61gb B.O,335703,Delivery,BO,Jodhpur,Region Sriganganagar
65gb B.O,335703,Delivery,BO,Jodhpur,Region Sriganganagar
70gb B.O,335703,Delivery,BO,Jodhpur,Region Sriganganagar
72gb B.O,335703,Delivery,BO,Jodhpur,Region Sriganganagar
74gb B.O,335703,Delivery,BO,Jodhpur,Region Sriganganagar
9lm B.O,335703,Delivery,BO,Jodhpur,Region Sriganganagar
Gomanwali B.O,335703,Delivery,BO,Jodhpur,Region Sriganganagar
Kupli B.O,335703,Delivery,BO,Jodhpur,Region Sriganganagar
Nahranwali B.O,335703,Delivery,BO,Jodhpur,Region Sriganganagar
Ramsinghpur S.O,335703,Delivery,PO,Jodhpur,Region Sriganganagar
12 Gb B.O,335704,Delivery,BO,Jodhpur,Region Sriganganagar
17 Gb B.O,335704,Delivery,BO,Jodhpur,Region Sriganganagar
19 Gb B.O,335704,Delivery,BO,Jodhpur,Region Sriganganagar
25 Gb B.O,335704,Delivery,BO,Jodhpur,Region Sriganganagar
4 Bld B.O,335704,Delivery,BO,Jodhpur,Region Sriganganagar
40 Gb B.O,335704,Delivery,BO,Jodhpur,Region Sriganganagar
42 Gb B.O,335704,Delivery,BO,Jodhpur,Region Sriganganagar
5 As B.O,335704,Delivery,BO,Jodhpur,Region Sriganganagar
Bhopalpura B.O,335704,Delivery,BO,Jodhpur,Region Sriganganagar
Birmana B.O,335704,Delivery,BO,Jodhpur,Region Sriganganagar
Govindsar B.O,335704,Delivery,BO,Jodhpur,Region Sriganganagar
Gudli B.O,335704,Delivery,BO,Jodhpur,Region Sriganganagar
Kalyankote B.O,335704,Delivery,BO,Jodhpur,Region Sriganganagar
Raghunathpura B.O,335704,Delivery,BO,Jodhpur,Region Sriganganagar
Bilochia B.O,335704,Delivery,BO,Jodhpur,Region Sriganganagar
Sribijaynagar S.O,335704,Delivery,PO,Jodhpur,Region Sriganganagar
3 F D M B.O,335705,Delivery,BO,Jodhpur,Region Sriganganagar
8 Shpd B.O,335705,Delivery,BO,Jodhpur,Region Sriganganagar
Sardargarh S.O,335705,Delivery,PO,Jodhpur,Region Sriganganagar
Gharsana S.O,335707,Delivery,PO,Jodhpur,Region Sriganganagar
1 Sm B.O,335707,Delivery,BO,Jodhpur,Region Sriganganagar
2 Gmb B.O,335707,Delivery,BO,Jodhpur,Region Sriganganagar
2 Rkma B.O,335707,Delivery,BO,Jodhpur,Region Sriganganagar
5 Psd B.O,335707,Delivery,BO,Jodhpur,Region Sriganganagar
7 Mld B.O,335707,Delivery,BO,Jodhpur,Region Sriganganagar
Rojari B.O,335707,Delivery,BO,Jodhpur,Region Sriganganagar
12 MLD B.O,335707,Delivery,BO,Jodhpur,Region Sriganganagar
RAWLA S.O,335708,Delivery,PO,Jodhpur,Region Sriganganagar
Chak 10 KD B.O,335708,Delivery,BO,Jodhpur,Region Sriganganagar
Chak 12 KND B.O,335708,Delivery,BO,Jodhpur,Region Sriganganagar
Chak 13 DOL B.O,335708,Delivery,BO,Jodhpur,Region Sriganganagar
Chak 2 KLD B.O,335708,Delivery,BO,Jodhpur,Region Sriganganagar
Chak 22 RJD B.O,335708,Delivery,BO,Jodhpur,Region Sriganganagar
Chak 4 KPD B.O,335708,Delivery,BO,Jodhpur,Region Sriganganagar
Chak 7 KND B.O,335708,Delivery,BO,Jodhpur,Region Sriganganagar
Khanuwali B.O,335708,Delivery,BO,Jodhpur,Region Sriganganagar
Khobar B.O,335708,Delivery,BO,Jodhpur,Region Sriganganagar
Mandi Gharsana S.O,335711,Delivery,PO,Jodhpur,Region Sriganganagar
7 Gd B.O,335711,Delivery,BO,Jodhpur,Region Sriganganagar
12 H B.O,335711,Delivery,BO,Jodhpur,Region Sriganganagar
13 M D B.O,335711,Delivery,BO,Jodhpur,Region Sriganganagar
2 K M B.O,335711,Delivery,BO,Jodhpur,Region Sriganganagar
6 D D B.O,335711,Delivery,BO,Jodhpur,Region Sriganganagar
Patroda B.O,335711,Delivery,BO,Jodhpur,Region Sriganganagar
Satrana B.O,335711,Delivery,BO,Jodhpur,Region Sriganganagar
Dabli Rathan S.O,335801,Delivery,PO,Jodhpur,Region Sriganganagar
Bahlolnagar B.O,335801,Delivery,BO,Jodhpur,Region Sriganganagar
Fatehgarh B.O,335801,Delivery,BO,Jodhpur,Region Sriganganagar
Kamana B.O,335801,Delivery,BO,Jodhpur,Region Sriganganagar
Karanisar Sahjipura B.O,335801,Delivery,BO,Jodhpur,Region Sriganganagar
Goluwala S.O,335802,Delivery,PO,Jodhpur,Region Sriganganagar
Chak 26 JRK B.O,335802,Delivery,BO,Jodhpur,Region Sriganganagar
Amarsinghwala B.O,335802,Delivery,BO,Jodhpur,Region Sriganganagar
Ayalki B.O,335802,Delivery,BO,Jodhpur,Region Sriganganagar
Dablibaspema B.O,335802,Delivery,BO,Jodhpur,Region Sriganganagar
Gurusar Modia B.O,335802,Delivery,BO,Jodhpur,Region Sriganganagar
Hardayalpura B.O,335802,Delivery,BO,Jodhpur,Region Sriganganagar
Kewalwali Dhani B.O,335802,Delivery,BO,Jodhpur,Region Sriganganagar
Khotanwali B.O,335802,Delivery,BO,Jodhpur,Region Sriganganagar
Pakka Bhadwan B.O,335802,Delivery,BO,Jodhpur,Region Sriganganagar
Surewali B.O,335802,Delivery,BO,Jodhpur,Region Sriganganagar
Pilibangan S.O,335803,Delivery,PO,Jodhpur,Region Sriganganagar
Ahmedpura B.O,335803,Delivery,BO,Jodhpur,Region Sriganganagar
Amarpura Rathan B.O,335803,Delivery,BO,Jodhpur,Region Sriganganagar
Chak 34 Stg B.O,335803,Delivery,BO,Jodhpur,Region Sriganganagar
Chohilanwali B.O,335803,Delivery,BO,Jodhpur,Region Sriganganagar
Dhaba B.O,335803,Delivery,BO,Jodhpur,Region Sriganganagar
Dulmana B.O,335803,Delivery,BO,Jodhpur,Region Sriganganagar
Jakharanwali B.O,335803,Delivery,BO,Jodhpur,Region Sriganganagar
Kalibanga B.O,335803,Delivery,BO,Jodhpur,Region Sriganganagar
Lakhasar B.O,335803,Delivery,BO,Jodhpur,Region Sriganganagar
Likhmisar B.O,335803,Delivery,BO,Jodhpur,Region Sriganganagar
Longwala B.O,335803,Delivery,BO,Jodhpur,Region Sriganganagar
Panditanwali B.O,335803,Delivery,BO,Jodhpur,Region Sriganganagar
Pilibanga Village B.O,335803,Delivery,BO,Jodhpur,Region Sriganganagar
Prempura B.O,335803,Delivery,BO,Jodhpur,Region Sriganganagar
Balochanwala B.O,335803,Delivery,BO,Jodhpur,Region Sriganganagar
Sanghar B.O,335803,Delivery,BO,Jodhpur,Region Sriganganagar
Badopal B.O,335804,Delivery,BO,Jodhpur,Region Sriganganagar
Bhagwansar B.O,335804,Delivery,BO,Jodhpur,Region Sriganganagar
Birdwal Head B.O,335804,Delivery,BO,Jodhpur,Region Sriganganagar
Deidaspura B.O,335804,Delivery,BO,Jodhpur,Region Sriganganagar
Farm Colony Suratgarh B.O,335804,Delivery,BO,Jodhpur,Region Sriganganagar
Ghamandia B.O,335804,Delivery,BO,Jodhpur,Region Sriganganagar
Hindor B.O,335804,Delivery,BO,Jodhpur,Region Sriganganagar
Manaksar B.O,335804,Delivery,BO,Jodhpur,Region Sriganganagar
Maler B.O,335804,Delivery,BO,Jodhpur,Region Sriganganagar
Suratgarh S.O,335804,Delivery,PO,Jodhpur,Region Sriganganagar
Manaktheri B.O,335804,Delivery,BO,Jodhpur,Region Sriganganagar
Mokalsar B.O,335804,Delivery,BO,Jodhpur,Region Sriganganagar
Narwana B.O,335804,Delivery,BO,Jodhpur,Region Sriganganagar
Padampura B.O,335804,Delivery,BO,Jodhpur,Region Sriganganagar
Rajiasar B.O,335804,Delivery,BO,Jodhpur,Region Sriganganagar
Rajpura Pipran B.O,335804,Delivery,BO,Jodhpur,Region Sriganganagar
Rampura B.O,335804,Delivery,BO,Jodhpur,Region Sriganganagar
Rampura Neola B.O,335804,Delivery,BO,Jodhpur,Region Sriganganagar
Ramsara Jakhran B.O,335804,Delivery,BO,Jodhpur,Region Sriganganagar
Sardarpura Bika B.O,335804,Delivery,BO,Jodhpur,Region Sriganganagar
Suratgarh City S.O,335804,Non-Delivery,PO,Jodhpur,Region Sriganganagar
Birdhwal R.S.(Suratgarh) B.O,335805,Delivery,BO,Jodhpur,Region Sriganganagar
STPS Suratgarh S.O,335805,Delivery,PO,Jodhpur,Region Sriganganagar
Rayanwali B.O,335805,Delivery,BO,Jodhpur,Region Sriganganagar
Somasar B.O,335805,Delivery,BO,Jodhpur,Region Sriganganagar
Thethar B.O,335805,Delivery,BO,Jodhpur,Region Sriganganagar
Thukrana B.O,335805,Delivery,BO,Jodhpur,Region Sriganganagar
Hindumalkote S.O,335901,Delivery,PO,Jodhpur,Region Sriganganagar
Dullapur Kerri B.O,335901,Delivery,BO,Jodhpur,Region Sriganganagar
Khakhan B.O,335901,Delivery,BO,Jodhpur,Region Sriganganagar
Kotha B.O,335901,Delivery,BO,Jodhpur,Region Sriganganagar
Orki B.O,335901,Delivery,BO,Jodhpur,Region Sriganganagar
Pakki B.O,335901,Delivery,BO,Jodhpur,Region Sriganganagar
Sujawalpur B.O,335901,Delivery,BO,Jodhpur,Region Sriganganagar
Bhuranpura B.O,303002,Delivery,BO,Jaipur,Moffusil
Sodala B.O,303313,Delivery,BO,Jaipur,Moffusil
