date,location,latitude,longitude,rainfall_mm,temperature_c,humidity_percent,wind_speed_mps,pressure_kpa
2025-01-01,Ajmer,26.4499,74.6399,0.0,14.73,50.11,1.37,97.36
2025-01-02,Ajmer,26.4499,74.6399,0.0,16.67,47.43,1.42,97.31
2025-01-03,Ajmer,26.4499,74.6399,0.0,18.04,44.12,1.78,97.23
2025-01-04,Ajmer,26.4499,74.6399,0.0,19.34,40.67,2.04,96.97
2025-01-05,Ajmer,26.4499,74.6399,0.0,18.04,46.23,1.76,96.93
2025-01-06,Ajmer,26.4499,74.6399,0.0,14.02,46.25,2.32,97.22
2025-01-07,Ajmer,26.4499,74.6399,0.0,12.11,42.11,1.8,97.4
2025-01-08,Ajmer,26.4499,74.6399,0.0,15.04,29.02,1.22,97.21
2025-01-09,Ajmer,26.4499,74.6399,0.0,15.57,35.92,2.17,97.2
2025-01-10,Ajmer,26.4499,74.6399,0.0,15.58,44.35,3.44,97.22
2025-01-11,Ajmer,26.4499,74.6399,2.75,14.41,59.11,1.53,97.15
2025-01-12,Ajmer,26.4499,74.6399,0.08,14.08,62.99,1.72,97.39
2025-01-13,Ajmer,26.4499,74.6399,0.0,11.62,67.71,1.61,97.46
2025-01-14,Ajmer,26.4499,74.6399,0.0,12.57,63.82,1.92,97.36
2025-01-15,Ajmer,26.4499,74.6399,0.79,13.88,61.15,2.48,97.34
2025-01-16,Ajmer,26.4499,74.6399,0.07,13.87,56.25,1.91,97.49
2025-01-17,Ajmer,26.4499,74.6399,0.0,12.67,61.64,2.22,97.52
2025-01-18,Ajmer,26.4499,74.6399,0.0,14.65,60.35,1.94,97.22
2025-01-19,Ajmer,26.4499,74.6399,0.0,18.14,52.5,2.54,97.15
2025-01-20,Ajmer,26.4499,74.6399,0.0,18.03,44.18,1.5,97.12
2025-01-21,Ajmer,26.4499,74.6399,0.0,17.2,43.69,1.26,96.98
2025-01-22,Ajmer,26.4499,74.6399,0.0,16.58,46.57,1.85,96.88
2025-01-23,Ajmer,26.4499,74.6399,0.0,15.72,46.8,2.14,97.1
2025-01-24,Ajmer,26.4499,74.6399,0.0,15.13,39.53,1.73,97.22
2025-01-25,Ajmer,26.4499,74.6399,0.0,16.03,26.32,1.31,97.19
2025-01-26,Ajmer,26.4499,74.6399,0.0,16.4,21.59,1.16,97.09
2025-01-27,Ajmer,26.4499,74.6399,0.0,16.65,23.07,1.49,96.91
2025-01-28,Ajmer,26.4499,74.6399,0.0,18.51,25.99,1.52,96.8
2025-01-29,Ajmer,26.4499,74.6399,0.0,20.53,19.09,1.82,96.83
2025-01-30,Ajmer,26.4499,74.6399,0.0,18.22,26.69,2.06,96.67
2025-01-31,Ajmer,26.4499,74.6399,0.0,17.54,28.82,1.59,96.62
2025-02-01,Ajmer,26.4499,74.6399,0.0,16.96,30.95,1.45,96.83
2025-02-02,Ajmer,26.4499,74.6399,0.0,16.32,41.49,1.9,97.04
2025-02-03,Ajmer,26.4499,74.6399,0.19,18.69,37.72,2.13,96.9
2025-02-04,Ajmer,26.4499,74.6399,1.09,18.32,31.55,2.04,96.99
2025-02-05,Ajmer,26.4499,74.6399,0.0,16.06,27.52,1.88,97.15
2025-02-06,Ajmer,26.4499,74.6399,0.0,15.78,29.09,1.75,97.3
2025-02-07,Ajmer,26.4499,74.6399,0.0,15.95,22.03,1.68,97.33
2025-02-08,Ajmer,26.4499,74.6399,0.0,18.07,19.27,1.14,97.14
2025-02-09,Ajmer,26.4499,74.6399,0.0,19.33,21.91,1.37,96.93
2025-02-10,Ajmer,26.4499,74.6399,0.0,21.22,19.15,1.75,96.91
2025-02-11,Ajmer,26.4499,74.6399,0.0,21.0,24.31,2.1,96.92
2025-02-12,Ajmer,26.4499,74.6399,0.0,19.55,27.63,2.18,97.11
2025-02-13,Ajmer,26.4499,74.6399,0.0,19.98,23.11,1.49,97.16
2025-02-14,Ajmer,26.4499,74.6399,0.0,21.93,20.97,2.19,96.94
2025-02-15,Ajmer,26.4499,74.6399,0.0,22.68,28.35,3.03,96.61
2025-02-16,Ajmer,26.4499,74.6399,0.0,22.85,26.18,1.57,96.75
2025-02-17,Ajmer,26.4499,74.6399,0.01,22.73,33.06,1.99,96.94
2025-02-18,Ajmer,26.4499,74.6399,0.1,22.69,36.38,2.17,96.93
2025-02-19,Ajmer,26.4499,74.6399,0.31,23.4,34.6,1.91,96.77
2025-02-20,Ajmer,26.4499,74.6399,0.01,22.33,33.79,3.08,96.81
2025-02-21,Ajmer,26.4499,74.6399,0.0,19.91,32.3,2.33,97.22
2025-02-22,Ajmer,26.4499,74.6399,0.0,19.85,32.2,1.86,97.26
2025-02-23,Ajmer,26.4499,74.6399,0.0,21.06,36.4,1.38,97.25
2025-02-24,Ajmer,26.4499,74.6399,0.0,21.3,32.96,1.82,97.36
2025-02-25,Ajmer,26.4499,74.6399,0.0,23.43,29.1,1.8,97.35
2025-02-26,Ajmer,26.4499,74.6399,0.0,25.14,25.31,1.77,97.33
2025-02-27,Ajmer,26.4499,74.6399,0.0,23.85,28.93,2.35,96.99
2025-02-28,Ajmer,26.4499,74.6399,0.68,23.3,37.59,2.67,96.74
2025-03-01,Ajmer,26.4499,74.6399,0.02,23.21,41.57,2.66,96.77
2025-03-02,Ajmer,26.4499,74.6399,0.37,22.16,46.05,1.91,96.8
2025-03-03,Ajmer,26.4499,74.6399,0.0,23.74,33.92,3.69,96.71
2025-03-04,Ajmer,26.4499,74.6399,0.0,19.5,19.11,3.68,97.09
2025-03-05,Ajmer,26.4499,74.6399,0.0,17.32,21.76,2.66,97.26
2025-03-06,Ajmer,26.4499,74.6399,0.0,21.19,15.04,2.51,96.98
2025-03-07,Ajmer,26.4499,74.6399,0.0,24.11,19.43,2.34,96.71
2025-03-08,Ajmer,26.4499,74.6399,0.0,25.12,19.45,1.52,96.53
2025-03-09,Ajmer,26.4499,74.6399,0.0,26.61,18.29,2.14,96.65
2025-03-10,Ajmer,26.4499,74.6399,0.0,27.8,19.92,1.65,96.97
2025-03-11,Ajmer,26.4499,74.6399,0.0,28.29,20.12,2.23,96.89
2025-03-12,Ajmer,26.4499,74.6399,0.0,27.98,24.74,2.37,96.6
2025-03-13,Ajmer,26.4499,74.6399,0.25,27.88,27.47,2.08,96.39
2025-03-14,Ajmer,26.4499,74.6399,0.26,28.37,29.44,2.88,96.4
2025-03-15,Ajmer,26.4499,74.6399,0.06,25.93,30.69,3.21,96.58
2025-03-16,Ajmer,26.4499,74.6399,0.01,24.83,33.68,2.69,96.82
2025-03-17,Ajmer,26.4499,74.6399,0.18,24.56,25.94,2.37,96.89
2025-03-18,Ajmer,26.4499,74.6399,0.0,24.67,22.09,1.87,96.87
2025-03-19,Ajmer,26.4499,74.6399,0.0,25.66,18.75,2.76,96.83
2025-03-20,Ajmer,26.4499,74.6399,0.03,26.27,19.3,2.76,96.97
2025-03-21,Ajmer,26.4499,74.6399,0.08,26.84,23.17,2.49,97.03
2025-03-22,Ajmer,26.4499,74.6399,0.0,27.38,19.35,2.44,96.89
2025-03-23,Ajmer,26.4499,74.6399,0.0,27.09,15.32,2.12,96.97
2025-03-24,Ajmer,26.4499,74.6399,0.0,28.42,14.61,2.33,96.87
2025-03-25,Ajmer,26.4499,74.6399,0.0,28.75,15.05,2.08,96.54
2025-03-26,Ajmer,26.4499,74.6399,0.0,28.54,19.48,3.27,96.36
2025-03-27,Ajmer,26.4499,74.6399,0.0,27.29,17.4,4.06,96.44
2025-03-28,Ajmer,26.4499,74.6399,0.0,23.41,7.77,3.09,96.72
2025-03-29,Ajmer,26.4499,74.6399,0.0,23.04,8.65,2.31,96.75
2025-03-30,Ajmer,26.4499,74.6399,0.0,25.7,9.28,1.59,96.71
2025-03-31,Ajmer,26.4499,74.6399,0.0,26.46,10.97,1.78,96.72
2025-04-01,Ajmer,26.4499,74.6399,0.0,27.45,12.61,1.71,96.58
2025-04-02,Ajmer,26.4499,74.6399,0.0,28.28,12.01,3.08,96.58
2025-04-03,Ajmer,26.4499,74.6399,0.0,29.63,13.9,2.89,96.62
2025-04-04,Ajmer,26.4499,74.6399,0.0,29.88,11.99,2.48,96.72
2025-04-05,Ajmer,26.4499,74.6399,0.0,29.66,16.33,2.37,96.6
2025-04-06,Ajmer,26.4499,74.6399,0.0,32.64,14.53,2.17,96.36
2025-04-07,Ajmer,26.4499,74.6399,0.0,32.59,14.24,2.18,96.39
2025-04-08,Ajmer,26.4499,74.6399,0.0,33.35,15.79,3.17,96.56
2025-04-09,Ajmer,26.4499,74.6399,0.0,33.81,12.79,4.21,96.45
2025-04-10,Ajmer,26.4499,74.6399,0.07,32.24,16.48,3.33,96.08
2025-04-11,Ajmer,26.4499,74.6399,1.46,31.47,21.62,3.9,95.93
2025-04-12,Ajmer,26.4499,74.6399,0.11,30.8,29.31,3.29,96.2
2025-04-13,Ajmer,26.4499,74.6399,0.1,32.02,24.57,2.15,96.38
2025-04-14,Ajmer,26.4499,74.6399,0.0,32.55,22.33,1.56,96.33
2025-04-15,Ajmer,26.4499,74.6399,0.0,32.61,23.64,2.86,96.33
2025-04-16,Ajmer,26.4499,74.6399,0.0,33.83,22.9,2.16,96.26
2025-04-17,Ajmer,26.4499,74.6399,0.0,34.71,20.06,3.89,96.07
2025-04-18,Ajmer,26.4499,74.6399,0.1,34.72,16.95,5.52,96.03
2025-04-19,Ajmer,26.4499,74.6399,0.0,32.91,17.16,5.32,96.0
2025-04-20,Ajmer,26.4499,74.6399,0.0,31.95,20.93,4.57,96.13
2025-04-21,Ajmer,26.4499,74.6399,0.0,30.56,9.81,2.89,96.48
2025-04-22,Ajmer,26.4499,74.6399,0.0,30.61,7.11,2.51,96.59
2025-04-23,Ajmer,26.4499,74.6399,0.0,30.81,7.35,2.8,96.38
2025-04-24,Ajmer,26.4499,74.6399,0.0,32.05,9.77,3.53,96.16
2025-04-25,Ajmer,26.4499,74.6399,0.0,32.71,13.92,3.58,96.19
2025-04-26,Ajmer,26.4499,74.6399,0.0,32.6,16.25,3.22,96.14
2025-04-27,Ajmer,26.4499,74.6399,0.0,33.51,11.33,1.75,96.24
2025-04-28,Ajmer,26.4499,74.6399,0.0,33.99,12.69,2.05,96.05
2025-04-29,Ajmer,26.4499,74.6399,0.0,33.89,11.75,2.16,96.01
2025-04-30,Ajmer,26.4499,74.6399,0.0,34.72,14.75,2.48,96.11
2025-05-01,Ajmer,26.4499,74.6399,0.09,34.92,17.88,2.06,96.19
2025-05-02,Ajmer,26.4499,74.6399,0.19,34.96,20.52,1.89,96.28
2025-05-03,Ajmer,26.4499,74.6399,0.26,33.78,24.97,3.99,96.14
2025-05-04,Ajmer,26.4499,74.6399,11.35,31.33,37.56,3.14,96.09
2025-05-05,Ajmer,26.4499,74.6399,1.57,30.15,50.31,2.39,96.14
2025-05-06,Ajmer,26.4499,74.6399,2.24,27.68,58.52,1.87,96.18
2025-05-07,Ajmer,26.4499,74.6399,0.47,26.98,60.15,1.37,96.14
2025-05-08,Ajmer,26.4499,74.6399,7.98,28.4,57.07,1.67,96.15
2025-05-09,Ajmer,26.4499,74.6399,2.68,29.33,57.65,1.75,96.31
2025-05-10,Ajmer,26.4499,74.6399,0.03,30.5,51.14,2.28,96.3
2025-05-11,Ajmer,26.4499,74.6399,0.05,32.08,46.15,3.12,96.19
2025-05-12,Ajmer,26.4499,74.6399,2.92,32.73,44.56,3.68,96.12
2025-05-13,Ajmer,26.4499,74.6399,0.28,32.66,46.19,3.0,96.16
2025-05-14,Ajmer,26.4499,74.6399,0.0,33.69,36.53,3.35,96.17
2025-05-15,Ajmer,26.4499,74.6399,0.0,34.75,27.74,3.91,96.18
2025-05-16,Ajmer,26.4499,74.6399,0.0,35.87,27.24,4.47,96.06
2025-05-17,Ajmer,26.4499,74.6399,0.03,35.95,32.58,5.09,96.05
2025-05-18,Ajmer,26.4499,74.6399,0.0,37.02,32.14,4.71,96.02
2025-05-19,Ajmer,26.4499,74.6399,0.0,37.47,28.72,4.63,95.95
2025-05-20,Ajmer,26.4499,74.6399,0.0,37.02,25.62,4.7,95.86
2025-05-21,Ajmer,26.4499,74.6399,0.02,37.38,25.29,4.23,95.84
2025-05-22,Ajmer,26.4499,74.6399,0.0,37.95,26.48,3.72,95.74
2025-05-23,Ajmer,26.4499,74.6399,0.0,37.21,23.49,3.66,95.53
2025-05-24,Ajmer,26.4499,74.6399,0.36,38.2,21.14,2.24,95.4
2025-05-25,Ajmer,26.4499,74.6399,3.29,36.46,33.45,3.97,95.68
2025-05-26,Ajmer,26.4499,74.6399,0.0,36.89,30.75,2.57,95.62
2025-05-27,Ajmer,26.4499,74.6399,0.0,37.08,32.71,2.52,95.49
2025-05-28,Ajmer,26.4499,74.6399,0.38,38.69,28.46,2.02,95.38
2025-05-29,Ajmer,26.4499,74.6399,1.3,36.4,33.07,3.65,95.35
2025-05-30,Ajmer,26.4499,74.6399,0.97,35.08,31.73,4.04,95.33
2025-05-31,Ajmer,26.4499,74.6399,4.61,32.53,37.57,4.85,95.6
2025-06-01,Ajmer,26.4499,74.6399,0.15,32.54,42.2,5.29,95.74
2025-06-02,Ajmer,26.4499,74.6399,5.4,32.11,47.11,4.21,95.67
2025-06-03,Ajmer,26.4499,74.6399,3.07,31.69,45.93,3.87,95.81
2025-06-04,Ajmer,26.4499,74.6399,0.53,31.49,44.1,3.25,96.07
2025-06-05,Ajmer,26.4499,74.6399,0.05,32.55,38.88,2.58,96.32
2025-06-06,Ajmer,26.4499,74.6399,0.12,34.73,33.82,4.8,96.27
2025-06-07,Ajmer,26.4499,74.6399,0.0,35.89,25.1,5.06,96.17
2025-06-08,Ajmer,26.4499,74.6399,0.0,36.15,22.62,5.57,96.1
2025-06-09,Ajmer,26.4499,74.6399,0.0,36.35,21.0,5.75,96.01
2025-06-10,Ajmer,26.4499,74.6399,0.0,36.74,25.68,4.82,95.9
2025-06-11,Ajmer,26.4499,74.6399,0.0,37.19,24.4,3.12,95.85
2025-06-12,Ajmer,26.4499,74.6399,0.0,38.43,20.89,2.38,95.68
2025-06-13,Ajmer,26.4499,74.6399,0.0,39.66,20.77,0.87,95.59
2025-06-14,Ajmer,26.4499,74.6399,1.21,39.33,25.11,2.3,95.51
2025-06-15,Ajmer,26.4499,74.6399,3.3,36.49,36.28,3.23,95.43
2025-06-16,Ajmer,26.4499,74.6399,23.83,31.96,59.07,2.99,95.42
2025-06-17,Ajmer,26.4499,74.6399,8.3,30.17,71.21,3.17,95.51
2025-06-18,Ajmer,26.4499,74.6399,2.51,30.95,66.35,2.12,95.37
2025-06-19,Ajmer,26.4499,74.6399,9.12,32.14,65.31,3.0,95.28
2025-06-20,Ajmer,26.4499,74.6399,12.02,28.91,75.89,4.09,95.59
2025-06-21,Ajmer,26.4499,74.6399,21.04,30.22,71.71,2.29,95.7
2025-06-22,Ajmer,26.4499,74.6399,1.34,30.9,69.24,2.51,95.64
2025-06-23,Ajmer,26.4499,74.6399,2.48,30.12,72.89,2.96,95.46
2025-06-24,Ajmer,26.4499,74.6399,12.34,30.16,74.81,2.35,95.41
2025-06-25,Ajmer,26.4499,74.6399,3.18,30.65,73.6,2.56,95.53
2025-06-26,Ajmer,26.4499,74.6399,2.73,30.83,73.45,3.18,95.68
2025-06-27,Ajmer,26.4499,74.6399,4.16,30.83,70.87,2.92,95.6
2025-06-28,Ajmer,26.4499,74.6399,0.87,30.07,68.21,3.05,95.6
2025-06-29,Ajmer,26.4499,74.6399,1.61,30.47,71.2,3.08,95.45
2025-06-30,Ajmer,26.4499,74.6399,0.16,30.62,66.52,4.53,95.48
2025-07-01,Ajmer,26.4499,74.6399,4.63,30.02,71.7,3.7,95.57
2025-07-02,Ajmer,26.4499,74.6399,28.19,29.4,76.87,1.62,95.49
2025-07-03,Ajmer,26.4499,74.6399,11.48,30.01,76.79,2.26,95.53
2025-07-04,Ajmer,26.4499,74.6399,2.69,28.53,81.35,2.29,95.68
2025-07-05,Ajmer,26.4499,74.6399,0.97,29.57,76.37,2.98,95.63
2025-07-06,Ajmer,26.4499,74.6399,8.4,28.74,79.58,2.27,95.57
2025-07-07,Ajmer,26.4499,74.6399,1.3,27.63,81.28,2.71,95.65
2025-07-08,Ajmer,26.4499,74.6399,0.2,29.66,71.52,2.94,95.74
2025-07-09,Ajmer,26.4499,74.6399,47.15,29.42,75.19,3.19,95.77
2025-07-10,Ajmer,26.4499,74.6399,3.56,28.81,76.77,2.44,95.86
2025-07-11,Ajmer,26.4499,74.6399,5.87,28.24,80.29,2.58,95.89
2025-07-12,Ajmer,26.4499,74.6399,10.33,27.34,84.99,2.52,95.87
2025-07-13,Ajmer,26.4499,74.6399,29.7,28.4,84.25,2.22,95.78
2025-07-14,Ajmer,26.4499,74.6399,10.41,27.63,86.01,2.91,95.53
2025-07-15,Ajmer,26.4499,74.6399,13.72,27.71,82.93,4.8,95.43
2025-07-16,Ajmer,26.4499,74.6399,1.86,28.43,80.29,3.09,95.72
2025-07-17,Ajmer,26.4499,74.6399,4.47,27.78,81.17,2.75,95.9
2025-07-18,Ajmer,26.4499,74.6399,45.83,27.57,86.78,3.84,95.71
2025-07-19,Ajmer,26.4499,74.6399,35.09,27.55,85.05,3.48,95.35
2025-07-20,Ajmer,26.4499,74.6399,3.19,27.42,82.01,3.1,95.54
2025-07-21,Ajmer,26.4499,74.6399,1.59,27.72,84.64,2.48,95.76
2025-07-22,Ajmer,26.4499,74.6399,1.15,28.56,82.19,3.07,95.74
2025-07-23,Ajmer,26.4499,74.6399,1.12,28.14,81.02,3.89,95.53
2025-07-24,Ajmer,26.4499,74.6399,0.05,28.06,80.62,3.39,95.46
2025-07-25,Ajmer,26.4499,74.6399,11.84,28.35,82.6,2.69,95.44
2025-07-26,Ajmer,26.4499,74.6399,22.27,28.11,88.33,2.62,95.42
2025-07-27,Ajmer,26.4499,74.6399,4.09,28.72,82.98,1.93,95.41
2025-07-28,Ajmer,26.4499,74.6399,5.83,28.15,85.05,3.05,95.44
2025-07-29,Ajmer,26.4499,74.6399,1.17,28.4,82.33,3.59,95.51
2025-07-30,Ajmer,26.4499,74.6399,1.02,26.81,84.53,3.5,95.58
2025-07-31,Ajmer,26.4499,74.6399,8.94,25.06,91.25,4.05,95.73
2025-08-01,Ajmer,26.4499,74.6399,1.47,26.93,82.95,3.74,95.85
2025-08-02,Ajmer,26.4499,74.6399,0.8,27.14,82.11,3.74,95.92
2025-08-03,Ajmer,26.4499,74.6399,0.1,27.45,80.62,3.3,96.04
2025-08-04,Ajmer,26.4499,74.6399,0.0,27.61,80.12,3.78,96.13
2025-08-05,Ajmer,26.4499,74.6399,0.0,26.3,83.97,3.49,96.13
2025-08-06,Ajmer,26.4499,74.6399,0.0,27.03,80.39,3.17,96.16
2025-08-07,Ajmer,26.4499,74.6399,0.0,27.26,79.66,3.27,96.12
2025-08-08,Ajmer,26.4499,74.6399,0.0,27.44,77.65,3.08,96.16
2025-08-09,Ajmer,26.4499,74.6399,0.49,27.48,78.02,2.51,96.33
2025-08-10,Ajmer,26.4499,74.6399,0.01,27.48,77.61,2.74,96.21
2025-08-11,Ajmer,26.4499,74.6399,0.0,27.29,77.05,3.36,96.15
2025-08-12,Ajmer,26.4499,74.6399,0.0,27.53,77.18,3.44,96.02
2025-08-13,Ajmer,26.4499,74.6399,0.01,26.93,81.92,2.51,95.93
2025-08-14,Ajmer,26.4499,74.6399,0.33,26.49,86.47,1.16,96.06
2025-08-15,Ajmer,26.4499,74.6399,1.83,28.61,81.16,1.06,95.93
2025-08-16,Ajmer,26.4499,74.6399,3.79,28.95,81.68,2.03,95.75
2025-08-17,Ajmer,26.4499,74.6399,0.46,29.15,80.95,2.86,95.81
2025-08-18,Ajmer,26.4499,74.6399,0.37,27.92,87.33,2.6,95.95
2025-08-19,Ajmer,26.4499,74.6399,0.03,28.58,80.6,2.62,95.85
2025-08-20,Ajmer,26.4499,74.6399,2.89,28.72,80.61,2.87,95.77
2025-08-21,Ajmer,26.4499,74.6399,11.23,27.6,86.22,1.33,95.84
2025-08-22,Ajmer,26.4499,74.6399,10.67,26.32,91.23,3.37,95.79
2025-08-23,Ajmer,26.4499,74.6399,30.24,26.92,86.89,2.63,95.76
2025-08-24,Ajmer,26.4499,74.6399,44.48,26.73,87.92,2.37,95.79
2025-08-25,Ajmer,26.4499,74.6399,6.87,26.9,86.11,2.95,95.71
2025-08-26,Ajmer,26.4499,74.6399,2.05,27.22,86.01,2.92,95.91
2025-08-27,Ajmer,26.4499,74.6399,5.51,27.85,83.86,1.84,95.98
2025-08-28,Ajmer,26.4499,74.6399,2.26,28.09,83.14,1.43,95.9
2025-08-29,Ajmer,26.4499,74.6399,12.21,27.98,85.54,0.9,95.92
2025-08-30,Ajmer,26.4499,74.6399,5.07,27.07,91.13,0.96,96.08
2025-08-31,Ajmer,26.4499,74.6399,46.52,26.47,92.41,2.35,95.9
2025-09-01,Ajmer,26.4499,74.6399,36.16,25.5,92.07,3.66,95.68
2025-09-02,Ajmer,26.4499,74.6399,1.39,26.65,87.37,2.94,95.79
2025-09-03,Ajmer,26.4499,74.6399,7.43,26.77,88.28,2.08,95.98
2025-09-04,Ajmer,26.4499,74.6399,21.5,26.46,88.4,1.62,96.03
2025-09-05,Ajmer,26.4499,74.6399,20.37,26.88,88.15,2.3,95.95
2025-09-06,Ajmer,26.4499,74.6399,31.24,26.56,92.18,2.17,95.83
2025-09-07,Ajmer,26.4499,74.6399,6.92,25.6,90.47,4.82,95.88
2025-09-08,Ajmer,26.4499,74.6399,0.08,25.73,86.98,3.32,96.15
2025-09-09,Ajmer,26.4499,74.6399,0.0,25.68,85.31,1.84,96.51
2025-09-10,Ajmer,26.4499,74.6399,0.0,25.14,85.13,2.54,96.52
2025-09-11,Ajmer,26.4499,74.6399,0.0,24.63,85.96,3.18,96.44
2025-09-12,Ajmer,26.4499,74.6399,0.0,25.24,84.9,2.41,96.52
2025-09-13,Ajmer,26.4499,74.6399,0.0,26.12,82.74,1.78,96.51
2025-09-14,Ajmer,26.4499,74.6399,0.01,26.59,82.02,1.89,96.45
2025-09-15,Ajmer,26.4499,74.6399,0.0,25.84,83.7,2.37,96.29
2025-09-16,Ajmer,26.4499,74.6399,0.0,26.41,84.47,1.97,96.25
2025-09-17,Ajmer,26.4499,74.6399,0.0,27.21,82.89,1.75,96.28
2025-09-18,Ajmer,26.4499,74.6399,0.04,26.98,82.19,1.69,96.31
2025-09-19,Ajmer,26.4499,74.6399,0.09,27.36,79.66,1.42,96.4
2025-09-20,Ajmer,26.4499,74.6399,0.4,27.27,80.63,1.53,96.38
2025-09-21,Ajmer,26.4499,74.6399,0.12,27.18,77.75,1.96,96.32
2025-09-22,Ajmer,26.4499,74.6399,0.0,26.85,79.18,1.9,96.37
2025-09-23,Ajmer,26.4499,74.6399,0.01,26.33,79.18,2.12,96.35
2025-09-24,Ajmer,26.4499,74.6399,0.0,25.94,80.86,2.46,96.24
2025-09-25,Ajmer,26.4499,74.6399,0.0,25.82,78.08,1.89,96.27
2025-09-26,Ajmer,26.4499,74.6399,0.0,26.79,71.28,1.53,96.37
2025-09-27,Ajmer,26.4499,74.6399,0.03,26.78,72.92,1.91,96.43
2025-09-28,Ajmer,26.4499,74.6399,0.02,27.26,83.6,2.99,96.24
2025-09-29,Ajmer,26.4499,74.6399,1.57,26.62,88.28,2.44,96.09
2025-09-30,Ajmer,26.4499,74.6399,4.7,26.23,88.44,1.08,96.0
2025-10-01,Ajmer,26.4499,74.6399,4.79,25.24,85.54,1.59,96.07
2025-10-02,Ajmer,26.4499,74.6399,0.73,26.5,80.39,0.74,96.33
2025-10-03,Ajmer,26.4499,74.6399,3.56,26.17,85.48,0.71,96.6
2025-10-04,Ajmer,26.4499,74.6399,2.69,26.46,83.34,1.71,96.57
2025-10-05,Ajmer,26.4499,74.6399,1.15,25.43,84.09,2.63,96.49
2025-10-06,Ajmer,26.4499,74.6399,13.93,24.69,86.17,3.25,96.52
2025-10-07,Ajmer,26.4499,74.6399,2.94,22.75,79.34,2.65,96.61
2025-10-08,Ajmer,26.4499,74.6399,0.57,22.29,74.14,1.17,96.86
2025-10-09,Ajmer,26.4499,74.6399,0.0,22.8,65.6,0.96,96.99
2025-10-10,Ajmer,26.4499,74.6399,0.0,22.87,60.45,0.98,96.85
2025-10-11,Ajmer,26.4499,74.6399,0.0,23.07,58.5,0.95,96.86
2025-10-12,Ajmer,26.4499,74.6399,0.0,23.54,56.71,1.07,96.81
2025-10-13,Ajmer,26.4499,74.6399,0.0,23.55,57.08,1.01,96.87
2025-10-14,Ajmer,26.4499,74.6399,0.0,22.52,64.3,1.25,96.75
2025-10-15,Ajmer,26.4499,74.6399,0.0,21.86,67.82,1.53,96.76
2025-10-16,Ajmer,26.4499,74.6399,0.0,23.39,59.42,1.11,96.78
2025-10-17,Ajmer,26.4499,74.6399,0.0,24.36,54.22,0.95,96.88
2025-10-18,Ajmer,26.4499,74.6399,0.0,23.61,53.22,0.93,96.81
2025-10-19,Ajmer,26.4499,74.6399,0.0,22.41,60.17,1.49,96.72
2025-10-20,Ajmer,26.4499,74.6399,0.0,22.54,66.47,1.72,96.74
2025-10-21,Ajmer,26.4499,74.6399,0.0,24.04,65.69,1.08,96.9
2025-10-22,Ajmer,26.4499,74.6399,0.0,25.18,54.18,0.99,96.97
2025-10-23,Ajmer,26.4499,74.6399,0.0,23.65,55.88,1.29,96.89
2025-10-24,Ajmer,26.4499,74.6399,0.0,23.49,52.47,1.18,96.85
2025-10-25,Ajmer,26.4499,74.6399,0.0,22.5,57.01,1.5,96.76
2025-10-26,Ajmer,26.4499,74.6399,0.0,22.23,74.02,2.24,96.81
2025-10-27,Ajmer,26.4499,74.6399,17.38,22.32,86.81,3.23,96.85
2025-10-28,Ajmer,26.4499,74.6399,3.18,20.23,87.92,3.4,96.89
2025-10-29,Ajmer,26.4499,74.6399,0.29,21.29,82.63,2.43,96.8
2025-10-30,Ajmer,26.4499,74.6399,1.48,21.71,88.37,2.67,96.76
2025-10-31,Ajmer,26.4499,74.6399,0.02,23.2,77.29,1.15,96.76
2025-11-01,Ajmer,26.4499,74.6399,0.0,23.99,67.63,0.86,96.78
2025-11-02,Ajmer,26.4499,74.6399,0.0,24.36,50.65,0.88,96.83
2025-11-03,Ajmer,26.4499,74.6399,7.94,23.26,58.06,1.51,96.65
2025-11-04,Ajmer,26.4499,74.6399,2.73,23.27,75.43,2.54,96.53
2025-11-05,Ajmer,26.4499,74.6399,0.0,19.78,63.95,2.11,96.73
2025-11-06,Ajmer,26.4499,74.6399,0.0,18.32,49.1,1.54,96.94
2025-11-07,Ajmer,26.4499,74.6399,0.0,19.04,37.2,1.18,97.1
2025-11-08,Ajmer,26.4499,74.6399,0.0,19.13,44.02,1.5,97.14
2025-11-09,Ajmer,26.4499,74.6399,0.0,18.41,51.03,1.64,97.01
2025-11-10,Ajmer,26.4499,74.6399,0.0,18.09,55.31,1.74,96.96
2025-11-11,Ajmer,26.4499,74.6399,0.0,18.62,57.34,1.42,97.07
2025-11-12,Ajmer,26.4499,74.6399,0.0,19.23,55.31,1.46,97.16
2025-11-13,Ajmer,26.4499,74.6399,0.0,19.45,42.73,1.14,97.3
2025-11-14,Ajmer,26.4499,74.6399,0.0,19.0,38.53,0.99,97.27
2025-11-15,Ajmer,26.4499,74.6399,0.0,18.32,42.51,1.06,97.37
2025-11-16,Ajmer,26.4499,74.6399,0.0,18.53,42.97,1.15,97.54
2025-11-17,Ajmer,26.4499,74.6399,0.0,17.84,44.5,1.15,97.44
2025-11-18,Ajmer,26.4499,74.6399,0.0,18.37,45.78,1.12,97.26
2025-11-19,Ajmer,26.4499,74.6399,0.0,18.61,47.78,1.03,97.19
2025-11-20,Ajmer,26.4499,74.6399,0.0,18.37,57.27,1.24,97.25
2025-11-21,Ajmer,26.4499,74.6399,0.0,18.03,61.95,1.52,97.33
2025-11-22,Ajmer,26.4499,74.6399,0.0,18.2,60.12,1.34,97.19
2025-11-23,Ajmer,26.4499,74.6399,0.0,17.55,61.0,1.42,97.16
2025-11-24,Ajmer,26.4499,74.6399,0.0,16.61,72.14,2.24,97.3
2025-11-25,Ajmer,26.4499,74.6399,0.0,16.46,65.14,1.87,97.31
2025-11-26,Ajmer,26.4499,74.6399,0.0,16.49,62.92,2.22,97.27
2025-11-27,Ajmer,26.4499,74.6399,0.12,17.79,72.14,2.65,97.35
2025-11-28,Ajmer,26.4499,74.6399,0.14,17.38,76.0,1.62,97.31
2025-11-29,Ajmer,26.4499,74.6399,0.0,19.62,69.38,1.01,97.15
2025-11-30,Ajmer,26.4499,74.6399,0.0,19.22,66.12,1.24,97.09
2025-12-01,Ajmer,26.4499,74.6399,0.0,18.4,62.5,1.51,97.01
2025-12-02,Ajmer,26.4499,74.6399,0.0,17.62,50.21,1.51,97.05
2025-12-03,Ajmer,26.4499,74.6399,0.0,16.0,50.12,1.35,97.35
2025-12-04,Ajmer,26.4499,74.6399,0.0,15.49,46.42,1.13,97.46
2025-12-05,Ajmer,26.4499,74.6399,0.0,15.68,46.47,1.33,97.57
2025-12-06,Ajmer,26.4499,74.6399,0.0,16.15,37.44,1.13,97.55
2025-12-07,Ajmer,26.4499,74.6399,0.0,18.21,32.44,0.93,97.46
2025-12-08,Ajmer,26.4499,74.6399,0.0,18.38,36.6,1.15,97.47
2025-12-09,Ajmer,26.4499,74.6399,0.0,18.12,36.32,1.1,97.43
2025-12-10,Ajmer,26.4499,74.6399,0.0,18.42,34.33,1.19,97.39
2025-12-11,Ajmer,26.4499,74.6399,0.0,18.84,33.89,1.18,97.3
2025-12-12,Ajmer,26.4499,74.6399,0.0,18.99,33.71,0.88,97.19
2025-12-13,Ajmer,26.4499,74.6399,0.0,18.34,44.26,1.21,97.22
2025-12-14,Ajmer,26.4499,74.6399,0.0,18.02,56.09,1.23,97.32
2025-12-15,Ajmer,26.4499,74.6399,0.0,18.53,52.35,0.99,97.35
2025-12-16,Ajmer,26.4499,74.6399,0.0,17.83,41.12,1.07,97.34
2025-12-17,Ajmer,26.4499,74.6399,0.0,18.13,37.09,0.97,97.4
2025-12-18,Ajmer,26.4499,74.6399,0.0,17.45,41.86,1.11,97.42
2025-12-19,Ajmer,26.4499,74.6399,0.0,18.25,40.73,1.21,97.2
2025-12-20,Ajmer,26.4499,74.6399,0.0,18.27,47.41,1.29,97.01
2025-12-21,Ajmer,26.4499,74.6399,0.0,18.36,57.47,1.78,97.12
2025-12-22,Ajmer,26.4499,74.6399,0.0,19.25,55.19,1.05,97.21
2025-12-23,Ajmer,26.4499,74.6399,0.0,17.36,58.87,1.73,97.19
2025-12-24,Ajmer,26.4499,74.6399,0.0,14.38,51.14,1.61,97.21
2025-12-25,Ajmer,26.4499,74.6399,0.0,14.02,44.27,1.3,97.19
2025-12-26,Ajmer,26.4499,74.6399,0.0,14.38,50.88,1.5,97.22
2025-12-27,Ajmer,26.4499,74.6399,0.0,14.56,49.06,1.53,97.24
2025-12-28,Ajmer,26.4499,74.6399,0.0,14.89,51.31,1.73,97.25
2025-12-29,Ajmer,26.4499,74.6399,0.0,15.5,55.82,1.63,97.19
2025-12-30,Ajmer,26.4499,74.6399,0.0,16.44,56.8,1.79,96.96
2025-12-31,Ajmer,26.4499,74.6399,0.99,15.9,66.08,1.82,96.74
2025-01-01,Alwar,27.553,76.6346,0.0,13.51,42.8,1.26,98.85
2025-01-02,Alwar,27.553,76.6346,0.0,14.78,40.95,1.36,98.81
2025-01-03,Alwar,27.553,76.6346,0.0,17.1,44.05,0.93,98.77
2025-01-04,Alwar,27.553,76.6346,0.0,16.96,47.82,1.31,98.54
2025-01-05,Alwar,27.553,76.6346,0.0,15.15,61.9,1.98,98.49
2025-01-06,Alwar,27.553,76.6346,0.04,14.39,66.46,1.03,98.65
2025-01-07,Alwar,27.553,76.6346,0.0,12.51,55.3,2.1,98.79
2025-01-08,Alwar,27.553,76.6346,0.0,13.69,35.77,2.04,98.61
2025-01-09,Alwar,27.553,76.6346,0.0,14.99,33.33,1.08,98.78
2025-01-10,Alwar,27.553,76.6346,0.0,12.95,46.08,1.65,98.92
2025-01-11,Alwar,27.553,76.6346,2.42,12.06,57.33,1.58,98.78
2025-01-12,Alwar,27.553,76.6346,0.07,12.68,69.06,1.12,98.88
2025-01-13,Alwar,27.553,76.6346,0.0,12.87,69.83,1.54,98.89
2025-01-14,Alwar,27.553,76.6346,0.0,13.91,57.08,1.19,98.87
2025-01-15,Alwar,27.553,76.6346,0.52,14.22,55.84,1.24,98.97
2025-01-16,Alwar,27.553,76.6346,1.18,13.89,76.09,0.99,99.0
2025-01-17,Alwar,27.553,76.6346,0.1,12.48,66.91,1.49,99.03
2025-01-18,Alwar,27.553,76.6346,0.0,13.41,42.36,0.91,98.81
2025-01-19,Alwar,27.553,76.6346,0.0,17.52,52.15,1.35,98.67
2025-01-20,Alwar,27.553,76.6346,0.0,16.68,53.63,1.79,98.57
2025-01-21,Alwar,27.553,76.6346,0.0,16.67,46.83,1.74,98.42
2025-01-22,Alwar,27.553,76.6346,0.02,17.3,53.86,1.08,98.37
2025-01-23,Alwar,27.553,76.6346,0.07,16.96,52.72,1.56,98.52
2025-01-24,Alwar,27.553,76.6346,0.0,15.05,42.29,2.34,98.61
2025-01-25,Alwar,27.553,76.6346,0.0,14.73,34.34,2.08,98.57
2025-01-26,Alwar,27.553,76.6346,0.0,15.01,29.2,1.73,98.52
2025-01-27,Alwar,27.553,76.6346,0.0,15.61,27.36,1.53,98.37
2025-01-28,Alwar,27.553,76.6346,0.0,16.49,27.24,1.31,98.31
2025-01-29,Alwar,27.553,76.6346,0.0,16.38,37.95,1.75,98.42
2025-01-30,Alwar,27.553,76.6346,0.0,16.35,44.63,1.57,98.11
2025-01-31,Alwar,27.553,76.6346,0.0,17.55,40.27,1.33,98.07
2025-02-01,Alwar,27.553,76.6346,0.0,17.71,43.13,1.4,98.29
2025-02-02,Alwar,27.553,76.6346,0.0,16.67,48.11,1.15,98.5
2025-02-03,Alwar,27.553,76.6346,0.0,17.48,44.51,1.31,98.46
2025-02-04,Alwar,27.553,76.6346,0.2,18.19,49.28,1.32,98.44
2025-02-05,Alwar,27.553,76.6346,0.0,15.63,36.45,2.58,98.57
2025-02-06,Alwar,27.553,76.6346,0.0,14.65,34.2,2.12,98.76
2025-02-07,Alwar,27.553,76.6346,0.0,15.14,30.08,2.49,98.72
2025-02-08,Alwar,27.553,76.6346,0.0,17.46,25.21,1.86,98.58
2025-02-09,Alwar,27.553,76.6346,0.0,19.27,24.32,1.09,98.44
2025-02-10,Alwar,27.553,76.6346,0.0,21.28,25.46,0.84,98.39
2025-02-11,Alwar,27.553,76.6346,0.0,21.26,29.53,1.23,98.33
2025-02-12,Alwar,27.553,76.6346,0.0,18.23,37.53,2.16,98.5
2025-02-13,Alwar,27.553,76.6346,0.0,17.66,29.04,2.56,98.57
2025-02-14,Alwar,27.553,76.6346,0.0,19.69,25.27,2.18,98.36
2025-02-15,Alwar,27.553,76.6346,0.0,21.52,32.19,1.87,98.04
2025-02-16,Alwar,27.553,76.6346,0.0,19.05,40.59,1.11,98.28
2025-02-17,Alwar,27.553,76.6346,0.0,20.93,36.37,1.25,98.55
2025-02-18,Alwar,27.553,76.6346,0.09,21.64,38.38,0.92,98.47
2025-02-19,Alwar,27.553,76.6346,0.42,21.58,37.3,0.99,98.32
2025-02-20,Alwar,27.553,76.6346,1.97,21.11,52.03,2.79,98.36
2025-02-21,Alwar,27.553,76.6346,0.0,19.74,46.88,1.56,98.64
2025-02-22,Alwar,27.553,76.6346,0.0,18.71,42.97,2.46,98.68
2025-02-23,Alwar,27.553,76.6346,0.0,19.62,41.23,1.27,98.74
2025-02-24,Alwar,27.553,76.6346,0.0,20.19,37.99,1.42,98.86
2025-02-25,Alwar,27.553,76.6346,0.0,22.12,37.39,1.02,98.87
2025-02-26,Alwar,27.553,76.6346,0.0,23.11,36.85,1.19,98.84
2025-02-27,Alwar,27.553,76.6346,0.0,21.84,40.66,1.56,98.53
2025-02-28,Alwar,27.553,76.6346,3.6,20.54,52.73,1.29,98.24
2025-03-01,Alwar,27.553,76.6346,0.2,21.45,58.55,1.63,98.25
2025-03-02,Alwar,27.553,76.6346,0.01,21.6,47.23,2.0,98.26
2025-03-03,Alwar,27.553,76.6346,0.0,22.24,32.5,1.78,98.12
2025-03-04,Alwar,27.553,76.6346,0.0,21.04,28.51,3.79,98.37
2025-03-05,Alwar,27.553,76.6346,0.0,17.71,23.77,4.14,98.5
2025-03-06,Alwar,27.553,76.6346,0.0,20.44,19.53,2.68,98.33
2025-03-07,Alwar,27.553,76.6346,0.0,21.99,20.81,1.64,98.11
2025-03-08,Alwar,27.553,76.6346,0.0,23.0,23.89,1.8,97.99
2025-03-09,Alwar,27.553,76.6346,0.0,24.04,25.06,1.98,98.24
2025-03-10,Alwar,27.553,76.6346,0.0,25.14,28.79,2.29,98.52
2025-03-11,Alwar,27.553,76.6346,0.0,26.33,29.06,1.8,98.32
2025-03-12,Alwar,27.553,76.6346,0.0,27.18,30.46,1.87,97.95
2025-03-13,Alwar,27.553,76.6346,1.31,28.23,35.21,1.53,97.75
2025-03-14,Alwar,27.553,76.6346,0.81,27.63,38.0,1.61,97.86
2025-03-15,Alwar,27.553,76.6346,0.03,26.19,35.37,2.68,98.0
2025-03-16,Alwar,27.553,76.6346,0.0,25.59,33.07,2.98,98.2
2025-03-17,Alwar,27.553,76.6346,0.0,24.41,30.83,2.09,98.31
2025-03-18,Alwar,27.553,76.6346,0.0,23.78,28.51,1.77,98.31
2025-03-19,Alwar,27.553,76.6346,0.0,24.94,20.92,1.12,98.37
2025-03-20,Alwar,27.553,76.6346,0.0,25.46,22.11,1.38,98.48
2025-03-21,Alwar,27.553,76.6346,0.0,25.26,24.32,1.95,98.44
2025-03-22,Alwar,27.553,76.6346,0.0,25.77,20.89,2.0,98.31
2025-03-23,Alwar,27.553,76.6346,0.22,25.61,17.99,1.01,98.45
2025-03-24,Alwar,27.553,76.6346,0.0,26.79,16.21,1.59,98.38
2025-03-25,Alwar,27.553,76.6346,0.0,28.14,16.78,1.26,97.98
2025-03-26,Alwar,27.553,76.6346,0.0,30.09,16.93,1.36,97.73
2025-03-27,Alwar,27.553,76.6346,0.0,30.01,19.06,2.98,97.71
2025-03-28,Alwar,27.553,76.6346,0.0,25.99,8.54,3.5,97.99
2025-03-29,Alwar,27.553,76.6346,0.0,23.04,9.34,3.27,98.08
2025-03-30,Alwar,27.553,76.6346,0.0,25.49,10.34,2.33,98.08
2025-03-31,Alwar,27.553,76.6346,0.0,26.32,11.86,2.07,98.1
2025-04-01,Alwar,27.553,76.6346,0.0,26.96,13.0,1.86,98.02
2025-04-02,Alwar,27.553,76.6346,0.0,28.33,10.13,1.07,98.08
2025-04-03,Alwar,27.553,76.6346,0.0,28.72,10.65,1.96,98.16
2025-04-04,Alwar,27.553,76.6346,0.33,30.2,15.07,1.87,98.08
2025-04-05,Alwar,27.553,76.6346,0.0,29.31,17.38,2.14,97.93
2025-04-06,Alwar,27.553,76.6346,0.0,31.72,17.53,1.86,97.73
2025-04-07,Alwar,27.553,76.6346,0.0,32.29,16.32,1.88,97.83
2025-04-08,Alwar,27.553,76.6346,0.0,32.19,16.32,2.49,98.02
2025-04-09,Alwar,27.553,76.6346,0.0,32.56,19.99,2.28,97.82
2025-04-10,Alwar,27.553,76.6346,0.0,32.9,23.25,1.59,97.42
2025-04-11,Alwar,27.553,76.6346,0.3,31.93,27.79,2.35,97.31
2025-04-12,Alwar,27.553,76.6346,0.12,30.7,30.9,1.55,97.67
2025-04-13,Alwar,27.553,76.6346,0.01,30.93,26.0,1.47,97.86
2025-04-14,Alwar,27.553,76.6346,0.0,30.96,24.77,2.44,97.88
2025-04-15,Alwar,27.553,76.6346,0.0,31.14,28.65,2.55,97.91
2025-04-16,Alwar,27.553,76.6346,0.0,32.32,26.26,2.05,97.78
2025-04-17,Alwar,27.553,76.6346,0.0,33.97,23.55,2.38,97.48
2025-04-18,Alwar,27.553,76.6346,0.0,35.0,21.93,1.37,97.32
2025-04-19,Alwar,27.553,76.6346,0.01,33.62,18.44,2.96,97.39
2025-04-20,Alwar,27.553,76.6346,0.0,34.05,18.66,1.97,97.38
2025-04-21,Alwar,27.553,76.6346,0.0,33.47,8.32,3.02,97.74
2025-04-22,Alwar,27.553,76.6346,0.0,32.19,7.16,2.26,97.85
2025-04-23,Alwar,27.553,76.6346,0.0,31.9,5.97,2.68,97.64
2025-04-24,Alwar,27.553,76.6346,0.0,33.41,6.67,2.32,97.41
2025-04-25,Alwar,27.553,76.6346,0.0,34.1,9.21,2.73,97.44
2025-04-26,Alwar,27.553,76.6346,0.0,34.48,8.9,1.45,97.51
2025-04-27,Alwar,27.553,76.6346,0.0,33.36,17.32,1.56,97.64
2025-04-28,Alwar,27.553,76.6346,0.0,33.63,14.21,2.65,97.48
2025-04-29,Alwar,27.553,76.6346,0.0,31.5,18.84,2.81,97.58
2025-04-30,Alwar,27.553,76.6346,0.0,32.03,25.38,2.93,97.72
2025-05-01,Alwar,27.553,76.6346,0.11,32.53,30.78,3.35,97.82
2025-05-02,Alwar,27.553,76.6346,8.67,29.97,43.8,2.95,97.91
2025-05-03,Alwar,27.553,76.6346,2.13,31.28,44.14,2.66,97.64
2025-05-04,Alwar,27.553,76.6346,0.26,31.4,38.03,3.2,97.44
2025-05-05,Alwar,27.553,76.6346,0.13,31.73,32.43,3.06,97.58
2025-05-06,Alwar,27.553,76.6346,0.77,28.2,45.39,1.86,97.65
2025-05-07,Alwar,27.553,76.6346,0.08,30.67,40.73,2.55,97.53
2025-05-08,Alwar,27.553,76.6346,0.98,28.64,52.48,2.53,97.65
2025-05-09,Alwar,27.553,76.6346,0.83,31.02,42.6,2.06,97.71
2025-05-10,Alwar,27.553,76.6346,0.73,32.79,39.93,1.2,97.63
2025-05-11,Alwar,27.553,76.6346,0.02,33.61,37.4,1.91,97.52
2025-05-12,Alwar,27.553,76.6346,0.23,34.45,29.42,1.67,97.45
2025-05-13,Alwar,27.553,76.6346,1.19,35.09,35.88,3.36,97.47
2025-05-14,Alwar,27.553,76.6346,0.01,35.79,28.29,2.97,97.45
2025-05-15,Alwar,27.553,76.6346,0.0,36.7,20.5,1.95,97.42
2025-05-16,Alwar,27.553,76.6346,0.0,37.94,18.29,2.44,97.31
2025-05-17,Alwar,27.553,76.6346,0.04,37.65,22.67,3.7,97.28
2025-05-18,Alwar,27.553,76.6346,0.03,38.62,23.12,3.55,97.25
2025-05-19,Alwar,27.553,76.6346,0.04,37.71,23.59,2.08,97.24
2025-05-20,Alwar,27.553,76.6346,0.0,38.77,21.72,3.16,97.07
2025-05-21,Alwar,27.553,76.6346,0.33,38.83,19.56,1.88,97.09
2025-05-22,Alwar,27.553,76.6346,3.22,34.43,31.5,3.82,97.24
2025-05-23,Alwar,27.553,76.6346,0.0,34.78,34.45,4.14,97.07
2025-05-24,Alwar,27.553,76.6346,0.0,35.81,31.03,4.44,97.05
2025-05-25,Alwar,27.553,76.6346,20.91,32.03,51.35,3.65,97.38
2025-05-26,Alwar,27.553,76.6346,0.09,32.56,47.82,3.16,97.26
2025-05-27,Alwar,27.553,76.6346,0.0,33.33,42.32,1.97,97.04
2025-05-28,Alwar,27.553,76.6346,0.0,34.45,44.39,2.05,96.91
2025-05-29,Alwar,27.553,76.6346,0.13,34.88,42.2,1.86,96.74
2025-05-30,Alwar,27.553,76.6346,0.3,34.48,41.76,2.19,96.66
2025-05-31,Alwar,27.553,76.6346,0.81,34.73,30.85,2.17,96.86
2025-06-01,Alwar,27.553,76.6346,3.99,33.72,38.52,3.53,97.01
2025-06-02,Alwar,27.553,76.6346,1.97,32.16,46.8,2.63,97.0
2025-06-03,Alwar,27.553,76.6346,0.63,31.69,46.06,2.12,97.23
2025-06-04,Alwar,27.553,76.6346,0.09,32.1,39.71,2.42,97.48
2025-06-05,Alwar,27.553,76.6346,0.09,32.8,37.05,1.3,97.74
2025-06-06,Alwar,27.553,76.6346,0.93,34.14,34.46,1.79,97.65
2025-06-07,Alwar,27.553,76.6346,0.0,35.91,30.57,1.86,97.46
2025-06-08,Alwar,27.553,76.6346,0.0,37.7,25.37,2.0,97.3
2025-06-09,Alwar,27.553,76.6346,0.0,38.1,19.25,3.73,97.16
2025-06-10,Alwar,27.553,76.6346,0.0,38.34,18.24,3.73,97.07
2025-06-11,Alwar,27.553,76.6346,0.0,38.68,19.49,3.23,97.08
2025-06-12,Alwar,27.553,76.6346,0.0,38.9,21.77,2.04,97.07
2025-06-13,Alwar,27.553,76.6346,0.0,39.01,28.31,2.93,97.06
2025-06-14,Alwar,27.553,76.6346,2.27,38.25,27.8,2.26,96.97
2025-06-15,Alwar,27.553,76.6346,0.78,36.69,36.21,2.95,96.88
2025-06-16,Alwar,27.553,76.6346,9.41,33.62,53.64,3.18,96.91
2025-06-17,Alwar,27.553,76.6346,10.38,32.15,61.04,2.26,97.01
2025-06-18,Alwar,27.553,76.6346,16.62,29.97,70.32,2.69,96.88
2025-06-19,Alwar,27.553,76.6346,1.85,29.86,72.57,4.31,96.73
2025-06-20,Alwar,27.553,76.6346,13.34,29.89,75.47,2.21,96.96
2025-06-21,Alwar,27.553,76.6346,0.83,32.28,63.8,2.52,97.09
2025-06-22,Alwar,27.553,76.6346,4.82,32.93,59.49,1.84,97.0
2025-06-23,Alwar,27.553,76.6346,5.95,32.66,60.5,1.62,96.8
2025-06-24,Alwar,27.553,76.6346,3.16,33.18,58.86,1.41,96.76
2025-06-25,Alwar,27.553,76.6346,1.42,32.87,60.62,3.11,96.99
2025-06-26,Alwar,27.553,76.6346,2.67,32.89,59.61,3.4,97.17
2025-06-27,Alwar,27.553,76.6346,7.84,32.3,62.45,2.97,97.08
2025-06-28,Alwar,27.553,76.6346,5.94,32.32,62.67,2.37,96.99
2025-06-29,Alwar,27.553,76.6346,18.81,31.43,67.63,2.17,96.81
2025-06-30,Alwar,27.553,76.6346,33.14,29.15,80.41,2.44,96.83
2025-07-01,Alwar,27.553,76.6346,7.06,29.84,73.48,2.6,96.98
2025-07-02,Alwar,27.553,76.6346,13.71,29.9,75.65,2.58,96.96
2025-07-03,Alwar,27.553,76.6346,2.87,30.29,75.82,3.05,97.02
2025-07-04,Alwar,27.553,76.6346,12.74,30.73,75.23,2.1,97.05
2025-07-05,Alwar,27.553,76.6346,4.31,31.42,72.24,1.6,96.98
2025-07-06,Alwar,27.553,76.6346,11.81,30.69,77.23,1.31,96.92
2025-07-07,Alwar,27.553,76.6346,0.53,31.03,76.3,1.89,96.97
2025-07-08,Alwar,27.553,76.6346,2.11,29.66,77.75,1.94,97.06
2025-07-09,Alwar,27.553,76.6346,10.32,30.75,73.14,2.1,97.1
2025-07-10,Alwar,27.553,76.6346,27.94,28.17,86.24,1.29,97.28
2025-07-11,Alwar,27.553,76.6346,2.71,29.23,78.14,1.09,97.28
2025-07-12,Alwar,27.553,76.6346,3.61,29.63,76.57,1.31,97.26
2025-07-13,Alwar,27.553,76.6346,10.53,29.04,80.21,2.45,97.18
2025-07-14,Alwar,27.553,76.6346,3.98,28.18,85.41,4.2,96.93
2025-07-15,Alwar,27.553,76.6346,8.94,28.89,82.59,3.13,96.84
2025-07-16,Alwar,27.553,76.6346,5.11,28.3,83.67,2.74,97.15
2025-07-17,Alwar,27.553,76.6346,2.84,28.44,83.14,2.54,97.29
2025-07-18,Alwar,27.553,76.6346,12.96,27.76,84.57,4.54,97.05
2025-07-19,Alwar,27.553,76.6346,1.88,28.54,82.22,4.03,96.85
2025-07-20,Alwar,27.553,76.6346,0.01,29.48,77.19,2.5,96.96
2025-07-21,Alwar,27.553,76.6346,0.0,29.1,80.83,1.18,97.19
2025-07-22,Alwar,27.553,76.6346,6.61,29.28,81.47,1.32,97.08
2025-07-23,Alwar,27.553,76.6346,14.33,29.75,81.62,2.16,96.81
2025-07-24,Alwar,27.553,76.6346,2.63,30.41,75.81,2.35,96.69
2025-07-25,Alwar,27.553,76.6346,13.17,30.93,74.66,2.09,96.7
2025-07-26,Alwar,27.553,76.6346,2.46,30.31,77.89,1.07,96.78
2025-07-27,Alwar,27.553,76.6346,0.4,30.42,76.55,2.04,96.73
2025-07-28,Alwar,27.553,76.6346,12.48,30.03,81.4,1.18,96.75
2025-07-29,Alwar,27.553,76.6346,9.3,28.92,85.49,1.79,96.82
2025-07-30,Alwar,27.553,76.6346,11.07,28.52,86.05,1.94,96.87
2025-07-31,Alwar,27.553,76.6346,6.24,28.81,85.65,1.9,96.98
2025-08-01,Alwar,27.553,76.6346,13.43,28.37,84.33,2.32,97.15
2025-08-02,Alwar,27.553,76.6346,0.9,29.23,80.84,2.5,97.19
2025-08-03,Alwar,27.553,76.6346,6.03,28.91,81.68,2.86,97.33
2025-08-04,Alwar,27.553,76.6346,2.56,28.83,81.84,2.76,97.41
2025-08-05,Alwar,27.553,76.6346,5.2,28.51,82.49,2.94,97.43
2025-08-06,Alwar,27.553,76.6346,0.09,28.5,78.07,1.96,97.49
2025-08-07,Alwar,27.553,76.6346,0.01,29.37,75.39,3.03,97.39
2025-08-08,Alwar,27.553,76.6346,9.62,29.66,73.72,2.77,97.45
2025-08-09,Alwar,27.553,76.6346,13.85,29.0,77.58,2.19,97.64
2025-08-10,Alwar,27.553,76.6346,10.97,29.02,79.36,1.84,97.51
2025-08-11,Alwar,27.553,76.6346,1.92,29.44,78.29,2.41,97.42
2025-08-12,Alwar,27.553,76.6346,2.28,29.59,77.54,2.01,97.33
2025-08-13,Alwar,27.553,76.6346,4.51,27.84,83.62,1.88,97.29
2025-08-14,Alwar,27.553,76.6346,22.37,27.2,89.92,1.74,97.52
2025-08-15,Alwar,27.553,76.6346,1.31,28.03,83.01,1.46,97.41
2025-08-16,Alwar,27.553,76.6346,0.06,28.67,81.94,1.87,97.25
2025-08-17,Alwar,27.553,76.6346,0.9,28.69,84.1,2.24,97.35
2025-08-18,Alwar,27.553,76.6346,0.12,28.35,85.53,2.64,97.49
2025-08-19,Alwar,27.553,76.6346,0.93,28.86,82.08,2.44,97.37
2025-08-20,Alwar,27.553,76.6346,1.28,28.72,81.83,2.7,97.3
2025-08-21,Alwar,27.553,76.6346,7.69,28.27,84.13,1.97,97.29
2025-08-22,Alwar,27.553,76.6346,4.37,29.62,77.85,1.08,97.07
2025-08-23,Alwar,27.553,76.6346,18.47,28.58,84.14,1.36,97.1
2025-08-24,Alwar,27.553,76.6346,5.44,28.49,84.35,1.75,97.15
2025-08-25,Alwar,27.553,76.6346,19.67,27.6,89.07,1.79,97.06
2025-08-26,Alwar,27.553,76.6346,3.9,27.87,87.07,2.56,97.31
2025-08-27,Alwar,27.553,76.6346,8.42,28.39,85.89,1.6,97.36
2025-08-28,Alwar,27.553,76.6346,1.95,28.04,86.93,1.72,97.32
2025-08-29,Alwar,27.553,76.6346,2.77,27.85,87.47,2.56,97.43
2025-08-30,Alwar,27.553,76.6346,20.93,27.96,87.81,2.28,97.56
2025-08-31,Alwar,27.553,76.6346,18.38,27.51,90.3,1.96,97.35
2025-09-01,Alwar,27.553,76.6346,33.74,26.88,88.91,2.52,97.03
2025-09-02,Alwar,27.553,76.6346,24.2,27.1,88.01,1.82,97.14
2025-09-03,Alwar,27.553,76.6346,25.45,26.65,89.72,2.07,97.45
2025-09-04,Alwar,27.553,76.6346,25.04,26.91,89.26,2.13,97.48
2025-09-05,Alwar,27.553,76.6346,42.43,26.93,91.3,3.91,97.41
2025-09-06,Alwar,27.553,76.6346,5.14,27.28,89.24,3.48,97.5
2025-09-07,Alwar,27.553,76.6346,4.19,27.22,87.79,2.32,97.54
2025-09-08,Alwar,27.553,76.6346,2.99,27.1,86.03,1.76,97.68
2025-09-09,Alwar,27.553,76.6346,0.01,27.94,81.84,1.64,97.83
2025-09-10,Alwar,27.553,76.6346,0.0,27.44,82.99,2.92,97.74
2025-09-11,Alwar,27.553,76.6346,0.0,26.88,82.53,2.81,97.69
2025-09-12,Alwar,27.553,76.6346,0.0,27.45,81.17,2.08,97.83
2025-09-13,Alwar,27.553,76.6346,0.0,27.88,76.63,1.46,97.84
2025-09-14,Alwar,27.553,76.6346,0.01,28.58,78.16,1.4,97.76
2025-09-15,Alwar,27.553,76.6346,0.19,28.11,79.93,2.0,97.58
2025-09-16,Alwar,27.553,76.6346,0.51,28.19,80.25,1.28,97.6
2025-09-17,Alwar,27.553,76.6346,12.81,28.09,83.51,1.37,97.63
2025-09-18,Alwar,27.553,76.6346,3.59,28.34,81.24,0.76,97.65
2025-09-19,Alwar,27.553,76.6346,0.11,29.05,73.73,1.02,97.72
2025-09-20,Alwar,27.553,76.6346,0.1,28.32,73.74,1.67,97.69
2025-09-21,Alwar,27.553,76.6346,0.0,28.15,68.55,1.72,97.62
2025-09-22,Alwar,27.553,76.6346,0.0,27.01,68.14,1.83,97.66
2025-09-23,Alwar,27.553,76.6346,0.0,27.12,70.32,2.14,97.61
2025-09-24,Alwar,27.553,76.6346,0.0,27.64,71.26,2.35,97.5
2025-09-25,Alwar,27.553,76.6346,0.0,27.71,67.31,1.97,97.56
2025-09-26,Alwar,27.553,76.6346,0.0,27.46,66.38,1.82,97.69
2025-09-27,Alwar,27.553,76.6346,0.05,27.7,78.04,1.55,97.86
2025-09-28,Alwar,27.553,76.6346,0.0,27.36,85.25,2.37,97.77
2025-09-29,Alwar,27.553,76.6346,0.05,27.55,84.14,2.04,97.62
2025-09-30,Alwar,27.553,76.6346,9.28,26.01,91.82,1.32,97.49
2025-10-01,Alwar,27.553,76.6346,1.57,26.14,83.91,1.16,97.51
2025-10-02,Alwar,27.553,76.6346,1.05,26.31,82.51,1.45,97.8
2025-10-03,Alwar,27.553,76.6346,0.0,26.08,85.3,1.66,98.07
2025-10-04,Alwar,27.553,76.6346,0.0,27.72,73.77,1.14,97.88
2025-10-05,Alwar,27.553,76.6346,0.72,27.21,75.26,1.87,97.81
2025-10-06,Alwar,27.553,76.6346,18.73,25.59,83.0,1.45,97.96
2025-10-07,Alwar,27.553,76.6346,14.0,24.71,80.61,1.69,98.0
2025-10-08,Alwar,27.553,76.6346,0.01,22.45,77.41,1.44,98.24
2025-10-09,Alwar,27.553,76.6346,0.0,22.54,67.09,1.44,98.39
2025-10-10,Alwar,27.553,76.6346,0.0,22.54,64.06,1.15,98.27
2025-10-11,Alwar,27.553,76.6346,0.0,23.11,63.13,1.21,98.25
2025-10-12,Alwar,27.553,76.6346,0.0,23.85,62.77,1.14,98.21
2025-10-13,Alwar,27.553,76.6346,0.0,23.42,63.69,1.05,98.31
2025-10-14,Alwar,27.553,76.6346,0.0,23.17,62.78,1.13,98.22
2025-10-15,Alwar,27.553,76.6346,0.0,22.71,63.74,1.25,98.2
2025-10-16,Alwar,27.553,76.6346,0.0,23.34,59.33,0.97,98.19
2025-10-17,Alwar,27.553,76.6346,0.0,24.04,54.98,0.97,98.32
2025-10-18,Alwar,27.553,76.6346,0.0,23.27,60.28,1.13,98.27
2025-10-19,Alwar,27.553,76.6346,0.0,23.26,62.93,1.54,98.2
2025-10-20,Alwar,27.553,76.6346,0.0,23.77,62.52,1.59,98.24
2025-10-21,Alwar,27.553,76.6346,0.0,24.02,69.15,1.08,98.37
2025-10-22,Alwar,27.553,76.6346,0.0,25.56,58.87,0.72,98.39
2025-10-23,Alwar,27.553,76.6346,0.0,24.8,53.5,0.95,98.3
2025-10-24,Alwar,27.553,76.6346,0.0,24.04,55.72,1.03,98.29
2025-10-25,Alwar,27.553,76.6346,0.0,23.05,59.47,1.07,98.24
2025-10-26,Alwar,27.553,76.6346,0.17,22.99,65.82,1.37,98.33
2025-10-27,Alwar,27.553,76.6346,4.26,21.24,81.04,1.68,98.44
2025-10-28,Alwar,27.553,76.6346,2.4,19.26,85.05,1.88,98.48
2025-10-29,Alwar,27.553,76.6346,0.03,21.65,78.35,1.36,98.31
2025-10-30,Alwar,27.553,76.6346,0.56,21.94,85.87,1.34,98.26
2025-10-31,Alwar,27.553,76.6346,0.01,23.14,76.74,0.99,98.18
2025-11-01,Alwar,27.553,76.6346,0.0,24.38,65.67,1.27,98.17
2025-11-02,Alwar,27.553,76.6346,0.0,23.58,50.11,1.42,98.2
2025-11-03,Alwar,27.553,76.6346,0.0,23.2,44.84,2.0,98.02
2025-11-04,Alwar,27.553,76.6346,0.18,21.15,66.09,1.52,98.0
2025-11-05,Alwar,27.553,76.6346,0.0,22.16,55.74,1.47,98.04
2025-11-06,Alwar,27.553,76.6346,0.0,18.6,50.05,2.31,98.32
2025-11-07,Alwar,27.553,76.6346,0.0,17.87,39.71,2.01,98.48
2025-11-08,Alwar,27.553,76.6346,0.0,18.31,40.62,1.6,98.53
2025-11-09,Alwar,27.553,76.6346,0.0,19.34,38.38,1.33,98.41
2025-11-10,Alwar,27.553,76.6346,0.0,19.66,39.45,0.97,98.37
2025-11-11,Alwar,27.553,76.6346,0.0,18.87,42.33,1.38,98.48
2025-11-12,Alwar,27.553,76.6346,0.0,19.6,39.86,1.33,98.57
2025-11-13,Alwar,27.553,76.6346,0.0,18.47,42.55,1.41,98.71
2025-11-14,Alwar,27.553,76.6346,0.0,19.04,36.8,1.15,98.7
2025-11-15,Alwar,27.553,76.6346,0.0,18.54,36.89,1.35,98.81
2025-11-16,Alwar,27.553,76.6346,0.0,17.73,39.35,1.69,98.99
2025-11-17,Alwar,27.553,76.6346,0.0,17.29,41.48,1.5,98.9
2025-11-18,Alwar,27.553,76.6346,0.0,17.58,45.8,1.47,98.69
2025-11-19,Alwar,27.553,76.6346,0.0,17.61,50.17,1.21,98.68
2025-11-20,Alwar,27.553,76.6346,0.0,17.64,61.69,1.34,98.74
2025-11-21,Alwar,27.553,76.6346,0.0,17.69,64.39,1.31,98.84
2025-11-22,Alwar,27.553,76.6346,0.0,18.55,58.66,1.2,98.67
2025-11-23,Alwar,27.553,76.6346,0.0,18.8,53.98,0.95,98.68
2025-11-24,Alwar,27.553,76.6346,0.0,18.35,51.51,1.03,98.81
2025-11-25,Alwar,27.553,76.6346,0.0,17.59,44.65,1.07,98.81
2025-11-26,Alwar,27.553,76.6346,0.0,16.52,41.09,1.06,98.83
2025-11-27,Alwar,27.553,76.6346,0.0,16.85,46.84,1.06,98.93
2025-11-28,Alwar,27.553,76.6346,0.0,18.59,46.97,0.99,98.79
2025-11-29,Alwar,27.553,76.6346,0.0,18.7,50.78,1.37,98.61
2025-11-30,Alwar,27.553,76.6346,0.0,16.85,49.05,1.63,98.56
2025-12-01,Alwar,27.553,76.6346,0.0,17.74,47.53,1.09,98.5
2025-12-02,Alwar,27.553,76.6346,0.0,18.01,65.58,1.48,98.47
2025-12-03,Alwar,27.553,76.6346,0.0,15.51,47.6,1.38,98.85
2025-12-04,Alwar,27.553,76.6346,0.0,15.17,39.49,1.51,98.92
2025-12-05,Alwar,27.553,76.6346,0.0,14.8,37.67,1.41,99.04
2025-12-06,Alwar,27.553,76.6346,0.0,15.16,42.34,1.87,98.95
2025-12-07,Alwar,27.553,76.6346,0.0,16.39,37.19,1.78,98.86
2025-12-08,Alwar,27.553,76.6346,0.0,17.04,40.17,1.97,98.85
2025-12-09,Alwar,27.553,76.6346,0.0,16.43,39.25,2.39,98.82
2025-12-10,Alwar,27.553,76.6346,0.0,16.75,38.94,1.67,98.79
2025-12-11,Alwar,27.553,76.6346,0.0,17.92,36.24,1.48,98.69
2025-12-12,Alwar,27.553,76.6346,0.0,17.57,36.91,1.39,98.62
2025-12-13,Alwar,27.553,76.6346,0.0,17.54,40.25,0.93,98.72
2025-12-14,Alwar,27.553,76.6346,0.0,17.95,43.58,0.84,98.81
2025-12-15,Alwar,27.553,76.6346,0.0,17.98,43.24,1.28,98.77
2025-12-16,Alwar,27.553,76.6346,0.0,16.01,44.77,1.73,98.74
2025-12-17,Alwar,27.553,76.6346,0.0,16.65,44.8,1.8,98.8
2025-12-18,Alwar,27.553,76.6346,0.0,16.27,49.61,1.73,98.85
2025-12-19,Alwar,27.553,76.6346,0.0,16.9,42.83,1.59,98.63
2025-12-20,Alwar,27.553,76.6346,0.0,16.5,39.98,1.22,98.47
2025-12-21,Alwar,27.553,76.6346,0.0,16.69,49.96,1.11,98.65
2025-12-22,Alwar,27.553,76.6346,0.0,16.83,59.06,0.79,98.7
2025-12-23,Alwar,27.553,76.6346,0.0,17.63,53.96,1.84,98.56
2025-12-24,Alwar,27.553,76.6346,0.0,14.99,47.34,2.43,98.58
2025-12-25,Alwar,27.553,76.6346,0.0,14.95,40.53,1.31,98.65
2025-12-26,Alwar,27.553,76.6346,0.0,15.41,39.84,1.15,98.71
2025-12-27,Alwar,27.553,76.6346,0.0,15.23,39.1,1.25,98.69
2025-12-28,Alwar,27.553,76.6346,0.0,14.61,38.6,1.15,98.75
2025-12-29,Alwar,27.553,76.6346,0.0,15.63,39.26,1.0,98.7
2025-12-30,Alwar,27.553,76.6346,0.0,16.32,41.18,1.08,98.45
2025-12-31,Alwar,27.553,76.6346,0.0,15.24,61.17,1.28,98.26
2025-01-01,Balotra,25.832,71.396,0.0,17.05,31.95,2.32,99.32
2025-01-02,Balotra,25.832,71.396,0.0,18.92,28.72,1.57,99.24
2025-01-03,Balotra,25.832,71.396,0.0,20.93,29.98,1.55,99.14
2025-01-04,Balotra,25.832,71.396,0.0,19.98,37.29,2.09,98.95
2025-01-05,Balotra,25.832,71.396,0.0,16.51,41.17,2.51,99.02
2025-01-06,Balotra,25.832,71.396,0.0,15.02,31.99,2.59,99.3
2025-01-07,Balotra,25.832,71.396,0.0,14.24,28.15,2.23,99.44
2025-01-08,Balotra,25.832,71.396,0.0,17.0,20.04,1.09,99.21
2025-01-09,Balotra,25.832,71.396,0.0,18.41,17.01,1.57,99.1
2025-01-10,Balotra,25.832,71.396,0.05,17.84,28.52,2.11,99.08
2025-01-11,Balotra,25.832,71.396,0.94,18.33,30.75,2.05,99.1
2025-01-12,Balotra,25.832,71.396,0.0,15.68,41.82,2.9,99.43
2025-01-13,Balotra,25.832,71.396,0.0,13.72,56.76,3.0,99.49
2025-01-14,Balotra,25.832,71.396,0.0,14.22,54.57,2.48,99.35
2025-01-15,Balotra,25.832,71.396,0.0,15.36,48.63,2.74,99.34
2025-01-16,Balotra,25.832,71.396,0.0,15.65,37.5,2.33,99.51
2025-01-17,Balotra,25.832,71.396,0.0,14.45,38.84,3.33,99.45
2025-01-18,Balotra,25.832,71.396,0.0,16.4,39.05,2.38,99.13
2025-01-19,Balotra,25.832,71.396,0.0,18.62,28.73,1.88,99.12
2025-01-20,Balotra,25.832,71.396,0.0,17.81,35.32,2.17,99.12
2025-01-21,Balotra,25.832,71.396,0.0,17.35,34.85,2.34,99.01
2025-01-22,Balotra,25.832,71.396,0.0,17.18,40.29,2.11,98.94
2025-01-23,Balotra,25.832,71.396,0.0,17.24,39.94,2.78,99.17
2025-01-24,Balotra,25.832,71.396,0.0,16.57,36.81,2.93,99.23
2025-01-25,Balotra,25.832,71.396,0.0,16.48,22.23,1.98,99.2
2025-01-26,Balotra,25.832,71.396,0.0,16.96,15.04,1.73,99.07
2025-01-27,Balotra,25.832,71.396,0.0,18.04,14.13,1.85,98.9
2025-01-28,Balotra,25.832,71.396,0.0,19.72,14.39,1.53,98.76
2025-01-29,Balotra,25.832,71.396,0.0,21.07,20.05,2.41,98.78
2025-01-30,Balotra,25.832,71.396,0.0,19.53,25.13,2.36,98.7
2025-01-31,Balotra,25.832,71.396,0.0,18.09,27.86,1.64,98.64
2025-02-01,Balotra,25.832,71.396,0.0,17.46,30.59,1.97,98.82
2025-02-02,Balotra,25.832,71.396,0.0,17.61,30.96,3.25,99.05
2025-02-03,Balotra,25.832,71.396,0.0,17.51,25.93,2.31,98.93
2025-02-04,Balotra,25.832,71.396,0.0,17.5,25.86,2.16,99.05
2025-02-05,Balotra,25.832,71.396,0.0,17.33,26.07,1.48,99.16
2025-02-06,Balotra,25.832,71.396,0.0,16.95,17.84,2.51,99.28
2025-02-07,Balotra,25.832,71.396,0.0,17.69,18.18,2.49,99.3
2025-02-08,Balotra,25.832,71.396,0.0,20.49,14.56,1.82,99.09
2025-02-09,Balotra,25.832,71.396,0.0,19.92,15.86,1.62,98.91
2025-02-10,Balotra,25.832,71.396,0.0,21.9,16.74,1.99,98.9
2025-02-11,Balotra,25.832,71.396,0.0,21.58,34.64,2.47,98.92
2025-02-12,Balotra,25.832,71.396,0.0,21.09,23.43,1.77,99.13
2025-02-13,Balotra,25.832,71.396,0.0,21.28,20.01,1.94,99.14
2025-02-14,Balotra,25.832,71.396,0.0,24.48,19.77,2.23,98.9
2025-02-15,Balotra,25.832,71.396,0.0,23.85,32.51,3.34,98.63
2025-02-16,Balotra,25.832,71.396,0.0,24.68,29.53,2.68,98.68
2025-02-17,Balotra,25.832,71.396,0.0,24.65,27.32,2.19,98.88
2025-02-18,Balotra,25.832,71.396,0.0,24.27,27.94,2.34,98.94
2025-02-19,Balotra,25.832,71.396,0.0,24.04,31.94,2.62,98.71
2025-02-20,Balotra,25.832,71.396,0.0,22.44,36.85,2.82,98.81
2025-02-21,Balotra,25.832,71.396,0.0,21.52,25.72,2.19,99.18
2025-02-22,Balotra,25.832,71.396,0.0,22.01,27.72,1.98,99.22
2025-02-23,Balotra,25.832,71.396,0.0,23.04,29.68,1.58,99.18
2025-02-24,Balotra,25.832,71.396,0.0,24.55,30.71,1.58,99.23
2025-02-25,Balotra,25.832,71.396,0.0,26.62,28.82,2.15,99.23
2025-02-26,Balotra,25.832,71.396,0.0,27.75,25.54,1.56,99.21
2025-02-27,Balotra,25.832,71.396,0.0,24.98,32.61,2.4,98.9
2025-02-28,Balotra,25.832,71.396,0.0,24.64,44.36,3.77,98.68
2025-03-01,Balotra,25.832,71.396,0.0,23.92,44.8,2.75,98.72
2025-03-02,Balotra,25.832,71.396,0.0,24.83,37.81,2.09,98.74
2025-03-03,Balotra,25.832,71.396,0.0,24.32,34.75,4.44,98.69
2025-03-04,Balotra,25.832,71.396,0.0,19.82,13.45,4.09,99.19
2025-03-05,Balotra,25.832,71.396,0.0,19.59,14.26,2.13,99.32
2025-03-06,Balotra,25.832,71.396,0.0,23.82,13.21,2.86,98.97
2025-03-07,Balotra,25.832,71.396,0.0,26.02,21.32,2.64,98.71
2025-03-08,Balotra,25.832,71.396,0.0,27.22,23.79,2.01,98.44
2025-03-09,Balotra,25.832,71.396,0.0,27.98,18.16,2.09,98.58
2025-03-10,Balotra,25.832,71.396,0.0,30.33,16.99,1.59,98.88
2025-03-11,Balotra,25.832,71.396,0.0,31.23,18.48,1.9,98.84
2025-03-12,Balotra,25.832,71.396,0.0,29.3,22.3,2.52,98.6
2025-03-13,Balotra,25.832,71.396,0.0,29.17,24.5,2.38,98.36
2025-03-14,Balotra,25.832,71.396,0.0,28.17,31.63,3.49,98.32
2025-03-15,Balotra,25.832,71.396,0.0,26.23,35.17,2.75,98.56
2025-03-16,Balotra,25.832,71.396,0.0,26.24,30.79,2.35,98.79
2025-03-17,Balotra,25.832,71.396,0.0,26.95,20.1,1.7,98.84
2025-03-18,Balotra,25.832,71.396,0.0,26.73,17.36,1.73,98.76
2025-03-19,Balotra,25.832,71.396,0.0,27.09,16.0,1.87,98.74
2025-03-20,Balotra,25.832,71.396,0.0,26.79,25.11,1.69,98.87
2025-03-21,Balotra,25.832,71.396,0.05,28.53,20.39,1.53,98.96
2025-03-22,Balotra,25.832,71.396,0.0,29.53,16.91,1.8,98.83
2025-03-23,Balotra,25.832,71.396,0.0,29.72,17.57,1.79,98.86
2025-03-24,Balotra,25.832,71.396,0.0,29.38,17.05,2.67,98.8
2025-03-25,Balotra,25.832,71.396,0.0,28.82,17.8,3.42,98.5
2025-03-26,Balotra,25.832,71.396,0.0,28.28,29.37,4.72,98.25
2025-03-27,Balotra,25.832,71.396,0.0,25.67,20.78,4.65,98.48
2025-03-28,Balotra,25.832,71.396,0.0,23.55,8.94,3.18,98.75
2025-03-29,Balotra,25.832,71.396,0.0,24.6,8.51,2.75,98.72
2025-03-30,Balotra,25.832,71.396,0.0,26.43,9.86,1.61,98.67
2025-03-31,Balotra,25.832,71.396,0.0,29.17,9.19,1.38,98.64
2025-04-01,Balotra,25.832,71.396,0.0,29.58,10.08,1.69,98.49
2025-04-02,Balotra,25.832,71.396,0.0,30.25,9.87,1.71,98.43
2025-04-03,Balotra,25.832,71.396,0.0,31.65,9.63,1.76,98.53
2025-04-04,Balotra,25.832,71.396,0.0,31.29,13.15,2.31,98.66
2025-04-05,Balotra,25.832,71.396,0.0,31.84,13.98,2.2,98.55
2025-04-06,Balotra,25.832,71.396,0.0,33.32,14.34,2.64,98.28
2025-04-07,Balotra,25.832,71.396,0.0,33.65,20.02,3.07,98.28
2025-04-08,Balotra,25.832,71.396,0.0,33.55,21.1,4.14,98.49
2025-04-09,Balotra,25.832,71.396,0.0,33.04,16.43,4.17,98.48
2025-04-10,Balotra,25.832,71.396,0.0,32.13,21.4,4.23,98.01
2025-04-11,Balotra,25.832,71.396,0.44,31.82,32.13,3.82,97.79
2025-04-12,Balotra,25.832,71.396,0.25,31.68,34.21,3.01,98.06
2025-04-13,Balotra,25.832,71.396,0.0,32.61,29.7,4.63,98.29
2025-04-14,Balotra,25.832,71.396,0.0,33.1,27.88,3.4,98.25
2025-04-15,Balotra,25.832,71.396,0.0,34.71,31.86,2.1,98.15
2025-04-16,Balotra,25.832,71.396,0.0,35.06,27.13,2.98,98.08
2025-04-17,Balotra,25.832,71.396,0.0,34.49,31.53,3.6,97.95
2025-04-18,Balotra,25.832,71.396,0.0,33.89,27.63,6.2,97.95
2025-04-19,Balotra,25.832,71.396,0.0,31.99,32.84,5.89,97.85
2025-04-20,Balotra,25.832,71.396,0.0,31.83,15.8,3.98,98.07
2025-04-21,Balotra,25.832,71.396,0.0,31.22,10.13,3.03,98.41
2025-04-22,Balotra,25.832,71.396,0.0,31.74,8.0,2.25,98.55
2025-04-23,Balotra,25.832,71.396,0.0,32.55,7.89,3.08,98.33
2025-04-24,Balotra,25.832,71.396,0.0,33.03,14.22,3.86,98.1
2025-04-25,Balotra,25.832,71.396,0.0,33.51,21.67,4.21,98.08
2025-04-26,Balotra,25.832,71.396,0.0,33.41,21.88,2.94,98.07
2025-04-27,Balotra,25.832,71.396,0.0,34.69,17.36,2.74,98.12
2025-04-28,Balotra,25.832,71.396,0.0,35.92,20.53,2.35,97.92
2025-04-29,Balotra,25.832,71.396,0.0,36.21,18.19,3.11,97.88
2025-04-30,Balotra,25.832,71.396,0.0,35.83,22.46,4.74,97.96
2025-05-01,Balotra,25.832,71.396,0.66,34.52,27.47,4.87,98.07
2025-05-02,Balotra,25.832,71.396,1.89,34.23,31.8,3.62,98.12
2025-05-03,Balotra,25.832,71.396,0.03,35.24,28.72,4.2,98.01
2025-05-04,Balotra,25.832,71.396,8.51,32.38,39.04,4.18,97.93
2025-05-05,Balotra,25.832,71.396,0.73,30.4,45.98,1.93,98.01
2025-05-06,Balotra,25.832,71.396,5.66,29.86,46.88,1.93,98.07
2025-05-07,Balotra,25.832,71.396,0.1,31.09,44.22,1.9,97.99
2025-05-08,Balotra,25.832,71.396,5.73,31.47,48.13,3.35,98.03
2025-05-09,Balotra,25.832,71.396,4.31,31.14,52.02,2.19,98.29
2025-05-10,Balotra,25.832,71.396,0.0,33.0,40.44,1.65,98.27
2025-05-11,Balotra,25.832,71.396,0.0,34.91,35.85,3.4,98.12
2025-05-12,Balotra,25.832,71.396,0.52,34.46,38.4,4.75,98.02
2025-05-13,Balotra,25.832,71.396,0.03,34.39,34.51,4.34,98.04
2025-05-14,Balotra,25.832,71.396,0.0,34.84,31.59,3.85,98.08
2025-05-15,Balotra,25.832,71.396,0.0,35.51,29.88,4.2,98.09
2025-05-16,Balotra,25.832,71.396,0.0,36.37,30.25,4.49,97.99
2025-05-17,Balotra,25.832,71.396,0.0,35.79,36.24,5.79,97.97
2025-05-18,Balotra,25.832,71.396,0.04,35.82,38.44,5.4,97.93
2025-05-19,Balotra,25.832,71.396,0.0,36.12,36.95,5.72,97.85
2025-05-20,Balotra,25.832,71.396,0.0,36.08,33.24,4.43,97.8
2025-05-21,Balotra,25.832,71.396,0.0,36.17,36.61,4.83,97.78
2025-05-22,Balotra,25.832,71.396,0.0,36.54,32.73,5.1,97.69
2025-05-23,Balotra,25.832,71.396,0.0,36.45,28.93,4.43,97.45
2025-05-24,Balotra,25.832,71.396,0.0,37.02,26.16,4.88,97.37
2025-05-25,Balotra,25.832,71.396,0.41,37.95,27.6,2.48,97.5
2025-05-26,Balotra,25.832,71.396,0.0,38.17,29.33,3.63,97.55
2025-05-27,Balotra,25.832,71.396,0.0,38.48,25.25,2.41,97.38
2025-05-28,Balotra,25.832,71.396,2.06,38.05,30.34,3.95,97.31
2025-05-29,Balotra,25.832,71.396,21.27,32.33,54.8,3.14,97.29
2025-05-30,Balotra,25.832,71.396,0.85,32.31,39.02,4.42,97.14
2025-05-31,Balotra,25.832,71.396,0.0,33.01,44.05,5.99,97.4
2025-06-01,Balotra,25.832,71.396,0.0,32.74,50.61,5.74,97.57
2025-06-02,Balotra,25.832,71.396,0.0,33.56,45.7,5.69,97.51
2025-06-03,Balotra,25.832,71.396,0.0,33.13,44.11,5.94,97.64
2025-06-04,Balotra,25.832,71.396,0.0,33.06,41.48,5.0,97.88
2025-06-05,Balotra,25.832,71.396,0.0,33.68,42.6,5.06,98.19
2025-06-06,Balotra,25.832,71.396,0.0,34.23,38.86,5.14,98.28
2025-06-07,Balotra,25.832,71.396,0.0,34.26,38.1,5.87,98.17
2025-06-08,Balotra,25.832,71.396,0.0,34.35,35.6,5.67,98.13
2025-06-09,Balotra,25.832,71.396,0.0,34.71,37.76,5.32,98.05
2025-06-10,Balotra,25.832,71.396,0.0,35.53,37.22,5.27,97.85
2025-06-11,Balotra,25.832,71.396,0.0,35.73,34.43,4.36,97.78
2025-06-12,Balotra,25.832,71.396,0.0,36.94,34.17,2.87,97.62
2025-06-13,Balotra,25.832,71.396,0.0,38.1,30.25,3.11,97.48
2025-06-14,Balotra,25.832,71.396,0.45,35.34,42.21,3.54,97.5
2025-06-15,Balotra,25.832,71.396,1.9,35.57,41.5,2.83,97.38
2025-06-16,Balotra,25.832,71.396,6.1,31.83,55.59,2.2,97.33
2025-06-17,Balotra,25.832,71.396,1.89,33.75,52.95,1.5,97.32
2025-06-18,Balotra,25.832,71.396,1.16,36.13,43.2,2.9,97.21
2025-06-19,Balotra,25.832,71.396,0.17,35.71,46.68,6.36,97.17
2025-06-20,Balotra,25.832,71.396,0.13,34.29,51.2,6.28,97.38
2025-06-21,Balotra,25.832,71.396,3.03,30.91,64.23,5.01,97.6
2025-06-22,Balotra,25.832,71.396,0.29,33.3,57.43,4.41,97.47
2025-06-23,Balotra,25.832,71.396,0.05,32.02,59.0,3.56,97.38
2025-06-24,Balotra,25.832,71.396,0.12,34.77,50.95,5.0,97.2
2025-06-25,Balotra,25.832,71.396,0.64,32.4,56.73,3.87,97.38
2025-06-26,Balotra,25.832,71.396,5.29,33.48,55.2,1.97,97.51
2025-06-27,Balotra,25.832,71.396,32.8,30.27,78.77,2.62,97.42
2025-06-28,Balotra,25.832,71.396,0.17,31.28,63.24,3.34,97.38
2025-06-29,Balotra,25.832,71.396,0.21,32.21,62.03,5.31,97.31
2025-06-30,Balotra,25.832,71.396,0.05,32.75,60.4,5.74,97.29
2025-07-01,Balotra,25.832,71.396,0.0,32.83,58.93,5.73,97.44
2025-07-02,Balotra,25.832,71.396,0.93,32.98,55.54,4.3,97.4
2025-07-03,Balotra,25.832,71.396,7.16,31.1,67.14,3.5,97.43
2025-07-04,Balotra,25.832,71.396,2.74,31.09,69.02,1.9,97.51
2025-07-05,Balotra,25.832,71.396,0.14,31.61,64.59,4.29,97.5
2025-07-06,Balotra,25.832,71.396,0.08,30.64,67.27,3.81,97.43
2025-07-07,Balotra,25.832,71.396,1.02,30.27,67.25,4.27,97.5
2025-07-08,Balotra,25.832,71.396,0.09,31.93,62.52,4.65,97.6
2025-07-09,Balotra,25.832,71.396,0.0,32.19,59.2,5.35,97.61
2025-07-10,Balotra,25.832,71.396,0.04,32.17,58.93,5.18,97.66
2025-07-11,Balotra,25.832,71.396,1.83,32.71,55.86,4.39,97.75
2025-07-12,Balotra,25.832,71.396,13.13,30.32,69.48,3.17,97.83
2025-07-13,Balotra,25.832,71.396,4.26,32.96,58.71,3.39,97.7
2025-07-14,Balotra,25.832,71.396,2.69,32.67,57.64,3.05,97.51
2025-07-15,Balotra,25.832,71.396,2.84,32.27,59.31,4.06,97.45
2025-07-16,Balotra,25.832,71.396,0.37,32.87,56.04,3.97,97.58
2025-07-17,Balotra,25.832,71.396,0.08,32.85,53.03,4.39,97.72
2025-07-18,Balotra,25.832,71.396,30.87,28.71,76.22,3.51,97.82
2025-07-19,Balotra,25.832,71.396,32.05,27.8,85.5,4.15,97.42
2025-07-20,Balotra,25.832,71.396,29.67,28.99,83.33,3.59,97.25
2025-07-21,Balotra,25.832,71.396,0.24,30.41,73.18,4.21,97.51
2025-07-22,Balotra,25.832,71.396,0.01,31.46,66.2,4.68,97.58
2025-07-23,Balotra,25.832,71.396,0.0,31.51,63.24,6.09,97.33
2025-07-24,Balotra,25.832,71.396,0.0,31.41,63.04,5.18,97.27
2025-07-25,Balotra,25.832,71.396,0.0,32.32,61.29,3.98,97.27
2025-07-26,Balotra,25.832,71.396,0.68,32.46,61.1,3.79,97.32
2025-07-27,Balotra,25.832,71.396,3.5,30.72,65.99,3.45,97.36
2025-07-28,Balotra,25.832,71.396,0.97,31.34,63.25,4.45,97.36
2025-07-29,Balotra,25.832,71.396,0.0,31.91,60.75,5.52,97.34
2025-07-30,Balotra,25.832,71.396,0.0,30.64,63.23,4.93,97.37
2025-07-31,Balotra,25.832,71.396,0.01,29.22,69.49,3.99,97.6
2025-08-01,Balotra,25.832,71.396,0.01,29.65,66.42,4.31,97.72
2025-08-02,Balotra,25.832,71.396,0.0,30.6,61.14,5.2,97.75
2025-08-03,Balotra,25.832,71.396,0.0,31.19,59.08,4.89,97.86
2025-08-04,Balotra,25.832,71.396,0.0,31.45,60.7,5.5,97.95
2025-08-05,Balotra,25.832,71.396,0.0,29.89,65.4,5.67,97.93
2025-08-06,Balotra,25.832,71.396,0.0,30.45,63.61,5.01,97.97
2025-08-07,Balotra,25.832,71.396,0.0,30.83,57.7,4.72,97.97
2025-08-08,Balotra,25.832,71.396,0.0,30.69,58.22,5.0,97.99
2025-08-09,Balotra,25.832,71.396,0.0,30.97,57.76,4.18,98.17
2025-08-10,Balotra,25.832,71.396,0.0,31.25,55.87,4.55,98.05
2025-08-11,Balotra,25.832,71.396,0.0,30.92,57.79,4.92,97.97
2025-08-12,Balotra,25.832,71.396,0.0,30.99,60.1,5.22,97.82
2025-08-13,Balotra,25.832,71.396,0.0,30.36,62.97,4.63,97.72
2025-08-14,Balotra,25.832,71.396,0.0,29.53,67.18,2.63,97.89
2025-08-15,Balotra,25.832,71.396,0.97,31.74,58.43,1.71,97.81
2025-08-16,Balotra,25.832,71.396,3.69,33.09,56.15,2.0,97.59
2025-08-17,Balotra,25.832,71.396,2.18,32.92,60.25,2.02,97.58
2025-08-18,Balotra,25.832,71.396,1.19,31.97,63.69,1.25,97.74
2025-08-19,Balotra,25.832,71.396,0.94,32.71,60.56,2.16,97.62
2025-08-20,Balotra,25.832,71.396,0.72,32.67,58.68,2.55,97.55
2025-08-21,Balotra,25.832,71.396,6.35,30.74,69.79,2.18,97.74
2025-08-22,Balotra,25.832,71.396,3.7,29.3,75.0,3.95,97.73
2025-08-23,Balotra,25.832,71.396,0.25,30.81,66.35,4.81,97.61
2025-08-24,Balotra,25.832,71.396,11.36,29.89,71.81,2.94,97.68
2025-08-25,Balotra,25.832,71.396,14.3,28.72,79.45,3.28,97.73
2025-08-26,Balotra,25.832,71.396,1.69,29.98,69.47,3.61,97.84
2025-08-27,Balotra,25.832,71.396,4.23,30.42,66.72,2.55,97.89
2025-08-28,Balotra,25.832,71.396,0.13,31.23,62.2,2.91,97.8
2025-08-29,Balotra,25.832,71.396,6.38,30.05,67.76,2.59,97.82
2025-08-30,Balotra,25.832,71.396,5.27,29.49,71.57,3.12,97.96
2025-08-31,Balotra,25.832,71.396,10.19,28.85,77.73,3.26,97.84
2025-09-01,Balotra,25.832,71.396,0.36,30.1,64.74,3.51,97.58
2025-09-02,Balotra,25.832,71.396,0.0,30.74,61.46,3.24,97.68
2025-09-03,Balotra,25.832,71.396,1.45,31.51,58.79,2.4,97.85
2025-09-04,Balotra,25.832,71.396,0.3,31.87,57.94,2.56,97.91
2025-09-05,Balotra,25.832,71.396,4.15,31.66,61.4,1.95,97.88
2025-09-06,Balotra,25.832,71.396,4.11,29.9,69.57,4.13,97.78
2025-09-07,Balotra,25.832,71.396,13.06,27.07,86.24,4.02,97.57
2025-09-08,Balotra,25.832,71.396,12.91,26.56,83.94,5.5,97.64
2025-09-09,Balotra,25.832,71.396,2.09,26.62,76.48,5.34,98.29
2025-09-10,Balotra,25.832,71.396,0.08,27.73,69.9,3.3,98.43
2025-09-11,Balotra,25.832,71.396,0.01,28.27,67.92,4.15,98.33
2025-09-12,Balotra,25.832,71.396,0.0,29.27,66.93,3.77,98.37
2025-09-13,Balotra,25.832,71.396,0.0,29.79,63.07,3.25,98.38
2025-09-14,Balotra,25.832,71.396,0.0,30.09,59.74,3.47,98.33
2025-09-15,Balotra,25.832,71.396,0.0,29.74,64.75,4.12,98.13
2025-09-16,Balotra,25.832,71.396,0.0,30.37,64.04,3.97,98.07
2025-09-17,Balotra,25.832,71.396,0.0,31.09,61.26,2.98,98.14
2025-09-18,Balotra,25.832,71.396,0.0,30.98,61.95,2.82,98.15
2025-09-19,Balotra,25.832,71.396,0.0,31.17,58.02,2.78,98.25
2025-09-20,Balotra,25.832,71.396,0.01,30.77,56.44,3.07,98.26
2025-09-21,Balotra,25.832,71.396,0.0,29.85,56.65,3.12,98.24
2025-09-22,Balotra,25.832,71.396,0.0,29.24,55.68,2.99,98.26
2025-09-23,Balotra,25.832,71.396,0.0,29.48,60.57,3.63,98.22
2025-09-24,Balotra,25.832,71.396,0.0,29.0,60.46,3.86,98.1
2025-09-25,Balotra,25.832,71.396,0.0,29.33,59.1,2.97,98.15
2025-09-26,Balotra,25.832,71.396,0.0,30.43,52.11,1.67,98.29
2025-09-27,Balotra,25.832,71.396,0.0,31.92,42.44,1.74,98.32
2025-09-28,Balotra,25.832,71.396,0.07,32.52,45.93,3.37,98.06
2025-09-29,Balotra,25.832,71.396,0.58,31.18,64.39,3.01,97.89
2025-09-30,Balotra,25.832,71.396,0.68,29.03,71.04,2.42,97.83
2025-10-01,Balotra,25.832,71.396,0.14,29.01,66.88,2.69,97.9
2025-10-02,Balotra,25.832,71.396,0.06,27.81,68.12,2.51,98.23
2025-10-03,Balotra,25.832,71.396,1.5,28.11,68.27,2.12,98.52
2025-10-04,Balotra,25.832,71.396,0.13,29.29,63.23,2.12,98.51
2025-10-05,Balotra,25.832,71.396,0.52,29.25,64.86,4.24,98.35
2025-10-06,Balotra,25.832,71.396,1.67,28.01,60.97,4.97,98.3
2025-10-07,Balotra,25.832,71.396,0.08,25.69,52.14,1.6,98.54
2025-10-08,Balotra,25.832,71.396,0.0,27.06,42.9,0.88,98.74
2025-10-09,Balotra,25.832,71.396,0.0,26.94,37.92,0.65,98.87
2025-10-10,Balotra,25.832,71.396,0.0,27.03,38.69,1.61,98.71
2025-10-11,Balotra,25.832,71.396,0.0,27.38,40.84,1.1,98.74
2025-10-12,Balotra,25.832,71.396,0.0,28.15,30.44,0.88,98.71
2025-10-13,Balotra,25.832,71.396,0.0,27.92,29.24,0.9,98.75
2025-10-14,Balotra,25.832,71.396,0.0,27.68,29.62,1.26,98.6
2025-10-15,Balotra,25.832,71.396,0.0,26.32,41.05,1.63,98.57
2025-10-16,Balotra,25.832,71.396,0.0,27.44,35.92,1.04,98.64
2025-10-17,Balotra,25.832,71.396,0.0,27.96,33.77,1.0,98.75
2025-10-18,Balotra,25.832,71.396,0.0,28.3,28.79,1.34,98.67
2025-10-19,Balotra,25.832,71.396,0.0,27.24,32.13,1.66,98.56
2025-10-20,Balotra,25.832,71.396,0.0,27.09,33.25,0.89,98.53
2025-10-21,Balotra,25.832,71.396,0.0,27.0,37.26,1.52,98.72
2025-10-22,Balotra,25.832,71.396,0.0,27.84,34.49,1.51,98.85
2025-10-23,Balotra,25.832,71.396,0.0,26.97,37.28,1.89,98.76
2025-10-24,Balotra,25.832,71.396,0.0,27.16,36.73,1.73,98.71
2025-10-25,Balotra,25.832,71.396,0.0,26.76,32.92,1.86,98.62
2025-10-26,Balotra,25.832,71.396,0.0,25.64,41.92,2.81,98.63
2025-10-27,Balotra,25.832,71.396,0.27,26.12,65.26,4.08,98.64
2025-10-28,Balotra,25.832,71.396,0.93,25.63,66.91,4.74,98.7
2025-10-29,Balotra,25.832,71.396,0.57,25.02,67.61,3.58,98.66
2025-10-30,Balotra,25.832,71.396,0.09,25.94,66.72,3.06,98.62
2025-10-31,Balotra,25.832,71.396,0.13,26.31,57.47,1.39,98.68
2025-11-01,Balotra,25.832,71.396,0.0,27.01,39.92,0.82,98.68
2025-11-02,Balotra,25.832,71.396,0.0,27.07,45.99,1.3,98.72
2025-11-03,Balotra,25.832,71.396,2.42,27.11,67.32,1.75,98.51
2025-11-04,Balotra,25.832,71.396,0.02,25.1,37.5,2.51,98.46
2025-11-05,Balotra,25.832,71.396,0.0,24.6,21.78,0.96,98.63
2025-11-06,Balotra,25.832,71.396,0.0,23.85,28.07,1.36,98.82
2025-11-07,Balotra,25.832,71.396,0.0,22.86,32.58,1.74,98.99
2025-11-08,Balotra,25.832,71.396,0.0,23.49,22.1,1.48,99.05
2025-11-09,Balotra,25.832,71.396,0.0,23.2,21.52,1.24,98.94
2025-11-10,Balotra,25.832,71.396,0.0,22.65,25.34,1.64,98.87
2025-11-11,Balotra,25.832,71.396,0.0,22.49,42.18,1.42,99.0
2025-11-12,Balotra,25.832,71.396,0.0,23.32,31.79,1.36,99.09
2025-11-13,Balotra,25.832,71.396,0.0,22.3,21.08,1.28,99.24
2025-11-14,Balotra,25.832,71.396,0.0,22.54,23.67,1.06,99.19
2025-11-15,Balotra,25.832,71.396,0.0,21.97,24.49,1.3,99.28
2025-11-16,Balotra,25.832,71.396,0.0,21.85,26.48,1.27,99.47
2025-11-17,Balotra,25.832,71.396,0.0,22.15,25.11,0.86,99.37
2025-11-18,Balotra,25.832,71.396,0.0,22.51,24.82,0.79,99.2
2025-11-19,Balotra,25.832,71.396,0.0,22.91,21.27,1.0,99.11
2025-11-20,Balotra,25.832,71.396,0.0,22.76,22.99,1.05,99.18
2025-11-21,Balotra,25.832,71.396,0.0,22.48,22.41,0.95,99.25
2025-11-22,Balotra,25.832,71.396,0.0,20.8,27.34,1.87,99.15
2025-11-23,Balotra,25.832,71.396,0.0,20.08,27.04,1.61,99.11
2025-11-24,Balotra,25.832,71.396,0.0,19.95,31.77,1.66,99.16
2025-11-25,Balotra,25.832,71.396,0.0,19.47,49.96,2.29,99.19
2025-11-26,Balotra,25.832,71.396,0.0,19.44,50.72,2.09,99.12
2025-11-27,Balotra,25.832,71.396,0.0,20.43,58.27,1.81,99.18
2025-11-28,Balotra,25.832,71.396,0.0,20.48,47.74,2.48,99.2
2025-11-29,Balotra,25.832,71.396,0.0,20.54,49.71,2.04,99.1
2025-11-30,Balotra,25.832,71.396,0.0,20.51,36.21,1.46,99.04
2025-12-01,Balotra,25.832,71.396,0.0,19.37,30.84,1.93,98.97
2025-12-02,Balotra,25.832,71.396,0.0,18.36,18.47,1.66,99.02
2025-12-03,Balotra,25.832,71.396,0.0,17.37,25.78,2.02,99.28
2025-12-04,Balotra,25.832,71.396,0.0,18.15,37.82,1.95,99.4
2025-12-05,Balotra,25.832,71.396,0.0,18.77,31.88,1.78,99.49
2025-12-06,Balotra,25.832,71.396,0.0,18.16,30.53,2.01,99.5
2025-12-07,Balotra,25.832,71.396,0.0,19.43,22.54,1.46,99.41
2025-12-08,Balotra,25.832,71.396,0.0,19.6,21.88,1.74,99.44
2025-12-09,Balotra,25.832,71.396,0.0,20.15,22.79,1.33,99.38
2025-12-10,Balotra,25.832,71.396,0.0,20.45,20.78,1.48,99.35
2025-12-11,Balotra,25.832,71.396,0.0,21.42,18.56,1.22,99.25
2025-12-12,Balotra,25.832,71.396,0.0,22.27,16.3,0.97,99.11
2025-12-13,Balotra,25.832,71.396,0.0,21.86,18.18,1.16,99.12
2025-12-14,Balotra,25.832,71.396,0.0,21.29,23.29,1.17,99.24
2025-12-15,Balotra,25.832,71.396,0.0,19.65,27.28,1.57,99.31
2025-12-16,Balotra,25.832,71.396,0.0,19.1,25.35,2.07,99.28
2025-12-17,Balotra,25.832,71.396,0.0,19.87,27.57,1.58,99.35
2025-12-18,Balotra,25.832,71.396,0.0,21.11,24.01,1.22,99.34
2025-12-19,Balotra,25.832,71.396,0.0,21.43,23.35,1.44,99.14
2025-12-20,Balotra,25.832,71.396,0.0,24.07,27.93,0.73,98.91
2025-12-21,Balotra,25.832,71.396,0.0,23.35,42.47,1.6,98.99
2025-12-22,Balotra,25.832,71.396,0.0,22.35,40.85,1.06,99.14
2025-12-23,Balotra,25.832,71.396,0.0,19.27,46.76,2.69,99.21
2025-12-24,Balotra,25.832,71.396,0.0,17.49,36.93,1.88,99.2
2025-12-25,Balotra,25.832,71.396,0.0,16.75,27.95,1.67,99.14
2025-12-26,Balotra,25.832,71.396,0.0,18.13,29.48,1.55,99.11
2025-12-27,Balotra,25.832,71.396,0.0,18.82,40.39,1.7,99.12
2025-12-28,Balotra,25.832,71.396,0.0,18.79,37.06,1.21,99.15
2025-12-29,Balotra,25.832,71.396,0.0,20.84,29.53,1.1,99.1
2025-12-30,Balotra,25.832,71.396,0.0,20.59,29.81,1.26,98.88
2025-12-31,Balotra,25.832,71.396,10.55,17.77,71.93,2.24,98.65
2025-01-01,Banswara,23.5461,74.4323,0.0,18.36,56.37,2.12,98.43
2025-01-02,Banswara,23.5461,74.4323,0.0,19.09,46.74,1.58,98.44
2025-01-03,Banswara,23.5461,74.4323,0.0,19.82,50.2,1.73,98.38
2025-01-04,Banswara,23.5461,74.4323,0.0,20.4,49.47,1.82,98.17
2025-01-05,Banswara,23.5461,74.4323,0.0,19.66,54.36,1.77,98.08
2025-01-06,Banswara,23.5461,74.4323,0.0,17.21,52.9,1.8,98.25
2025-01-07,Banswara,23.5461,74.4323,0.0,15.28,53.16,2.44,98.47
2025-01-08,Banswara,23.5461,74.4323,0.0,15.25,46.78,1.6,98.37
2025-01-09,Banswara,23.5461,74.4323,0.0,16.8,44.45,2.08,98.32
2025-01-10,Banswara,23.5461,74.4323,0.0,17.85,46.99,2.65,98.32
2025-01-11,Banswara,23.5461,74.4323,0.0,17.94,59.45,2.3,98.25
2025-01-12,Banswara,23.5461,74.4323,0.0,16.86,55.57,2.05,98.46
2025-01-13,Banswara,23.5461,74.4323,0.0,14.82,53.14,2.35,98.5
2025-01-14,Banswara,23.5461,74.4323,0.0,16.56,55.02,1.99,98.38
2025-01-15,Banswara,23.5461,74.4323,0.06,20.01,61.35,2.22,98.31
2025-01-16,Banswara,23.5461,74.4323,0.01,18.61,57.86,2.35,98.49
2025-01-17,Banswara,23.5461,74.4323,0.0,17.49,59.62,2.92,98.5
2025-01-18,Banswara,23.5461,74.4323,0.0,19.45,56.85,2.05,98.3
2025-01-19,Banswara,23.5461,74.4323,0.0,21.78,53.63,1.74,98.28
2025-01-20,Banswara,23.5461,74.4323,0.0,22.12,49.81,1.08,98.22
2025-01-21,Banswara,23.5461,74.4323,0.0,21.91,47.41,1.03,98.1
2025-01-22,Banswara,23.5461,74.4323,0.0,20.11,46.81,1.75,98.03
2025-01-23,Banswara,23.5461,74.4323,0.0,18.79,38.76,1.74,98.14
2025-01-24,Banswara,23.5461,74.4323,0.0,18.83,50.83,2.94,98.2
2025-01-25,Banswara,23.5461,74.4323,0.0,19.57,39.79,2.13,98.23
2025-01-26,Banswara,23.5461,74.4323,0.0,20.73,36.15,1.7,98.13
2025-01-27,Banswara,23.5461,74.4323,0.0,21.77,32.52,1.5,97.97
2025-01-28,Banswara,23.5461,74.4323,0.0,23.5,30.63,1.54,97.91
2025-01-29,Banswara,23.5461,74.4323,0.0,23.17,32.62,2.01,98.03
2025-01-30,Banswara,23.5461,74.4323,0.0,21.82,25.56,2.1,97.93
2025-01-31,Banswara,23.5461,74.4323,0.0,20.21,29.87,2.19,97.85
2025-02-01,Banswara,23.5461,74.4323,0.0,19.75,29.42,1.82,98.03
2025-02-02,Banswara,23.5461,74.4323,0.0,20.21,23.92,1.61,98.11
2025-02-03,Banswara,23.5461,74.4323,0.0,23.08,29.49,2.37,98.01
2025-02-04,Banswara,23.5461,74.4323,0.0,22.83,29.33,2.04,98.1
2025-02-05,Banswara,23.5461,74.4323,0.0,19.46,22.25,2.13,98.2
2025-02-06,Banswara,23.5461,74.4323,0.0,19.97,25.31,2.93,98.27
2025-02-07,Banswara,23.5461,74.4323,0.0,20.81,25.41,2.42,98.35
2025-02-08,Banswara,23.5461,74.4323,0.0,23.38,21.2,1.66,98.2
2025-02-09,Banswara,23.5461,74.4323,0.0,24.07,24.37,1.65,98.06
2025-02-10,Banswara,23.5461,74.4323,0.0,23.14,18.76,1.78,98.13
2025-02-11,Banswara,23.5461,74.4323,0.0,22.79,23.47,1.87,98.16
2025-02-12,Banswara,23.5461,74.4323,0.0,23.5,30.81,1.25,98.25
2025-02-13,Banswara,23.5461,74.4323,0.0,23.29,22.79,1.6,98.3
2025-02-14,Banswara,23.5461,74.4323,0.0,24.0,22.11,1.47,98.2
2025-02-15,Banswara,23.5461,74.4323,0.0,23.9,27.72,2.68,97.96
2025-02-16,Banswara,23.5461,74.4323,0.0,24.44,32.15,1.84,97.99
2025-02-17,Banswara,23.5461,74.4323,0.0,24.97,34.61,1.54,98.11
2025-02-18,Banswara,23.5461,74.4323,0.0,25.82,29.18,1.85,98.07
2025-02-19,Banswara,23.5461,74.4323,0.0,24.6,32.26,1.89,97.97
2025-02-20,Banswara,23.5461,74.4323,0.0,24.49,31.73,1.98,98.08
2025-02-21,Banswara,23.5461,74.4323,0.0,25.3,26.01,1.29,98.29
2025-02-22,Banswara,23.5461,74.4323,0.0,24.98,24.92,1.76,98.31
2025-02-23,Banswara,23.5461,74.4323,0.0,25.4,22.59,1.23,98.34
2025-02-24,Banswara,23.5461,74.4323,0.0,25.42,22.45,1.27,98.39
2025-02-25,Banswara,23.5461,74.4323,0.0,26.41,22.49,2.11,98.47
2025-02-26,Banswara,23.5461,74.4323,0.0,27.92,19.6,2.24,98.44
2025-02-27,Banswara,23.5461,74.4323,0.0,27.9,23.94,2.86,98.15
2025-02-28,Banswara,23.5461,74.4323,0.0,27.15,27.65,2.66,98.0
2025-03-01,Banswara,23.5461,74.4323,0.0,26.64,31.43,2.21,97.99
2025-03-02,Banswara,23.5461,74.4323,0.0,26.11,31.46,1.85,97.92
2025-03-03,Banswara,23.5461,74.4323,0.0,26.6,28.33,2.24,97.99
2025-03-04,Banswara,23.5461,74.4323,0.0,25.11,21.72,2.81,98.15
2025-03-05,Banswara,23.5461,74.4323,0.0,21.76,12.69,3.05,98.34
2025-03-06,Banswara,23.5461,74.4323,0.0,24.14,11.04,1.84,98.18
2025-03-07,Banswara,23.5461,74.4323,0.0,25.83,15.0,1.65,97.94
2025-03-08,Banswara,23.5461,74.4323,0.0,27.66,19.0,1.49,97.68
2025-03-09,Banswara,23.5461,74.4323,0.0,29.34,18.84,1.23,97.83
2025-03-10,Banswara,23.5461,74.4323,0.0,30.49,17.89,1.41,98.1
2025-03-11,Banswara,23.5461,74.4323,0.0,30.38,18.23,2.31,98.08
2025-03-12,Banswara,23.5461,74.4323,0.0,30.19,16.96,2.31,97.82
2025-03-13,Banswara,23.5461,74.4323,0.0,29.04,15.51,2.95,97.67
2025-03-14,Banswara,23.5461,74.4323,0.0,29.28,22.92,2.95,97.73
2025-03-15,Banswara,23.5461,74.4323,0.0,29.0,26.18,2.5,97.83
2025-03-16,Banswara,23.5461,74.4323,0.0,28.72,22.47,2.23,97.9
2025-03-17,Banswara,23.5461,74.4323,0.0,27.83,23.54,1.53,97.93
2025-03-18,Banswara,23.5461,74.4323,0.0,28.33,20.35,1.64,97.9
2025-03-19,Banswara,23.5461,74.4323,0.0,28.86,16.59,1.56,97.92
2025-03-20,Banswara,23.5461,74.4323,0.0,27.46,17.28,2.03,98.07
2025-03-21,Banswara,23.5461,74.4323,0.0,27.43,21.56,1.72,98.1
2025-03-22,Banswara,23.5461,74.4323,0.0,29.46,19.79,1.35,98.04
2025-03-23,Banswara,23.5461,74.4323,0.0,30.32,16.23,1.15,98.07
2025-03-24,Banswara,23.5461,74.4323,0.0,30.66,13.08,1.51,98.05
2025-03-25,Banswara,23.5461,74.4323,0.0,30.71,14.56,1.34,97.75
2025-03-26,Banswara,23.5461,74.4323,0.0,30.51,21.12,2.28,97.58
2025-03-27,Banswara,23.5461,74.4323,0.0,29.19,23.21,2.81,97.67
2025-03-28,Banswara,23.5461,74.4323,0.0,28.56,8.27,2.19,97.77
2025-03-29,Banswara,23.5461,74.4323,0.0,28.21,6.26,2.56,97.75
2025-03-30,Banswara,23.5461,74.4323,0.0,29.29,7.81,2.14,97.75
2025-03-31,Banswara,23.5461,74.4323,0.0,30.8,8.58,1.9,97.74
2025-04-01,Banswara,23.5461,74.4323,0.0,30.51,10.76,1.81,97.62
2025-04-02,Banswara,23.5461,74.4323,0.0,31.26,24.08,2.22,97.6
2025-04-03,Banswara,23.5461,74.4323,0.0,30.62,13.55,2.13,97.83
2025-04-04,Banswara,23.5461,74.4323,0.0,29.72,26.45,2.09,97.95
2025-04-05,Banswara,23.5461,74.4323,0.0,31.32,13.6,1.73,97.77
2025-04-06,Banswara,23.5461,74.4323,0.0,32.91,12.71,1.95,97.6
2025-04-07,Banswara,23.5461,74.4323,0.0,33.06,12.77,3.27,97.64
2025-04-08,Banswara,23.5461,74.4323,0.0,33.65,13.05,2.23,97.74
2025-04-09,Banswara,23.5461,74.4323,0.0,34.62,12.49,2.63,97.62
2025-04-10,Banswara,23.5461,74.4323,0.0,34.02,12.85,3.88,97.35
2025-04-11,Banswara,23.5461,74.4323,0.0,31.48,17.97,3.6,97.27
2025-04-12,Banswara,23.5461,74.4323,0.94,30.85,34.94,3.47,97.5
2025-04-13,Banswara,23.5461,74.4323,0.0,32.31,23.38,3.69,97.66
2025-04-14,Banswara,23.5461,74.4323,0.0,33.39,17.9,4.23,97.56
2025-04-15,Banswara,23.5461,74.4323,0.0,33.59,24.75,2.44,97.49
2025-04-16,Banswara,23.5461,74.4323,0.0,34.68,23.45,2.33,97.43
2025-04-17,Banswara,23.5461,74.4323,0.0,34.39,24.33,3.27,97.41
2025-04-18,Banswara,23.5461,74.4323,0.0,34.43,20.79,3.75,97.37
2025-04-19,Banswara,23.5461,74.4323,0.0,32.92,17.73,3.95,97.39
2025-04-20,Banswara,23.5461,74.4323,0.0,30.92,23.99,3.15,97.49
2025-04-21,Banswara,23.5461,74.4323,0.0,31.89,16.81,2.37,97.73
2025-04-22,Banswara,23.5461,74.4323,0.0,32.85,10.9,1.93,97.77
2025-04-23,Banswara,23.5461,74.4323,0.0,33.18,7.27,2.12,97.58
2025-04-24,Banswara,23.5461,74.4323,0.0,33.09,8.76,2.43,97.44
2025-04-25,Banswara,23.5461,74.4323,0.0,32.91,18.57,2.96,97.48
2025-04-26,Banswara,23.5461,74.4323,0.0,32.27,24.19,3.17,97.44
2025-04-27,Banswara,23.5461,74.4323,0.0,33.47,27.19,3.5,97.5
2025-04-28,Banswara,23.5461,74.4323,0.0,34.54,18.64,3.88,97.32
2025-04-29,Banswara,23.5461,74.4323,0.0,34.85,20.83,4.98,97.26
2025-04-30,Banswara,23.5461,74.4323,0.0,34.64,24.43,3.43,97.38
2025-05-01,Banswara,23.5461,74.4323,0.0,34.59,16.48,3.52,97.47
2025-05-02,Banswara,23.5461,74.4323,0.0,35.04,15.42,2.64,97.49
2025-05-03,Banswara,23.5461,74.4323,0.0,34.17,18.43,3.59,97.4
2025-05-04,Banswara,23.5461,74.4323,0.36,32.68,38.16,3.35,97.35
2025-05-05,Banswara,23.5461,74.4323,6.46,32.61,40.47,4.1,97.37
2025-05-06,Banswara,23.5461,74.4323,16.48,28.01,58.8,3.94,97.48
2025-05-07,Banswara,23.5461,74.4323,14.43,25.05,76.68,3.54,97.42
2025-05-08,Banswara,23.5461,74.4323,10.54,26.31,74.82,1.7,97.46
2025-05-09,Banswara,23.5461,74.4323,3.7,28.08,67.9,1.89,97.6
2025-05-10,Banswara,23.5461,74.4323,0.11,29.59,61.63,1.87,97.61
2025-05-11,Banswara,23.5461,74.4323,1.32,30.02,58.45,2.21,97.52
2025-05-12,Banswara,23.5461,74.4323,1.2,30.36,57.8,2.34,97.43
2025-05-13,Banswara,23.5461,74.4323,9.38,29.98,62.71,2.24,97.47
2025-05-14,Banswara,23.5461,74.4323,0.21,31.0,59.35,1.8,97.47
2025-05-15,Banswara,23.5461,74.4323,0.3,31.78,56.3,1.86,97.46
2025-05-16,Banswara,23.5461,74.4323,0.16,31.75,55.32,2.63,97.41
2025-05-17,Banswara,23.5461,74.4323,0.68,31.87,59.35,3.41,97.36
2025-05-18,Banswara,23.5461,74.4323,0.1,32.36,59.2,3.12,97.33
2025-05-19,Banswara,23.5461,74.4323,16.2,31.41,65.98,2.4,97.24
2025-05-20,Banswara,23.5461,74.4323,4.78,32.94,58.72,2.38,97.18
2025-05-21,Banswara,23.5461,74.4323,0.31,32.79,56.42,2.65,97.17
2025-05-22,Banswara,23.5461,74.4323,1.46,32.35,60.09,2.68,97.11
2025-05-23,Banswara,23.5461,74.4323,1.06,32.71,55.26,1.9,96.88
2025-05-24,Banswara,23.5461,74.4323,0.87,32.8,56.78,3.36,96.76
2025-05-25,Banswara,23.5461,74.4323,1.86,32.21,57.59,2.34,96.97
2025-05-26,Banswara,23.5461,74.4323,0.14,33.17,53.83,2.47,96.91
2025-05-27,Banswara,23.5461,74.4323,2.83,32.55,57.61,4.55,96.74
2025-05-28,Banswara,23.5461,74.4323,14.66,32.22,58.82,4.25,96.76
2025-05-29,Banswara,23.5461,74.4323,3.59,30.0,65.58,2.88,96.73
2025-05-30,Banswara,23.5461,74.4323,0.2,31.52,60.27,4.61,96.69
2025-05-31,Banswara,23.5461,74.4323,0.02,30.77,61.5,5.88,97.05
2025-06-01,Banswara,23.5461,74.4323,1.36,30.4,61.8,5.58,97.16
2025-06-02,Banswara,23.5461,74.4323,5.88,29.71,66.18,5.15,97.07
2025-06-03,Banswara,23.5461,74.4323,4.83,29.74,66.48,4.42,97.17
2025-06-04,Banswara,23.5461,74.4323,0.35,29.87,63.05,2.45,97.37
2025-06-05,Banswara,23.5461,74.4323,0.5,30.65,57.54,1.86,97.58
2025-06-06,Banswara,23.5461,74.4323,0.25,31.58,55.25,3.17,97.6
2025-06-07,Banswara,23.5461,74.4323,0.27,31.91,49.26,3.76,97.52
2025-06-08,Banswara,23.5461,74.4323,0.0,31.87,47.66,4.23,97.45
2025-06-09,Banswara,23.5461,74.4323,0.0,33.61,44.26,4.77,97.29
2025-06-10,Banswara,23.5461,74.4323,0.0,35.05,38.4,4.24,97.07
2025-06-11,Banswara,23.5461,74.4323,0.0,36.6,30.75,3.34,96.93
2025-06-12,Banswara,23.5461,74.4323,0.03,37.64,27.42,2.28,96.77
2025-06-13,Banswara,23.5461,74.4323,10.2,34.29,44.53,2.54,96.84
2025-06-14,Banswara,23.5461,74.4323,4.3,34.64,52.89,1.75,96.76
2025-06-15,Banswara,23.5461,74.4323,5.46,32.16,61.32,2.2,96.63
2025-06-16,Banswara,23.5461,74.4323,13.49,31.03,69.43,1.77,96.45
2025-06-17,Banswara,23.5461,74.4323,6.56,28.52,77.9,5.92,96.5
2025-06-18,Banswara,23.5461,74.4323,9.76,29.4,74.95,4.86,96.71
2025-06-19,Banswara,23.5461,74.4323,15.41,28.88,78.62,5.71,96.72
2025-06-20,Banswara,23.5461,74.4323,13.99,27.83,79.95,4.83,96.98
2025-06-21,Banswara,23.5461,74.4323,18.49,27.41,84.88,4.57,97.0
2025-06-22,Banswara,23.5461,74.4323,10.88,27.42,81.13,4.68,96.99
2025-06-23,Banswara,23.5461,74.4323,8.3,26.64,86.92,3.71,96.81
2025-06-24,Banswara,23.5461,74.4323,13.58,27.58,81.41,4.38,96.71
2025-06-25,Banswara,23.5461,74.4323,7.45,27.44,84.67,3.25,96.75
2025-06-26,Banswara,23.5461,74.4323,26.49,27.64,86.81,2.26,96.83
2025-06-27,Banswara,23.5461,74.4323,5.31,27.37,84.93,3.37,96.81
2025-06-28,Banswara,23.5461,74.4323,4.39,26.59,82.35,5.25,96.92
2025-06-29,Banswara,23.5461,74.4323,7.47,27.61,82.62,5.55,96.82
2025-06-30,Banswara,23.5461,74.4323,10.13,27.72,81.9,5.17,96.88
2025-07-01,Banswara,23.5461,74.4323,9.46,27.47,82.86,4.97,96.93
2025-07-02,Banswara,23.5461,74.4323,26.43,26.22,88.24,3.82,96.83
2025-07-03,Banswara,23.5461,74.4323,8.34,26.64,88.01,3.97,96.83
2025-07-04,Banswara,23.5461,74.4323,3.89,27.54,83.92,3.95,96.97
2025-07-05,Banswara,23.5461,74.4323,14.14,26.89,88.13,3.78,96.97
2025-07-06,Banswara,23.5461,74.4323,14.86,26.75,88.94,3.61,96.86
2025-07-07,Banswara,23.5461,74.4323,3.89,27.41,83.05,4.14,96.95
2025-07-08,Banswara,23.5461,74.4323,0.79,27.6,81.41,3.7,97.07
2025-07-09,Banswara,23.5461,74.4323,0.76,27.15,83.3,3.47,97.12
2025-07-10,Banswara,23.5461,74.4323,2.23,27.57,81.54,3.27,97.17
2025-07-11,Banswara,23.5461,74.4323,8.11,27.14,84.61,3.28,97.18
2025-07-12,Banswara,23.5461,74.4323,4.43,26.36,86.6,3.87,97.17
2025-07-13,Banswara,23.5461,74.4323,17.19,26.89,88.41,4.13,97.02
2025-07-14,Banswara,23.5461,74.4323,28.77,26.05,91.79,4.88,96.89
2025-07-15,Banswara,23.5461,74.4323,1.57,27.9,84.09,3.74,96.91
2025-07-16,Banswara,23.5461,74.4323,2.73,27.84,84.46,2.76,97.04
2025-07-17,Banswara,23.5461,74.4323,0.97,27.19,83.98,2.76,97.16
2025-07-18,Banswara,23.5461,74.4323,11.32,26.58,88.18,4.21,97.12
2025-07-19,Banswara,23.5461,74.4323,1.69,26.63,83.16,4.05,96.87
2025-07-20,Banswara,23.5461,74.4323,0.93,27.49,81.45,3.34,96.83
2025-07-21,Banswara,23.5461,74.4323,4.11,27.8,82.94,2.13,97.02
2025-07-22,Banswara,23.5461,74.4323,10.19,27.98,84.82,2.81,96.99
2025-07-23,Banswara,23.5461,74.4323,4.14,27.0,86.68,3.65,96.83
2025-07-24,Banswara,23.5461,74.4323,1.03,27.0,84.16,3.11,96.75
2025-07-25,Banswara,23.5461,74.4323,10.68,27.32,85.87,2.91,96.7
2025-07-26,Banswara,23.5461,74.4323,45.83,26.59,92.6,3.99,96.6
2025-07-27,Banswara,23.5461,74.4323,25.01,26.74,91.65,4.55,96.55
2025-07-28,Banswara,23.5461,74.4323,11.31,26.78,90.16,4.41,96.75
2025-07-29,Banswara,23.5461,74.4323,4.92,26.79,88.57,4.48,96.81
2025-07-30,Banswara,23.5461,74.4323,2.4,25.61,89.43,4.14,96.93
2025-07-31,Banswara,23.5461,74.4323,1.51,26.46,85.24,3.74,97.07
2025-08-01,Banswara,23.5461,74.4323,0.27,26.78,84.13,3.91,97.17
2025-08-02,Banswara,23.5461,74.4323,0.73,26.32,84.64,3.19,97.25
2025-08-03,Banswara,23.5461,74.4323,1.43,26.65,85.07,3.19,97.35
2025-08-04,Banswara,23.5461,74.4323,0.16,26.38,86.44,2.93,97.48
2025-08-05,Banswara,23.5461,74.4323,0.49,26.65,84.8,2.96,97.44
2025-08-06,Banswara,23.5461,74.4323,0.14,26.4,83.96,2.64,97.47
2025-08-07,Banswara,23.5461,74.4323,0.0,26.44,84.25,2.71,97.43
2025-08-08,Banswara,23.5461,74.4323,0.0,26.48,83.58,2.48,97.46
2025-08-09,Banswara,23.5461,74.4323,0.74,26.72,83.78,2.13,97.59
2025-08-10,Banswara,23.5461,74.4323,1.41,26.58,84.14,2.49,97.51
2025-08-11,Banswara,23.5461,74.4323,0.18,26.69,83.5,2.88,97.46
2025-08-12,Banswara,23.5461,74.4323,0.18,26.8,83.08,3.09,97.34
2025-08-13,Banswara,23.5461,74.4323,1.01,26.52,85.51,2.01,97.18
2025-08-14,Banswara,23.5461,74.4323,1.41,27.08,84.15,1.36,97.2
2025-08-15,Banswara,23.5461,74.4323,8.85,27.64,84.35,1.32,97.08
2025-08-16,Banswara,23.5461,74.4323,12.66,27.21,86.51,1.79,96.93
2025-08-17,Banswara,23.5461,74.4323,2.4,28.83,83.7,1.54,96.84
2025-08-18,Banswara,23.5461,74.4323,10.01,28.35,86.48,1.23,97.0
2025-08-19,Banswara,23.5461,74.4323,7.97,28.15,86.54,1.69,96.83
2025-08-20,Banswara,23.5461,74.4323,41.16,26.92,88.17,2.32,96.85
2025-08-21,Banswara,23.5461,74.4323,25.82,25.29,93.64,3.85,97.06
2025-08-22,Banswara,23.5461,74.4323,26.36,25.48,93.03,4.59,97.14
2025-08-23,Banswara,23.5461,74.4323,14.69,25.48,91.78,4.67,97.1
2025-08-24,Banswara,23.5461,74.4323,13.33,25.87,89.84,4.85,97.13
2025-08-25,Banswara,23.5461,74.4323,9.86,25.8,90.65,4.32,97.12
2025-08-26,Banswara,23.5461,74.4323,12.02,26.57,88.97,2.82,97.22
2025-08-27,Banswara,23.5461,74.4323,13.01,26.93,88.57,1.99,97.21
2025-08-28,Banswara,23.5461,74.4323,14.16,26.75,91.18,1.97,97.07
2025-08-29,Banswara,23.5461,74.4323,13.08,27.8,87.96,1.25,97.06
2025-08-30,Banswara,23.5461,74.4323,13.94,26.55,92.09,2.58,97.27
2025-08-31,Banswara,23.5461,74.4323,24.88,26.0,94.01,3.0,97.23
2025-09-01,Banswara,23.5461,74.4323,9.66,26.23,89.35,3.0,97.03
2025-09-02,Banswara,23.5461,74.4323,4.96,25.83,88.64,2.57,97.1
2025-09-03,Banswara,23.5461,74.4323,24.93,25.77,91.71,2.42,97.11
2025-09-04,Banswara,23.5461,74.4323,45.81,26.07,92.11,2.87,97.04
2025-09-05,Banswara,23.5461,74.4323,46.24,26.76,91.42,2.51,97.05
2025-09-06,Banswara,23.5461,74.4323,27.59,25.4,95.29,3.76,97.14
2025-09-07,Banswara,23.5461,74.4323,20.01,24.82,93.2,4.09,97.26
2025-09-08,Banswara,23.5461,74.4323,2.38,25.02,90.31,3.3,97.43
2025-09-09,Banswara,23.5461,74.4323,0.01,24.39,87.71,1.7,97.75
2025-09-10,Banswara,23.5461,74.4323,0.0,24.44,87.81,1.63,97.77
2025-09-11,Banswara,23.5461,74.4323,0.0,24.48,87.58,1.77,97.7
2025-09-12,Banswara,23.5461,74.4323,0.0,24.84,86.61,1.53,97.75
2025-09-13,Banswara,23.5461,74.4323,0.0,24.88,85.39,1.12,97.73
2025-09-14,Banswara,23.5461,74.4323,0.01,26.42,85.38,1.32,97.63
2025-09-15,Banswara,23.5461,74.4323,1.03,25.6,88.25,1.94,97.51
2025-09-16,Banswara,23.5461,74.4323,0.94,25.18,87.85,1.38,97.52
2025-09-17,Banswara,23.5461,74.4323,0.99,25.68,89.0,1.44,97.52
2025-09-18,Banswara,23.5461,74.4323,2.76,26.1,87.98,1.63,97.51
2025-09-19,Banswara,23.5461,74.4323,17.52,26.86,84.75,0.99,97.6
2025-09-20,Banswara,23.5461,74.4323,5.1,26.45,89.11,1.68,97.57
2025-09-21,Banswara,23.5461,74.4323,18.29,26.32,89.92,2.05,97.52
2025-09-22,Banswara,23.5461,74.4323,10.99,25.49,92.37,1.56,97.56
2025-09-23,Banswara,23.5461,74.4323,2.11,24.88,90.38,2.03,97.59
2025-09-24,Banswara,23.5461,74.4323,0.09,25.17,87.35,2.09,97.49
2025-09-25,Banswara,23.5461,74.4323,0.1,25.4,85.82,1.52,97.48
2025-09-26,Banswara,23.5461,74.4323,0.01,26.51,83.28,1.48,97.51
2025-09-27,Banswara,23.5461,74.4323,1.21,25.57,85.86,2.16,97.47
2025-09-28,Banswara,23.5461,74.4323,8.23,26.73,90.07,3.06,97.12
2025-09-29,Banswara,23.5461,74.4323,0.69,26.72,87.53,3.4,97.04
2025-09-30,Banswara,23.5461,74.4323,0.34,24.28,89.6,2.39,97.26
2025-10-01,Banswara,23.5461,74.4323,0.03,24.94,86.88,1.62,97.28
2025-10-02,Banswara,23.5461,74.4323,0.92,25.64,85.51,1.02,97.51
2025-10-03,Banswara,23.5461,74.4323,10.28,24.98,88.98,1.87,97.79
2025-10-04,Banswara,23.5461,74.4323,9.96,24.92,89.31,2.53,97.84
2025-10-05,Banswara,23.5461,74.4323,4.37,24.72,88.95,2.55,97.81
2025-10-06,Banswara,23.5461,74.4323,4.38,24.43,88.76,2.81,97.87
2025-10-07,Banswara,23.5461,74.4323,1.26,23.69,86.08,2.25,97.92
2025-10-08,Banswara,23.5461,74.4323,0.0,23.26,74.99,0.98,98.06
2025-10-09,Banswara,23.5461,74.4323,0.0,23.93,68.7,0.89,98.15
2025-10-10,Banswara,23.5461,74.4323,0.0,23.44,62.8,0.98,98.02
2025-10-11,Banswara,23.5461,74.4323,0.0,22.43,65.73,1.32,98.04
2025-10-12,Banswara,23.5461,74.4323,0.0,22.99,65.94,1.24,97.99
2025-10-13,Banswara,23.5461,74.4323,0.0,23.28,67.41,1.01,98.03
2025-10-14,Banswara,23.5461,74.4323,0.0,22.64,71.79,1.48,97.89
2025-10-15,Banswara,23.5461,74.4323,0.0,23.08,75.17,1.33,97.83
2025-10-16,Banswara,23.5461,74.4323,0.0,24.48,76.69,1.27,97.86
2025-10-17,Banswara,23.5461,74.4323,0.31,25.05,74.09,1.05,98.0
2025-10-18,Banswara,23.5461,74.4323,0.04,24.47,71.07,1.1,97.92
2025-10-19,Banswara,23.5461,74.4323,0.0,24.19,69.77,1.17,97.82
2025-10-20,Banswara,23.5461,74.4323,0.0,24.71,69.07,0.99,97.83
2025-10-21,Banswara,23.5461,74.4323,0.0,24.39,76.23,1.5,97.96
2025-10-22,Banswara,23.5461,74.4323,0.0,23.92,78.92,2.36,98.02
2025-10-23,Banswara,23.5461,74.4323,0.0,24.65,80.66,2.49,97.93
2025-10-24,Banswara,23.5461,74.4323,0.0,25.06,81.64,2.39,97.88
2025-10-25,Banswara,23.5461,74.4323,1.19,24.76,82.94,2.38,97.79
2025-10-26,Banswara,23.5461,74.4323,7.49,23.37,87.7,2.15,97.84
2025-10-27,Banswara,23.5461,74.4323,50.62,23.4,93.7,2.25,97.79
2025-10-28,Banswara,23.5461,74.4323,15.65,23.05,92.11,3.21,97.72
2025-10-29,Banswara,23.5461,74.4323,0.81,23.72,86.86,3.35,97.69
2025-10-30,Banswara,23.5461,74.4323,15.78,24.18,89.12,2.37,97.64
2025-10-31,Banswara,23.5461,74.4323,2.23,23.43,89.3,1.7,97.83
2025-11-01,Banswara,23.5461,74.4323,0.25,24.89,83.36,1.12,97.92
2025-11-02,Banswara,23.5461,74.4323,0.81,25.32,85.85,1.14,98.01
2025-11-03,Banswara,23.5461,74.4323,1.62,24.82,89.13,2.24,97.92
2025-11-04,Banswara,23.5461,74.4323,0.38,23.23,85.89,2.25,97.89
2025-11-05,Banswara,23.5461,74.4323,0.0,22.43,68.66,0.96,97.94
2025-11-06,Banswara,23.5461,74.4323,0.0,20.29,60.43,1.34,98.1
2025-11-07,Banswara,23.5461,74.4323,0.0,18.93,60.73,1.36,98.27
2025-11-08,Banswara,23.5461,74.4323,0.0,18.11,58.76,1.34,98.34
2025-11-09,Banswara,23.5461,74.4323,0.0,18.72,57.31,0.96,98.24
2025-11-10,Banswara,23.5461,74.4323,0.0,19.77,52.81,0.95,98.18
2025-11-11,Banswara,23.5461,74.4323,0.0,19.37,58.52,0.88,98.28
2025-11-12,Banswara,23.5461,74.4323,0.0,19.74,59.68,0.94,98.37
2025-11-13,Banswara,23.5461,74.4323,0.0,19.18,62.26,1.26,98.45
2025-11-14,Banswara,23.5461,74.4323,0.0,18.64,65.73,1.49,98.4
2025-11-15,Banswara,23.5461,74.4323,0.0,17.55,65.97,1.71,98.5
2025-11-16,Banswara,23.5461,74.4323,0.0,16.88,64.36,1.94,98.67
2025-11-17,Banswara,23.5461,74.4323,0.0,16.18,66.13,1.91,98.59
2025-11-18,Banswara,23.5461,74.4323,0.0,16.1,67.05,1.83,98.41
2025-11-19,Banswara,23.5461,74.4323,0.0,16.49,66.52,1.6,98.35
2025-11-20,Banswara,23.5461,74.4323,0.0,17.34,70.22,1.7,98.41
2025-11-21,Banswara,23.5461,74.4323,0.0,18.08,71.65,1.59,98.49
2025-11-22,Banswara,23.5461,74.4323,0.0,18.63,66.53,1.43,98.36
2025-11-23,Banswara,23.5461,74.4323,0.0,18.88,65.26,1.3,98.29
2025-11-24,Banswara,23.5461,74.4323,0.0,20.18,75.76,1.52,98.29
2025-11-25,Banswara,23.5461,74.4323,0.0,20.99,81.48,1.81,98.3
2025-11-26,Banswara,23.5461,74.4323,0.0,21.69,80.43,1.99,98.26
2025-11-27,Banswara,23.5461,74.4323,0.0,22.11,81.16,1.8,98.35
2025-11-28,Banswara,23.5461,74.4323,0.0,21.54,80.22,1.64,98.34
2025-11-29,Banswara,23.5461,74.4323,0.0,20.25,75.94,1.83,98.26
2025-11-30,Banswara,23.5461,74.4323,0.0,19.94,68.72,1.47,98.24
2025-12-01,Banswara,23.5461,74.4323,0.0,19.95,68.29,1.1,98.19
2025-12-02,Banswara,23.5461,74.4323,0.0,19.78,67.52,0.94,98.18
2025-12-03,Banswara,23.5461,74.4323,0.0,18.69,73.49,2.22,98.39
2025-12-04,Banswara,23.5461,74.4323,0.0,18.13,73.96,2.3,98.51
2025-12-05,Banswara,23.5461,74.4323,0.0,17.75,70.9,2.22,98.63
2025-12-06,Banswara,23.5461,74.4323,0.0,17.17,65.61,2.14,98.64
2025-12-07,Banswara,23.5461,74.4323,0.0,18.01,56.99,2.0,98.55
2025-12-08,Banswara,23.5461,74.4323,0.0,17.43,59.19,1.88,98.57
2025-12-09,Banswara,23.5461,74.4323,0.0,17.67,57.8,1.97,98.55
2025-12-10,Banswara,23.5461,74.4323,0.0,18.18,52.8,1.44,98.55
2025-12-11,Banswara,23.5461,74.4323,0.0,18.52,53.59,1.24,98.46
2025-12-12,Banswara,23.5461,74.4323,0.0,18.24,57.06,1.5,98.34
2025-12-13,Banswara,23.5461,74.4323,0.0,18.05,57.43,1.9,98.34
2025-12-14,Banswara,23.5461,74.4323,0.0,18.2,60.2,2.13,98.42
2025-12-15,Banswara,23.5461,74.4323,0.0,17.69,68.23,2.05,98.46
2025-12-16,Banswara,23.5461,74.4323,0.0,17.21,62.93,2.12,98.44
2025-12-17,Banswara,23.5461,74.4323,0.0,17.61,60.03,1.64,98.52
2025-12-18,Banswara,23.5461,74.4323,0.0,17.76,56.93,1.74,98.54
2025-12-19,Banswara,23.5461,74.4323,0.0,17.77,57.21,1.86,98.34
2025-12-20,Banswara,23.5461,74.4323,0.0,18.43,56.9,1.76,98.17
2025-12-21,Banswara,23.5461,74.4323,0.0,18.02,56.93,1.93,98.26
2025-12-22,Banswara,23.5461,74.4323,0.0,18.73,58.77,2.04,98.32
2025-12-23,Banswara,23.5461,74.4323,0.0,19.14,62.54,1.67,98.3
2025-12-24,Banswara,23.5461,74.4323,0.0,18.13,64.74,1.79,98.27
2025-12-25,Banswara,23.5461,74.4323,0.0,18.0,61.48,1.45,98.27
2025-12-26,Banswara,23.5461,74.4323,0.0,17.2,57.84,2.17,98.29
2025-12-27,Banswara,23.5461,74.4323,0.0,17.05,56.78,1.99,98.31
2025-12-28,Banswara,23.5461,74.4323,0.0,17.61,55.13,1.97,98.35
2025-12-29,Banswara,23.5461,74.4323,0.0,18.26,55.92,1.63,98.31
2025-12-30,Banswara,23.5461,74.4323,0.0,18.41,57.09,1.76,98.13
2025-12-31,Banswara,23.5461,74.4323,0.01,18.4,60.77,1.36,97.98
2025-01-01,Baran,25.1011,76.5132,0.0,14.3,58.16,1.22,98.43
2025-01-02,Baran,25.1011,76.5132,0.0,15.14,57.13,1.28,98.4
2025-01-03,Baran,25.1011,76.5132,0.0,16.6,57.62,1.16,98.35
2025-01-04,Baran,25.1011,76.5132,0.0,17.87,55.82,1.56,98.11
2025-01-05,Baran,25.1011,76.5132,10.65,17.5,62.1,2.05,98.0
2025-01-06,Baran,25.1011,76.5132,0.0,15.66,70.08,1.24,98.15
2025-01-07,Baran,25.1011,76.5132,0.0,13.56,65.66,1.45,98.39
2025-01-08,Baran,25.1011,76.5132,0.0,13.99,51.53,1.13,98.29
2025-01-09,Baran,25.1011,76.5132,0.0,14.77,54.05,1.71,98.32
2025-01-10,Baran,25.1011,76.5132,0.0,14.96,58.14,2.27,98.35
2025-01-11,Baran,25.1011,76.5132,1.93,16.55,63.48,2.09,98.16
2025-01-12,Baran,25.1011,76.5132,0.05,14.91,67.45,1.68,98.38
2025-01-13,Baran,25.1011,76.5132,0.0,12.5,67.88,1.1,98.47
2025-01-14,Baran,25.1011,76.5132,0.0,13.35,61.14,1.31,98.41
2025-01-15,Baran,25.1011,76.5132,1.06,14.59,71.28,1.59,98.39
2025-01-16,Baran,25.1011,76.5132,3.46,16.07,78.46,1.52,98.46
2025-01-17,Baran,25.1011,76.5132,0.0,13.74,71.6,1.6,98.55
2025-01-18,Baran,25.1011,76.5132,0.0,14.95,66.56,1.24,98.33
2025-01-19,Baran,25.1011,76.5132,0.0,19.16,63.28,1.5,98.23
2025-01-20,Baran,25.1011,76.5132,0.0,19.42,62.93,1.43,98.14
2025-01-21,Baran,25.1011,76.5132,0.0,19.25,64.33,1.16,97.99
2025-01-22,Baran,25.1011,76.5132,0.0,19.66,57.69,1.45,97.88
2025-01-23,Baran,25.1011,76.5132,0.0,17.64,59.8,1.84,98.01
2025-01-24,Baran,25.1011,76.5132,0.0,16.61,55.32,1.59,98.21
2025-01-25,Baran,25.1011,76.5132,0.0,16.92,40.38,1.16,98.22
2025-01-26,Baran,25.1011,76.5132,0.0,17.14,39.37,1.02,98.13
2025-01-27,Baran,25.1011,76.5132,0.0,17.15,39.84,1.38,97.96
2025-01-28,Baran,25.1011,76.5132,0.0,18.21,38.25,1.25,97.9
2025-01-29,Baran,25.1011,76.5132,0.0,20.72,40.22,1.62,97.9
2025-01-30,Baran,25.1011,76.5132,0.0,20.44,33.71,1.66,97.7
2025-01-31,Baran,25.1011,76.5132,0.0,19.12,35.37,1.84,97.65
2025-02-01,Baran,25.1011,76.5132,0.0,19.04,35.1,1.7,97.84
2025-02-02,Baran,25.1011,76.5132,0.0,18.51,37.33,1.28,98.01
2025-02-03,Baran,25.1011,76.5132,0.01,22.04,40.31,1.64,97.92
2025-02-04,Baran,25.1011,76.5132,0.01,22.37,40.61,1.5,97.93
2025-02-05,Baran,25.1011,76.5132,0.0,17.43,35.67,2.1,98.14
2025-02-06,Baran,25.1011,76.5132,0.0,16.43,31.72,1.67,98.32
2025-02-07,Baran,25.1011,76.5132,0.0,17.3,29.52,1.2,98.35
2025-02-08,Baran,25.1011,76.5132,0.0,18.89,23.39,1.04,98.19
2025-02-09,Baran,25.1011,76.5132,0.0,20.27,26.18,1.4,97.97
2025-02-10,Baran,25.1011,76.5132,0.0,22.25,24.47,1.56,97.95
2025-02-11,Baran,25.1011,76.5132,0.0,22.35,25.05,1.46,97.94
2025-02-12,Baran,25.1011,76.5132,0.0,20.63,33.02,2.09,98.09
2025-02-13,Baran,25.1011,76.5132,0.0,19.86,29.62,1.39,98.22
2025-02-14,Baran,25.1011,76.5132,0.0,22.33,23.39,1.65,98.02
2025-02-15,Baran,25.1011,76.5132,0.0,23.9,27.92,2.64,97.68
2025-02-16,Baran,25.1011,76.5132,0.0,23.53,31.19,1.74,97.78
2025-02-17,Baran,25.1011,76.5132,0.0,23.92,31.92,1.23,97.97
2025-02-18,Baran,25.1011,76.5132,0.02,24.21,35.11,2.12,97.94
2025-02-19,Baran,25.1011,76.5132,0.05,24.29,35.91,1.5,97.82
2025-02-20,Baran,25.1011,76.5132,0.0,24.38,32.85,1.59,97.88
2025-02-21,Baran,25.1011,76.5132,0.0,22.71,31.78,1.76,98.17
2025-02-22,Baran,25.1011,76.5132,0.0,21.26,29.51,1.46,98.27
2025-02-23,Baran,25.1011,76.5132,0.0,22.22,30.16,1.26,98.29
2025-02-24,Baran,25.1011,76.5132,0.0,22.32,33.84,1.5,98.39
2025-02-25,Baran,25.1011,76.5132,0.0,23.36,28.59,1.7,98.46
2025-02-26,Baran,25.1011,76.5132,0.0,25.14,26.73,1.66,98.43
2025-02-27,Baran,25.1011,76.5132,0.0,25.71,28.91,2.06,98.05
2025-02-28,Baran,25.1011,76.5132,0.0,26.89,25.71,2.97,97.76
2025-03-01,Baran,25.1011,76.5132,0.0,25.83,33.09,2.12,97.8
2025-03-02,Baran,25.1011,76.5132,0.0,24.61,33.92,1.41,97.79
2025-03-03,Baran,25.1011,76.5132,0.0,26.05,30.98,1.85,97.77
2025-03-04,Baran,25.1011,76.5132,0.0,23.07,22.93,3.21,98.02
2025-03-05,Baran,25.1011,76.5132,0.0,19.06,17.52,2.58,98.23
2025-03-06,Baran,25.1011,76.5132,0.0,22.73,12.51,1.73,98.03
2025-03-07,Baran,25.1011,76.5132,0.0,24.97,15.68,1.98,97.74
2025-03-08,Baran,25.1011,76.5132,0.0,25.03,18.4,1.75,97.58
2025-03-09,Baran,25.1011,76.5132,0.0,26.46,17.21,2.18,97.77
2025-03-10,Baran,25.1011,76.5132,0.0,27.86,21.47,2.46,98.04
2025-03-11,Baran,25.1011,76.5132,0.0,28.51,20.03,2.13,97.96
2025-03-12,Baran,25.1011,76.5132,0.0,29.0,20.34,2.48,97.59
2025-03-13,Baran,25.1011,76.5132,0.0,28.72,19.67,2.74,97.4
2025-03-14,Baran,25.1011,76.5132,0.0,29.52,23.29,3.02,97.45
2025-03-15,Baran,25.1011,76.5132,0.01,29.39,24.69,2.85,97.6
2025-03-16,Baran,25.1011,76.5132,0.0,27.54,26.82,2.1,97.72
2025-03-17,Baran,25.1011,76.5132,0.0,26.62,26.53,1.8,97.84
2025-03-18,Baran,25.1011,76.5132,0.0,25.91,22.11,1.45,97.88
2025-03-19,Baran,25.1011,76.5132,0.0,27.23,17.98,1.63,97.84
2025-03-20,Baran,25.1011,76.5132,0.0,27.24,18.84,1.84,97.9
2025-03-21,Baran,25.1011,76.5132,0.0,26.63,21.6,2.31,97.99
2025-03-22,Baran,25.1011,76.5132,0.0,28.55,18.79,1.88,97.9
2025-03-23,Baran,25.1011,76.5132,0.0,27.17,16.19,1.88,98.0
2025-03-24,Baran,25.1011,76.5132,0.0,28.08,15.32,1.78,97.96
2025-03-25,Baran,25.1011,76.5132,0.0,29.9,14.55,1.94,97.58
2025-03-26,Baran,25.1011,76.5132,0.0,30.47,17.19,2.43,97.37
2025-03-27,Baran,25.1011,76.5132,0.0,30.98,22.27,2.96,97.4
2025-03-28,Baran,25.1011,76.5132,0.0,27.09,8.12,2.73,97.63
2025-03-29,Baran,25.1011,76.5132,0.0,24.75,7.38,1.89,97.7
2025-03-30,Baran,25.1011,76.5132,0.0,26.18,8.66,1.53,97.7
2025-03-31,Baran,25.1011,76.5132,0.0,28.39,8.67,1.38,97.69
2025-04-01,Baran,25.1011,76.5132,0.0,28.11,11.07,1.52,97.6
2025-04-02,Baran,25.1011,76.5132,0.42,29.54,14.9,1.87,97.6
2025-04-03,Baran,25.1011,76.5132,1.07,30.66,20.77,2.38,97.66
2025-04-04,Baran,25.1011,76.5132,0.04,30.54,14.72,2.26,97.69
2025-04-05,Baran,25.1011,76.5132,0.0,30.25,16.16,1.85,97.57
2025-04-06,Baran,25.1011,76.5132,0.0,32.41,17.07,1.64,97.4
2025-04-07,Baran,25.1011,76.5132,0.0,32.92,14.08,1.73,97.42
2025-04-08,Baran,25.1011,76.5132,0.0,33.83,14.66,1.21,97.57
2025-04-09,Baran,25.1011,76.5132,0.0,34.13,14.72,2.41,97.42
2025-04-10,Baran,25.1011,76.5132,0.0,34.4,12.07,3.91,97.07
2025-04-11,Baran,25.1011,76.5132,0.0,32.92,16.98,3.69,96.97
2025-04-12,Baran,25.1011,76.5132,0.66,32.61,23.06,2.25,97.24
2025-04-13,Baran,25.1011,76.5132,0.02,33.08,25.07,2.4,97.38
2025-04-14,Baran,25.1011,76.5132,0.0,32.81,23.4,1.9,97.36
2025-04-15,Baran,25.1011,76.5132,0.0,32.84,24.55,2.56,97.39
2025-04-16,Baran,25.1011,76.5132,0.0,33.33,23.48,1.92,97.35
2025-04-17,Baran,25.1011,76.5132,0.0,35.49,20.42,2.74,97.12
2025-04-18,Baran,25.1011,76.5132,0.0,36.67,14.59,3.65,97.0
2025-04-19,Baran,25.1011,76.5132,0.0,34.45,15.29,4.0,97.12
2025-04-20,Baran,25.1011,76.5132,0.0,33.15,17.35,3.62,97.19
2025-04-21,Baran,25.1011,76.5132,0.0,33.09,12.26,2.63,97.48
2025-04-22,Baran,25.1011,76.5132,0.0,32.67,11.03,2.38,97.56
2025-04-23,Baran,25.1011,76.5132,0.0,32.14,6.7,2.49,97.36
2025-04-24,Baran,25.1011,76.5132,0.0,33.03,8.34,2.58,97.17
2025-04-25,Baran,25.1011,76.5132,0.0,34.14,12.28,2.63,97.17
2025-04-26,Baran,25.1011,76.5132,0.07,34.3,16.22,3.41,97.18
2025-04-27,Baran,25.1011,76.5132,0.0,34.21,17.91,2.19,97.28
2025-04-28,Baran,25.1011,76.5132,0.0,34.68,16.01,1.95,97.07
2025-04-29,Baran,25.1011,76.5132,0.0,35.02,12.61,2.94,96.98
2025-04-30,Baran,25.1011,76.5132,0.0,34.43,15.8,1.98,97.18
2025-05-01,Baran,25.1011,76.5132,0.0,35.12,18.09,2.18,97.25
2025-05-02,Baran,25.1011,76.5132,0.02,34.84,23.69,2.29,97.33
2025-05-03,Baran,25.1011,76.5132,0.14,35.44,20.43,2.64,97.17
2025-05-04,Baran,25.1011,76.5132,1.78,34.21,22.92,1.93,97.11
2025-05-05,Baran,25.1011,76.5132,2.04,33.56,31.32,3.27,97.15
2025-05-06,Baran,25.1011,76.5132,2.58,29.88,47.51,3.09,97.25
2025-05-07,Baran,25.1011,76.5132,1.02,27.55,55.16,2.87,97.16
2025-05-08,Baran,25.1011,76.5132,0.76,27.06,61.56,3.7,97.28
2025-05-09,Baran,25.1011,76.5132,0.02,30.18,51.33,3.38,97.38
2025-05-10,Baran,25.1011,76.5132,0.99,32.4,44.33,3.05,97.36
2025-05-11,Baran,25.1011,76.5132,3.78,33.56,43.02,3.72,97.21
2025-05-12,Baran,25.1011,76.5132,0.45,33.25,43.11,2.59,97.14
2025-05-13,Baran,25.1011,76.5132,0.07,34.35,40.53,2.3,97.17
2025-05-14,Baran,25.1011,76.5132,0.03,35.08,37.37,2.7,97.19
2025-05-15,Baran,25.1011,76.5132,0.04,36.21,30.32,2.81,97.14
2025-05-16,Baran,25.1011,76.5132,0.02,36.81,31.03,2.62,97.06
2025-05-17,Baran,25.1011,76.5132,0.07,37.18,31.65,2.74,97.03
2025-05-18,Baran,25.1011,76.5132,0.08,38.16,32.34,2.81,96.98
2025-05-19,Baran,25.1011,76.5132,4.34,38.49,31.83,2.6,96.91
2025-05-20,Baran,25.1011,76.5132,0.04,38.41,34.28,3.95,96.82
2025-05-21,Baran,25.1011,76.5132,0.01,38.1,33.6,3.71,96.83
2025-05-22,Baran,25.1011,76.5132,0.1,37.37,36.38,3.66,96.79
2025-05-23,Baran,25.1011,76.5132,0.75,37.1,37.51,3.2,96.6
2025-05-24,Baran,25.1011,76.5132,0.13,38.07,33.82,3.92,96.51
2025-05-25,Baran,25.1011,76.5132,0.43,36.93,35.03,3.41,96.82
2025-05-26,Baran,25.1011,76.5132,0.03,37.34,31.43,2.65,96.7
2025-05-27,Baran,25.1011,76.5132,3.67,37.63,30.79,2.27,96.5
2025-05-28,Baran,25.1011,76.5132,2.75,36.46,43.41,2.03,96.45
2025-05-29,Baran,25.1011,76.5132,23.6,33.92,52.13,2.08,96.42
2025-05-30,Baran,25.1011,76.5132,4.74,32.52,55.56,3.46,96.41
2025-05-31,Baran,25.1011,76.5132,1.43,32.36,47.44,5.36,96.72
2025-06-01,Baran,25.1011,76.5132,0.01,31.82,49.82,6.27,96.84
2025-06-02,Baran,25.1011,76.5132,0.24,31.67,53.03,4.33,96.77
2025-06-03,Baran,25.1011,76.5132,1.82,31.1,57.56,3.64,96.93
2025-06-04,Baran,25.1011,76.5132,0.31,31.3,51.15,2.65,97.15
2025-06-05,Baran,25.1011,76.5132,0.0,32.82,41.95,1.9,97.38
2025-06-06,Baran,25.1011,76.5132,1.78,32.79,45.65,1.98,97.37
2025-06-07,Baran,25.1011,76.5132,0.02,36.05,34.53,3.69,97.14
2025-06-08,Baran,25.1011,76.5132,0.0,36.18,26.49,4.94,97.02
2025-06-09,Baran,25.1011,76.5132,0.0,37.09,22.59,5.29,96.89
2025-06-10,Baran,25.1011,76.5132,0.0,37.85,22.94,4.89,96.74
2025-06-11,Baran,25.1011,76.5132,0.0,38.61,22.25,3.73,96.7
2025-06-12,Baran,25.1011,76.5132,0.0,39.36,23.69,2.42,96.62
2025-06-13,Baran,25.1011,76.5132,6.68,38.35,34.79,2.29,96.6
2025-06-14,Baran,25.1011,76.5132,3.04,36.44,42.4,2.11,96.58
2025-06-15,Baran,25.1011,76.5132,12.09,33.94,53.92,2.75,96.46
2025-06-16,Baran,25.1011,76.5132,13.51,31.86,65.87,1.73,96.4
2025-06-17,Baran,25.1011,76.5132,7.47,31.35,65.5,3.4,96.53
2025-06-18,Baran,25.1011,76.5132,4.32,30.43,68.4,5.18,96.4
2025-06-19,Baran,25.1011,76.5132,4.54,30.09,73.43,4.5,96.34
2025-06-20,Baran,25.1011,76.5132,54.96,27.43,83.0,5.25,96.71
2025-06-21,Baran,25.1011,76.5132,36.13,28.44,84.79,2.98,96.74
2025-06-22,Baran,25.1011,76.5132,40.29,28.15,87.9,2.62,96.67
2025-06-23,Baran,25.1011,76.5132,19.76,27.61,86.97,3.59,96.52
2025-06-24,Baran,25.1011,76.5132,18.63,29.58,80.27,1.87,96.43
2025-06-25,Baran,25.1011,76.5132,14.67,29.92,81.03,2.61,96.5
2025-06-26,Baran,25.1011,76.5132,9.92,29.17,83.92,1.86,96.69
2025-06-27,Baran,25.1011,76.5132,8.33,29.52,79.21,2.79,96.61
2025-06-28,Baran,25.1011,76.5132,0.42,28.36,76.83,3.64,96.76
2025-06-29,Baran,25.1011,76.5132,2.77,28.77,79.45,3.85,96.54
2025-06-30,Baran,25.1011,76.5132,6.98,29.11,76.89,4.37,96.59
2025-07-01,Baran,25.1011,76.5132,41.65,27.39,87.89,2.98,96.64
2025-07-02,Baran,25.1011,76.5132,33.72,28.07,86.22,2.02,96.49
2025-07-03,Baran,25.1011,76.5132,16.63,29.14,82.56,1.78,96.53
2025-07-04,Baran,25.1011,76.5132,38.38,27.99,87.88,3.64,96.71
2025-07-05,Baran,25.1011,76.5132,22.0,27.66,89.06,3.26,96.7
2025-07-06,Baran,25.1011,76.5132,5.88,27.85,86.88,1.75,96.62
2025-07-07,Baran,25.1011,76.5132,5.47,28.63,83.15,2.36,96.66
2025-07-08,Baran,25.1011,76.5132,2.32,28.69,81.67,2.97,96.78
2025-07-09,Baran,25.1011,76.5132,6.77,28.49,82.35,2.84,96.86
2025-07-10,Baran,25.1011,76.5132,2.06,28.42,80.89,2.34,96.94
2025-07-11,Baran,25.1011,76.5132,4.27,26.83,88.81,3.18,96.91
2025-07-12,Baran,25.1011,76.5132,11.12,27.46,86.74,2.29,96.88
2025-07-13,Baran,25.1011,76.5132,60.64,27.9,88.25,2.11,96.72
2025-07-14,Baran,25.1011,76.5132,11.11,27.67,87.78,3.6,96.5
2025-07-15,Baran,25.1011,76.5132,13.35,27.82,85.48,4.07,96.63
2025-07-16,Baran,25.1011,76.5132,1.7,27.85,85.53,1.56,96.83
2025-07-17,Baran,25.1011,76.5132,17.08,26.99,91.83,2.55,96.87
2025-07-18,Baran,25.1011,76.5132,39.48,26.35,93.64,4.87,96.68
2025-07-19,Baran,25.1011,76.5132,8.09,27.25,84.84,4.45,96.6
2025-07-20,Baran,25.1011,76.5132,0.04,27.65,83.88,2.45,96.66
2025-07-21,Baran,25.1011,76.5132,0.05,29.12,77.75,1.2,96.83
2025-07-22,Baran,25.1011,76.5132,9.02,29.01,84.12,1.88,96.75
2025-07-23,Baran,25.1011,76.5132,33.38,27.6,91.31,2.43,96.56
2025-07-24,Baran,25.1011,76.5132,8.09,27.98,86.43,2.9,96.47
2025-07-25,Baran,25.1011,76.5132,22.48,27.77,88.63,2.59,96.45
2025-07-26,Baran,25.1011,76.5132,30.97,27.99,91.0,2.56,96.35
2025-07-27,Baran,25.1011,76.5132,16.34,27.67,92.12,2.11,96.27
2025-07-28,Baran,25.1011,76.5132,22.12,27.53,93.07,3.23,96.42
2025-07-29,Baran,25.1011,76.5132,96.79,28.22,90.33,2.8,96.49
2025-07-30,Baran,25.1011,76.5132,35.53,26.06,92.61,4.22,96.6
2025-07-31,Baran,25.1011,76.5132,5.2,25.56,91.18,3.5,96.81
2025-08-01,Baran,25.1011,76.5132,3.14,26.77,88.28,3.13,96.92
2025-08-02,Baran,25.1011,76.5132,3.38,27.12,86.62,2.94,96.99
2025-08-03,Baran,25.1011,76.5132,7.76,26.99,87.34,2.46,97.11
2025-08-04,Baran,25.1011,76.5132,4.74,27.12,87.48,3.11,97.22
2025-08-05,Baran,25.1011,76.5132,0.02,27.24,85.74,2.7,97.22
2025-08-06,Baran,25.1011,76.5132,0.02,27.02,85.19,3.01,97.24
2025-08-07,Baran,25.1011,76.5132,0.15,27.23,85.05,2.4,97.18
2025-08-08,Baran,25.1011,76.5132,0.22,27.33,85.43,2.3,97.22
2025-08-09,Baran,25.1011,76.5132,0.05,27.0,85.22,1.88,97.39
2025-08-10,Baran,25.1011,76.5132,1.24,27.07,85.29,2.41,97.26
2025-08-11,Baran,25.1011,76.5132,0.07,27.38,84.18,2.61,97.21
2025-08-12,Baran,25.1011,76.5132,0.01,27.79,84.25,2.7,97.07
2025-08-13,Baran,25.1011,76.5132,1.91,27.42,84.83,1.8,96.99
2025-08-14,Baran,25.1011,76.5132,9.42,27.49,86.91,1.26,97.06
2025-08-15,Baran,25.1011,76.5132,5.46,28.44,85.24,1.09,96.9
2025-08-16,Baran,25.1011,76.5132,0.42,28.36,84.39,1.89,96.77
2025-08-17,Baran,25.1011,76.5132,4.16,28.71,85.58,2.48,96.79
2025-08-18,Baran,25.1011,76.5132,4.86,28.19,87.37,2.01,96.94
2025-08-19,Baran,25.1011,76.5132,4.14,28.23,86.9,2.38,96.81
2025-08-20,Baran,25.1011,76.5132,13.05,28.09,85.63,1.71,96.75
2025-08-21,Baran,25.1011,76.5132,50.25,27.11,88.28,2.29,96.85
2025-08-22,Baran,25.1011,76.5132,62.24,26.33,93.99,3.68,96.72
2025-08-23,Baran,25.1011,76.5132,40.06,26.34,93.07,3.83,96.68
2025-08-24,Baran,25.1011,76.5132,9.25,26.9,90.68,2.8,96.73
2025-08-25,Baran,25.1011,76.5132,1.66,26.74,89.32,3.4,96.77
2025-08-26,Baran,25.1011,76.5132,8.51,26.63,91.27,2.44,96.97
2025-08-27,Baran,25.1011,76.5132,10.87,27.52,89.95,1.89,96.97
2025-08-28,Baran,25.1011,76.5132,1.84,28.55,84.68,1.08,96.89
2025-08-29,Baran,25.1011,76.5132,4.0,28.43,85.24,1.06,96.95
2025-08-30,Baran,25.1011,76.5132,5.25,28.4,87.31,0.95,97.05
2025-08-31,Baran,25.1011,76.5132,9.64,27.28,93.06,1.64,96.92
2025-09-01,Baran,25.1011,76.5132,19.15,26.82,89.4,2.53,96.77
2025-09-02,Baran,25.1011,76.5132,7.25,27.09,87.37,1.87,96.85
2025-09-03,Baran,25.1011,76.5132,24.01,26.14,92.71,1.94,96.93
2025-09-04,Baran,25.1011,76.5132,18.42,26.43,92.84,2.55,96.87
2025-09-05,Baran,25.1011,76.5132,6.41,26.67,90.62,1.41,96.87
2025-09-06,Baran,25.1011,76.5132,9.53,26.52,92.3,3.21,96.93
2025-09-07,Baran,25.1011,76.5132,1.18,26.4,88.42,2.71,97.15
2025-09-08,Baran,25.1011,76.5132,0.04,26.08,86.66,2.13,97.33
2025-09-09,Baran,25.1011,76.5132,0.07,25.89,85.81,1.96,97.56
2025-09-10,Baran,25.1011,76.5132,0.0,25.96,87.13,2.25,97.52
2025-09-11,Baran,25.1011,76.5132,0.0,26.05,84.3,1.75,97.46
2025-09-12,Baran,25.1011,76.5132,0.0,26.1,83.25,1.39,97.54
2025-09-13,Baran,25.1011,76.5132,0.0,26.82,82.13,1.25,97.51
2025-09-14,Baran,25.1011,76.5132,0.03,27.74,81.62,1.26,97.44
2025-09-15,Baran,25.1011,76.5132,0.33,27.11,84.59,1.65,97.29
2025-09-16,Baran,25.1011,76.5132,0.73,27.22,84.81,1.58,97.28
2025-09-17,Baran,25.1011,76.5132,2.6,26.17,87.05,1.86,97.32
2025-09-18,Baran,25.1011,76.5132,1.92,27.01,86.41,1.2,97.31
2025-09-19,Baran,25.1011,76.5132,3.4,27.58,84.22,0.91,97.4
2025-09-20,Baran,25.1011,76.5132,7.44,27.2,85.29,1.15,97.39
2025-09-21,Baran,25.1011,76.5132,1.2,28.07,80.25,1.17,97.32
2025-09-22,Baran,25.1011,76.5132,0.06,27.97,76.27,1.35,97.37
2025-09-23,Baran,25.1011,76.5132,0.01,27.22,78.69,1.41,97.34
2025-09-24,Baran,25.1011,76.5132,0.03,27.28,80.23,1.87,97.22
2025-09-25,Baran,25.1011,76.5132,0.01,27.02,81.1,1.98,97.24
2025-09-26,Baran,25.1011,76.5132,0.0,27.01,74.91,1.69,97.33
2025-09-27,Baran,25.1011,76.5132,2.47,26.07,85.46,1.88,97.37
2025-09-28,Baran,25.1011,76.5132,0.88,26.91,88.18,3.18,97.17
2025-09-29,Baran,25.1011,76.5132,0.26,27.31,85.79,2.16,97.09
2025-09-30,Baran,25.1011,76.5132,4.95,26.39,86.68,1.91,97.07
2025-10-01,Baran,25.1011,76.5132,1.82,25.77,83.47,1.58,97.13
2025-10-02,Baran,25.1011,76.5132,0.02,27.05,78.95,0.66,97.36
2025-10-03,Baran,25.1011,76.5132,0.48,27.28,80.9,1.06,97.56
2025-10-04,Baran,25.1011,76.5132,0.19,26.93,83.87,1.16,97.56
2025-10-05,Baran,25.1011,76.5132,21.91,26.6,84.93,1.79,97.55
2025-10-06,Baran,25.1011,76.5132,3.07,25.77,83.94,2.14,97.63
2025-10-07,Baran,25.1011,76.5132,3.55,24.47,84.4,2.15,97.69
2025-10-08,Baran,25.1011,76.5132,0.0,22.94,78.76,1.56,97.87
2025-10-09,Baran,25.1011,76.5132,0.0,23.74,71.0,0.98,98.01
2025-10-10,Baran,25.1011,76.5132,0.0,23.11,66.03,0.86,97.91
2025-10-11,Baran,25.1011,76.5132,0.0,22.99,64.17,1.08,97.9
2025-10-12,Baran,25.1011,76.5132,0.0,22.99,67.82,1.16,97.85
2025-10-13,Baran,25.1011,76.5132,0.0,22.98,69.87,0.93,97.92
2025-10-14,Baran,25.1011,76.5132,0.0,22.56,71.28,1.17,97.83
2025-10-15,Baran,25.1011,76.5132,0.0,22.75,73.04,1.09,97.78
2025-10-16,Baran,25.1011,76.5132,0.0,23.66,73.98,0.97,97.8
2025-10-17,Baran,25.1011,76.5132,0.0,24.26,69.46,0.93,97.91
2025-10-18,Baran,25.1011,76.5132,0.0,23.77,66.86,1.0,97.84
2025-10-19,Baran,25.1011,76.5132,0.0,22.78,71.09,1.19,97.76
2025-10-20,Baran,25.1011,76.5132,0.0,22.67,73.62,1.51,97.78
2025-10-21,Baran,25.1011,76.5132,0.0,23.09,71.5,1.37,97.93
2025-10-22,Baran,25.1011,76.5132,0.0,23.57,75.1,1.08,97.99
2025-10-23,Baran,25.1011,76.5132,0.0,23.94,78.22,1.25,97.9
2025-10-24,Baran,25.1011,76.5132,0.0,23.84,81.73,1.34,97.86
2025-10-25,Baran,25.1011,76.5132,1.89,23.82,83.85,1.64,97.78
2025-10-26,Baran,25.1011,76.5132,3.53,23.6,84.03,1.89,97.82
2025-10-27,Baran,25.1011,76.5132,46.09,22.14,92.94,2.43,97.84
2025-10-28,Baran,25.1011,76.5132,28.67,20.81,93.35,3.09,97.8
2025-10-29,Baran,25.1011,76.5132,0.75,21.83,88.94,2.72,97.74
2025-10-30,Baran,25.1011,76.5132,5.14,23.18,89.17,3.03,97.65
2025-10-31,Baran,25.1011,76.5132,0.53,22.82,88.36,1.6,97.75
2025-11-01,Baran,25.1011,76.5132,0.0,23.99,83.2,0.81,97.81
2025-11-02,Baran,25.1011,76.5132,0.0,24.46,76.78,1.12,97.86
2025-11-03,Baran,25.1011,76.5132,3.63,23.59,73.02,1.18,97.75
2025-11-04,Baran,25.1011,76.5132,3.04,24.03,83.35,2.39,97.63
2025-11-05,Baran,25.1011,76.5132,0.35,21.84,75.21,1.69,97.74
2025-11-06,Baran,25.1011,76.5132,0.0,18.17,63.2,1.18,97.98
2025-11-07,Baran,25.1011,76.5132,0.0,18.11,53.14,1.23,98.16
2025-11-08,Baran,25.1011,76.5132,0.0,17.33,54.76,1.32,98.21
2025-11-09,Baran,25.1011,76.5132,0.0,18.1,60.87,1.31,98.08
2025-11-10,Baran,25.1011,76.5132,0.0,19.12,56.81,1.13,98.03
2025-11-11,Baran,25.1011,76.5132,0.0,19.0,59.45,1.09,98.13
2025-11-12,Baran,25.1011,76.5132,0.0,19.58,57.48,1.0,98.23
2025-11-13,Baran,25.1011,76.5132,0.0,18.95,62.19,1.24,98.35
2025-11-14,Baran,25.1011,76.5132,0.0,18.36,59.33,0.93,98.33
2025-11-15,Baran,25.1011,76.5132,0.0,17.06,57.19,1.12,98.44
2025-11-16,Baran,25.1011,76.5132,0.0,17.19,56.68,1.02,98.61
2025-11-17,Baran,25.1011,76.5132,0.0,16.47,58.79,1.1,98.52
2025-11-18,Baran,25.1011,76.5132,0.0,16.13,61.07,1.05,98.34
2025-11-19,Baran,25.1011,76.5132,0.0,16.11,65.64,1.14,98.28
2025-11-20,Baran,25.1011,76.5132,0.0,16.36,74.35,1.18,98.35
2025-11-21,Baran,25.1011,76.5132,0.0,16.38,76.9,1.21,98.43
2025-11-22,Baran,25.1011,76.5132,0.0,16.97,73.35,1.12,98.3
2025-11-23,Baran,25.1011,76.5132,0.0,17.04,71.22,1.35,98.25
2025-11-24,Baran,25.1011,76.5132,0.0,16.97,79.16,1.77,98.32
2025-11-25,Baran,25.1011,76.5132,0.0,17.02,76.83,1.65,98.33
2025-11-26,Baran,25.1011,76.5132,0.0,17.98,80.04,1.58,98.31
2025-11-27,Baran,25.1011,76.5132,0.0,18.29,78.88,1.85,98.39
2025-11-28,Baran,25.1011,76.5132,0.0,17.8,76.73,1.38,98.35
2025-11-29,Baran,25.1011,76.5132,0.0,18.06,73.28,1.11,98.22
2025-11-30,Baran,25.1011,76.5132,0.0,19.01,72.13,1.1,98.16
2025-12-01,Baran,25.1011,76.5132,0.0,18.41,79.58,1.06,98.11
2025-12-02,Baran,25.1011,76.5132,0.0,18.44,76.8,1.24,98.1
2025-12-03,Baran,25.1011,76.5132,0.0,17.38,74.64,1.36,98.38
2025-12-04,Baran,25.1011,76.5132,0.0,15.84,69.08,1.08,98.5
2025-12-05,Baran,25.1011,76.5132,0.0,15.5,63.93,1.31,98.63
2025-12-06,Baran,25.1011,76.5132,0.0,16.05,53.21,0.83,98.6
2025-12-07,Baran,25.1011,76.5132,0.0,17.5,50.37,0.75,98.51
2025-12-08,Baran,25.1011,76.5132,0.0,17.52,50.11,0.88,98.51
2025-12-09,Baran,25.1011,76.5132,0.0,17.36,49.45,1.06,98.49
2025-12-10,Baran,25.1011,76.5132,0.0,17.19,50.82,1.12,98.46
2025-12-11,Baran,25.1011,76.5132,0.0,17.39,52.6,1.08,98.37
2025-12-12,Baran,25.1011,76.5132,0.0,17.31,53.92,1.19,98.26
2025-12-13,Baran,25.1011,76.5132,0.0,16.75,59.53,1.24,98.3
2025-12-14,Baran,25.1011,76.5132,0.0,15.93,70.18,1.45,98.4
2025-12-15,Baran,25.1011,76.5132,0.0,16.23,70.87,1.2,98.41
2025-12-16,Baran,25.1011,76.5132,0.0,16.81,62.73,0.89,98.39
2025-12-17,Baran,25.1011,76.5132,0.0,16.51,61.48,1.11,98.47
2025-12-18,Baran,25.1011,76.5132,0.0,16.37,61.38,1.07,98.48
2025-12-19,Baran,25.1011,76.5132,0.0,15.94,59.68,1.23,98.28
2025-12-20,Baran,25.1011,76.5132,0.0,15.68,62.93,1.21,98.12
2025-12-21,Baran,25.1011,76.5132,0.0,15.35,67.09,1.31,98.24
2025-12-22,Baran,25.1011,76.5132,0.0,17.29,64.42,1.0,98.29
2025-12-23,Baran,25.1011,76.5132,0.0,18.59,61.76,1.25,98.2
2025-12-24,Baran,25.1011,76.5132,0.0,15.29,67.74,1.35,98.23
2025-12-25,Baran,25.1011,76.5132,0.0,14.72,60.95,1.19,98.26
2025-12-26,Baran,25.1011,76.5132,0.0,13.37,64.22,1.47,98.3
2025-12-27,Baran,25.1011,76.5132,0.0,13.28,63.89,1.16,98.31
2025-12-28,Baran,25.1011,76.5132,0.0,13.87,64.07,1.35,98.34
2025-12-29,Baran,25.1011,76.5132,0.0,15.03,62.61,1.3,98.28
2025-12-30,Baran,25.1011,76.5132,0.0,16.27,60.1,1.59,98.06
2025-12-31,Baran,25.1011,76.5132,0.01,16.38,64.44,1.27,97.85
2025-01-01,Barmer,25.7521,71.3967,0.0,17.05,31.95,2.32,99.32
2025-01-02,Barmer,25.7521,71.3967,0.0,18.92,28.72,1.57,99.24
2025-01-03,Barmer,25.7521,71.3967,0.0,20.93,29.98,1.55,99.14
2025-01-04,Barmer,25.7521,71.3967,0.0,19.98,37.29,2.09,98.95
2025-01-05,Barmer,25.7521,71.3967,0.0,16.51,41.17,2.51,99.02
2025-01-06,Barmer,25.7521,71.3967,0.0,15.02,31.99,2.59,99.3
2025-01-07,Barmer,25.7521,71.3967,0.0,14.24,28.15,2.23,99.44
2025-01-08,Barmer,25.7521,71.3967,0.0,17.0,20.04,1.09,99.21
2025-01-09,Barmer,25.7521,71.3967,0.0,18.41,17.01,1.57,99.1
2025-01-10,Barmer,25.7521,71.3967,0.05,17.84,28.52,2.11,99.08
2025-01-11,Barmer,25.7521,71.3967,0.94,18.33,30.75,2.05,99.1
2025-01-12,Barmer,25.7521,71.3967,0.0,15.68,41.82,2.9,99.43
2025-01-13,Barmer,25.7521,71.3967,0.0,13.72,56.76,3.0,99.49
2025-01-14,Barmer,25.7521,71.3967,0.0,14.22,54.57,2.48,99.35
2025-01-15,Barmer,25.7521,71.3967,0.0,15.36,48.63,2.74,99.34
2025-01-16,Barmer,25.7521,71.3967,0.0,15.65,37.5,2.33,99.51
2025-01-17,Barmer,25.7521,71.3967,0.0,14.45,38.84,3.33,99.45
2025-01-18,Barmer,25.7521,71.3967,0.0,16.4,39.05,2.38,99.13
2025-01-19,Barmer,25.7521,71.3967,0.0,18.62,28.73,1.88,99.12
2025-01-20,Barmer,25.7521,71.3967,0.0,17.81,35.32,2.17,99.12
2025-01-21,Barmer,25.7521,71.3967,0.0,17.35,34.85,2.34,99.01
2025-01-22,Barmer,25.7521,71.3967,0.0,17.18,40.29,2.11,98.94
2025-01-23,Barmer,25.7521,71.3967,0.0,17.24,39.94,2.78,99.17
2025-01-24,Barmer,25.7521,71.3967,0.0,16.57,36.81,2.93,99.23
2025-01-25,Barmer,25.7521,71.3967,0.0,16.48,22.23,1.98,99.2
2025-01-26,Barmer,25.7521,71.3967,0.0,16.96,15.04,1.73,99.07
2025-01-27,Barmer,25.7521,71.3967,0.0,18.04,14.13,1.85,98.9
2025-01-28,Barmer,25.7521,71.3967,0.0,19.72,14.39,1.53,98.76
2025-01-29,Barmer,25.7521,71.3967,0.0,21.07,20.05,2.41,98.78
2025-01-30,Barmer,25.7521,71.3967,0.0,19.53,25.13,2.36,98.7
2025-01-31,Barmer,25.7521,71.3967,0.0,18.09,27.86,1.64,98.64
2025-02-01,Barmer,25.7521,71.3967,0.0,17.46,30.59,1.97,98.82
2025-02-02,Barmer,25.7521,71.3967,0.0,17.61,30.96,3.25,99.05
2025-02-03,Barmer,25.7521,71.3967,0.0,17.51,25.93,2.31,98.93
2025-02-04,Barmer,25.7521,71.3967,0.0,17.5,25.86,2.16,99.05
2025-02-05,Barmer,25.7521,71.3967,0.0,17.33,26.07,1.48,99.16
2025-02-06,Barmer,25.7521,71.3967,0.0,16.95,17.84,2.51,99.28
2025-02-07,Barmer,25.7521,71.3967,0.0,17.69,18.18,2.49,99.3
2025-02-08,Barmer,25.7521,71.3967,0.0,20.49,14.56,1.82,99.09
2025-02-09,Barmer,25.7521,71.3967,0.0,19.92,15.86,1.62,98.91
2025-02-10,Barmer,25.7521,71.3967,0.0,21.9,16.74,1.99,98.9
2025-02-11,Barmer,25.7521,71.3967,0.0,21.58,34.64,2.47,98.92
2025-02-12,Barmer,25.7521,71.3967,0.0,21.09,23.43,1.77,99.13
2025-02-13,Barmer,25.7521,71.3967,0.0,21.28,20.01,1.94,99.14
2025-02-14,Barmer,25.7521,71.3967,0.0,24.48,19.77,2.23,98.9
2025-02-15,Barmer,25.7521,71.3967,0.0,23.85,32.51,3.34,98.63
2025-02-16,Barmer,25.7521,71.3967,0.0,24.68,29.53,2.68,98.68
2025-02-17,Barmer,25.7521,71.3967,0.0,24.65,27.32,2.19,98.88
2025-02-18,Barmer,25.7521,71.3967,0.0,24.27,27.94,2.34,98.94
2025-02-19,Barmer,25.7521,71.3967,0.0,24.04,31.94,2.62,98.71
2025-02-20,Barmer,25.7521,71.3967,0.0,22.44,36.85,2.82,98.81
2025-02-21,Barmer,25.7521,71.3967,0.0,21.52,25.72,2.19,99.18
2025-02-22,Barmer,25.7521,71.3967,0.0,22.01,27.72,1.98,99.22
2025-02-23,Barmer,25.7521,71.3967,0.0,23.04,29.68,1.58,99.18
2025-02-24,Barmer,25.7521,71.3967,0.0,24.55,30.71,1.58,99.23
2025-02-25,Barmer,25.7521,71.3967,0.0,26.62,28.82,2.15,99.23
2025-02-26,Barmer,25.7521,71.3967,0.0,27.75,25.54,1.56,99.21
2025-02-27,Barmer,25.7521,71.3967,0.0,24.98,32.61,2.4,98.9
2025-02-28,Barmer,25.7521,71.3967,0.0,24.64,44.36,3.77,98.68
2025-03-01,Barmer,25.7521,71.3967,0.0,23.92,44.8,2.75,98.72
2025-03-02,Barmer,25.7521,71.3967,0.0,24.83,37.81,2.09,98.74
2025-03-03,Barmer,25.7521,71.3967,0.0,24.32,34.75,4.44,98.69
2025-03-04,Barmer,25.7521,71.3967,0.0,19.82,13.45,4.09,99.19
2025-03-05,Barmer,25.7521,71.3967,0.0,19.59,14.26,2.13,99.32
2025-03-06,Barmer,25.7521,71.3967,0.0,23.82,13.21,2.86,98.97
2025-03-07,Barmer,25.7521,71.3967,0.0,26.02,21.32,2.64,98.71
2025-03-08,Barmer,25.7521,71.3967,0.0,27.22,23.79,2.01,98.44
2025-03-09,Barmer,25.7521,71.3967,0.0,27.98,18.16,2.09,98.58
2025-03-10,Barmer,25.7521,71.3967,0.0,30.33,16.99,1.59,98.88
2025-03-11,Barmer,25.7521,71.3967,0.0,31.23,18.48,1.9,98.84
2025-03-12,Barmer,25.7521,71.3967,0.0,29.3,22.3,2.52,98.6
2025-03-13,Barmer,25.7521,71.3967,0.0,29.17,24.5,2.38,98.36
2025-03-14,Barmer,25.7521,71.3967,0.0,28.17,31.63,3.49,98.32
2025-03-15,Barmer,25.7521,71.3967,0.0,26.23,35.17,2.75,98.56
2025-03-16,Barmer,25.7521,71.3967,0.0,26.24,30.79,2.35,98.79
2025-03-17,Barmer,25.7521,71.3967,0.0,26.95,20.1,1.7,98.84
2025-03-18,Barmer,25.7521,71.3967,0.0,26.73,17.36,1.73,98.76
2025-03-19,Barmer,25.7521,71.3967,0.0,27.09,16.0,1.87,98.74
2025-03-20,Barmer,25.7521,71.3967,0.0,26.79,25.11,1.69,98.87
2025-03-21,Barmer,25.7521,71.3967,0.05,28.53,20.39,1.53,98.96
2025-03-22,Barmer,25.7521,71.3967,0.0,29.53,16.91,1.8,98.83
2025-03-23,Barmer,25.7521,71.3967,0.0,29.72,17.57,1.79,98.86
2025-03-24,Barmer,25.7521,71.3967,0.0,29.38,17.05,2.67,98.8
2025-03-25,Barmer,25.7521,71.3967,0.0,28.82,17.8,3.42,98.5
2025-03-26,Barmer,25.7521,71.3967,0.0,28.28,29.37,4.72,98.25
2025-03-27,Barmer,25.7521,71.3967,0.0,25.67,20.78,4.65,98.48
2025-03-28,Barmer,25.7521,71.3967,0.0,23.55,8.94,3.18,98.75
2025-03-29,Barmer,25.7521,71.3967,0.0,24.6,8.51,2.75,98.72
2025-03-30,Barmer,25.7521,71.3967,0.0,26.43,9.86,1.61,98.67
2025-03-31,Barmer,25.7521,71.3967,0.0,29.17,9.19,1.38,98.64
2025-04-01,Barmer,25.7521,71.3967,0.0,29.58,10.08,1.69,98.49
2025-04-02,Barmer,25.7521,71.3967,0.0,30.25,9.87,1.71,98.43
2025-04-03,Barmer,25.7521,71.3967,0.0,31.65,9.63,1.76,98.53
2025-04-04,Barmer,25.7521,71.3967,0.0,31.29,13.15,2.31,98.66
2025-04-05,Barmer,25.7521,71.3967,0.0,31.84,13.98,2.2,98.55
2025-04-06,Barmer,25.7521,71.3967,0.0,33.32,14.34,2.64,98.28
2025-04-07,Barmer,25.7521,71.3967,0.0,33.65,20.02,3.07,98.28
2025-04-08,Barmer,25.7521,71.3967,0.0,33.55,21.1,4.14,98.49
2025-04-09,Barmer,25.7521,71.3967,0.0,33.04,16.43,4.17,98.48
2025-04-10,Barmer,25.7521,71.3967,0.0,32.13,21.4,4.23,98.01
2025-04-11,Barmer,25.7521,71.3967,0.44,31.82,32.13,3.82,97.79
2025-04-12,Barmer,25.7521,71.3967,0.25,31.68,34.21,3.01,98.06
2025-04-13,Barmer,25.7521,71.3967,0.0,32.61,29.7,4.63,98.29
2025-04-14,Barmer,25.7521,71.3967,0.0,33.1,27.88,3.4,98.25
2025-04-15,Barmer,25.7521,71.3967,0.0,34.71,31.86,2.1,98.15
2025-04-16,Barmer,25.7521,71.3967,0.0,35.06,27.13,2.98,98.08
2025-04-17,Barmer,25.7521,71.3967,0.0,34.49,31.53,3.6,97.95
2025-04-18,Barmer,25.7521,71.3967,0.0,33.89,27.63,6.2,97.95
2025-04-19,Barmer,25.7521,71.3967,0.0,31.99,32.84,5.89,97.85
2025-04-20,Barmer,25.7521,71.3967,0.0,31.83,15.8,3.98,98.07
2025-04-21,Barmer,25.7521,71.3967,0.0,31.22,10.13,3.03,98.41
2025-04-22,Barmer,25.7521,71.3967,0.0,31.74,8.0,2.25,98.55
2025-04-23,Barmer,25.7521,71.3967,0.0,32.55,7.89,3.08,98.33
2025-04-24,Barmer,25.7521,71.3967,0.0,33.03,14.22,3.86,98.1
2025-04-25,Barmer,25.7521,71.3967,0.0,33.51,21.67,4.21,98.08
2025-04-26,Barmer,25.7521,71.3967,0.0,33.41,21.88,2.94,98.07
2025-04-27,Barmer,25.7521,71.3967,0.0,34.69,17.36,2.74,98.12
2025-04-28,Barmer,25.7521,71.3967,0.0,35.92,20.53,2.35,97.92
2025-04-29,Barmer,25.7521,71.3967,0.0,36.21,18.19,3.11,97.88
2025-04-30,Barmer,25.7521,71.3967,0.0,35.83,22.46,4.74,97.96
2025-05-01,Barmer,25.7521,71.3967,0.66,34.52,27.47,4.87,98.07
2025-05-02,Barmer,25.7521,71.3967,1.89,34.23,31.8,3.62,98.12
2025-05-03,Barmer,25.7521,71.3967,0.03,35.24,28.72,4.2,98.01
2025-05-04,Barmer,25.7521,71.3967,8.51,32.38,39.04,4.18,97.93
2025-05-05,Barmer,25.7521,71.3967,0.73,30.4,45.98,1.93,98.01
2025-05-06,Barmer,25.7521,71.3967,5.66,29.86,46.88,1.93,98.07
2025-05-07,Barmer,25.7521,71.3967,0.1,31.09,44.22,1.9,97.99
2025-05-08,Barmer,25.7521,71.3967,5.73,31.47,48.13,3.35,98.03
2025-05-09,Barmer,25.7521,71.3967,4.31,31.14,52.02,2.19,98.29
2025-05-10,Barmer,25.7521,71.3967,0.0,33.0,40.44,1.65,98.27
2025-05-11,Barmer,25.7521,71.3967,0.0,34.91,35.85,3.4,98.12
2025-05-12,Barmer,25.7521,71.3967,0.52,34.46,38.4,4.75,98.02
2025-05-13,Barmer,25.7521,71.3967,0.03,34.39,34.51,4.34,98.04
2025-05-14,Barmer,25.7521,71.3967,0.0,34.84,31.59,3.85,98.08
2025-05-15,Barmer,25.7521,71.3967,0.0,35.51,29.88,4.2,98.09
2025-05-16,Barmer,25.7521,71.3967,0.0,36.37,30.25,4.49,97.99
2025-05-17,Barmer,25.7521,71.3967,0.0,35.79,36.24,5.79,97.97
2025-05-18,Barmer,25.7521,71.3967,0.04,35.82,38.44,5.4,97.93
2025-05-19,Barmer,25.7521,71.3967,0.0,36.12,36.95,5.72,97.85
2025-05-20,Barmer,25.7521,71.3967,0.0,36.08,33.24,4.43,97.8
2025-05-21,Barmer,25.7521,71.3967,0.0,36.17,36.61,4.83,97.78
2025-05-22,Barmer,25.7521,71.3967,0.0,36.54,32.73,5.1,97.69
2025-05-23,Barmer,25.7521,71.3967,0.0,36.45,28.93,4.43,97.45
2025-05-24,Barmer,25.7521,71.3967,0.0,37.02,26.16,4.88,97.37
2025-05-25,Barmer,25.7521,71.3967,0.41,37.95,27.6,2.48,97.5
2025-05-26,Barmer,25.7521,71.3967,0.0,38.17,29.33,3.63,97.55
2025-05-27,Barmer,25.7521,71.3967,0.0,38.48,25.25,2.41,97.38
2025-05-28,Barmer,25.7521,71.3967,2.06,38.05,30.34,3.95,97.31
2025-05-29,Barmer,25.7521,71.3967,21.27,32.33,54.8,3.14,97.29
2025-05-30,Barmer,25.7521,71.3967,0.85,32.31,39.02,4.42,97.14
2025-05-31,Barmer,25.7521,71.3967,0.0,33.01,44.05,5.99,97.4
2025-06-01,Barmer,25.7521,71.3967,0.0,32.74,50.61,5.74,97.57
2025-06-02,Barmer,25.7521,71.3967,0.0,33.56,45.7,5.69,97.51
2025-06-03,Barmer,25.7521,71.3967,0.0,33.13,44.11,5.94,97.64
2025-06-04,Barmer,25.7521,71.3967,0.0,33.06,41.48,5.0,97.88
2025-06-05,Barmer,25.7521,71.3967,0.0,33.68,42.6,5.06,98.19
2025-06-06,Barmer,25.7521,71.3967,0.0,34.23,38.86,5.14,98.28
2025-06-07,Barmer,25.7521,71.3967,0.0,34.26,38.1,5.87,98.17
2025-06-08,Barmer,25.7521,71.3967,0.0,34.35,35.6,5.67,98.13
2025-06-09,Barmer,25.7521,71.3967,0.0,34.71,37.76,5.32,98.05
2025-06-10,Barmer,25.7521,71.3967,0.0,35.53,37.22,5.27,97.85
2025-06-11,Barmer,25.7521,71.3967,0.0,35.73,34.43,4.36,97.78
2025-06-12,Barmer,25.7521,71.3967,0.0,36.94,34.17,2.87,97.62
2025-06-13,Barmer,25.7521,71.3967,0.0,38.1,30.25,3.11,97.48
2025-06-14,Barmer,25.7521,71.3967,0.45,35.34,42.21,3.54,97.5
2025-06-15,Barmer,25.7521,71.3967,1.9,35.57,41.5,2.83,97.38
2025-06-16,Barmer,25.7521,71.3967,6.1,31.83,55.59,2.2,97.33
2025-06-17,Barmer,25.7521,71.3967,1.89,33.75,52.95,1.5,97.32
2025-06-18,Barmer,25.7521,71.3967,1.16,36.13,43.2,2.9,97.21
2025-06-19,Barmer,25.7521,71.3967,0.17,35.71,46.68,6.36,97.17
2025-06-20,Barmer,25.7521,71.3967,0.13,34.29,51.2,6.28,97.38
2025-06-21,Barmer,25.7521,71.3967,3.03,30.91,64.23,5.01,97.6
2025-06-22,Barmer,25.7521,71.3967,0.29,33.3,57.43,4.41,97.47
2025-06-23,Barmer,25.7521,71.3967,0.05,32.02,59.0,3.56,97.38
2025-06-24,Barmer,25.7521,71.3967,0.12,34.77,50.95,5.0,97.2
2025-06-25,Barmer,25.7521,71.3967,0.64,32.4,56.73,3.87,97.38
2025-06-26,Barmer,25.7521,71.3967,5.29,33.48,55.2,1.97,97.51
2025-06-27,Barmer,25.7521,71.3967,32.8,30.27,78.77,2.62,97.42
2025-06-28,Barmer,25.7521,71.3967,0.17,31.28,63.24,3.34,97.38
2025-06-29,Barmer,25.7521,71.3967,0.21,32.21,62.03,5.31,97.31
2025-06-30,Barmer,25.7521,71.3967,0.05,32.75,60.4,5.74,97.29
2025-07-01,Barmer,25.7521,71.3967,0.0,32.83,58.93,5.73,97.44
2025-07-02,Barmer,25.7521,71.3967,0.93,32.98,55.54,4.3,97.4
2025-07-03,Barmer,25.7521,71.3967,7.16,31.1,67.14,3.5,97.43
2025-07-04,Barmer,25.7521,71.3967,2.74,31.09,69.02,1.9,97.51
2025-07-05,Barmer,25.7521,71.3967,0.14,31.61,64.59,4.29,97.5
2025-07-06,Barmer,25.7521,71.3967,0.08,30.64,67.27,3.81,97.43
2025-07-07,Barmer,25.7521,71.3967,1.02,30.27,67.25,4.27,97.5
2025-07-08,Barmer,25.7521,71.3967,0.09,31.93,62.52,4.65,97.6
2025-07-09,Barmer,25.7521,71.3967,0.0,32.19,59.2,5.35,97.61
2025-07-10,Barmer,25.7521,71.3967,0.04,32.17,58.93,5.18,97.66
2025-07-11,Barmer,25.7521,71.3967,1.83,32.71,55.86,4.39,97.75
2025-07-12,Barmer,25.7521,71.3967,13.13,30.32,69.48,3.17,97.83
2025-07-13,Barmer,25.7521,71.3967,4.26,32.96,58.71,3.39,97.7
2025-07-14,Barmer,25.7521,71.3967,2.69,32.67,57.64,3.05,97.51
2025-07-15,Barmer,25.7521,71.3967,2.84,32.27,59.31,4.06,97.45
2025-07-16,Barmer,25.7521,71.3967,0.37,32.87,56.04,3.97,97.58
2025-07-17,Barmer,25.7521,71.3967,0.08,32.85,53.03,4.39,97.72
2025-07-18,Barmer,25.7521,71.3967,30.87,28.71,76.22,3.51,97.82
2025-07-19,Barmer,25.7521,71.3967,32.05,27.8,85.5,4.15,97.42
2025-07-20,Barmer,25.7521,71.3967,29.67,28.99,83.33,3.59,97.25
2025-07-21,Barmer,25.7521,71.3967,0.24,30.41,73.18,4.21,97.51
2025-07-22,Barmer,25.7521,71.3967,0.01,31.46,66.2,4.68,97.58
2025-07-23,Barmer,25.7521,71.3967,0.0,31.51,63.24,6.09,97.33
2025-07-24,Barmer,25.7521,71.3967,0.0,31.41,63.04,5.18,97.27
2025-07-25,Barmer,25.7521,71.3967,0.0,32.32,61.29,3.98,97.27
2025-07-26,Barmer,25.7521,71.3967,0.68,32.46,61.1,3.79,97.32
2025-07-27,Barmer,25.7521,71.3967,3.5,30.72,65.99,3.45,97.36
2025-07-28,Barmer,25.7521,71.3967,0.97,31.34,63.25,4.45,97.36
2025-07-29,Barmer,25.7521,71.3967,0.0,31.91,60.75,5.52,97.34
2025-07-30,Barmer,25.7521,71.3967,0.0,30.64,63.23,4.93,97.37
2025-07-31,Barmer,25.7521,71.3967,0.01,29.22,69.49,3.99,97.6
2025-08-01,Barmer,25.7521,71.3967,0.01,29.65,66.42,4.31,97.72
2025-08-02,Barmer,25.7521,71.3967,0.0,30.6,61.14,5.2,97.75
2025-08-03,Barmer,25.7521,71.3967,0.0,31.19,59.08,4.89,97.86
2025-08-04,Barmer,25.7521,71.3967,0.0,31.45,60.7,5.5,97.95
2025-08-05,Barmer,25.7521,71.3967,0.0,29.89,65.4,5.67,97.93
2025-08-06,Barmer,25.7521,71.3967,0.0,30.45,63.61,5.01,97.97
2025-08-07,Barmer,25.7521,71.3967,0.0,30.83,57.7,4.72,97.97
2025-08-08,Barmer,25.7521,71.3967,0.0,30.69,58.22,5.0,97.99
2025-08-09,Barmer,25.7521,71.3967,0.0,30.97,57.76,4.18,98.17
2025-08-10,Barmer,25.7521,71.3967,0.0,31.25,55.87,4.55,98.05
2025-08-11,Barmer,25.7521,71.3967,0.0,30.92,57.79,4.92,97.97
2025-08-12,Barmer,25.7521,71.3967,0.0,30.99,60.1,5.22,97.82
2025-08-13,Barmer,25.7521,71.3967,0.0,30.36,62.97,4.63,97.72
2025-08-14,Barmer,25.7521,71.3967,0.0,29.53,67.18,2.63,97.89
2025-08-15,Barmer,25.7521,71.3967,0.97,31.74,58.43,1.71,97.81
2025-08-16,Barmer,25.7521,71.3967,3.69,33.09,56.15,2.0,97.59
2025-08-17,Barmer,25.7521,71.3967,2.18,32.92,60.25,2.02,97.58
2025-08-18,Barmer,25.7521,71.3967,1.19,31.97,63.69,1.25,97.74
2025-08-19,Barmer,25.7521,71.3967,0.94,32.71,60.56,2.16,97.62
2025-08-20,Barmer,25.7521,71.3967,0.72,32.67,58.68,2.55,97.55
2025-08-21,Barmer,25.7521,71.3967,6.35,30.74,69.79,2.18,97.74
2025-08-22,Barmer,25.7521,71.3967,3.7,29.3,75.0,3.95,97.73
2025-08-23,Barmer,25.7521,71.3967,0.25,30.81,66.35,4.81,97.61
2025-08-24,Barmer,25.7521,71.3967,11.36,29.89,71.81,2.94,97.68
2025-08-25,Barmer,25.7521,71.3967,14.3,28.72,79.45,3.28,97.73
2025-08-26,Barmer,25.7521,71.3967,1.69,29.98,69.47,3.61,97.84
2025-08-27,Barmer,25.7521,71.3967,4.23,30.42,66.72,2.55,97.89
2025-08-28,Barmer,25.7521,71.3967,0.13,31.23,62.2,2.91,97.8
2025-08-29,Barmer,25.7521,71.3967,6.38,30.05,67.76,2.59,97.82
2025-08-30,Barmer,25.7521,71.3967,5.27,29.49,71.57,3.12,97.96
2025-08-31,Barmer,25.7521,71.3967,10.19,28.85,77.73,3.26,97.84
2025-09-01,Barmer,25.7521,71.3967,0.36,30.1,64.74,3.51,97.58
2025-09-02,Barmer,25.7521,71.3967,0.0,30.74,61.46,3.24,97.68
2025-09-03,Barmer,25.7521,71.3967,1.45,31.51,58.79,2.4,97.85
2025-09-04,Barmer,25.7521,71.3967,0.3,31.87,57.94,2.56,97.91
2025-09-05,Barmer,25.7521,71.3967,4.15,31.66,61.4,1.95,97.88
2025-09-06,Barmer,25.7521,71.3967,4.11,29.9,69.57,4.13,97.78
2025-09-07,Barmer,25.7521,71.3967,13.06,27.07,86.24,4.02,97.57
2025-09-08,Barmer,25.7521,71.3967,12.91,26.56,83.94,5.5,97.64
2025-09-09,Barmer,25.7521,71.3967,2.09,26.62,76.48,5.34,98.29
2025-09-10,Barmer,25.7521,71.3967,0.08,27.73,69.9,3.3,98.43
2025-09-11,Barmer,25.7521,71.3967,0.01,28.27,67.92,4.15,98.33
2025-09-12,Barmer,25.7521,71.3967,0.0,29.27,66.93,3.77,98.37
2025-09-13,Barmer,25.7521,71.3967,0.0,29.79,63.07,3.25,98.38
2025-09-14,Barmer,25.7521,71.3967,0.0,30.09,59.74,3.47,98.33
2025-09-15,Barmer,25.7521,71.3967,0.0,29.74,64.75,4.12,98.13
2025-09-16,Barmer,25.7521,71.3967,0.0,30.37,64.04,3.97,98.07
2025-09-17,Barmer,25.7521,71.3967,0.0,31.09,61.26,2.98,98.14
2025-09-18,Barmer,25.7521,71.3967,0.0,30.98,61.95,2.82,98.15
2025-09-19,Barmer,25.7521,71.3967,0.0,31.17,58.02,2.78,98.25
2025-09-20,Barmer,25.7521,71.3967,0.01,30.77,56.44,3.07,98.26
2025-09-21,Barmer,25.7521,71.3967,0.0,29.85,56.65,3.12,98.24
2025-09-22,Barmer,25.7521,71.3967,0.0,29.24,55.68,2.99,98.26
2025-09-23,Barmer,25.7521,71.3967,0.0,29.48,60.57,3.63,98.22
2025-09-24,Barmer,25.7521,71.3967,0.0,29.0,60.46,3.86,98.1
2025-09-25,Barmer,25.7521,71.3967,0.0,29.33,59.1,2.97,98.15
2025-09-26,Barmer,25.7521,71.3967,0.0,30.43,52.11,1.67,98.29
2025-09-27,Barmer,25.7521,71.3967,0.0,31.92,42.44,1.74,98.32
2025-09-28,Barmer,25.7521,71.3967,0.07,32.52,45.93,3.37,98.06
2025-09-29,Barmer,25.7521,71.3967,0.58,31.18,64.39,3.01,97.89
2025-09-30,Barmer,25.7521,71.3967,0.68,29.03,71.04,2.42,97.83
2025-10-01,Barmer,25.7521,71.3967,0.14,29.01,66.88,2.69,97.9
2025-10-02,Barmer,25.7521,71.3967,0.06,27.81,68.12,2.51,98.23
2025-10-03,Barmer,25.7521,71.3967,1.5,28.11,68.27,2.12,98.52
2025-10-04,Barmer,25.7521,71.3967,0.13,29.29,63.23,2.12,98.51
2025-10-05,Barmer,25.7521,71.3967,0.52,29.25,64.86,4.24,98.35
2025-10-06,Barmer,25.7521,71.3967,1.67,28.01,60.97,4.97,98.3
2025-10-07,Barmer,25.7521,71.3967,0.08,25.69,52.14,1.6,98.54
2025-10-08,Barmer,25.7521,71.3967,0.0,27.06,42.9,0.88,98.74
2025-10-09,Barmer,25.7521,71.3967,0.0,26.94,37.92,0.65,98.87
2025-10-10,Barmer,25.7521,71.3967,0.0,27.03,38.69,1.61,98.71
2025-10-11,Barmer,25.7521,71.3967,0.0,27.38,40.84,1.1,98.74
2025-10-12,Barmer,25.7521,71.3967,0.0,28.15,30.44,0.88,98.71
2025-10-13,Barmer,25.7521,71.3967,0.0,27.92,29.24,0.9,98.75
2025-10-14,Barmer,25.7521,71.3967,0.0,27.68,29.62,1.26,98.6
2025-10-15,Barmer,25.7521,71.3967,0.0,26.32,41.05,1.63,98.57
2025-10-16,Barmer,25.7521,71.3967,0.0,27.44,35.92,1.04,98.64
2025-10-17,Barmer,25.7521,71.3967,0.0,27.96,33.77,1.0,98.75
2025-10-18,Barmer,25.7521,71.3967,0.0,28.3,28.79,1.34,98.67
2025-10-19,Barmer,25.7521,71.3967,0.0,27.24,32.13,1.66,98.56
2025-10-20,Barmer,25.7521,71.3967,0.0,27.09,33.25,0.89,98.53
2025-10-21,Barmer,25.7521,71.3967,0.0,27.0,37.26,1.52,98.72
2025-10-22,Barmer,25.7521,71.3967,0.0,27.84,34.49,1.51,98.85
2025-10-23,Barmer,25.7521,71.3967,0.0,26.97,37.28,1.89,98.76
2025-10-24,Barmer,25.7521,71.3967,0.0,27.16,36.73,1.73,98.71
2025-10-25,Barmer,25.7521,71.3967,0.0,26.76,32.92,1.86,98.62
2025-10-26,Barmer,25.7521,71.3967,0.0,25.64,41.92,2.81,98.63
2025-10-27,Barmer,25.7521,71.3967,0.27,26.12,65.26,4.08,98.64
2025-10-28,Barmer,25.7521,71.3967,0.93,25.63,66.91,4.74,98.7
2025-10-29,Barmer,25.7521,71.3967,0.57,25.02,67.61,3.58,98.66
2025-10-30,Barmer,25.7521,71.3967,0.09,25.94,66.72,3.06,98.62
2025-10-31,Barmer,25.7521,71.3967,0.13,26.31,57.47,1.39,98.68
2025-11-01,Barmer,25.7521,71.3967,0.0,27.01,39.92,0.82,98.68
2025-11-02,Barmer,25.7521,71.3967,0.0,27.07,45.99,1.3,98.72
2025-11-03,Barmer,25.7521,71.3967,2.42,27.11,67.32,1.75,98.51
2025-11-04,Barmer,25.7521,71.3967,0.02,25.1,37.5,2.51,98.46
2025-11-05,Barmer,25.7521,71.3967,0.0,24.6,21.78,0.96,98.63
2025-11-06,Barmer,25.7521,71.3967,0.0,23.85,28.07,1.36,98.82
2025-11-07,Barmer,25.7521,71.3967,0.0,22.86,32.58,1.74,98.99
2025-11-08,Barmer,25.7521,71.3967,0.0,23.49,22.1,1.48,99.05
2025-11-09,Barmer,25.7521,71.3967,0.0,23.2,21.52,1.24,98.94
2025-11-10,Barmer,25.7521,71.3967,0.0,22.65,25.34,1.64,98.87
2025-11-11,Barmer,25.7521,71.3967,0.0,22.49,42.18,1.42,99.0
2025-11-12,Barmer,25.7521,71.3967,0.0,23.32,31.79,1.36,99.09
2025-11-13,Barmer,25.7521,71.3967,0.0,22.3,21.08,1.28,99.24
2025-11-14,Barmer,25.7521,71.3967,0.0,22.54,23.67,1.06,99.19
2025-11-15,Barmer,25.7521,71.3967,0.0,21.97,24.49,1.3,99.28
2025-11-16,Barmer,25.7521,71.3967,0.0,21.85,26.48,1.27,99.47
2025-11-17,Barmer,25.7521,71.3967,0.0,22.15,25.11,0.86,99.37
2025-11-18,Barmer,25.7521,71.3967,0.0,22.51,24.82,0.79,99.2
2025-11-19,Barmer,25.7521,71.3967,0.0,22.91,21.27,1.0,99.11
2025-11-20,Barmer,25.7521,71.3967,0.0,22.76,22.99,1.05,99.18
2025-11-21,Barmer,25.7521,71.3967,0.0,22.48,22.41,0.95,99.25
2025-11-22,Barmer,25.7521,71.3967,0.0,20.8,27.34,1.87,99.15
2025-11-23,Barmer,25.7521,71.3967,0.0,20.08,27.04,1.61,99.11
2025-11-24,Barmer,25.7521,71.3967,0.0,19.95,31.77,1.66,99.16
2025-11-25,Barmer,25.7521,71.3967,0.0,19.47,49.96,2.29,99.19
2025-11-26,Barmer,25.7521,71.3967,0.0,19.44,50.72,2.09,99.12
2025-11-27,Barmer,25.7521,71.3967,0.0,20.43,58.27,1.81,99.18
2025-11-28,Barmer,25.7521,71.3967,0.0,20.48,47.74,2.48,99.2
2025-11-29,Barmer,25.7521,71.3967,0.0,20.54,49.71,2.04,99.1
2025-11-30,Barmer,25.7521,71.3967,0.0,20.51,36.21,1.46,99.04
2025-12-01,Barmer,25.7521,71.3967,0.0,19.37,30.84,1.93,98.97
2025-12-02,Barmer,25.7521,71.3967,0.0,18.36,18.47,1.66,99.02
2025-12-03,Barmer,25.7521,71.3967,0.0,17.37,25.78,2.02,99.28
2025-12-04,Barmer,25.7521,71.3967,0.0,18.15,37.82,1.95,99.4
2025-12-05,Barmer,25.7521,71.3967,0.0,18.77,31.88,1.78,99.49
2025-12-06,Barmer,25.7521,71.3967,0.0,18.16,30.53,2.01,99.5
2025-12-07,Barmer,25.7521,71.3967,0.0,19.43,22.54,1.46,99.41
2025-12-08,Barmer,25.7521,71.3967,0.0,19.6,21.88,1.74,99.44
2025-12-09,Barmer,25.7521,71.3967,0.0,20.15,22.79,1.33,99.38
2025-12-10,Barmer,25.7521,71.3967,0.0,20.45,20.78,1.48,99.35
2025-12-11,Barmer,25.7521,71.3967,0.0,21.42,18.56,1.22,99.25
2025-12-12,Barmer,25.7521,71.3967,0.0,22.27,16.3,0.97,99.11
2025-12-13,Barmer,25.7521,71.3967,0.0,21.86,18.18,1.16,99.12
2025-12-14,Barmer,25.7521,71.3967,0.0,21.29,23.29,1.17,99.24
2025-12-15,Barmer,25.7521,71.3967,0.0,19.65,27.28,1.57,99.31
2025-12-16,Barmer,25.7521,71.3967,0.0,19.1,25.35,2.07,99.28
2025-12-17,Barmer,25.7521,71.3967,0.0,19.87,27.57,1.58,99.35
2025-12-18,Barmer,25.7521,71.3967,0.0,21.11,24.01,1.22,99.34
2025-12-19,Barmer,25.7521,71.3967,0.0,21.43,23.35,1.44,99.14
2025-12-20,Barmer,25.7521,71.3967,0.0,24.07,27.93,0.73,98.91
2025-12-21,Barmer,25.7521,71.3967,0.0,23.35,42.47,1.6,98.99
2025-12-22,Barmer,25.7521,71.3967,0.0,22.35,40.85,1.06,99.14
2025-12-23,Barmer,25.7521,71.3967,0.0,19.27,46.76,2.69,99.21
2025-12-24,Barmer,25.7521,71.3967,0.0,17.49,36.93,1.88,99.2
2025-12-25,Barmer,25.7521,71.3967,0.0,16.75,27.95,1.67,99.14
2025-12-26,Barmer,25.7521,71.3967,0.0,18.13,29.48,1.55,99.11
2025-12-27,Barmer,25.7521,71.3967,0.0,18.82,40.39,1.7,99.12
2025-12-28,Barmer,25.7521,71.3967,0.0,18.79,37.06,1.21,99.15
2025-12-29,Barmer,25.7521,71.3967,0.0,20.84,29.53,1.1,99.1
2025-12-30,Barmer,25.7521,71.3967,0.0,20.59,29.81,1.26,98.88
2025-12-31,Barmer,25.7521,71.3967,10.55,17.77,71.93,2.24,98.65
2025-01-01,Beawar,26.101,74.3203,0.0,14.63,50.61,1.49,96.68
2025-01-02,Beawar,26.101,74.3203,0.0,16.8,46.04,1.48,96.63
2025-01-03,Beawar,26.101,74.3203,0.0,18.52,40.69,1.73,96.56
2025-01-04,Beawar,26.101,74.3203,0.0,19.33,38.57,1.93,96.32
2025-01-05,Beawar,26.101,74.3203,0.0,18.16,45.92,1.85,96.25
2025-01-06,Beawar,26.101,74.3203,0.0,14.19,44.8,2.33,96.53
2025-01-07,Beawar,26.101,74.3203,0.0,12.26,41.36,1.81,96.72
2025-01-08,Beawar,26.101,74.3203,0.0,14.76,31.0,1.21,96.54
2025-01-09,Beawar,26.101,74.3203,0.0,15.66,34.83,2.22,96.53
2025-01-10,Beawar,26.101,74.3203,0.0,15.85,42.22,2.84,96.54
2025-01-11,Beawar,26.101,74.3203,1.61,15.68,52.23,1.68,96.44
2025-01-12,Beawar,26.101,74.3203,0.06,14.45,59.45,1.64,96.7
2025-01-13,Beawar,26.101,74.3203,0.0,11.62,64.78,1.58,96.76
2025-01-14,Beawar,26.101,74.3203,0.0,12.65,56.96,1.97,96.67
2025-01-15,Beawar,26.101,74.3203,1.05,13.75,62.0,2.4,96.65
2025-01-16,Beawar,26.101,74.3203,0.04,13.89,56.6,2.02,96.79
2025-01-17,Beawar,26.101,74.3203,0.0,12.57,62.61,2.22,96.82
2025-01-18,Beawar,26.101,74.3203,0.0,14.95,60.43,1.93,96.53
2025-01-19,Beawar,26.101,74.3203,0.0,18.55,51.66,2.39,96.47
2025-01-20,Beawar,26.101,74.3203,0.0,18.83,40.86,1.41,96.43
2025-01-21,Beawar,26.101,74.3203,0.0,17.96,44.89,1.22,96.29
2025-01-22,Beawar,26.101,74.3203,0.0,17.03,48.43,1.99,96.2
2025-01-23,Beawar,26.101,74.3203,0.0,15.84,42.73,2.14,96.4
2025-01-24,Beawar,26.101,74.3203,0.0,15.24,37.87,1.77,96.53
2025-01-25,Beawar,26.101,74.3203,0.0,16.17,27.36,1.3,96.5
2025-01-26,Beawar,26.101,74.3203,0.0,16.79,23.49,1.1,96.4
2025-01-27,Beawar,26.101,74.3203,0.0,17.31,23.78,1.43,96.23
2025-01-28,Beawar,26.101,74.3203,0.0,19.3,24.86,1.48,96.13
2025-01-29,Beawar,26.101,74.3203,0.0,20.97,16.41,1.78,96.18
2025-01-30,Beawar,26.101,74.3203,0.0,18.87,23.62,2.19,96.02
2025-01-31,Beawar,26.101,74.3203,0.0,18.04,26.82,1.65,95.95
2025-02-01,Beawar,26.101,74.3203,0.0,17.56,26.28,1.44,96.15
2025-02-02,Beawar,26.101,74.3203,0.0,16.46,38.47,1.56,96.34
2025-02-03,Beawar,26.101,74.3203,0.37,18.6,36.68,2.27,96.24
2025-02-04,Beawar,26.101,74.3203,0.7,18.58,30.23,2.37,96.31
2025-02-05,Beawar,26.101,74.3203,0.0,15.94,25.44,1.98,96.47
2025-02-06,Beawar,26.101,74.3203,0.0,15.94,28.19,1.66,96.61
2025-02-07,Beawar,26.101,74.3203,0.0,16.17,21.73,1.51,96.64
2025-02-08,Beawar,26.101,74.3203,0.0,18.38,17.81,1.26,96.46
2025-02-09,Beawar,26.101,74.3203,0.0,19.49,19.78,1.49,96.25
2025-02-10,Beawar,26.101,74.3203,0.0,21.07,17.46,1.94,96.26
2025-02-11,Beawar,26.101,74.3203,0.0,20.96,22.93,2.31,96.27
2025-02-12,Beawar,26.101,74.3203,0.0,19.95,27.86,2.31,96.44
2025-02-13,Beawar,26.101,74.3203,0.0,20.25,21.87,1.41,96.5
2025-02-14,Beawar,26.101,74.3203,0.0,22.22,19.39,2.32,96.3
2025-02-15,Beawar,26.101,74.3203,0.0,23.04,26.13,3.47,95.99
2025-02-16,Beawar,26.101,74.3203,0.0,23.21,26.81,1.81,96.1
2025-02-17,Beawar,26.101,74.3203,0.0,23.3,30.43,1.55,96.27
2025-02-18,Beawar,26.101,74.3203,0.06,23.26,33.62,1.94,96.26
2025-02-19,Beawar,26.101,74.3203,0.06,23.24,34.94,1.77,96.12
2025-02-20,Beawar,26.101,74.3203,0.0,22.61,32.77,3.11,96.16
2025-02-21,Beawar,26.101,74.3203,0.0,20.22,29.75,1.99,96.54
2025-02-22,Beawar,26.101,74.3203,0.0,20.24,28.75,1.73,96.58
2025-02-23,Beawar,26.101,74.3203,0.0,21.21,34.72,1.35,96.58
2025-02-24,Beawar,26.101,74.3203,0.0,21.2,33.13,1.8,96.69
2025-02-25,Beawar,26.101,74.3203,0.0,23.3,27.85,1.6,96.7
2025-02-26,Beawar,26.101,74.3203,0.0,24.85,24.7,1.84,96.68
2025-02-27,Beawar,26.101,74.3203,0.0,23.58,26.45,2.05,96.35
2025-02-28,Beawar,26.101,74.3203,0.08,23.51,35.81,2.98,96.1
2025-03-01,Beawar,26.101,74.3203,0.0,23.22,38.95,2.84,96.13
2025-03-02,Beawar,26.101,74.3203,0.08,22.63,42.07,1.37,96.12
2025-03-03,Beawar,26.101,74.3203,0.0,24.03,32.19,3.45,96.08
2025-03-04,Beawar,26.101,74.3203,0.0,19.94,19.08,3.72,96.42
2025-03-05,Beawar,26.101,74.3203,0.0,17.54,18.33,2.58,96.6
2025-03-06,Beawar,26.101,74.3203,0.0,21.33,12.83,2.59,96.34
2025-03-07,Beawar,26.101,74.3203,0.0,24.39,18.27,2.25,96.07
2025-03-08,Beawar,26.101,74.3203,0.0,25.61,19.18,1.36,95.89
2025-03-09,Beawar,26.101,74.3203,0.0,26.69,18.33,1.77,96.01
2025-03-10,Beawar,26.101,74.3203,0.0,28.13,18.2,1.38,96.32
2025-03-11,Beawar,26.101,74.3203,0.0,28.37,18.45,2.26,96.26
2025-03-12,Beawar,26.101,74.3203,0.0,28.12,22.58,2.74,95.97
2025-03-13,Beawar,26.101,74.3203,0.0,28.02,25.06,2.63,95.75
2025-03-14,Beawar,26.101,74.3203,0.1,28.38,27.36,3.03,95.78
2025-03-15,Beawar,26.101,74.3203,0.04,26.29,29.21,3.56,95.95
2025-03-16,Beawar,26.101,74.3203,0.0,24.87,34.18,2.4,96.14
2025-03-17,Beawar,26.101,74.3203,0.03,24.54,24.61,2.25,96.22
2025-03-18,Beawar,26.101,74.3203,0.0,24.59,21.43,1.66,96.2
2025-03-19,Beawar,26.101,74.3203,0.0,25.8,18.09,2.09,96.17
2025-03-20,Beawar,26.101,74.3203,0.01,26.26,18.82,2.06,96.3
2025-03-21,Beawar,26.101,74.3203,0.09,26.28,23.43,2.29,96.37
2025-03-22,Beawar,26.101,74.3203,0.0,27.02,19.53,2.19,96.25
2025-03-23,Beawar,26.101,74.3203,0.0,27.02,15.38,2.0,96.32
2025-03-24,Beawar,26.101,74.3203,0.0,28.13,14.44,2.32,96.25
2025-03-25,Beawar,26.101,74.3203,0.0,28.39,14.85,2.15,95.91
2025-03-26,Beawar,26.101,74.3203,0.0,28.77,18.95,3.26,95.73
2025-03-27,Beawar,26.101,74.3203,0.0,27.32,17.97,4.04,95.81
2025-03-28,Beawar,26.101,74.3203,0.0,23.52,7.33,2.99,96.06
2025-03-29,Beawar,26.101,74.3203,0.0,23.03,7.82,2.06,96.08
2025-03-30,Beawar,26.101,74.3203,0.0,25.52,8.61,1.59,96.05
2025-03-31,Beawar,26.101,74.3203,0.0,26.35,10.27,1.67,96.06
2025-04-01,Beawar,26.101,74.3203,0.0,27.3,12.08,1.47,95.94
2025-04-02,Beawar,26.101,74.3203,0.0,28.25,12.69,2.95,95.93
2025-04-03,Beawar,26.101,74.3203,0.0,29.48,15.27,2.49,95.98
2025-04-04,Beawar,26.101,74.3203,0.0,29.64,11.51,2.64,96.08
2025-04-05,Beawar,26.101,74.3203,0.0,29.71,15.39,2.29,95.96
2025-04-06,Beawar,26.101,74.3203,0.0,32.17,13.69,2.48,95.75
2025-04-07,Beawar,26.101,74.3203,0.0,32.34,13.42,3.07,95.78
2025-04-08,Beawar,26.101,74.3203,0.0,33.03,15.49,3.65,95.95
2025-04-09,Beawar,26.101,74.3203,0.0,33.29,12.7,4.37,95.86
2025-04-10,Beawar,26.101,74.3203,0.01,32.67,16.02,4.03,95.47
2025-04-11,Beawar,26.101,74.3203,1.31,31.76,19.92,4.25,95.31
2025-04-12,Beawar,26.101,74.3203,0.45,30.9,28.03,3.5,95.58
2025-04-13,Beawar,26.101,74.3203,0.05,31.68,24.48,3.01,95.76
2025-04-14,Beawar,26.101,74.3203,0.0,32.17,22.45,1.44,95.7
2025-04-15,Beawar,26.101,74.3203,0.0,32.33,24.93,1.87,95.69
2025-04-16,Beawar,26.101,74.3203,0.0,33.45,23.17,2.12,95.65
2025-04-17,Beawar,26.101,74.3203,0.0,34.44,19.48,4.09,95.48
2025-04-18,Beawar,26.101,74.3203,0.01,34.43,17.21,5.67,95.44
2025-04-19,Beawar,26.101,74.3203,0.0,32.68,16.71,5.31,95.41
2025-04-20,Beawar,26.101,74.3203,0.0,31.58,22.14,4.26,95.54
2025-04-21,Beawar,26.101,74.3203,0.0,30.42,11.0,3.1,95.86
2025-04-22,Beawar,26.101,74.3203,0.0,30.55,7.49,2.66,95.97
2025-04-23,Beawar,26.101,74.3203,0.0,30.57,7.48,2.92,95.77
2025-04-24,Beawar,26.101,74.3203,0.0,31.76,10.12,3.85,95.57
2025-04-25,Beawar,26.101,74.3203,0.0,32.96,13.65,3.73,95.57
2025-04-26,Beawar,26.101,74.3203,0.0,32.65,15.57,3.45,95.54
2025-04-27,Beawar,26.101,74.3203,0.0,32.76,13.51,2.42,95.63
2025-04-28,Beawar,26.101,74.3203,0.0,33.6,15.39,2.62,95.43
2025-04-29,Beawar,26.101,74.3203,0.0,34.21,11.95,1.7,95.38
2025-04-30,Beawar,26.101,74.3203,0.0,34.41,15.73,2.24,95.5
2025-05-01,Beawar,26.101,74.3203,0.1,34.77,16.82,2.63,95.59
2025-05-02,Beawar,26.101,74.3203,0.41,34.6,19.13,2.23,95.66
2025-05-03,Beawar,26.101,74.3203,0.05,34.04,22.94,3.9,95.52
2025-05-04,Beawar,26.101,74.3203,9.59,31.42,36.07,2.75,95.47
2025-05-05,Beawar,26.101,74.3203,2.68,30.15,50.32,2.29,95.51
2025-05-06,Beawar,26.101,74.3203,5.59,26.85,63.41,1.97,95.57
2025-05-07,Beawar,26.101,74.3203,0.88,26.69,61.33,1.94,95.49
2025-05-08,Beawar,26.101,74.3203,7.64,27.32,62.16,2.2,95.53
2025-05-09,Beawar,26.101,74.3203,2.18,28.51,60.19,2.43,95.7
2025-05-10,Beawar,26.101,74.3203,0.08,29.86,51.96,2.67,95.7
2025-05-11,Beawar,26.101,74.3203,0.03,31.24,48.66,3.4,95.6
2025-05-12,Beawar,26.101,74.3203,2.23,31.97,47.24,2.94,95.52
2025-05-13,Beawar,26.101,74.3203,0.1,32.04,49.02,2.32,95.56
2025-05-14,Beawar,26.101,74.3203,0.0,32.92,39.0,3.02,95.57
2025-05-15,Beawar,26.101,74.3203,0.0,33.88,30.96,3.55,95.58
2025-05-16,Beawar,26.101,74.3203,0.0,35.43,29.78,4.05,95.46
2025-05-17,Beawar,26.101,74.3203,0.17,35.47,34.23,4.63,95.45
2025-05-18,Beawar,26.101,74.3203,0.0,36.33,34.17,4.36,95.42
2025-05-19,Beawar,26.101,74.3203,0.0,36.97,30.8,4.4,95.35
2025-05-20,Beawar,26.101,74.3203,0.05,36.67,29.54,4.62,95.27
2025-05-21,Beawar,26.101,74.3203,0.14,37.21,28.28,4.17,95.24
2025-05-22,Beawar,26.101,74.3203,0.0,37.37,28.99,3.81,95.14
2025-05-23,Beawar,26.101,74.3203,0.0,36.65,28.6,4.12,94.94
2025-05-24,Beawar,26.101,74.3203,0.81,37.48,20.03,2.86,94.8
2025-05-25,Beawar,26.101,74.3203,2.01,36.03,32.52,3.25,95.06
2025-05-26,Beawar,26.101,74.3203,0.0,36.65,29.94,3.01,95.0
2025-05-27,Beawar,26.101,74.3203,0.0,37.01,32.12,2.75,94.85
2025-05-28,Beawar,26.101,74.3203,0.97,38.23,28.79,1.78,94.79
2025-05-29,Beawar,26.101,74.3203,3.23,34.94,37.73,3.46,94.78
2025-05-30,Beawar,26.101,74.3203,0.7,34.1,33.84,4.08,94.73
2025-05-31,Beawar,26.101,74.3203,3.52,32.31,37.04,5.02,95.01
2025-06-01,Beawar,26.101,74.3203,0.02,32.15,41.71,5.16,95.14
2025-06-02,Beawar,26.101,74.3203,4.14,31.82,45.6,3.45,95.08
2025-06-03,Beawar,26.101,74.3203,1.4,31.61,45.51,3.78,95.2
2025-06-04,Beawar,26.101,74.3203,0.58,31.71,43.0,2.92,95.45
2025-06-05,Beawar,26.101,74.3203,0.01,32.64,36.9,2.52,95.7
2025-06-06,Beawar,26.101,74.3203,0.12,34.35,33.9,4.82,95.67
2025-06-07,Beawar,26.101,74.3203,0.01,35.17,26.1,5.23,95.58
2025-06-08,Beawar,26.101,74.3203,0.0,35.41,23.71,5.87,95.51
2025-06-09,Beawar,26.101,74.3203,0.0,35.69,23.66,6.02,95.42
2025-06-10,Beawar,26.101,74.3203,0.0,36.18,27.41,4.84,95.3
2025-06-11,Beawar,26.101,74.3203,0.0,36.64,25.27,3.35,95.24
2025-06-12,Beawar,26.101,74.3203,0.0,38.03,21.33,2.28,95.08
2025-06-13,Beawar,26.101,74.3203,0.0,39.16,21.97,0.79,94.98
2025-06-14,Beawar,26.101,74.3203,1.5,38.57,27.06,2.28,94.92
2025-06-15,Beawar,26.101,74.3203,4.04,35.57,38.61,3.21,94.82
2025-06-16,Beawar,26.101,74.3203,24.12,31.04,62.58,3.15,94.79
2025-06-17,Beawar,26.101,74.3203,7.87,29.53,72.83,3.77,94.85
2025-06-18,Beawar,26.101,74.3203,6.39,29.93,70.89,2.61,94.73
2025-06-19,Beawar,26.101,74.3203,11.55,30.42,70.98,4.29,94.7
2025-06-20,Beawar,26.101,74.3203,16.11,28.12,77.19,4.37,95.0
2025-06-21,Beawar,26.101,74.3203,43.64,28.85,76.95,2.64,95.1
2025-06-22,Beawar,26.101,74.3203,3.81,29.43,74.74,2.51,95.03
2025-06-23,Beawar,26.101,74.3203,2.08,28.17,81.03,3.07,94.87
2025-06-24,Beawar,26.101,74.3203,7.32,29.99,75.06,1.66,94.78
2025-06-25,Beawar,26.101,74.3203,6.03,29.78,77.5,2.56,94.9
2025-06-26,Beawar,26.101,74.3203,2.81,29.78,78.76,2.89,95.06
2025-06-27,Beawar,26.101,74.3203,3.68,29.71,75.12,2.72,94.98
2025-06-28,Beawar,26.101,74.3203,0.53,28.92,72.1,3.27,95.0
2025-06-29,Beawar,26.101,74.3203,1.75,29.4,75.04,3.49,94.85
2025-06-30,Beawar,26.101,74.3203,0.19,29.59,70.43,4.43,94.88
2025-07-01,Beawar,26.101,74.3203,5.91,28.92,75.46,3.75,94.97
2025-07-02,Beawar,26.101,74.3203,35.94,27.99,81.31,2.42,94.88
2025-07-03,Beawar,26.101,74.3203,14.81,28.84,81.46,1.6,94.91
2025-07-04,Beawar,26.101,74.3203,1.79,27.91,82.98,2.64,95.07
2025-07-05,Beawar,26.101,74.3203,1.17,28.17,81.67,2.98,95.04
2025-07-06,Beawar,26.101,74.3203,4.85,28.02,81.86,1.89,94.96
2025-07-07,Beawar,26.101,74.3203,0.54,27.28,82.13,2.57,95.04
2025-07-08,Beawar,26.101,74.3203,0.02,28.78,74.77,2.82,95.14
2025-07-09,Beawar,26.101,74.3203,34.6,28.74,77.05,3.19,95.17
2025-07-10,Beawar,26.101,74.3203,2.34,28.23,78.21,2.36,95.24
2025-07-11,Beawar,26.101,74.3203,5.31,27.1,83.94,2.96,95.28
2025-07-12,Beawar,26.101,74.3203,7.03,26.73,85.85,2.84,95.25
2025-07-13,Beawar,26.101,74.3203,29.22,27.61,86.11,2.89,95.16
2025-07-14,Beawar,26.101,74.3203,12.09,26.96,88.46,3.96,94.91
2025-07-15,Beawar,26.101,74.3203,11.64,27.47,81.81,5.3,94.86
2025-07-16,Beawar,26.101,74.3203,1.84,27.62,83.52,3.05,95.12
2025-07-17,Beawar,26.101,74.3203,5.39,26.95,83.6,2.8,95.29
2025-07-18,Beawar,26.101,74.3203,35.47,26.58,89.06,4.67,95.09
2025-07-19,Beawar,26.101,74.3203,38.43,26.35,87.25,4.66,94.77
2025-07-20,Beawar,26.101,74.3203,2.11,26.92,82.52,2.91,94.93
2025-07-21,Beawar,26.101,74.3203,1.1,27.32,85.24,2.38,95.14
2025-07-22,Beawar,26.101,74.3203,1.76,27.95,83.74,2.83,95.13
2025-07-23,Beawar,26.101,74.3203,2.53,27.46,83.29,3.59,94.92
2025-07-24,Beawar,26.101,74.3203,0.17,27.44,82.79,3.28,94.84
2025-07-25,Beawar,26.101,74.3203,12.3,27.85,83.61,2.58,94.83
2025-07-26,Beawar,26.101,74.3203,17.91,27.43,89.89,3.18,94.81
2025-07-27,Beawar,26.101,74.3203,9.17,27.64,86.89,2.39,94.79
2025-07-28,Beawar,26.101,74.3203,5.97,26.93,89.31,3.21,94.85
2025-07-29,Beawar,26.101,74.3203,1.15,27.77,84.23,3.71,94.91
2025-07-30,Beawar,26.101,74.3203,2.51,26.06,86.42,3.65,94.97
2025-07-31,Beawar,26.101,74.3203,7.87,24.53,91.92,3.81,95.12
2025-08-01,Beawar,26.101,74.3203,0.84,26.52,83.96,3.62,95.24
2025-08-02,Beawar,26.101,74.3203,0.62,26.51,83.74,3.41,95.31
2025-08-03,Beawar,26.101,74.3203,0.22,26.84,82.75,2.96,95.43
2025-08-04,Beawar,26.101,74.3203,0.0,27.1,81.79,3.51,95.52
2025-08-05,Beawar,26.101,74.3203,0.0,25.76,85.73,3.04,95.52
2025-08-06,Beawar,26.101,74.3203,0.0,26.63,82.05,2.88,95.54
2025-08-07,Beawar,26.101,74.3203,0.0,26.63,81.55,3.02,95.51
2025-08-08,Beawar,26.101,74.3203,0.0,26.78,80.0,2.91,95.55
2025-08-09,Beawar,26.101,74.3203,0.28,26.8,80.29,2.24,95.72
2025-08-10,Beawar,26.101,74.3203,0.01,26.77,79.93,2.67,95.6
2025-08-11,Beawar,26.101,74.3203,0.0,26.43,80.4,3.01,95.54
2025-08-12,Beawar,26.101,74.3203,0.0,26.83,80.01,3.22,95.41
2025-08-13,Beawar,26.101,74.3203,0.07,26.14,84.87,2.06,95.32
2025-08-14,Beawar,26.101,74.3203,0.26,26.72,85.67,0.96,95.42
2025-08-15,Beawar,26.101,74.3203,3.69,28.38,81.68,0.86,95.29
2025-08-16,Beawar,26.101,74.3203,3.61,28.38,83.45,1.67,95.12
2025-08-17,Beawar,26.101,74.3203,0.37,28.46,83.76,2.68,95.18
2025-08-18,Beawar,26.101,74.3203,1.37,27.24,90.15,1.93,95.31
2025-08-19,Beawar,26.101,74.3203,0.25,27.86,83.53,2.54,95.21
2025-08-20,Beawar,26.101,74.3203,3.28,27.9,84.09,2.7,95.13
2025-08-21,Beawar,26.101,74.3203,16.65,26.99,88.39,1.36,95.19
2025-08-22,Beawar,26.101,74.3203,15.45,25.51,92.8,3.71,95.18
2025-08-23,Beawar,26.101,74.3203,22.76,26.51,87.08,3.21,95.13
2025-08-24,Beawar,26.101,74.3203,39.1,25.95,89.06,3.16,95.17
2025-08-25,Beawar,26.101,74.3203,7.38,26.1,88.07,3.11,95.11
2025-08-26,Beawar,26.101,74.3203,2.65,26.59,88.57,3.26,95.3
2025-08-27,Beawar,26.101,74.3203,5.95,27.07,86.12,2.05,95.36
2025-08-28,Beawar,26.101,74.3203,1.58,27.65,84.08,1.69,95.28
2025-08-29,Beawar,26.101,74.3203,17.35,27.53,86.81,1.2,95.3
2025-08-30,Beawar,26.101,74.3203,4.92,26.99,89.88,0.96,95.45
2025-08-31,Beawar,26.101,74.3203,39.79,25.84,92.6,3.15,95.29
2025-09-01,Beawar,26.101,74.3203,35.27,25.03,92.0,3.88,95.07
2025-09-02,Beawar,26.101,74.3203,0.72,26.05,87.8,3.23,95.18
2025-09-03,Beawar,26.101,74.3203,7.84,25.65,91.47,2.22,95.34
2025-09-04,Beawar,26.101,74.3203,21.19,25.79,89.79,1.59,95.38
2025-09-05,Beawar,26.101,74.3203,30.9,26.49,89.29,1.99,95.3
2025-09-06,Beawar,26.101,74.3203,30.02,26.07,92.09,1.25,95.19
2025-09-07,Beawar,26.101,74.3203,5.17,24.96,92.49,4.83,95.23
2025-09-08,Beawar,26.101,74.3203,0.13,25.09,88.21,3.44,95.52
2025-09-09,Beawar,26.101,74.3203,0.0,25.24,85.87,1.85,95.87
2025-09-10,Beawar,26.101,74.3203,0.0,24.66,86.37,2.29,95.89
2025-09-11,Beawar,26.101,74.3203,0.0,24.02,87.03,2.94,95.82
2025-09-12,Beawar,26.101,74.3203,0.0,24.69,86.11,2.21,95.89
2025-09-13,Beawar,26.101,74.3203,0.0,25.46,84.32,1.72,95.88
2025-09-14,Beawar,26.101,74.3203,0.0,25.93,83.92,1.8,95.83
2025-09-15,Beawar,26.101,74.3203,0.0,25.31,85.44,2.33,95.67
2025-09-16,Beawar,26.101,74.3203,0.0,25.84,85.75,1.95,95.63
2025-09-17,Beawar,26.101,74.3203,0.0,26.56,85.1,1.85,95.65
2025-09-18,Beawar,26.101,74.3203,0.22,26.46,83.98,1.76,95.67
2025-09-19,Beawar,26.101,74.3203,0.56,26.81,82.06,1.34,95.77
2025-09-20,Beawar,26.101,74.3203,1.71,26.7,83.43,1.47,95.75
2025-09-21,Beawar,26.101,74.3203,1.24,26.44,81.85,1.93,95.71
2025-09-22,Beawar,26.101,74.3203,0.01,26.35,81.57,1.7,95.75
2025-09-23,Beawar,26.101,74.3203,0.09,25.79,81.89,1.99,95.73
2025-09-24,Beawar,26.101,74.3203,0.01,25.34,83.86,2.3,95.62
2025-09-25,Beawar,26.101,74.3203,0.0,25.29,80.62,1.89,95.65
2025-09-26,Beawar,26.101,74.3203,0.0,26.06,75.37,1.78,95.75
2025-09-27,Beawar,26.101,74.3203,0.08,26.0,78.45,1.97,95.79
2025-09-28,Beawar,26.101,74.3203,0.14,26.56,86.24,3.1,95.59
2025-09-29,Beawar,26.101,74.3203,1.31,26.31,88.85,2.59,95.44
2025-09-30,Beawar,26.101,74.3203,3.74,25.77,87.31,1.49,95.37
2025-10-01,Beawar,26.101,74.3203,3.67,25.2,84.2,1.29,95.43
2025-10-02,Beawar,26.101,74.3203,0.68,26.19,80.77,0.73,95.69
2025-10-03,Beawar,26.101,74.3203,7.45,25.63,86.55,1.02,95.95
2025-10-04,Beawar,26.101,74.3203,6.58,25.57,87.28,2.06,95.94
2025-10-05,Beawar,26.101,74.3203,1.23,24.93,85.46,2.59,95.87
2025-10-06,Beawar,26.101,74.3203,8.34,24.32,86.11,3.15,95.9
2025-10-07,Beawar,26.101,74.3203,1.95,22.34,80.47,2.74,95.99
2025-10-08,Beawar,26.101,74.3203,0.65,22.13,74.66,1.26,96.21
2025-10-09,Beawar,26.101,74.3203,0.0,22.32,68.76,1.15,96.34
2025-10-10,Beawar,26.101,74.3203,0.0,22.5,62.7,1.03,96.21
2025-10-11,Beawar,26.101,74.3203,0.0,22.56,60.97,1.06,96.22
2025-10-12,Beawar,26.101,74.3203,0.0,23.22,57.79,1.04,96.17
2025-10-13,Beawar,26.101,74.3203,0.0,23.19,59.0,0.97,96.22
2025-10-14,Beawar,26.101,74.3203,0.0,21.87,67.88,1.37,96.11
2025-10-15,Beawar,26.101,74.3203,0.0,21.53,70.79,1.37,96.11
2025-10-16,Beawar,26.101,74.3203,0.0,23.15,61.98,0.9,96.13
2025-10-17,Beawar,26.101,74.3203,0.0,23.75,58.35,1.08,96.24
2025-10-18,Beawar,26.101,74.3203,0.0,23.18,55.73,0.93,96.16
2025-10-19,Beawar,26.101,74.3203,0.0,22.05,61.72,1.35,96.07
2025-10-20,Beawar,26.101,74.3203,0.0,22.08,69.91,1.61,96.08
2025-10-21,Beawar,26.101,74.3203,0.0,23.3,70.07,1.11,96.24
2025-10-22,Beawar,26.101,74.3203,0.0,24.4,58.59,1.06,96.32
2025-10-23,Beawar,26.101,74.3203,0.0,23.22,58.61,1.3,96.24
2025-10-24,Beawar,26.101,74.3203,0.0,22.87,57.45,1.24,96.21
2025-10-25,Beawar,26.101,74.3203,0.0,21.89,61.34,1.57,96.12
2025-10-26,Beawar,26.101,74.3203,0.01,21.79,80.32,2.34,96.15
2025-10-27,Beawar,26.101,74.3203,32.69,22.32,89.83,3.22,96.17
2025-10-28,Beawar,26.101,74.3203,6.35,19.86,90.55,3.69,96.2
2025-10-29,Beawar,26.101,74.3203,1.11,20.56,88.51,2.65,96.13
2025-10-30,Beawar,26.101,74.3203,2.59,21.18,91.81,2.97,96.08
2025-10-31,Beawar,26.101,74.3203,0.04,22.41,82.72,1.49,96.11
2025-11-01,Beawar,26.101,74.3203,0.0,23.63,73.17,0.69,96.13
2025-11-02,Beawar,26.101,74.3203,0.0,24.03,56.88,0.98,96.19
2025-11-03,Beawar,26.101,74.3203,9.32,23.27,63.62,1.37,96.02
2025-11-04,Beawar,26.101,74.3203,1.2,22.75,78.1,2.94,95.91
2025-11-05,Beawar,26.101,74.3203,0.0,20.09,62.68,1.97,96.08
2025-11-06,Beawar,26.101,74.3203,0.0,18.54,49.81,1.37,96.29
2025-11-07,Beawar,26.101,74.3203,0.0,18.84,42.3,1.09,96.44
2025-11-08,Beawar,26.101,74.3203,0.0,18.91,46.41,1.39,96.48
2025-11-09,Beawar,26.101,74.3203,0.0,18.1,53.23,1.76,96.36
2025-11-10,Beawar,26.101,74.3203,0.0,18.37,53.79,1.56,96.3
2025-11-11,Beawar,26.101,74.3203,0.0,18.92,55.06,1.19,96.42
2025-11-12,Beawar,26.101,74.3203,0.0,19.45,54.37,1.36,96.5
2025-11-13,Beawar,26.101,74.3203,0.0,19.02,48.83,1.31,96.64
2025-11-14,Beawar,26.101,74.3203,0.0,18.41,44.09,0.99,96.61
2025-11-15,Beawar,26.101,74.3203,0.0,17.66,48.0,1.2,96.71
2025-11-16,Beawar,26.101,74.3203,0.0,17.99,47.8,1.2,96.88
2025-11-17,Beawar,26.101,74.3203,0.0,17.49,49.38,1.1,96.78
2025-11-18,Beawar,26.101,74.3203,0.0,17.66,50.14,1.12,96.6
2025-11-19,Beawar,26.101,74.3203,0.0,18.05,52.57,1.1,96.53
2025-11-20,Beawar,26.101,74.3203,0.0,17.89,59.87,1.33,96.59
2025-11-21,Beawar,26.101,74.3203,0.0,17.39,65.24,1.5,96.68
2025-11-22,Beawar,26.101,74.3203,0.0,18.02,60.53,1.33,96.53
2025-11-23,Beawar,26.101,74.3203,0.0,17.56,60.38,1.35,96.49
2025-11-24,Beawar,26.101,74.3203,0.0,16.19,74.34,2.18,96.62
2025-11-25,Beawar,26.101,74.3203,0.0,16.05,71.82,1.92,96.63
2025-11-26,Beawar,26.101,74.3203,0.0,16.31,68.55,2.33,96.59
2025-11-27,Beawar,26.101,74.3203,0.12,17.78,77.42,2.58,96.67
2025-11-28,Beawar,26.101,74.3203,0.08,18.22,77.44,1.64,96.62
2025-11-29,Beawar,26.101,74.3203,0.0,19.58,72.41,0.97,96.48
2025-11-30,Beawar,26.101,74.3203,0.0,19.34,71.55,1.36,96.42
2025-12-01,Beawar,26.101,74.3203,0.0,18.68,65.2,1.37,96.35
2025-12-02,Beawar,26.101,74.3203,0.0,17.6,56.6,1.51,96.38
2025-12-03,Beawar,26.101,74.3203,0.0,16.05,57.46,1.45,96.68
2025-12-04,Beawar,26.101,74.3203,0.0,15.47,57.32,1.13,96.78
2025-12-05,Beawar,26.101,74.3203,0.0,15.51,57.76,1.33,96.9
2025-12-06,Beawar,26.101,74.3203,0.0,15.84,42.87,1.26,96.88
2025-12-07,Beawar,26.101,74.3203,0.0,17.91,38.16,1.05,96.78
2025-12-08,Beawar,26.101,74.3203,0.0,18.52,39.11,0.95,96.79
2025-12-09,Beawar,26.101,74.3203,0.0,18.1,37.29,1.0,96.77
2025-12-10,Beawar,26.101,74.3203,0.0,18.16,37.77,1.21,96.73
2025-12-11,Beawar,26.101,74.3203,0.0,18.68,36.5,1.1,96.64
2025-12-12,Beawar,26.101,74.3203,0.0,18.56,38.34,1.07,96.53
2025-12-13,Beawar,26.101,74.3203,0.0,18.09,48.12,1.28,96.56
2025-12-14,Beawar,26.101,74.3203,0.0,17.63,59.24,1.29,96.65
2025-12-15,Beawar,26.101,74.3203,0.0,18.07,57.2,1.07,96.68
2025-12-16,Beawar,26.101,74.3203,0.0,17.69,48.89,1.08,96.66
2025-12-17,Beawar,26.101,74.3203,0.0,17.75,44.44,0.95,96.73
2025-12-18,Beawar,26.101,74.3203,0.0,17.33,45.7,1.12,96.75
2025-12-19,Beawar,26.101,74.3203,0.0,17.86,47.04,1.29,96.53
2025-12-20,Beawar,26.101,74.3203,0.0,18.04,51.09,1.37,96.35
2025-12-21,Beawar,26.101,74.3203,0.0,17.92,58.57,1.82,96.46
2025-12-22,Beawar,26.101,74.3203,0.0,18.73,55.6,1.03,96.54
2025-12-23,Beawar,26.101,74.3203,0.0,17.56,58.58,1.63,96.52
2025-12-24,Beawar,26.101,74.3203,0.0,14.46,55.05,1.61,96.53
2025-12-25,Beawar,26.101,74.3203,0.0,13.84,49.39,1.32,96.51
2025-12-26,Beawar,26.101,74.3203,0.0,14.17,56.78,1.57,96.54
2025-12-27,Beawar,26.101,74.3203,0.0,13.83,53.14,1.65,96.56
2025-12-28,Beawar,26.101,74.3203,0.0,14.64,55.25,1.71,96.57
2025-12-29,Beawar,26.101,74.3203,0.0,15.23,59.41,1.66,96.52
2025-12-30,Beawar,26.101,74.3203,0.0,16.34,58.1,1.75,96.3
2025-12-31,Beawar,26.101,74.3203,1.04,16.23,64.9,1.68,96.08
2025-01-01,Bharatpur,27.2152,77.503,0.0,13.97,42.64,1.14,99.5
2025-01-02,Bharatpur,27.2152,77.503,0.0,14.57,43.15,1.34,99.47
2025-01-03,Bharatpur,27.2152,77.503,0.0,16.05,48.7,1.04,99.43
2025-01-04,Bharatpur,27.2152,77.503,0.0,15.96,53.64,1.28,99.21
2025-01-05,Bharatpur,27.2152,77.503,0.0,15.04,65.9,2.03,99.18
2025-01-06,Bharatpur,27.2152,77.503,0.0,14.12,66.48,1.05,99.28
2025-01-07,Bharatpur,27.2152,77.503,0.0,12.83,59.46,1.75,99.43
2025-01-08,Bharatpur,27.2152,77.503,0.0,13.71,39.08,1.68,99.28
2025-01-09,Bharatpur,27.2152,77.503,0.0,14.52,38.32,1.08,99.44
2025-01-10,Bharatpur,27.2152,77.503,0.0,13.24,48.14,1.59,99.57
2025-01-11,Bharatpur,27.2152,77.503,0.98,13.27,54.89,1.89,99.4
2025-01-12,Bharatpur,27.2152,77.503,0.73,13.72,69.21,1.26,99.5
2025-01-13,Bharatpur,27.2152,77.503,0.0,13.15,68.02,1.37,99.52
2025-01-14,Bharatpur,27.2152,77.503,0.0,13.62,65.18,1.11,99.53
2025-01-15,Bharatpur,27.2152,77.503,0.03,14.53,58.83,1.3,99.61
2025-01-16,Bharatpur,27.2152,77.503,0.71,13.96,74.45,1.2,99.65
2025-01-17,Bharatpur,27.2152,77.503,0.04,13.02,70.19,1.34,99.66
2025-01-18,Bharatpur,27.2152,77.503,0.0,13.36,46.07,0.97,99.47
2025-01-19,Bharatpur,27.2152,77.503,0.0,17.49,58.04,1.28,99.32
2025-01-20,Bharatpur,27.2152,77.503,0.0,17.23,56.73,1.57,99.2
2025-01-21,Bharatpur,27.2152,77.503,0.0,17.47,47.65,1.48,99.06
2025-01-22,Bharatpur,27.2152,77.503,0.0,17.26,54.9,1.04,99.02
2025-01-23,Bharatpur,27.2152,77.503,0.04,17.47,59.81,1.25,99.13
2025-01-24,Bharatpur,27.2152,77.503,0.0,15.22,44.08,2.05,99.24
2025-01-25,Bharatpur,27.2152,77.503,0.0,15.34,35.3,1.74,99.22
2025-01-26,Bharatpur,27.2152,77.503,0.0,16.04,27.62,1.27,99.17
2025-01-27,Bharatpur,27.2152,77.503,0.0,16.09,26.5,1.24,99.03
2025-01-28,Bharatpur,27.2152,77.503,0.0,16.06,29.23,1.28,98.98
2025-01-29,Bharatpur,27.2152,77.503,0.0,16.64,39.58,1.8,99.08
2025-01-30,Bharatpur,27.2152,77.503,0.0,17.67,40.69,1.43,98.77
2025-01-31,Bharatpur,27.2152,77.503,0.0,17.6,41.02,1.12,98.72
2025-02-01,Bharatpur,27.2152,77.503,0.0,18.51,43.43,1.34,98.91
2025-02-02,Bharatpur,27.2152,77.503,0.0,17.72,43.25,1.11,99.11
2025-02-03,Bharatpur,27.2152,77.503,0.0,17.65,48.36,1.21,99.1
2025-02-04,Bharatpur,27.2152,77.503,0.21,16.78,55.51,1.48,99.09
2025-02-05,Bharatpur,27.2152,77.503,0.0,16.07,42.7,2.25,99.19
2025-02-06,Bharatpur,27.2152,77.503,0.0,14.6,37.0,1.99,99.39
2025-02-07,Bharatpur,27.2152,77.503,0.0,14.81,34.71,2.18,99.37
2025-02-08,Bharatpur,27.2152,77.503,0.0,17.88,27.43,1.43,99.22
2025-02-09,Bharatpur,27.2152,77.503,0.0,19.07,25.7,0.97,99.09
2025-02-10,Bharatpur,27.2152,77.503,0.0,20.41,30.47,1.17,99.04
2025-02-11,Bharatpur,27.2152,77.503,0.0,20.8,34.06,1.45,98.98
2025-02-12,Bharatpur,27.2152,77.503,0.0,19.28,36.92,1.85,99.12
2025-02-13,Bharatpur,27.2152,77.503,0.0,17.49,32.63,2.4,99.21
2025-02-14,Bharatpur,27.2152,77.503,0.0,19.52,27.86,2.01,99.02
2025-02-15,Bharatpur,27.2152,77.503,0.0,21.13,35.83,1.79,98.69
2025-02-16,Bharatpur,27.2152,77.503,0.0,19.32,43.4,1.16,98.9
2025-02-17,Bharatpur,27.2152,77.503,0.0,21.12,39.24,1.24,99.18
2025-02-18,Bharatpur,27.2152,77.503,0.01,22.06,38.87,1.11,99.1
2025-02-19,Bharatpur,27.2152,77.503,0.0,21.64,39.64,0.86,98.97
2025-02-20,Bharatpur,27.2152,77.503,3.8,20.98,51.04,2.85,99.03
2025-02-21,Bharatpur,27.2152,77.503,0.0,19.89,47.83,1.38,99.25
2025-02-22,Bharatpur,27.2152,77.503,0.0,18.71,44.06,2.2,99.31
2025-02-23,Bharatpur,27.2152,77.503,0.0,19.97,42.27,1.26,99.39
2025-02-24,Bharatpur,27.2152,77.503,0.0,20.57,37.39,1.42,99.51
2025-02-25,Bharatpur,27.2152,77.503,0.0,21.66,37.54,1.15,99.54
2025-02-26,Bharatpur,27.2152,77.503,0.0,22.81,37.6,1.26,99.5
2025-02-27,Bharatpur,27.2152,77.503,0.0,21.89,42.62,1.41,99.18
2025-02-28,Bharatpur,27.2152,77.503,0.44,22.42,47.09,2.29,98.84
2025-03-01,Bharatpur,27.2152,77.503,1.99,22.33,54.46,1.44,98.86
2025-03-02,Bharatpur,27.2152,77.503,0.02,21.95,51.22,1.71,98.87
2025-03-03,Bharatpur,27.2152,77.503,0.0,22.34,35.44,1.48,98.79
2025-03-04,Bharatpur,27.2152,77.503,0.0,21.31,32.33,3.49,98.98
2025-03-05,Bharatpur,27.2152,77.503,0.0,17.86,25.22,3.81,99.13
2025-03-06,Bharatpur,27.2152,77.503,0.0,20.7,21.79,2.33,98.99
2025-03-07,Bharatpur,27.2152,77.503,0.0,22.02,23.23,1.46,98.75
2025-03-08,Bharatpur,27.2152,77.503,0.0,23.36,23.93,1.47,98.63
2025-03-09,Bharatpur,27.2152,77.503,0.0,23.83,27.25,1.77,98.91
2025-03-10,Bharatpur,27.2152,77.503,0.0,25.03,28.52,2.44,99.17
2025-03-11,Bharatpur,27.2152,77.503,0.0,26.89,28.7,1.61,98.96
2025-03-12,Bharatpur,27.2152,77.503,0.0,27.02,32.33,1.65,98.57
2025-03-13,Bharatpur,27.2152,77.503,1.64,28.34,34.73,1.46,98.38
2025-03-14,Bharatpur,27.2152,77.503,0.47,27.49,38.26,1.46,98.48
2025-03-15,Bharatpur,27.2152,77.503,0.01,27.45,33.2,1.84,98.6
2025-03-16,Bharatpur,27.2152,77.503,0.0,26.38,33.72,2.7,98.79
2025-03-17,Bharatpur,27.2152,77.503,0.0,25.42,29.94,2.23,98.92
2025-03-18,Bharatpur,27.2152,77.503,0.0,24.09,30.03,1.7,98.93
2025-03-19,Bharatpur,27.2152,77.503,0.0,25.15,21.93,1.17,99.0
2025-03-20,Bharatpur,27.2152,77.503,0.0,25.9,21.62,1.44,99.08
2025-03-21,Bharatpur,27.2152,77.503,0.0,25.59,24.14,1.84,99.05
2025-03-22,Bharatpur,27.2152,77.503,0.0,26.2,20.49,1.96,98.93
2025-03-23,Bharatpur,27.2152,77.503,0.3,25.68,18.56,1.06,99.08
2025-03-24,Bharatpur,27.2152,77.503,0.0,26.81,17.08,1.52,99.02
2025-03-25,Bharatpur,27.2152,77.503,0.0,28.6,16.32,1.53,98.61
2025-03-26,Bharatpur,27.2152,77.503,0.0,30.42,16.23,1.43,98.35
2025-03-27,Bharatpur,27.2152,77.503,0.0,30.66,19.83,2.91,98.32
2025-03-28,Bharatpur,27.2152,77.503,0.0,26.71,9.2,2.98,98.57
2025-03-29,Bharatpur,27.2152,77.503,0.0,24.0,8.73,2.91,98.68
2025-03-30,Bharatpur,27.2152,77.503,0.0,25.74,10.12,2.14,98.7
2025-03-31,Bharatpur,27.2152,77.503,0.0,26.32,11.87,1.88,98.72
2025-04-01,Bharatpur,27.2152,77.503,0.0,26.94,13.26,1.77,98.63
2025-04-02,Bharatpur,27.2152,77.503,0.0,28.55,10.85,1.19,98.71
2025-04-03,Bharatpur,27.2152,77.503,0.0,29.03,12.23,1.81,98.78
2025-04-04,Bharatpur,27.2152,77.503,2.41,30.3,18.1,1.62,98.69
2025-04-05,Bharatpur,27.2152,77.503,0.0,29.39,17.23,1.74,98.54
2025-04-06,Bharatpur,27.2152,77.503,0.0,31.6,17.79,1.63,98.37
2025-04-07,Bharatpur,27.2152,77.503,0.0,32.39,18.06,1.94,98.46
2025-04-08,Bharatpur,27.2152,77.503,0.0,32.25,16.49,2.57,98.66
2025-04-09,Bharatpur,27.2152,77.503,0.0,32.75,21.57,2.2,98.44
2025-04-10,Bharatpur,27.2152,77.503,0.0,32.98,25.14,1.96,98.06
2025-04-11,Bharatpur,27.2152,77.503,0.09,31.98,28.89,2.0,97.95
2025-04-12,Bharatpur,27.2152,77.503,0.45,30.51,34.01,1.49,98.29
2025-04-13,Bharatpur,27.2152,77.503,0.0,31.21,26.12,1.41,98.48
2025-04-14,Bharatpur,27.2152,77.503,0.0,31.01,25.92,2.48,98.51
2025-04-15,Bharatpur,27.2152,77.503,0.0,31.3,28.86,2.61,98.54
2025-04-16,Bharatpur,27.2152,77.503,0.0,32.33,27.07,2.11,98.41
2025-04-17,Bharatpur,27.2152,77.503,0.0,34.28,23.33,2.34,98.12
2025-04-18,Bharatpur,27.2152,77.503,0.0,35.02,22.12,2.12,97.97
2025-04-19,Bharatpur,27.2152,77.503,0.22,33.87,19.36,2.75,98.03
2025-04-20,Bharatpur,27.2152,77.503,0.0,34.09,17.18,2.13,98.03
2025-04-21,Bharatpur,27.2152,77.503,0.0,33.68,11.35,2.56,98.35
2025-04-22,Bharatpur,27.2152,77.503,0.0,32.38,7.42,1.85,98.46
2025-04-23,Bharatpur,27.2152,77.503,0.0,31.94,6.15,2.56,98.24
2025-04-24,Bharatpur,27.2152,77.503,0.0,33.8,6.35,2.2,98.03
2025-04-25,Bharatpur,27.2152,77.503,0.0,34.14,9.42,2.36,98.06
2025-04-26,Bharatpur,27.2152,77.503,0.0,34.96,8.92,1.27,98.08
2025-04-27,Bharatpur,27.2152,77.503,0.0,33.66,17.54,2.42,98.28
2025-04-28,Bharatpur,27.2152,77.503,0.0,33.8,14.24,2.88,98.13
2025-04-29,Bharatpur,27.2152,77.503,0.0,32.06,18.01,3.15,98.17
2025-04-30,Bharatpur,27.2152,77.503,0.0,32.26,26.12,2.76,98.34
2025-05-01,Bharatpur,27.2152,77.503,0.0,32.83,30.36,3.37,98.44
2025-05-02,Bharatpur,27.2152,77.503,1.61,32.0,36.07,3.01,98.49
2025-05-03,Bharatpur,27.2152,77.503,1.27,32.36,36.54,2.71,98.26
2025-05-04,Bharatpur,27.2152,77.503,0.01,31.19,33.41,3.02,98.17
2025-05-05,Bharatpur,27.2152,77.503,0.21,33.34,26.01,2.86,98.17
2025-05-06,Bharatpur,27.2152,77.503,1.54,29.69,42.99,2.41,98.25
2025-05-07,Bharatpur,27.2152,77.503,0.04,31.26,39.87,3.49,98.14
2025-05-08,Bharatpur,27.2152,77.503,1.03,29.31,51.13,2.42,98.28
2025-05-09,Bharatpur,27.2152,77.503,0.5,31.32,43.22,2.31,98.35
2025-05-10,Bharatpur,27.2152,77.503,0.2,33.44,38.11,2.15,98.26
2025-05-11,Bharatpur,27.2152,77.503,0.31,34.6,32.8,1.67,98.11
2025-05-12,Bharatpur,27.2152,77.503,0.09,35.12,26.91,1.53,98.07
2025-05-13,Bharatpur,27.2152,77.503,0.12,35.73,32.59,3.17,98.08
2025-05-14,Bharatpur,27.2152,77.503,0.0,36.17,27.22,2.56,98.05
2025-05-15,Bharatpur,27.2152,77.503,0.0,37.57,16.6,1.2,98.03
2025-05-16,Bharatpur,27.2152,77.503,0.0,38.69,14.34,1.76,97.92
2025-05-17,Bharatpur,27.2152,77.503,0.0,38.25,20.78,2.74,97.9
2025-05-18,Bharatpur,27.2152,77.503,0.0,38.72,22.56,2.51,97.87
2025-05-19,Bharatpur,27.2152,77.503,0.26,38.26,20.08,2.61,97.87
2025-05-20,Bharatpur,27.2152,77.503,0.12,39.07,23.09,2.8,97.69
2025-05-21,Bharatpur,27.2152,77.503,1.19,38.87,20.53,2.03,97.72
2025-05-22,Bharatpur,27.2152,77.503,5.46,33.89,36.58,3.47,97.88
2025-05-23,Bharatpur,27.2152,77.503,0.0,34.61,36.1,3.41,97.7
2025-05-24,Bharatpur,27.2152,77.503,0.0,35.73,32.6,3.93,97.68
2025-05-25,Bharatpur,27.2152,77.503,6.25,33.77,45.08,3.78,97.97
2025-05-26,Bharatpur,27.2152,77.503,1.29,33.22,45.02,2.97,97.88
2025-05-27,Bharatpur,27.2152,77.503,0.05,34.3,39.94,2.25,97.64
2025-05-28,Bharatpur,27.2152,77.503,0.0,35.53,39.05,2.34,97.51
2025-05-29,Bharatpur,27.2152,77.503,0.02,36.21,34.48,1.57,97.33
2025-05-30,Bharatpur,27.2152,77.503,0.44,35.57,37.61,1.81,97.27
2025-05-31,Bharatpur,27.2152,77.503,0.85,35.74,26.28,2.54,97.5
2025-06-01,Bharatpur,27.2152,77.503,0.81,34.53,31.26,3.75,97.62
2025-06-02,Bharatpur,27.2152,77.503,5.64,32.83,41.92,2.0,97.65
2025-06-03,Bharatpur,27.2152,77.503,0.04,32.62,41.55,2.06,97.85
2025-06-04,Bharatpur,27.2152,77.503,0.1,32.96,34.46,2.24,98.09
2025-06-05,Bharatpur,27.2152,77.503,0.01,33.32,33.0,1.42,98.37
2025-06-06,Bharatpur,27.2152,77.503,0.9,34.53,32.31,2.18,98.29
2025-06-07,Bharatpur,27.2152,77.503,0.04,36.32,29.34,2.09,98.08
2025-06-08,Bharatpur,27.2152,77.503,0.0,37.79,23.47,1.87,97.92
2025-06-09,Bharatpur,27.2152,77.503,0.0,38.32,19.66,3.11,97.75
2025-06-10,Bharatpur,27.2152,77.503,0.0,38.15,17.88,3.01,97.67
2025-06-11,Bharatpur,27.2152,77.503,0.0,38.47,19.55,2.81,97.69
2025-06-12,Bharatpur,27.2152,77.503,0.0,39.01,25.98,2.1,97.67
2025-06-13,Bharatpur,27.2152,77.503,0.0,39.61,27.59,2.97,97.66
2025-06-14,Bharatpur,27.2152,77.503,3.9,38.32,29.99,1.75,97.59
2025-06-15,Bharatpur,27.2152,77.503,13.6,35.6,45.69,2.24,97.5
2025-06-16,Bharatpur,27.2152,77.503,4.17,33.89,55.32,2.96,97.5
2025-06-17,Bharatpur,27.2152,77.503,13.63,33.39,56.46,2.54,97.6
2025-06-18,Bharatpur,27.2152,77.503,27.33,30.27,70.67,2.38,97.49
2025-06-19,Bharatpur,27.2152,77.503,10.0,29.59,78.14,4.14,97.32
2025-06-20,Bharatpur,27.2152,77.503,24.91,29.34,81.84,3.88,97.49
2025-06-21,Bharatpur,27.2152,77.503,0.91,31.7,68.66,1.89,97.69
2025-06-22,Bharatpur,27.2152,77.503,13.08,31.86,67.42,1.44,97.61
2025-06-23,Bharatpur,27.2152,77.503,8.9,31.94,68.61,1.66,97.41
2025-06-24,Bharatpur,27.2152,77.503,0.77,32.6,63.08,1.73,97.4
2025-06-25,Bharatpur,27.2152,77.503,0.65,32.33,64.6,2.83,97.6
2025-06-26,Bharatpur,27.2152,77.503,2.13,32.37,64.17,3.28,97.76
2025-06-27,Bharatpur,27.2152,77.503,3.23,32.21,64.76,2.92,97.67
2025-06-28,Bharatpur,27.2152,77.503,7.29,31.56,67.23,1.94,97.63
2025-06-29,Bharatpur,27.2152,77.503,18.87,30.82,71.0,1.94,97.46
2025-06-30,Bharatpur,27.2152,77.503,73.37,28.85,85.23,2.44,97.46
2025-07-01,Bharatpur,27.2152,77.503,11.51,27.97,86.41,2.38,97.55
2025-07-02,Bharatpur,27.2152,77.503,17.62,29.02,82.86,2.38,97.55
2025-07-03,Bharatpur,27.2152,77.503,3.61,29.18,84.21,2.66,97.62
2025-07-04,Bharatpur,27.2152,77.503,24.57,29.67,83.08,1.52,97.67
2025-07-05,Bharatpur,27.2152,77.503,5.64,29.79,81.61,0.79,97.61
2025-07-06,Bharatpur,27.2152,77.503,15.2,30.02,82.44,0.95,97.54
2025-07-07,Bharatpur,27.2152,77.503,0.25,30.53,80.42,1.07,97.59
2025-07-08,Bharatpur,27.2152,77.503,0.86,28.19,86.56,1.54,97.7
2025-07-09,Bharatpur,27.2152,77.503,6.34,29.98,79.82,1.78,97.74
2025-07-10,Bharatpur,27.2152,77.503,43.67,28.63,85.89,0.98,97.89
2025-07-11,Bharatpur,27.2152,77.503,3.34,29.11,81.88,1.12,97.9
2025-07-12,Bharatpur,27.2152,77.503,11.12,29.49,79.23,0.89,97.86
2025-07-13,Bharatpur,27.2152,77.503,13.84,28.38,87.04,2.74,97.74
2025-07-14,Bharatpur,27.2152,77.503,2.07,28.08,87.78,3.99,97.53
2025-07-15,Bharatpur,27.2152,77.503,14.58,27.6,90.18,4.15,97.5
2025-07-16,Bharatpur,27.2152,77.503,16.06,27.69,86.26,1.95,97.82
2025-07-17,Bharatpur,27.2152,77.503,2.21,28.44,84.54,2.63,97.89
2025-07-18,Bharatpur,27.2152,77.503,32.97,27.74,89.18,4.69,97.53
2025-07-19,Bharatpur,27.2152,77.503,1.48,28.22,85.89,3.53,97.52
2025-07-20,Bharatpur,27.2152,77.503,0.0,28.67,83.31,2.2,97.62
2025-07-21,Bharatpur,27.2152,77.503,0.0,28.89,83.9,1.11,97.82
2025-07-22,Bharatpur,27.2152,77.503,1.82,29.68,81.74,1.29,97.7
2025-07-23,Bharatpur,27.2152,77.503,7.44,29.16,86.62,1.83,97.43
2025-07-24,Bharatpur,27.2152,77.503,14.37,29.6,82.56,2.44,97.31
2025-07-25,Bharatpur,27.2152,77.503,51.36,29.84,84.17,1.92,97.31
2025-07-26,Bharatpur,27.2152,77.503,12.18,29.24,83.37,0.86,97.38
2025-07-27,Bharatpur,27.2152,77.503,1.53,29.44,84.93,2.39,97.29
2025-07-28,Bharatpur,27.2152,77.503,2.68,29.43,85.15,1.59,97.33
2025-07-29,Bharatpur,27.2152,77.503,21.36,28.96,87.81,1.79,97.41
2025-07-30,Bharatpur,27.2152,77.503,19.5,28.59,89.92,2.54,97.43
2025-07-31,Bharatpur,27.2152,77.503,3.3,28.44,89.64,2.85,97.54
2025-08-01,Bharatpur,27.2152,77.503,5.57,28.12,87.27,2.75,97.77
2025-08-02,Bharatpur,27.2152,77.503,0.36,28.56,86.75,2.76,97.84
2025-08-03,Bharatpur,27.2152,77.503,5.86,27.81,89.49,2.73,97.99
2025-08-04,Bharatpur,27.2152,77.503,5.12,27.65,89.37,2.71,98.08
2025-08-05,Bharatpur,27.2152,77.503,7.69,27.83,87.93,2.83,98.1
2025-08-06,Bharatpur,27.2152,77.503,0.13,27.75,84.46,2.15,98.14
2025-08-07,Bharatpur,27.2152,77.503,0.02,28.63,82.1,2.95,98.03
2025-08-08,Bharatpur,27.2152,77.503,1.11,28.48,82.9,2.56,98.1
2025-08-09,Bharatpur,27.2152,77.503,7.72,28.2,84.33,1.86,98.27
2025-08-10,Bharatpur,27.2152,77.503,11.76,28.22,84.85,2.0,98.14
2025-08-11,Bharatpur,27.2152,77.503,1.71,28.78,84.6,2.34,98.06
2025-08-12,Bharatpur,27.2152,77.503,2.73,29.03,83.32,1.94,97.96
2025-08-13,Bharatpur,27.2152,77.503,21.7,27.3,89.31,1.6,97.93
2025-08-14,Bharatpur,27.2152,77.503,15.6,27.47,90.29,1.87,98.13
2025-08-15,Bharatpur,27.2152,77.503,1.05,28.12,84.86,1.59,98.02
2025-08-16,Bharatpur,27.2152,77.503,0.15,28.44,85.13,1.84,97.85
2025-08-17,Bharatpur,27.2152,77.503,0.59,28.49,87.19,2.27,97.94
2025-08-18,Bharatpur,27.2152,77.503,0.15,28.12,88.95,2.55,98.08
2025-08-19,Bharatpur,27.2152,77.503,0.1,28.5,86.26,2.49,97.96
2025-08-20,Bharatpur,27.2152,77.503,1.1,28.37,86.35,2.77,97.88
2025-08-21,Bharatpur,27.2152,77.503,5.53,28.34,86.83,1.8,97.88
2025-08-22,Bharatpur,27.2152,77.503,3.43,28.86,83.33,1.02,97.68
2025-08-23,Bharatpur,27.2152,77.503,18.97,28.33,86.8,1.51,97.68
2025-08-24,Bharatpur,27.2152,77.503,3.96,28.41,87.65,1.59,97.73
2025-08-25,Bharatpur,27.2152,77.503,19.14,27.88,88.99,1.79,97.65
2025-08-26,Bharatpur,27.2152,77.503,2.02,27.96,88.4,2.41,97.92
2025-08-27,Bharatpur,27.2152,77.503,14.02,28.25,88.02,2.0,97.96
2025-08-28,Bharatpur,27.2152,77.503,0.48,27.89,88.93,1.73,97.94
2025-08-29,Bharatpur,27.2152,77.503,0.64,28.06,88.57,2.47,98.05
2025-08-30,Bharatpur,27.2152,77.503,24.87,27.93,89.71,2.24,98.16
2025-08-31,Bharatpur,27.2152,77.503,20.38,27.69,90.49,1.97,97.98
2025-09-01,Bharatpur,27.2152,77.503,43.0,27.2,88.64,1.83,97.71
2025-09-02,Bharatpur,27.2152,77.503,13.81,27.38,87.61,1.84,97.82
2025-09-03,Bharatpur,27.2152,77.503,38.23,26.59,91.88,2.22,98.04
2025-09-04,Bharatpur,27.2152,77.503,12.77,27.53,89.3,2.73,98.03
2025-09-05,Bharatpur,27.2152,77.503,92.54,27.1,92.77,3.33,97.98
2025-09-06,Bharatpur,27.2152,77.503,14.24,27.4,90.55,3.14,98.12
2025-09-07,Bharatpur,27.2152,77.503,8.53,27.31,88.14,1.82,98.18
2025-09-08,Bharatpur,27.2152,77.503,5.54,27.29,87.04,1.51,98.32
2025-09-09,Bharatpur,27.2152,77.503,0.0,27.53,85.82,2.02,98.46
2025-09-10,Bharatpur,27.2152,77.503,0.0,27.52,86.4,2.69,98.36
2025-09-11,Bharatpur,27.2152,77.503,0.0,26.84,85.78,2.6,98.33
2025-09-12,Bharatpur,27.2152,77.503,0.0,27.42,83.22,1.82,98.46
2025-09-13,Bharatpur,27.2152,77.503,0.0,27.92,80.62,1.28,98.46
2025-09-14,Bharatpur,27.2152,77.503,0.0,28.78,78.35,1.06,98.38
2025-09-15,Bharatpur,27.2152,77.503,0.09,28.28,83.54,1.6,98.21
2025-09-16,Bharatpur,27.2152,77.503,5.54,28.31,83.23,1.08,98.23
2025-09-17,Bharatpur,27.2152,77.503,5.27,27.08,89.73,1.17,98.26
2025-09-18,Bharatpur,27.2152,77.503,4.54,28.45,82.07,0.75,98.28
2025-09-19,Bharatpur,27.2152,77.503,0.08,28.71,78.77,1.13,98.35
2025-09-20,Bharatpur,27.2152,77.503,0.35,28.28,78.89,1.61,98.31
2025-09-21,Bharatpur,27.2152,77.503,0.0,27.92,74.53,1.63,98.25
2025-09-22,Bharatpur,27.2152,77.503,0.0,26.86,73.47,1.68,98.29
2025-09-23,Bharatpur,27.2152,77.503,0.0,26.7,74.79,1.77,98.24
2025-09-24,Bharatpur,27.2152,77.503,0.0,27.02,77.24,2.16,98.12
2025-09-25,Bharatpur,27.2152,77.503,0.0,27.1,73.41,1.59,98.18
2025-09-26,Bharatpur,27.2152,77.503,0.0,26.89,72.01,1.62,98.3
2025-09-27,Bharatpur,27.2152,77.503,0.22,27.36,85.17,1.76,98.45
2025-09-28,Bharatpur,27.2152,77.503,0.0,27.22,88.83,2.47,98.36
2025-09-29,Bharatpur,27.2152,77.503,0.83,27.29,87.9,1.97,98.23
2025-09-30,Bharatpur,27.2152,77.503,16.38,26.19,93.0,1.22,98.1
2025-10-01,Bharatpur,27.2152,77.503,0.86,25.96,89.4,1.79,98.11
2025-10-02,Bharatpur,27.2152,77.503,0.27,26.3,87.73,1.83,98.41
2025-10-03,Bharatpur,27.2152,77.503,0.0,26.18,87.74,1.68,98.67
2025-10-04,Bharatpur,27.2152,77.503,0.05,26.53,84.78,1.36,98.51
2025-10-05,Bharatpur,27.2152,77.503,0.75,26.63,82.38,1.89,98.46
2025-10-06,Bharatpur,27.2152,77.503,4.41,25.49,85.24,1.19,98.61
2025-10-07,Bharatpur,27.2152,77.503,11.38,24.64,85.38,1.76,98.65
2025-10-08,Bharatpur,27.2152,77.503,0.0,22.6,79.57,1.24,98.87
2025-10-09,Bharatpur,27.2152,77.503,0.0,22.54,71.77,1.17,99.03
2025-10-10,Bharatpur,27.2152,77.503,0.0,22.07,70.47,1.13,98.92
2025-10-11,Bharatpur,27.2152,77.503,0.0,22.74,67.64,1.01,98.9
2025-10-12,Bharatpur,27.2152,77.503,0.0,23.59,65.55,0.85,98.85
2025-10-13,Bharatpur,27.2152,77.503,0.0,23.29,67.21,0.95,98.95
2025-10-14,Bharatpur,27.2152,77.503,0.0,23.03,68.01,1.0,98.86
2025-10-15,Bharatpur,27.2152,77.503,0.0,23.18,64.58,1.0,98.85
2025-10-16,Bharatpur,27.2152,77.503,0.0,23.14,61.56,0.9,98.84
2025-10-17,Bharatpur,27.2152,77.503,0.0,23.11,64.43,0.78,98.96
2025-10-18,Bharatpur,27.2152,77.503,0.0,22.57,66.84,0.95,98.91
2025-10-19,Bharatpur,27.2152,77.503,0.0,22.86,66.59,1.3,98.84
2025-10-20,Bharatpur,27.2152,77.503,0.0,23.64,65.82,1.28,98.88
2025-10-21,Bharatpur,27.2152,77.503,0.0,23.92,71.17,0.86,98.99
2025-10-22,Bharatpur,27.2152,77.503,0.0,24.54,66.87,0.75,99.03
2025-10-23,Bharatpur,27.2152,77.503,0.0,23.76,67.9,0.92,98.94
2025-10-24,Bharatpur,27.2152,77.503,0.0,23.65,61.51,0.78,98.93
2025-10-25,Bharatpur,27.2152,77.503,0.07,22.3,68.8,1.06,98.88
2025-10-26,Bharatpur,27.2152,77.503,0.04,22.4,73.25,1.41,98.96
2025-10-27,Bharatpur,27.2152,77.503,5.96,20.33,86.99,1.96,99.06
2025-10-28,Bharatpur,27.2152,77.503,16.86,18.58,91.44,2.6,99.08
2025-10-29,Bharatpur,27.2152,77.503,0.07,20.86,88.01,1.38,98.92
2025-10-30,Bharatpur,27.2152,77.503,2.21,21.96,91.5,1.72,98.85
2025-10-31,Bharatpur,27.2152,77.503,0.55,22.12,86.8,1.07,98.83
2025-11-01,Bharatpur,27.2152,77.503,0.0,23.11,81.92,1.43,98.82
2025-11-02,Bharatpur,27.2152,77.503,0.0,22.8,66.01,1.4,98.84
2025-11-03,Bharatpur,27.2152,77.503,0.0,21.29,60.67,1.8,98.68
2025-11-04,Bharatpur,27.2152,77.503,0.24,20.84,83.2,1.25,98.63
2025-11-05,Bharatpur,27.2152,77.503,0.13,22.05,73.31,1.16,98.67
2025-11-06,Bharatpur,27.2152,77.503,0.0,18.46,60.15,1.93,98.94
2025-11-07,Bharatpur,27.2152,77.503,0.0,17.45,48.39,1.38,99.13
2025-11-08,Bharatpur,27.2152,77.503,0.0,17.44,47.04,1.26,99.19
2025-11-09,Bharatpur,27.2152,77.503,0.0,17.92,48.85,1.43,99.06
2025-11-10,Bharatpur,27.2152,77.503,0.0,17.64,58.02,1.27,99.03
2025-11-11,Bharatpur,27.2152,77.503,0.0,18.04,56.33,1.14,99.12
2025-11-12,Bharatpur,27.2152,77.503,0.0,18.25,51.96,1.3,99.22
2025-11-13,Bharatpur,27.2152,77.503,0.0,18.25,51.67,1.07,99.35
2025-11-14,Bharatpur,27.2152,77.503,0.0,18.06,45.6,1.1,99.35
2025-11-15,Bharatpur,27.2152,77.503,0.0,16.55,52.25,1.37,99.47
2025-11-16,Bharatpur,27.2152,77.503,0.0,16.4,52.38,1.43,99.64
2025-11-17,Bharatpur,27.2152,77.503,0.0,15.49,56.16,1.46,99.56
2025-11-18,Bharatpur,27.2152,77.503,0.0,16.05,59.74,1.33,99.36
2025-11-19,Bharatpur,27.2152,77.503,0.0,15.82,68.12,1.22,99.35
2025-11-20,Bharatpur,27.2152,77.503,0.0,16.59,73.59,1.25,99.41
2025-11-21,Bharatpur,27.2152,77.503,0.0,16.56,75.21,1.24,99.51
2025-11-22,Bharatpur,27.2152,77.503,0.0,17.1,72.99,1.38,99.35
2025-11-23,Bharatpur,27.2152,77.503,0.0,17.4,71.42,1.23,99.34
2025-11-24,Bharatpur,27.2152,77.503,0.0,16.82,69.3,1.09,99.47
2025-11-25,Bharatpur,27.2152,77.503,0.0,16.64,59.52,1.08,99.46
2025-11-26,Bharatpur,27.2152,77.503,0.0,15.68,53.83,1.03,99.48
2025-11-27,Bharatpur,27.2152,77.503,0.0,16.21,54.25,1.06,99.58
2025-11-28,Bharatpur,27.2152,77.503,0.0,17.08,55.29,1.04,99.43
2025-11-29,Bharatpur,27.2152,77.503,0.0,18.22,56.15,1.15,99.25
2025-11-30,Bharatpur,27.2152,77.503,0.0,17.34,55.94,1.26,99.2
2025-12-01,Bharatpur,27.2152,77.503,0.0,17.07,58.0,1.1,99.17
2025-12-02,Bharatpur,27.2152,77.503,0.0,17.72,77.13,1.42,99.13
2025-12-03,Bharatpur,27.2152,77.503,0.0,15.69,58.58,1.35,99.47
2025-12-04,Bharatpur,27.2152,77.503,0.0,14.62,47.12,1.33,99.57
2025-12-05,Bharatpur,27.2152,77.503,0.0,14.67,43.3,1.12,99.69
2025-12-06,Bharatpur,27.2152,77.503,0.0,14.23,51.88,1.62,99.6
2025-12-07,Bharatpur,27.2152,77.503,0.0,15.36,46.9,1.52,99.51
2025-12-08,Bharatpur,27.2152,77.503,0.0,16.05,48.01,1.69,99.49
2025-12-09,Bharatpur,27.2152,77.503,0.0,15.44,49.31,1.96,99.46
2025-12-10,Bharatpur,27.2152,77.503,0.0,16.13,44.93,1.38,99.45
2025-12-11,Bharatpur,27.2152,77.503,0.0,16.47,46.1,1.34,99.35
2025-12-12,Bharatpur,27.2152,77.503,0.0,16.89,43.83,1.22,99.27
2025-12-13,Bharatpur,27.2152,77.503,0.0,17.0,47.37,0.81,99.37
2025-12-14,Bharatpur,27.2152,77.503,0.0,16.0,63.26,1.02,99.48
2025-12-15,Bharatpur,27.2152,77.503,0.0,17.09,55.14,1.03,99.42
2025-12-16,Bharatpur,27.2152,77.503,0.0,15.7,51.33,1.47,99.4
2025-12-17,Bharatpur,27.2152,77.503,0.0,16.24,48.91,1.27,99.47
2025-12-18,Bharatpur,27.2152,77.503,0.0,15.02,62.08,1.54,99.51
2025-12-19,Bharatpur,27.2152,77.503,0.0,15.32,62.54,1.35,99.29
2025-12-20,Bharatpur,27.2152,77.503,0.0,15.01,50.78,1.08,99.15
2025-12-21,Bharatpur,27.2152,77.503,0.0,14.65,65.23,1.08,99.34
2025-12-22,Bharatpur,27.2152,77.503,0.0,15.3,71.39,0.84,99.36
2025-12-23,Bharatpur,27.2152,77.503,0.0,17.05,62.59,1.43,99.19
2025-12-24,Bharatpur,27.2152,77.503,0.0,14.96,52.73,1.99,99.22
2025-12-25,Bharatpur,27.2152,77.503,0.0,13.82,48.9,1.2,99.32
2025-12-26,Bharatpur,27.2152,77.503,0.0,14.39,48.89,1.21,99.37
2025-12-27,Bharatpur,27.2152,77.503,0.0,14.39,47.19,1.17,99.35
2025-12-28,Bharatpur,27.2152,77.503,0.0,14.21,43.96,1.17,99.41
2025-12-29,Bharatpur,27.2152,77.503,0.0,14.74,46.97,1.24,99.36
2025-12-30,Bharatpur,27.2152,77.503,0.0,14.6,57.26,1.52,99.14
2025-12-31,Bharatpur,27.2152,77.503,0.0,14.46,70.42,1.21,98.95
2025-01-01,Bhilwara,25.347,74.64,0.0,14.67,48.87,1.45,96.26
2025-01-02,Bhilwara,25.347,74.64,0.0,17.12,42.63,1.38,96.22
2025-01-03,Bhilwara,25.347,74.64,0.0,18.79,37.36,1.73,96.16
2025-01-04,Bhilwara,25.347,74.64,0.0,19.31,36.6,2.0,95.93
2025-01-05,Bhilwara,25.347,74.64,0.0,18.42,43.96,1.92,95.85
2025-01-06,Bhilwara,25.347,74.64,0.0,14.94,40.84,2.45,96.08
2025-01-07,Bhilwara,25.347,74.64,0.0,12.74,38.4,1.83,96.27
2025-01-08,Bhilwara,25.347,74.64,0.0,14.8,31.32,1.14,96.12
2025-01-09,Bhilwara,25.347,74.64,0.0,15.58,34.71,2.06,96.12
2025-01-10,Bhilwara,25.347,74.64,0.0,16.0,41.87,2.31,96.12
2025-01-11,Bhilwara,25.347,74.64,0.7,16.56,50.24,1.99,96.01
2025-01-12,Bhilwara,25.347,74.64,0.02,14.94,55.05,1.57,96.26
2025-01-13,Bhilwara,25.347,74.64,0.0,11.71,62.06,1.55,96.32
2025-01-14,Bhilwara,25.347,74.64,0.0,12.77,53.02,1.83,96.23
2025-01-15,Bhilwara,25.347,74.64,1.13,13.7,62.83,2.03,96.22
2025-01-16,Bhilwara,25.347,74.64,0.05,14.2,55.61,2.17,96.36
2025-01-17,Bhilwara,25.347,74.64,0.0,12.4,61.84,2.12,96.38
2025-01-18,Bhilwara,25.347,74.64,0.0,15.2,58.29,1.74,96.12
2025-01-19,Bhilwara,25.347,74.64,0.0,19.01,51.94,2.09,96.07
2025-01-20,Bhilwara,25.347,74.64,0.0,19.63,39.46,1.25,96.02
2025-01-21,Bhilwara,25.347,74.64,0.0,18.91,43.59,1.13,95.87
2025-01-22,Bhilwara,25.347,74.64,0.0,17.98,44.31,1.92,95.78
2025-01-23,Bhilwara,25.347,74.64,0.0,16.1,38.57,2.1,95.97
2025-01-24,Bhilwara,25.347,74.64,0.0,15.34,36.61,1.88,96.1
2025-01-25,Bhilwara,25.347,74.64,0.0,16.33,28.26,1.25,96.08
2025-01-26,Bhilwara,25.347,74.64,0.0,17.2,24.54,1.1,95.98
2025-01-27,Bhilwara,25.347,74.64,0.0,17.98,23.73,1.31,95.82
2025-01-28,Bhilwara,25.347,74.64,0.0,19.63,24.98,1.43,95.73
2025-01-29,Bhilwara,25.347,74.64,0.0,21.5,15.94,1.75,95.78
2025-01-30,Bhilwara,25.347,74.64,0.0,19.55,21.65,2.24,95.62
2025-01-31,Bhilwara,25.347,74.64,0.0,18.26,25.6,1.8,95.55
2025-02-01,Bhilwara,25.347,74.64,0.0,17.75,24.22,1.83,95.75
2025-02-02,Bhilwara,25.347,74.64,0.0,16.68,31.45,1.31,95.92
2025-02-03,Bhilwara,25.347,74.64,0.33,18.76,34.85,2.26,95.83
2025-02-04,Bhilwara,25.347,74.64,0.24,19.24,29.66,2.67,95.89
2025-02-05,Bhilwara,25.347,74.64,0.0,16.23,22.88,2.0,96.04
2025-02-06,Bhilwara,25.347,74.64,0.0,15.86,27.14,1.73,96.19
2025-02-07,Bhilwara,25.347,74.64,0.0,16.48,22.15,1.41,96.22
2025-02-08,Bhilwara,25.347,74.64,0.0,18.31,17.8,1.41,96.05
2025-02-09,Bhilwara,25.347,74.64,0.0,20.21,17.82,1.47,95.84
2025-02-10,Bhilwara,25.347,74.64,0.0,21.07,16.81,1.92,95.86
2025-02-11,Bhilwara,25.347,74.64,0.0,21.2,22.09,2.33,95.88
2025-02-12,Bhilwara,25.347,74.64,0.0,20.34,28.15,2.38,96.03
2025-02-13,Bhilwara,25.347,74.64,0.0,20.39,21.61,1.27,96.09
2025-02-14,Bhilwara,25.347,74.64,0.0,22.45,18.73,2.24,95.9
2025-02-15,Bhilwara,25.347,74.64,0.0,23.58,24.87,3.6,95.6
2025-02-16,Bhilwara,25.347,74.64,0.0,23.44,27.72,2.25,95.7
2025-02-17,Bhilwara,25.347,74.64,0.0,23.83,29.65,1.45,95.85
2025-02-18,Bhilwara,25.347,74.64,0.01,23.84,31.01,1.75,95.85
2025-02-19,Bhilwara,25.347,74.64,0.0,23.19,34.47,1.49,95.73
2025-02-20,Bhilwara,25.347,74.64,0.0,23.06,31.93,3.0,95.77
2025-02-21,Bhilwara,25.347,74.64,0.0,20.83,27.34,1.73,96.11
2025-02-22,Bhilwara,25.347,74.64,0.0,20.62,26.12,1.59,96.15
2025-02-23,Bhilwara,25.347,74.64,0.0,21.4,31.67,1.18,96.16
2025-02-24,Bhilwara,25.347,74.64,0.0,21.42,31.67,1.65,96.26
2025-02-25,Bhilwara,25.347,74.64,0.0,23.32,27.53,1.4,96.29
2025-02-26,Bhilwara,25.347,74.64,0.0,25.11,23.97,1.67,96.28
2025-02-27,Bhilwara,25.347,74.64,0.0,24.01,25.75,2.24,95.94
2025-02-28,Bhilwara,25.347,74.64,0.0,23.96,33.36,3.07,95.71
2025-03-01,Bhilwara,25.347,74.64,0.0,23.64,36.57,3.05,95.74
2025-03-02,Bhilwara,25.347,74.64,0.01,23.06,36.87,1.22,95.71
2025-03-03,Bhilwara,25.347,74.64,0.0,24.24,31.2,3.21,95.7
2025-03-04,Bhilwara,25.347,74.64,0.0,20.39,19.98,3.75,96.0
2025-03-05,Bhilwara,25.347,74.64,0.0,17.89,15.52,2.52,96.17
2025-03-06,Bhilwara,25.347,74.64,0.0,21.58,11.82,2.6,95.94
2025-03-07,Bhilwara,25.347,74.64,0.0,24.31,17.63,2.35,95.68
2025-03-08,Bhilwara,25.347,74.64,0.0,25.62,20.15,1.39,95.48
2025-03-09,Bhilwara,25.347,74.64,0.0,26.64,19.55,1.48,95.61
2025-03-10,Bhilwara,25.347,74.64,0.0,28.57,16.26,1.15,95.91
2025-03-11,Bhilwara,25.347,74.64,0.0,28.62,16.72,2.07,95.86
2025-03-12,Bhilwara,25.347,74.64,0.0,28.45,19.64,3.36,95.58
2025-03-13,Bhilwara,25.347,74.64,0.0,28.37,22.63,3.28,95.38
2025-03-14,Bhilwara,25.347,74.64,0.01,28.5,26.3,3.45,95.41
2025-03-15,Bhilwara,25.347,74.64,0.01,27.08,27.6,3.74,95.56
2025-03-16,Bhilwara,25.347,74.64,0.0,25.39,31.81,2.31,95.72
2025-03-17,Bhilwara,25.347,74.64,0.0,24.46,24.44,1.92,95.8
2025-03-18,Bhilwara,25.347,74.64,0.0,24.71,21.46,1.28,95.79
2025-03-19,Bhilwara,25.347,74.64,0.0,25.55,18.14,1.66,95.76
2025-03-20,Bhilwara,25.347,74.64,0.0,26.15,18.84,1.47,95.88
2025-03-21,Bhilwara,25.347,74.64,0.05,26.08,23.01,2.3,95.96
2025-03-22,Bhilwara,25.347,74.64,0.0,27.1,20.11,1.87,95.84
2025-03-23,Bhilwara,25.347,74.64,0.0,26.82,16.29,1.7,95.91
2025-03-24,Bhilwara,25.347,74.64,0.0,28.14,15.22,1.93,95.86
2025-03-25,Bhilwara,25.347,74.64,0.0,28.63,14.67,1.97,95.52
2025-03-26,Bhilwara,25.347,74.64,0.0,29.08,18.49,3.13,95.35
2025-03-27,Bhilwara,25.347,74.64,0.0,27.66,18.89,3.84,95.43
2025-03-28,Bhilwara,25.347,74.64,0.0,23.78,7.27,2.9,95.65
2025-03-29,Bhilwara,25.347,74.64,0.0,23.18,7.23,1.93,95.66
2025-03-30,Bhilwara,25.347,74.64,0.0,25.26,8.47,1.64,95.64
2025-03-31,Bhilwara,25.347,74.64,0.0,26.31,9.68,1.65,95.65
2025-04-01,Bhilwara,25.347,74.64,0.0,27.21,11.84,1.2,95.55
2025-04-02,Bhilwara,25.347,74.64,0.0,28.58,14.69,2.46,95.53
2025-04-03,Bhilwara,25.347,74.64,0.0,29.41,16.83,1.98,95.59
2025-04-04,Bhilwara,25.347,74.64,0.0,29.72,11.06,2.55,95.68
2025-04-05,Bhilwara,25.347,74.64,0.0,29.77,14.9,2.27,95.57
2025-04-06,Bhilwara,25.347,74.64,0.0,31.71,13.13,2.75,95.37
2025-04-07,Bhilwara,25.347,74.64,0.0,32.72,12.8,3.47,95.4
2025-04-08,Bhilwara,25.347,74.64,0.0,33.11,14.66,3.58,95.56
2025-04-09,Bhilwara,25.347,74.64,0.0,33.4,12.51,4.29,95.48
2025-04-10,Bhilwara,25.347,74.64,0.0,33.08,15.31,4.47,95.1
2025-04-11,Bhilwara,25.347,74.64,0.34,31.88,18.75,4.18,94.95
2025-04-12,Bhilwara,25.347,74.64,1.38,31.15,26.71,3.52,95.19
2025-04-13,Bhilwara,25.347,74.64,0.01,31.68,23.61,3.84,95.38
2025-04-14,Bhilwara,25.347,74.64,0.0,32.11,22.05,2.78,95.31
2025-04-15,Bhilwara,25.347,74.64,0.0,32.3,25.5,1.33,95.28
2025-04-16,Bhilwara,25.347,74.64,0.0,33.12,23.69,1.76,95.26
2025-04-17,Bhilwara,25.347,74.64,0.0,34.49,18.82,3.89,95.11
2025-04-18,Bhilwara,25.347,74.64,0.0,34.56,16.63,5.58,95.08
2025-04-19,Bhilwara,25.347,74.64,0.0,32.52,16.29,5.16,95.06
2025-04-20,Bhilwara,25.347,74.64,0.0,31.47,21.44,3.79,95.17
2025-04-21,Bhilwara,25.347,74.64,0.0,30.75,12.11,3.17,95.48
2025-04-22,Bhilwara,25.347,74.64,0.0,30.79,7.71,2.72,95.59
2025-04-23,Bhilwara,25.347,74.64,0.0,30.62,7.26,2.98,95.4
2025-04-24,Bhilwara,25.347,74.64,0.0,31.95,9.7,3.68,95.21
2025-04-25,Bhilwara,25.347,74.64,0.0,33.25,12.96,3.3,95.19
2025-04-26,Bhilwara,25.347,74.64,0.0,32.74,14.93,3.36,95.16
2025-04-27,Bhilwara,25.347,74.64,0.0,32.74,14.45,2.85,95.25
2025-04-28,Bhilwara,25.347,74.64,0.0,33.9,17.2,3.27,95.04
2025-04-29,Bhilwara,25.347,74.64,0.0,34.33,14.63,2.14,94.99
2025-04-30,Bhilwara,25.347,74.64,0.0,34.35,16.51,2.25,95.12
2025-05-01,Bhilwara,25.347,74.64,0.03,34.76,15.25,3.44,95.21
2025-05-02,Bhilwara,25.347,74.64,0.64,34.38,17.25,2.39,95.28
2025-05-03,Bhilwara,25.347,74.64,0.01,34.31,20.79,3.31,95.14
2025-05-04,Bhilwara,25.347,74.64,6.56,31.91,32.02,2.11,95.09
2025-05-05,Bhilwara,25.347,74.64,5.56,30.53,45.22,2.28,95.12
2025-05-06,Bhilwara,25.347,74.64,10.72,26.58,64.12,2.26,95.18
2025-05-07,Bhilwara,25.347,74.64,1.93,26.28,62.25,2.46,95.09
2025-05-08,Bhilwara,25.347,74.64,6.65,26.38,65.24,2.62,95.15
2025-05-09,Bhilwara,25.347,74.64,1.04,28.25,60.21,2.52,95.32
2025-05-10,Bhilwara,25.347,74.64,0.13,29.74,51.97,2.62,95.33
2025-05-11,Bhilwara,25.347,74.64,0.05,30.94,49.75,3.14,95.23
2025-05-12,Bhilwara,25.347,74.64,3.35,31.06,50.26,2.3,95.16
2025-05-13,Bhilwara,25.347,74.64,0.23,31.33,51.31,1.98,95.19
2025-05-14,Bhilwara,25.347,74.64,0.0,32.6,43.56,2.31,95.19
2025-05-15,Bhilwara,25.347,74.64,0.0,33.34,36.36,2.86,95.21
2025-05-16,Bhilwara,25.347,74.64,0.0,34.41,34.8,3.36,95.1
2025-05-17,Bhilwara,25.347,74.64,0.58,34.8,37.53,3.79,95.07
2025-05-18,Bhilwara,25.347,74.64,0.0,35.57,38.25,3.72,95.05
2025-05-19,Bhilwara,25.347,74.64,0.02,36.46,34.43,4.16,94.97
2025-05-20,Bhilwara,25.347,74.64,0.37,36.8,32.91,4.08,94.89
2025-05-21,Bhilwara,25.347,74.64,0.36,36.96,30.9,3.66,94.87
2025-05-22,Bhilwara,25.347,74.64,0.0,36.76,32.64,3.67,94.78
2025-05-23,Bhilwara,25.347,74.64,0.0,35.96,34.12,4.26,94.58
2025-05-24,Bhilwara,25.347,74.64,0.41,36.92,22.41,3.16,94.43
2025-05-25,Bhilwara,25.347,74.64,0.85,35.51,34.22,3.16,94.7
2025-05-26,Bhilwara,25.347,74.64,0.0,36.43,30.73,3.04,94.63
2025-05-27,Bhilwara,25.347,74.64,0.0,36.79,31.59,1.86,94.43
2025-05-28,Bhilwara,25.347,74.64,3.63,37.54,30.7,2.18,94.42
2025-05-29,Bhilwara,25.347,74.64,4.85,33.36,44.89,2.76,94.42
2025-05-30,Bhilwara,25.347,74.64,0.58,33.12,37.76,4.02,94.37
2025-05-31,Bhilwara,25.347,74.64,1.5,32.22,37.37,5.39,94.66
2025-06-01,Bhilwara,25.347,74.64,0.0,31.81,41.66,5.18,94.78
2025-06-02,Bhilwara,25.347,74.64,3.92,32.14,43.29,3.21,94.7
2025-06-03,Bhilwara,25.347,74.64,1.38,31.38,47.09,3.92,94.83
2025-06-04,Bhilwara,25.347,74.64,0.42,31.46,43.84,2.93,95.07
2025-06-05,Bhilwara,25.347,74.64,0.0,32.67,35.76,2.49,95.31
2025-06-06,Bhilwara,25.347,74.64,0.17,34.13,33.82,4.3,95.3
2025-06-07,Bhilwara,25.347,74.64,0.08,34.9,26.73,4.89,95.22
2025-06-08,Bhilwara,25.347,74.64,0.0,35.09,24.47,5.77,95.14
2025-06-09,Bhilwara,25.347,74.64,0.0,35.39,26.15,6.15,95.05
2025-06-10,Bhilwara,25.347,74.64,0.0,35.92,28.52,4.93,94.92
2025-06-11,Bhilwara,25.347,74.64,0.0,36.44,25.49,3.65,94.86
2025-06-12,Bhilwara,25.347,74.64,0.0,37.85,21.5,2.23,94.69
2025-06-13,Bhilwara,25.347,74.64,0.01,38.76,23.04,1.32,94.6
2025-06-14,Bhilwara,25.347,74.64,2.66,38.25,28.26,1.93,94.54
2025-06-15,Bhilwara,25.347,74.64,4.75,34.84,41.7,3.03,94.43
2025-06-16,Bhilwara,25.347,74.64,19.14,30.41,65.84,3.13,94.38
2025-06-17,Bhilwara,25.347,74.64,8.22,29.01,74.96,3.81,94.4
2025-06-18,Bhilwara,25.347,74.64,11.49,29.46,73.14,3.61,94.33
2025-06-19,Bhilwara,25.347,74.64,10.38,29.76,71.67,4.79,94.34
2025-06-20,Bhilwara,25.347,74.64,21.88,27.75,76.75,4.31,94.63
2025-06-21,Bhilwara,25.347,74.64,59.65,27.75,81.41,2.83,94.71
2025-06-22,Bhilwara,25.347,74.64,7.78,28.45,77.93,2.59,94.66
2025-06-23,Bhilwara,25.347,74.64,2.39,27.06,85.24,3.06,94.5
2025-06-24,Bhilwara,25.347,74.64,2.61,29.57,76.28,1.65,94.41
2025-06-25,Bhilwara,25.347,74.64,8.62,29.1,80.21,2.28,94.5
2025-06-26,Bhilwara,25.347,74.64,4.64,29.05,82.23,2.42,94.65
2025-06-27,Bhilwara,25.347,74.64,3.01,28.82,78.02,2.44,94.59
2025-06-28,Bhilwara,25.347,74.64,1.25,27.78,76.57,3.66,94.64
2025-06-29,Bhilwara,25.347,74.64,2.77,28.37,77.99,3.89,94.49
2025-06-30,Bhilwara,25.347,74.64,0.59,28.76,73.77,4.18,94.53
2025-07-01,Bhilwara,25.347,74.64,6.78,28.17,78.29,3.66,94.6
2025-07-02,Bhilwara,25.347,74.64,46.54,26.66,84.87,3.56,94.5
2025-07-03,Bhilwara,25.347,74.64,15.75,27.8,84.18,1.58,94.53
2025-07-04,Bhilwara,25.347,74.64,1.12,27.47,83.78,2.83,94.69
2025-07-05,Bhilwara,25.347,74.64,3.26,27.09,86.14,2.71,94.68
2025-07-06,Bhilwara,25.347,74.64,5.5,27.22,84.54,1.88,94.58
2025-07-07,Bhilwara,25.347,74.64,0.55,27.43,81.48,2.39,94.65
2025-07-08,Bhilwara,25.347,74.64,0.0,28.17,77.28,2.63,94.77
2025-07-09,Bhilwara,25.347,74.64,13.76,28.01,79.36,3.11,94.8
2025-07-10,Bhilwara,25.347,74.64,1.73,27.68,79.35,2.53,94.87
2025-07-11,Bhilwara,25.347,74.64,4.69,26.39,86.3,2.99,94.9
2025-07-12,Bhilwara,25.347,74.64,7.5,26.01,87.54,3.01,94.87
2025-07-13,Bhilwara,25.347,74.64,27.1,27.14,85.98,3.29,94.78
2025-07-14,Bhilwara,25.347,74.64,16.94,26.54,89.28,4.76,94.53
2025-07-15,Bhilwara,25.347,74.64,11.97,27.11,82.87,5.01,94.53
2025-07-16,Bhilwara,25.347,74.64,1.35,27.3,83.88,2.72,94.76
2025-07-17,Bhilwara,25.347,74.64,5.97,26.71,84.7,2.39,94.9
2025-07-18,Bhilwara,25.347,74.64,20.11,25.76,89.37,5.54,94.72
2025-07-19,Bhilwara,25.347,74.64,36.17,25.55,87.34,5.3,94.45
2025-07-20,Bhilwara,25.347,74.64,0.7,26.54,83.09,2.94,94.56
2025-07-21,Bhilwara,25.347,74.64,0.52,27.18,84.98,2.46,94.76
2025-07-22,Bhilwara,25.347,74.64,4.77,27.66,84.34,2.47,94.75
2025-07-23,Bhilwara,25.347,74.64,4.13,27.15,83.98,3.27,94.55
2025-07-24,Bhilwara,25.347,74.64,0.52,27.21,83.29,3.03,94.47
2025-07-25,Bhilwara,25.347,74.64,10.57,27.62,83.82,2.27,94.45
2025-07-26,Bhilwara,25.347,74.64,10.91,27.05,90.62,3.47,94.4
2025-07-27,Bhilwara,25.347,74.64,17.14,27.0,88.63,3.03,94.38
2025-07-28,Bhilwara,25.347,74.64,6.69,26.38,90.98,3.27,94.47
2025-07-29,Bhilwara,25.347,74.64,0.94,27.52,84.67,3.65,94.53
2025-07-30,Bhilwara,25.347,74.64,4.16,25.84,86.48,3.51,94.59
2025-07-31,Bhilwara,25.347,74.64,7.25,24.53,91.37,3.31,94.76
2025-08-01,Bhilwara,25.347,74.64,0.63,26.15,84.72,3.21,94.86
2025-08-02,Bhilwara,25.347,74.64,0.57,26.2,84.17,3.02,94.93
2025-08-03,Bhilwara,25.347,74.64,0.26,26.57,83.42,2.67,95.05
2025-08-04,Bhilwara,25.347,74.64,0.0,26.77,82.84,3.26,95.15
2025-08-05,Bhilwara,25.347,74.64,0.02,26.12,84.47,2.85,95.13
2025-08-06,Bhilwara,25.347,74.64,0.02,26.36,82.67,2.66,95.16
2025-08-07,Bhilwara,25.347,74.64,0.0,26.39,82.15,2.65,95.13
2025-08-08,Bhilwara,25.347,74.64,0.0,26.52,80.68,2.68,95.17
2025-08-09,Bhilwara,25.347,74.64,0.12,26.52,80.71,1.9,95.33
2025-08-10,Bhilwara,25.347,74.64,0.01,26.52,80.31,2.46,95.22
2025-08-11,Bhilwara,25.347,74.64,0.0,26.17,81.44,2.75,95.17
2025-08-12,Bhilwara,25.347,74.64,0.0,26.71,80.85,3.07,95.03
2025-08-13,Bhilwara,25.347,74.64,0.1,26.05,85.24,1.76,94.93
2025-08-14,Bhilwara,25.347,74.64,0.28,26.78,84.67,0.93,95.02
2025-08-15,Bhilwara,25.347,74.64,6.03,28.1,81.53,0.73,94.89
2025-08-16,Bhilwara,25.347,74.64,2.96,28.07,82.85,1.39,94.72
2025-08-17,Bhilwara,25.347,74.64,0.25,27.98,85.17,2.36,94.77
2025-08-18,Bhilwara,25.347,74.64,4.35,27.31,88.82,1.41,94.91
2025-08-19,Bhilwara,25.347,74.64,1.32,27.38,85.42,2.33,94.79
2025-08-20,Bhilwara,25.347,74.64,4.42,27.53,86.01,2.27,94.71
2025-08-21,Bhilwara,25.347,74.64,21.4,26.46,90.13,1.98,94.79
2025-08-22,Bhilwara,25.347,74.64,23.15,25.05,93.1,3.68,94.79
2025-08-23,Bhilwara,25.347,74.64,16.21,26.09,87.66,3.56,94.75
2025-08-24,Bhilwara,25.347,74.64,30.32,25.34,90.56,3.3,94.78
2025-08-25,Bhilwara,25.347,74.64,6.84,25.83,88.8,2.92,94.73
2025-08-26,Bhilwara,25.347,74.64,2.95,26.38,88.33,3.19,94.92
2025-08-27,Bhilwara,25.347,74.64,4.28,26.69,87.13,2.1,94.97
2025-08-28,Bhilwara,25.347,74.64,1.1,27.25,85.12,1.88,94.89
2025-08-29,Bhilwara,25.347,74.64,23.25,27.32,87.21,1.36,94.9
2025-08-30,Bhilwara,25.347,74.64,6.17,27.22,87.64,1.07,95.05
2025-08-31,Bhilwara,25.347,74.64,32.76,25.65,91.53,3.2,94.93
2025-09-01,Bhilwara,25.347,74.64,25.74,25.33,90.01,3.66,94.71
2025-09-02,Bhilwara,25.347,74.64,0.68,25.94,87.24,2.96,94.8
2025-09-03,Bhilwara,25.347,74.64,8.3,24.93,92.99,2.36,94.94
2025-09-04,Bhilwara,25.347,74.64,20.75,25.3,90.87,1.76,94.96
2025-09-05,Bhilwara,25.347,74.64,36.39,26.17,89.96,1.82,94.88
2025-09-06,Bhilwara,25.347,74.64,26.73,25.83,91.35,1.39,94.81
2025-09-07,Bhilwara,25.347,74.64,4.29,24.55,93.14,4.88,94.85
2025-09-08,Bhilwara,25.347,74.64,0.24,24.64,88.81,3.61,95.15
2025-09-09,Bhilwara,25.347,74.64,0.01,24.91,85.67,1.95,95.48
2025-09-10,Bhilwara,25.347,74.64,0.0,24.51,85.78,1.95,95.5
2025-09-11,Bhilwara,25.347,74.64,0.0,23.81,86.55,2.55,95.43
2025-09-12,Bhilwara,25.347,74.64,0.0,24.4,85.98,1.9,95.5
2025-09-13,Bhilwara,25.347,74.64,0.0,25.28,83.57,1.46,95.48
2025-09-14,Bhilwara,25.347,74.64,0.0,25.7,83.63,1.65,95.44
2025-09-15,Bhilwara,25.347,74.64,0.02,25.18,85.18,2.18,95.27
2025-09-16,Bhilwara,25.347,74.64,0.0,25.32,85.63,1.88,95.24
2025-09-17,Bhilwara,25.347,74.64,0.0,26.1,86.01,1.74,95.26
2025-09-18,Bhilwara,25.347,74.64,0.77,26.19,84.52,1.93,95.28
2025-09-19,Bhilwara,25.347,74.64,3.15,26.57,82.51,1.15,95.38
2025-09-20,Bhilwara,25.347,74.64,4.27,26.33,85.04,1.42,95.35
2025-09-21,Bhilwara,25.347,74.64,5.91,26.2,83.7,1.75,95.31
2025-09-22,Bhilwara,25.347,74.64,0.06,26.31,82.38,1.37,95.35
2025-09-23,Bhilwara,25.347,74.64,0.27,25.79,82.52,1.73,95.34
2025-09-24,Bhilwara,25.347,74.64,0.13,25.33,84.05,2.11,95.22
2025-09-25,Bhilwara,25.347,74.64,0.0,25.2,81.71,1.86,95.26
2025-09-26,Bhilwara,25.347,74.64,0.0,25.74,77.49,1.96,95.35
2025-09-27,Bhilwara,25.347,74.64,0.17,25.7,80.43,2.05,95.38
2025-09-28,Bhilwara,25.347,74.64,0.49,26.13,87.38,3.1,95.16
2025-09-29,Bhilwara,25.347,74.64,0.84,26.22,88.06,2.73,95.02
2025-09-30,Bhilwara,25.347,74.64,2.63,25.17,87.57,2.1,95.0
2025-10-01,Bhilwara,25.347,74.64,2.01,24.72,84.78,1.57,95.04
2025-10-02,Bhilwara,25.347,74.64,0.67,25.67,81.47,0.82,95.3
2025-10-03,Bhilwara,25.347,74.64,16.09,25.28,87.31,1.41,95.55
2025-10-04,Bhilwara,25.347,74.64,9.69,25.07,88.93,2.28,95.56
2025-10-05,Bhilwara,25.347,74.64,1.38,24.81,85.34,2.47,95.49
2025-10-06,Bhilwara,25.347,74.64,4.66,24.11,86.29,3.01,95.53
2025-10-07,Bhilwara,25.347,74.64,1.11,22.3,81.13,2.59,95.61
2025-10-08,Bhilwara,25.347,74.64,0.32,22.02,74.59,1.48,95.81
2025-10-09,Bhilwara,25.347,74.64,0.0,22.35,67.63,1.12,95.93
2025-10-10,Bhilwara,25.347,74.64,0.0,22.49,61.81,0.94,95.81
2025-10-11,Bhilwara,25.347,74.64,0.0,22.4,60.35,1.03,95.82
2025-10-12,Bhilwara,25.347,74.64,0.0,22.96,58.93,1.13,95.77
2025-10-13,Bhilwara,25.347,74.64,0.0,22.94,60.0,1.01,95.82
2025-10-14,Bhilwara,25.347,74.64,0.0,21.54,69.46,1.41,95.72
2025-10-15,Bhilwara,25.347,74.64,0.0,21.51,71.46,1.26,95.7
2025-10-16,Bhilwara,25.347,74.64,0.0,23.02,64.21,0.72,95.73
2025-10-17,Bhilwara,25.347,74.64,0.0,23.62,59.69,0.91,95.84
2025-10-18,Bhilwara,25.347,74.64,0.0,23.25,54.4,0.91,95.75
2025-10-19,Bhilwara,25.347,74.64,0.0,22.14,59.95,1.16,95.66
2025-10-20,Bhilwara,25.347,74.64,0.0,22.18,69.38,1.34,95.68
2025-10-21,Bhilwara,25.347,74.64,0.0,23.14,71.54,1.0,95.84
2025-10-22,Bhilwara,25.347,74.64,0.0,23.87,61.33,1.12,95.92
2025-10-23,Bhilwara,25.347,74.64,0.0,22.87,62.26,1.33,95.84
2025-10-24,Bhilwara,25.347,74.64,0.0,22.54,62.78,1.27,95.8
2025-10-25,Bhilwara,25.347,74.64,0.0,21.57,65.38,1.59,95.72
2025-10-26,Bhilwara,25.347,74.64,0.14,21.63,83.79,2.22,95.72
2025-10-27,Bhilwara,25.347,74.64,48.8,22.03,91.6,2.97,95.74
2025-10-28,Bhilwara,25.347,74.64,11.96,19.71,92.55,3.56,95.75
2025-10-29,Bhilwara,25.347,74.64,2.66,20.0,91.62,2.68,95.71
2025-10-30,Bhilwara,25.347,74.64,4.32,21.03,93.56,3.12,95.63
2025-10-31,Bhilwara,25.347,74.64,0.07,22.11,85.7,1.65,95.7
2025-11-01,Bhilwara,25.347,74.64,0.0,23.33,77.67,0.72,95.73
2025-11-02,Bhilwara,25.347,74.64,0.0,23.93,63.8,0.94,95.79
2025-11-03,Bhilwara,25.347,74.64,7.92,23.25,72.73,1.39,95.63
2025-11-04,Bhilwara,25.347,74.64,0.43,22.58,79.43,2.87,95.54
2025-11-05,Bhilwara,25.347,74.64,0.0,20.18,63.37,1.81,95.68
2025-11-06,Bhilwara,25.347,74.64,0.0,18.87,49.51,1.17,95.88
2025-11-07,Bhilwara,25.347,74.64,0.0,19.13,43.45,0.89,96.03
2025-11-08,Bhilwara,25.347,74.64,0.0,18.85,47.18,1.24,96.08
2025-11-09,Bhilwara,25.347,74.64,0.0,18.44,52.0,1.51,95.96
2025-11-10,Bhilwara,25.347,74.64,0.0,18.6,52.41,1.31,95.9
2025-11-11,Bhilwara,25.347,74.64,0.0,19.18,52.97,0.86,96.01
2025-11-12,Bhilwara,25.347,74.64,0.0,19.78,51.03,1.03,96.11
2025-11-13,Bhilwara,25.347,74.64,0.0,19.14,50.07,1.31,96.23
2025-11-14,Bhilwara,25.347,74.64,0.0,18.21,47.68,0.97,96.2
2025-11-15,Bhilwara,25.347,74.64,0.0,17.43,49.64,1.27,96.3
2025-11-16,Bhilwara,25.347,74.64,0.0,17.65,49.65,1.21,96.47
2025-11-17,Bhilwara,25.347,74.64,0.0,17.36,50.79,1.11,96.36
2025-11-18,Bhilwara,25.347,74.64,0.0,17.1,52.67,1.12,96.19
2025-11-19,Bhilwara,25.347,74.64,0.0,17.7,53.95,1.15,96.12
2025-11-20,Bhilwara,25.347,74.64,0.0,17.37,61.7,1.34,96.19
2025-11-21,Bhilwara,25.347,74.64,0.0,16.86,67.27,1.39,96.28
2025-11-22,Bhilwara,25.347,74.64,0.0,17.82,61.41,1.22,96.13
2025-11-23,Bhilwara,25.347,74.64,0.0,17.68,60.28,1.27,96.09
2025-11-24,Bhilwara,25.347,74.64,0.0,16.12,74.83,1.86,96.19
2025-11-25,Bhilwara,25.347,74.64,0.0,16.11,76.48,1.78,96.2
2025-11-26,Bhilwara,25.347,74.64,0.0,16.46,74.68,2.0,96.17
2025-11-27,Bhilwara,25.347,74.64,0.07,18.09,82.9,2.13,96.25
2025-11-28,Bhilwara,25.347,74.64,0.02,18.69,80.13,1.31,96.2
2025-11-29,Bhilwara,25.347,74.64,0.0,19.46,75.16,0.8,96.07
2025-11-30,Bhilwara,25.347,74.64,0.0,19.44,72.81,1.29,96.01
2025-12-01,Bhilwara,25.347,74.64,0.0,19.12,66.02,1.07,95.96
2025-12-02,Bhilwara,25.347,74.64,0.0,17.87,60.29,1.36,95.97
2025-12-03,Bhilwara,25.347,74.64,0.0,16.04,64.71,1.53,96.25
2025-12-04,Bhilwara,25.347,74.64,0.0,15.53,65.19,1.15,96.36
2025-12-05,Bhilwara,25.347,74.64,0.0,15.52,64.7,1.29,96.47
2025-12-06,Bhilwara,25.347,74.64,0.0,15.93,49.06,1.28,96.46
2025-12-07,Bhilwara,25.347,74.64,0.0,17.64,44.76,1.18,96.37
2025-12-08,Bhilwara,25.347,74.64,0.0,18.87,40.67,0.89,96.37
2025-12-09,Bhilwara,25.347,74.64,0.0,18.36,37.49,0.85,96.35
2025-12-10,Bhilwara,25.347,74.64,0.0,18.05,40.78,1.15,96.32
2025-12-11,Bhilwara,25.347,74.64,0.0,18.81,36.88,0.88,96.23
2025-12-12,Bhilwara,25.347,74.64,0.0,18.65,39.24,1.08,96.12
2025-12-13,Bhilwara,25.347,74.64,0.0,17.93,50.27,1.31,96.15
2025-12-14,Bhilwara,25.347,74.64,0.0,17.42,60.59,1.28,96.24
2025-12-15,Bhilwara,25.347,74.64,0.0,17.82,59.97,1.05,96.26
2025-12-16,Bhilwara,25.347,74.64,0.0,17.4,55.81,1.12,96.25
2025-12-17,Bhilwara,25.347,74.64,0.0,17.65,49.95,0.95,96.32
2025-12-18,Bhilwara,25.347,74.64,0.0,17.3,48.49,1.13,96.33
2025-12-19,Bhilwara,25.347,74.64,0.0,17.89,49.65,1.37,96.12
2025-12-20,Bhilwara,25.347,74.64,0.0,18.0,52.46,1.37,95.95
2025-12-21,Bhilwara,25.347,74.64,0.0,17.34,59.7,1.67,96.07
2025-12-22,Bhilwara,25.347,74.64,0.0,18.32,55.36,0.9,96.14
2025-12-23,Bhilwara,25.347,74.64,0.0,17.8,58.07,1.61,96.1
2025-12-24,Bhilwara,25.347,74.64,0.0,14.72,58.08,1.47,96.1
2025-12-25,Bhilwara,25.347,74.64,0.0,14.2,53.39,1.21,96.09
2025-12-26,Bhilwara,25.347,74.64,0.0,14.16,60.03,1.44,96.12
2025-12-27,Bhilwara,25.347,74.64,0.0,13.72,55.32,1.5,96.14
2025-12-28,Bhilwara,25.347,74.64,0.0,14.65,57.35,1.53,96.15
2025-12-29,Bhilwara,25.347,74.64,0.0,15.28,60.73,1.51,96.11
2025-12-30,Bhilwara,25.347,74.64,0.0,16.26,59.74,1.65,95.9
2025-12-31,Bhilwara,25.347,74.64,0.81,16.51,64.27,1.59,95.68
2025-01-01,Bikaner,28.0229,73.3119,0.0,14.46,31.59,1.71,99.16
2025-01-02,Bikaner,28.0229,73.3119,0.0,16.53,30.56,1.74,99.06
2025-01-03,Bikaner,28.0229,73.3119,0.0,18.27,39.05,1.4,98.94
2025-01-04,Bikaner,28.0229,73.3119,0.0,18.58,38.62,2.77,98.66
2025-01-05,Bikaner,28.0229,73.3119,0.0,16.58,38.25,1.56,98.73
2025-01-06,Bikaner,28.0229,73.3119,0.0,13.41,35.54,2.06,99.07
2025-01-07,Bikaner,28.0229,73.3119,0.0,13.35,26.58,1.5,99.21
2025-01-08,Bikaner,28.0229,73.3119,0.0,16.75,17.43,1.44,98.94
2025-01-09,Bikaner,28.0229,73.3119,0.0,16.45,20.85,1.76,98.93
2025-01-10,Bikaner,28.0229,73.3119,0.0,16.33,38.85,3.04,98.94
2025-01-11,Bikaner,28.0229,73.3119,1.74,15.81,49.37,2.11,98.85
2025-01-12,Bikaner,28.0229,73.3119,0.31,13.44,69.05,2.14,99.23
2025-01-13,Bikaner,28.0229,73.3119,0.0,13.32,63.28,1.47,99.3
2025-01-14,Bikaner,28.0229,73.3119,0.0,14.76,51.97,1.11,99.16
2025-01-15,Bikaner,28.0229,73.3119,0.0,14.21,48.72,2.33,99.16
2025-01-16,Bikaner,28.0229,73.3119,0.0,14.24,38.66,1.46,99.3
2025-01-17,Bikaner,28.0229,73.3119,0.0,13.35,42.68,2.46,99.35
2025-01-18,Bikaner,28.0229,73.3119,0.0,14.79,38.07,1.8,98.99
2025-01-19,Bikaner,28.0229,73.3119,0.0,16.72,48.48,2.39,98.89
2025-01-20,Bikaner,28.0229,73.3119,0.0,16.04,40.24,1.73,98.94
2025-01-21,Bikaner,28.0229,73.3119,0.0,15.66,37.66,1.75,98.81
2025-01-22,Bikaner,28.0229,73.3119,0.0,16.12,41.41,1.55,98.7
2025-01-23,Bikaner,28.0229,73.3119,0.0,15.99,42.29,1.88,98.94
2025-01-24,Bikaner,28.0229,73.3119,0.0,15.4,32.82,1.82,99.02
2025-01-25,Bikaner,28.0229,73.3119,0.0,15.97,13.77,1.5,98.96
2025-01-26,Bikaner,28.0229,73.3119,0.0,17.66,11.2,0.87,98.85
2025-01-27,Bikaner,28.0229,73.3119,0.0,18.36,12.02,1.12,98.68
2025-01-28,Bikaner,28.0229,73.3119,0.0,19.35,13.18,1.16,98.52
2025-01-29,Bikaner,28.0229,73.3119,0.0,21.16,13.26,1.57,98.49
2025-01-30,Bikaner,28.0229,73.3119,0.0,18.45,19.61,1.87,98.38
2025-01-31,Bikaner,28.0229,73.3119,0.0,16.14,29.17,1.32,98.39
2025-02-01,Bikaner,28.0229,73.3119,0.0,16.46,31.96,1.59,98.63
2025-02-02,Bikaner,28.0229,73.3119,0.0,15.96,29.04,2.16,98.89
2025-02-03,Bikaner,28.0229,73.3119,0.0,16.59,25.72,1.66,98.7
2025-02-04,Bikaner,28.0229,73.3119,0.03,16.33,25.66,1.93,98.79
2025-02-05,Bikaner,28.0229,73.3119,0.0,17.15,23.8,1.3,98.9
2025-02-06,Bikaner,28.0229,73.3119,0.0,16.04,17.89,1.78,99.1
2025-02-07,Bikaner,28.0229,73.3119,0.0,15.68,19.97,1.76,99.13
2025-02-08,Bikaner,28.0229,73.3119,0.0,19.17,14.05,0.99,98.91
2025-02-09,Bikaner,28.0229,73.3119,0.0,20.09,14.76,1.41,98.69
2025-02-10,Bikaner,28.0229,73.3119,0.0,21.31,17.78,1.68,98.62
2025-02-11,Bikaner,28.0229,73.3119,0.0,21.86,21.78,1.55,98.62
2025-02-12,Bikaner,28.0229,73.3119,0.0,19.13,26.93,1.81,98.88
2025-02-13,Bikaner,28.0229,73.3119,0.0,20.04,21.96,1.79,98.89
2025-02-14,Bikaner,28.0229,73.3119,0.0,22.65,21.0,2.05,98.62
2025-02-15,Bikaner,28.0229,73.3119,0.0,22.88,29.03,1.92,98.29
2025-02-16,Bikaner,28.0229,73.3119,0.0,21.84,28.12,2.01,98.48
2025-02-17,Bikaner,28.0229,73.3119,0.0,22.82,29.87,2.18,98.71
2025-02-18,Bikaner,28.0229,73.3119,0.0,22.24,34.36,1.98,98.73
2025-02-19,Bikaner,28.0229,73.3119,1.83,22.16,34.86,2.04,98.5
2025-02-20,Bikaner,28.0229,73.3119,0.01,20.9,39.19,2.5,98.52
2025-02-21,Bikaner,28.0229,73.3119,0.06,19.14,41.41,2.37,99.04
2025-02-22,Bikaner,28.0229,73.3119,0.42,19.91,39.27,2.51,99.04
2025-02-23,Bikaner,28.0229,73.3119,0.0,21.22,38.13,1.3,99.0
2025-02-24,Bikaner,28.0229,73.3119,0.0,22.29,33.26,1.75,99.09
2025-02-25,Bikaner,28.0229,73.3119,0.07,24.73,33.6,2.73,98.97
2025-02-26,Bikaner,28.0229,73.3119,0.07,25.9,32.91,2.18,98.98
2025-02-27,Bikaner,28.0229,73.3119,0.07,24.97,37.05,2.83,98.62
2025-02-28,Bikaner,28.0229,73.3119,4.05,21.88,59.36,3.24,98.4
2025-03-01,Bikaner,28.0229,73.3119,0.08,21.91,49.62,2.12,98.53
2025-03-02,Bikaner,28.0229,73.3119,0.01,21.06,39.35,2.53,98.61
2025-03-03,Bikaner,28.0229,73.3119,0.0,23.24,31.95,4.58,98.3
2025-03-04,Bikaner,28.0229,73.3119,0.07,17.89,25.07,3.57,98.86
2025-03-05,Bikaner,28.0229,73.3119,0.0,17.65,24.21,2.47,99.04
2025-03-06,Bikaner,28.0229,73.3119,0.0,21.29,14.11,3.14,98.63
2025-03-07,Bikaner,28.0229,73.3119,0.0,23.89,18.61,2.9,98.38
2025-03-08,Bikaner,28.0229,73.3119,0.0,25.19,21.63,1.53,98.21
2025-03-09,Bikaner,28.0229,73.3119,0.0,26.29,20.5,2.08,98.36
2025-03-10,Bikaner,28.0229,73.3119,0.0,28.43,20.08,1.71,98.67
2025-03-11,Bikaner,28.0229,73.3119,0.0,27.26,24.29,1.95,98.63
2025-03-12,Bikaner,28.0229,73.3119,0.0,26.56,28.85,1.78,98.35
2025-03-13,Bikaner,28.0229,73.3119,0.01,28.0,28.24,2.53,98.04
2025-03-14,Bikaner,28.0229,73.3119,0.17,27.1,28.5,2.44,98.02
2025-03-15,Bikaner,28.0229,73.3119,0.03,23.87,42.33,3.34,98.37
2025-03-16,Bikaner,28.0229,73.3119,0.41,24.6,32.05,1.87,98.6
2025-03-17,Bikaner,28.0229,73.3119,1.77,24.67,28.3,1.83,98.63
2025-03-18,Bikaner,28.0229,73.3119,0.0,25.92,21.87,1.44,98.57
2025-03-19,Bikaner,28.0229,73.3119,0.0,26.73,20.46,2.57,98.5
2025-03-20,Bikaner,28.0229,73.3119,0.0,26.22,22.61,3.11,98.69
2025-03-21,Bikaner,28.0229,73.3119,0.03,27.06,22.92,1.91,98.75
2025-03-22,Bikaner,28.0229,73.3119,0.0,27.72,19.05,2.15,98.58
2025-03-23,Bikaner,28.0229,73.3119,0.0,27.69,16.49,1.88,98.65
2025-03-24,Bikaner,28.0229,73.3119,0.0,29.54,15.52,2.11,98.52
2025-03-25,Bikaner,28.0229,73.3119,0.0,29.24,15.65,2.66,98.19
2025-03-26,Bikaner,28.0229,73.3119,0.0,29.06,21.66,4.48,97.91
2025-03-27,Bikaner,28.0229,73.3119,0.0,27.0,16.09,4.83,98.03
2025-03-28,Bikaner,28.0229,73.3119,0.0,21.91,10.17,2.36,98.49
2025-03-29,Bikaner,28.0229,73.3119,0.0,21.99,11.41,2.08,98.53
2025-03-30,Bikaner,28.0229,73.3119,0.0,26.28,9.79,1.36,98.41
2025-03-31,Bikaner,28.0229,73.3119,0.0,28.15,11.04,1.57,98.41
2025-04-01,Bikaner,28.0229,73.3119,0.0,28.92,12.52,1.37,98.26
2025-04-02,Bikaner,28.0229,73.3119,0.0,30.05,11.59,2.0,98.24
2025-04-03,Bikaner,28.0229,73.3119,0.0,30.65,11.3,1.93,98.29
2025-04-04,Bikaner,28.0229,73.3119,0.0,29.56,14.54,2.15,98.44
2025-04-05,Bikaner,28.0229,73.3119,0.0,30.09,18.03,2.26,98.28
2025-04-06,Bikaner,28.0229,73.3119,0.0,33.9,13.77,1.75,97.96
2025-04-07,Bikaner,28.0229,73.3119,0.0,34.62,15.05,1.43,97.97
2025-04-08,Bikaner,28.0229,73.3119,0.0,34.86,15.89,1.74,98.14
2025-04-09,Bikaner,28.0229,73.3119,0.0,34.26,16.02,4.29,98.08
2025-04-10,Bikaner,28.0229,73.3119,1.07,33.27,17.25,2.41,97.64
2025-04-11,Bikaner,28.0229,73.3119,0.01,31.75,22.69,2.68,97.45
2025-04-12,Bikaner,28.0229,73.3119,0.33,31.44,25.46,2.55,97.79
2025-04-13,Bikaner,28.0229,73.3119,0.0,32.34,26.48,1.87,98.04
2025-04-14,Bikaner,28.0229,73.3119,0.0,33.64,22.01,1.85,97.99
2025-04-15,Bikaner,28.0229,73.3119,0.0,34.06,21.58,2.67,97.97
2025-04-16,Bikaner,28.0229,73.3119,0.0,35.32,21.37,2.3,97.83
2025-04-17,Bikaner,28.0229,73.3119,0.0,36.46,18.0,1.05,97.6
2025-04-18,Bikaner,28.0229,73.3119,1.57,36.11,17.94,4.97,97.48
2025-04-19,Bikaner,28.0229,73.3119,0.0,33.15,19.53,5.27,97.44
2025-04-20,Bikaner,28.0229,73.3119,0.0,32.01,9.34,4.35,97.64
2025-04-21,Bikaner,28.0229,73.3119,0.0,31.0,8.31,3.49,98.04
2025-04-22,Bikaner,28.0229,73.3119,0.0,30.52,7.34,2.1,98.2
2025-04-23,Bikaner,28.0229,73.3119,0.0,31.8,6.61,2.71,97.97
2025-04-24,Bikaner,28.0229,73.3119,0.0,32.92,10.04,4.04,97.69
2025-04-25,Bikaner,28.0229,73.3119,0.0,33.52,11.01,3.8,97.71
2025-04-26,Bikaner,28.0229,73.3119,0.0,34.09,9.03,2.11,97.72
2025-04-27,Bikaner,28.0229,73.3119,0.0,34.77,9.47,1.62,97.86
2025-04-28,Bikaner,28.0229,73.3119,0.0,35.7,9.95,1.88,97.69
2025-04-29,Bikaner,28.0229,73.3119,0.0,35.49,10.72,1.99,97.63
2025-04-30,Bikaner,28.0229,73.3119,0.0,35.47,14.52,2.57,97.69
2025-05-01,Bikaner,28.0229,73.3119,0.17,35.82,19.45,3.06,97.76
2025-05-02,Bikaner,28.0229,73.3119,0.43,35.12,25.24,2.94,97.9
2025-05-03,Bikaner,28.0229,73.3119,0.06,34.25,33.73,2.47,97.7
2025-05-04,Bikaner,28.0229,73.3119,9.93,31.2,42.23,2.17,97.72
2025-05-05,Bikaner,28.0229,73.3119,1.13,29.19,52.31,3.15,97.87
2025-05-06,Bikaner,28.0229,73.3119,0.03,30.48,42.35,1.69,97.81
2025-05-07,Bikaner,28.0229,73.3119,0.07,32.39,36.42,2.8,97.68
2025-05-08,Bikaner,28.0229,73.3119,0.04,33.54,34.36,2.31,97.73
2025-05-09,Bikaner,28.0229,73.3119,0.56,33.55,35.27,2.72,97.93
2025-05-10,Bikaner,28.0229,73.3119,0.01,34.15,33.14,2.06,97.93
2025-05-11,Bikaner,28.0229,73.3119,0.0,36.24,28.4,2.12,97.74
2025-05-12,Bikaner,28.0229,73.3119,0.04,35.94,28.03,4.06,97.63
2025-05-13,Bikaner,28.0229,73.3119,0.35,35.71,28.51,4.59,97.68
2025-05-14,Bikaner,28.0229,73.3119,0.0,36.43,23.75,3.28,97.71
2025-05-15,Bikaner,28.0229,73.3119,0.0,36.96,20.38,4.09,97.72
2025-05-16,Bikaner,28.0229,73.3119,0.0,37.16,20.81,5.61,97.59
2025-05-17,Bikaner,28.0229,73.3119,0.0,37.42,27.26,6.01,97.58
2025-05-18,Bikaner,28.0229,73.3119,0.0,37.78,28.26,5.7,97.57
2025-05-19,Bikaner,28.0229,73.3119,0.0,38.15,28.77,5.64,97.48
2025-05-20,Bikaner,28.0229,73.3119,0.0,37.78,24.18,4.73,97.41
2025-05-21,Bikaner,28.0229,73.3119,0.0,38.46,22.07,4.69,97.38
2025-05-22,Bikaner,28.0229,73.3119,0.0,38.71,22.87,5.02,97.3
2025-05-23,Bikaner,28.0229,73.3119,0.0,38.74,20.63,3.51,97.09
2025-05-24,Bikaner,28.0229,73.3119,0.0,39.22,23.39,2.54,97.05
2025-05-25,Bikaner,28.0229,73.3119,0.32,37.27,34.06,5.05,97.35
2025-05-26,Bikaner,28.0229,73.3119,0.0,35.51,35.99,4.35,97.43
2025-05-27,Bikaner,28.0229,73.3119,0.0,37.27,30.47,2.25,97.15
2025-05-28,Bikaner,28.0229,73.3119,0.45,38.99,25.92,2.89,97.03
2025-05-29,Bikaner,28.0229,73.3119,0.11,38.02,27.98,3.86,96.88
2025-05-30,Bikaner,28.0229,73.3119,1.39,36.45,29.17,3.81,96.81
2025-05-31,Bikaner,28.0229,73.3119,1.69,35.52,24.7,5.73,97.03
2025-06-01,Bikaner,28.0229,73.3119,0.05,34.52,37.63,5.08,97.23
2025-06-02,Bikaner,28.0229,73.3119,1.9,35.33,33.54,3.82,97.14
2025-06-03,Bikaner,28.0229,73.3119,5.22,33.22,37.35,4.37,97.31
2025-06-04,Bikaner,28.0229,73.3119,0.02,33.47,32.98,3.4,97.58
2025-06-05,Bikaner,28.0229,73.3119,0.01,34.93,32.44,3.38,97.85
2025-06-06,Bikaner,28.0229,73.3119,0.0,36.69,29.41,3.85,97.85
2025-06-07,Bikaner,28.0229,73.3119,0.0,37.81,23.95,4.26,97.72
2025-06-08,Bikaner,28.0229,73.3119,0.0,38.06,21.68,5.12,97.66
2025-06-09,Bikaner,28.0229,73.3119,0.0,37.98,19.02,6.17,97.57
2025-06-10,Bikaner,28.0229,73.3119,0.0,37.96,23.17,5.49,97.42
2025-06-11,Bikaner,28.0229,73.3119,0.0,37.79,22.27,3.32,97.43
2025-06-12,Bikaner,28.0229,73.3119,0.0,39.23,18.3,2.22,97.28
2025-06-13,Bikaner,28.0229,73.3119,0.0,40.7,16.08,1.33,97.14
2025-06-14,Bikaner,28.0229,73.3119,0.01,40.73,17.66,2.78,97.03
2025-06-15,Bikaner,28.0229,73.3119,0.09,38.27,28.76,4.86,97.02
2025-06-16,Bikaner,28.0229,73.3119,1.06,35.21,39.44,3.26,97.04
2025-06-17,Bikaner,28.0229,73.3119,1.23,33.77,52.39,2.83,97.17
2025-06-18,Bikaner,28.0229,73.3119,0.03,34.95,51.38,3.09,97.0
2025-06-19,Bikaner,28.0229,73.3119,0.07,37.61,38.39,2.74,96.83
2025-06-20,Bikaner,28.0229,73.3119,0.56,37.47,40.77,3.79,96.98
2025-06-21,Bikaner,28.0229,73.3119,0.7,35.0,49.3,4.7,97.22
2025-06-22,Bikaner,28.0229,73.3119,0.04,35.96,46.28,3.68,97.13
2025-06-23,Bikaner,28.0229,73.3119,1.66,36.94,44.88,4.42,96.94
2025-06-24,Bikaner,28.0229,73.3119,0.43,37.99,38.73,4.64,96.81
2025-06-25,Bikaner,28.0229,73.3119,1.73,37.26,42.26,4.15,97.03
2025-06-26,Bikaner,28.0229,73.3119,5.84,34.87,54.77,3.19,97.28
2025-06-27,Bikaner,28.0229,73.3119,8.78,33.3,62.18,2.29,97.21
2025-06-28,Bikaner,28.0229,73.3119,0.68,33.28,57.49,2.55,97.15
2025-06-29,Bikaner,28.0229,73.3119,0.96,35.44,47.63,4.23,96.93
2025-06-30,Bikaner,28.0229,73.3119,0.04,35.59,46.3,4.75,96.94
2025-07-01,Bikaner,28.0229,73.3119,4.58,36.49,46.28,3.6,97.04
2025-07-02,Bikaner,28.0229,73.3119,4.31,33.38,59.45,2.87,97.09
2025-07-03,Bikaner,28.0229,73.3119,1.68,34.2,53.68,1.87,97.13
2025-07-04,Bikaner,28.0229,73.3119,0.31,35.02,51.85,2.62,97.19
2025-07-05,Bikaner,28.0229,73.3119,0.06,34.85,53.0,3.88,97.15
2025-07-06,Bikaner,28.0229,73.3119,2.46,32.86,58.29,3.5,97.11
2025-07-07,Bikaner,28.0229,73.3119,5.47,32.23,60.04,3.27,97.19
2025-07-08,Bikaner,28.0229,73.3119,2.7,33.1,56.37,3.35,97.27
2025-07-09,Bikaner,28.0229,73.3119,5.81,33.72,54.27,3.84,97.26
2025-07-10,Bikaner,28.0229,73.3119,1.51,33.02,53.84,4.0,97.36
2025-07-11,Bikaner,28.0229,73.3119,25.77,31.6,68.98,2.92,97.44
2025-07-12,Bikaner,28.0229,73.3119,22.69,30.34,74.53,2.36,97.5
2025-07-13,Bikaner,28.0229,73.3119,14.18,31.06,75.08,1.37,97.42
2025-07-14,Bikaner,28.0229,73.3119,4.16,30.36,74.0,3.0,97.24
2025-07-15,Bikaner,28.0229,73.3119,15.97,28.8,82.04,3.33,97.04
2025-07-16,Bikaner,28.0229,73.3119,2.61,31.51,65.89,3.59,97.23
2025-07-17,Bikaner,28.0229,73.3119,1.89,32.69,56.52,2.99,97.43
2025-07-18,Bikaner,28.0229,73.3119,8.69,29.98,73.27,2.26,97.49
2025-07-19,Bikaner,28.0229,73.3119,10.05,29.92,73.81,3.29,96.99
2025-07-20,Bikaner,28.0229,73.3119,1.4,30.53,71.62,4.57,97.01
2025-07-21,Bikaner,28.0229,73.3119,0.08,31.56,68.18,4.7,97.25
2025-07-22,Bikaner,28.0229,73.3119,0.07,33.08,60.47,4.34,97.22
2025-07-23,Bikaner,28.0229,73.3119,0.0,33.42,54.54,5.06,96.98
2025-07-24,Bikaner,28.0229,73.3119,0.12,33.38,54.53,4.41,96.94
2025-07-25,Bikaner,28.0229,73.3119,0.34,34.23,53.65,3.46,96.93
2025-07-26,Bikaner,28.0229,73.3119,6.39,34.17,56.46,2.48,96.97
2025-07-27,Bikaner,28.0229,73.3119,0.6,33.53,55.95,2.64,97.0
2025-07-28,Bikaner,28.0229,73.3119,0.13,34.45,52.36,4.8,96.95
2025-07-29,Bikaner,28.0229,73.3119,0.0,34.4,49.77,4.94,96.98
2025-07-30,Bikaner,28.0229,73.3119,0.03,33.65,52.84,3.82,97.06
2025-07-31,Bikaner,28.0229,73.3119,3.45,31.55,60.99,4.08,97.24
2025-08-01,Bikaner,28.0229,73.3119,3.61,30.44,64.19,3.84,97.38
2025-08-02,Bikaner,28.0229,73.3119,0.12,32.09,56.58,4.37,97.4
2025-08-03,Bikaner,28.0229,73.3119,0.0,33.04,52.61,4.76,97.52
2025-08-04,Bikaner,28.0229,73.3119,0.28,33.06,54.46,5.38,97.58
2025-08-05,Bikaner,28.0229,73.3119,0.15,32.85,54.39,5.54,97.53
2025-08-06,Bikaner,28.0229,73.3119,0.0,32.15,53.35,4.78,97.65
2025-08-07,Bikaner,28.0229,73.3119,0.0,32.8,52.22,4.56,97.61
2025-08-08,Bikaner,28.0229,73.3119,0.0,32.84,49.23,4.56,97.65
2025-08-09,Bikaner,28.0229,73.3119,0.0,32.82,49.72,3.86,97.85
2025-08-10,Bikaner,28.0229,73.3119,0.0,33.01,50.34,3.82,97.71
2025-08-11,Bikaner,28.0229,73.3119,0.0,33.13,49.47,4.78,97.62
2025-08-12,Bikaner,28.0229,73.3119,0.0,33.04,50.93,4.8,97.49
2025-08-13,Bikaner,28.0229,73.3119,0.0,32.69,54.33,4.05,97.41
2025-08-14,Bikaner,28.0229,73.3119,0.41,31.12,57.95,2.22,97.65
2025-08-15,Bikaner,28.0229,73.3119,0.13,32.92,53.1,1.32,97.56
2025-08-16,Bikaner,28.0229,73.3119,0.28,33.66,52.97,1.84,97.35
2025-08-17,Bikaner,28.0229,73.3119,0.75,33.98,56.28,2.59,97.38
2025-08-18,Bikaner,28.0229,73.3119,0.15,34.03,54.31,3.57,97.56
2025-08-19,Bikaner,28.0229,73.3119,0.2,33.81,55.32,3.12,97.46
2025-08-20,Bikaner,28.0229,73.3119,0.22,32.92,57.26,3.26,97.43
2025-08-21,Bikaner,28.0229,73.3119,5.53,33.14,56.97,1.82,97.45
2025-08-22,Bikaner,28.0229,73.3119,3.4,32.21,60.35,3.54,97.32
2025-08-23,Bikaner,28.0229,73.3119,5.13,28.28,75.47,3.58,97.35
2025-08-24,Bikaner,28.0229,73.3119,31.98,29.03,77.65,1.36,97.42
2025-08-25,Bikaner,28.0229,73.3119,1.04,29.26,74.25,2.64,97.38
2025-08-26,Bikaner,28.0229,73.3119,0.12,31.76,60.15,2.5,97.47
2025-08-27,Bikaner,28.0229,73.3119,2.35,32.35,59.52,2.28,97.55
2025-08-28,Bikaner,28.0229,73.3119,1.27,32.98,57.26,2.22,97.46
2025-08-29,Bikaner,28.0229,73.3119,11.82,32.6,60.68,1.83,97.47
2025-08-30,Bikaner,28.0229,73.3119,16.15,28.87,85.26,1.25,97.68
2025-08-31,Bikaner,28.0229,73.3119,22.69,28.26,86.89,1.84,97.52
2025-09-01,Bikaner,28.0229,73.3119,9.18,28.48,74.34,1.49,97.28
2025-09-02,Bikaner,28.0229,73.3119,12.34,29.18,72.98,1.79,97.4
2025-09-03,Bikaner,28.0229,73.3119,2.31,30.21,68.85,1.36,97.63
2025-09-04,Bikaner,28.0229,73.3119,0.57,30.25,63.41,2.55,97.73
2025-09-05,Bikaner,28.0229,73.3119,2.97,29.84,68.95,3.64,97.74
2025-09-06,Bikaner,28.0229,73.3119,3.3,28.44,76.94,4.72,97.63
2025-09-07,Bikaner,28.0229,73.3119,4.17,29.13,73.75,5.28,97.49
2025-09-08,Bikaner,28.0229,73.3119,2.46,28.83,72.02,3.78,97.72
2025-09-09,Bikaner,28.0229,73.3119,0.08,29.53,65.33,2.36,98.11
2025-09-10,Bikaner,28.0229,73.3119,0.0,29.35,60.54,3.29,98.1
2025-09-11,Bikaner,28.0229,73.3119,0.0,29.72,60.95,4.01,97.95
2025-09-12,Bikaner,28.0229,73.3119,0.0,30.34,59.76,3.27,98.04
2025-09-13,Bikaner,28.0229,73.3119,0.0,30.97,58.07,2.41,98.05
2025-09-14,Bikaner,28.0229,73.3119,0.0,31.4,53.92,2.73,98.0
2025-09-15,Bikaner,28.0229,73.3119,0.0,30.49,55.0,3.33,97.81
2025-09-16,Bikaner,28.0229,73.3119,0.0,31.29,58.17,3.27,97.78
2025-09-17,Bikaner,28.0229,73.3119,0.0,32.24,56.1,2.35,97.83
2025-09-18,Bikaner,28.0229,73.3119,0.0,31.97,54.21,2.51,97.85
2025-09-19,Bikaner,28.0229,73.3119,0.0,32.18,51.51,2.14,97.95
2025-09-20,Bikaner,28.0229,73.3119,0.0,31.53,51.06,2.31,97.96
2025-09-21,Bikaner,28.0229,73.3119,0.0,31.21,46.59,2.26,97.9
2025-09-22,Bikaner,28.0229,73.3119,0.0,31.07,44.0,2.48,97.93
2025-09-23,Bikaner,28.0229,73.3119,0.0,30.21,41.81,2.48,97.9
2025-09-24,Bikaner,28.0229,73.3119,0.0,30.04,50.53,3.06,97.77
2025-09-25,Bikaner,28.0229,73.3119,0.0,30.29,51.81,2.59,97.83
2025-09-26,Bikaner,28.0229,73.3119,0.0,31.32,44.4,1.66,98.0
2025-09-27,Bikaner,28.0229,73.3119,0.0,32.1,37.13,1.64,98.11
2025-09-28,Bikaner,28.0229,73.3119,0.0,32.29,52.72,2.86,97.92
2025-09-29,Bikaner,28.0229,73.3119,0.43,32.41,58.04,2.87,97.74
2025-09-30,Bikaner,28.0229,73.3119,2.01,31.05,64.74,2.33,97.62
2025-10-01,Bikaner,28.0229,73.3119,0.53,30.24,61.59,1.49,97.64
2025-10-02,Bikaner,28.0229,73.3119,0.05,30.6,57.51,1.57,97.93
2025-10-03,Bikaner,28.0229,73.3119,0.74,30.75,58.86,1.58,98.22
2025-10-04,Bikaner,28.0229,73.3119,0.06,31.18,52.87,1.36,98.15
2025-10-05,Bikaner,28.0229,73.3119,4.07,29.94,58.07,3.45,98.0
2025-10-06,Bikaner,28.0229,73.3119,18.06,26.23,80.49,3.19,98.02
2025-10-07,Bikaner,28.0229,73.3119,0.3,24.3,71.71,1.96,98.27
2025-10-08,Bikaner,28.0229,73.3119,0.0,24.14,54.19,1.25,98.57
2025-10-09,Bikaner,28.0229,73.3119,0.0,25.07,47.4,1.25,98.68
2025-10-10,Bikaner,28.0229,73.3119,0.0,26.11,41.36,1.18,98.49
2025-10-11,Bikaner,28.0229,73.3119,0.0,26.21,40.55,1.43,98.5
2025-10-12,Bikaner,28.0229,73.3119,0.0,27.05,36.76,1.34,98.46
2025-10-13,Bikaner,28.0229,73.3119,0.0,27.03,33.79,1.31,98.52
2025-10-14,Bikaner,28.0229,73.3119,0.0,27.34,28.6,1.05,98.37
2025-10-15,Bikaner,28.0229,73.3119,0.0,25.9,44.58,1.69,98.35
2025-10-16,Bikaner,28.0229,73.3119,0.0,26.37,40.24,1.21,98.41
2025-10-17,Bikaner,28.0229,73.3119,0.0,26.53,37.1,1.43,98.54
2025-10-18,Bikaner,28.0229,73.3119,0.0,26.35,36.15,1.68,98.49
2025-10-19,Bikaner,28.0229,73.3119,0.0,26.27,39.38,1.64,98.37
2025-10-20,Bikaner,28.0229,73.3119,0.0,26.08,40.74,1.93,98.38
2025-10-21,Bikaner,28.0229,73.3119,0.0,26.59,45.48,1.32,98.57
2025-10-22,Bikaner,28.0229,73.3119,0.0,26.88,37.84,1.43,98.67
2025-10-23,Bikaner,28.0229,73.3119,0.0,26.48,36.92,1.47,98.57
2025-10-24,Bikaner,28.0229,73.3119,0.0,26.37,35.24,1.68,98.51
2025-10-25,Bikaner,28.0229,73.3119,0.0,25.82,36.66,1.66,98.44
2025-10-26,Bikaner,28.0229,73.3119,0.0,25.44,38.52,2.15,98.49
2025-10-27,Bikaner,28.0229,73.3119,0.0,24.74,49.22,2.49,98.56
2025-10-28,Bikaner,28.0229,73.3119,0.24,23.79,66.59,2.78,98.63
2025-10-29,Bikaner,28.0229,73.3119,0.0,24.22,55.98,2.19,98.55
2025-10-30,Bikaner,28.0229,73.3119,0.01,24.78,47.35,2.17,98.47
2025-10-31,Bikaner,28.0229,73.3119,0.01,25.29,53.56,1.14,98.45
2025-11-01,Bikaner,28.0229,73.3119,0.0,25.98,31.74,0.95,98.46
2025-11-02,Bikaner,28.0229,73.3119,0.0,26.63,27.87,1.15,98.48
2025-11-03,Bikaner,28.0229,73.3119,0.51,25.35,36.37,2.25,98.25
2025-11-04,Bikaner,28.0229,73.3119,0.11,24.97,41.18,2.56,98.11
2025-11-05,Bikaner,28.0229,73.3119,0.0,21.63,27.94,1.85,98.44
2025-11-06,Bikaner,28.0229,73.3119,0.0,20.58,25.93,1.69,98.66
2025-11-07,Bikaner,28.0229,73.3119,0.0,21.18,18.35,1.42,98.78
2025-11-08,Bikaner,28.0229,73.3119,0.0,21.6,25.34,1.66,98.79
2025-11-09,Bikaner,28.0229,73.3119,0.0,21.55,24.14,1.43,98.68
2025-11-10,Bikaner,28.0229,73.3119,0.0,21.58,23.77,1.34,98.6
2025-11-11,Bikaner,28.0229,73.3119,0.0,21.91,23.51,1.19,98.75
2025-11-12,Bikaner,28.0229,73.3119,0.0,21.33,24.54,1.53,98.85
2025-11-13,Bikaner,28.0229,73.3119,0.0,22.21,18.75,1.16,99.01
2025-11-14,Bikaner,28.0229,73.3119,0.0,21.33,21.05,1.27,98.97
2025-11-15,Bikaner,28.0229,73.3119,0.0,20.57,24.0,1.34,99.08
2025-11-16,Bikaner,28.0229,73.3119,0.0,20.44,25.06,1.39,99.26
2025-11-17,Bikaner,28.0229,73.3119,0.0,20.02,26.43,1.51,99.14
2025-11-18,Bikaner,28.0229,73.3119,0.0,20.28,28.66,1.43,98.97
2025-11-19,Bikaner,28.0229,73.3119,0.0,20.86,26.3,1.52,98.9
2025-11-20,Bikaner,28.0229,73.3119,0.0,21.51,25.62,1.09,98.95
2025-11-21,Bikaner,28.0229,73.3119,0.0,20.13,31.43,1.4,99.04
2025-11-22,Bikaner,28.0229,73.3119,0.0,18.92,34.73,1.4,98.95
2025-11-23,Bikaner,28.0229,73.3119,0.0,18.33,35.58,1.8,98.93
2025-11-24,Bikaner,28.0229,73.3119,0.0,18.3,41.67,2.19,99.03
2025-11-25,Bikaner,28.0229,73.3119,0.0,17.61,40.41,1.95,99.08
2025-11-26,Bikaner,28.0229,73.3119,0.0,17.32,30.29,2.49,99.02
2025-11-27,Bikaner,28.0229,73.3119,0.0,18.43,43.01,2.58,99.09
2025-11-28,Bikaner,28.0229,73.3119,0.0,18.85,48.61,1.71,99.06
2025-11-29,Bikaner,28.0229,73.3119,0.0,18.52,50.75,1.49,98.94
2025-11-30,Bikaner,28.0229,73.3119,0.0,17.92,29.71,1.46,98.85
2025-12-01,Bikaner,28.0229,73.3119,0.0,18.18,26.18,1.48,98.72
2025-12-02,Bikaner,28.0229,73.3119,0.0,17.25,25.55,1.36,98.79
2025-12-03,Bikaner,28.0229,73.3119,0.0,16.31,24.73,1.62,99.13
2025-12-04,Bikaner,28.0229,73.3119,0.0,16.94,23.59,1.25,99.22
2025-12-05,Bikaner,28.0229,73.3119,0.0,17.26,22.07,1.46,99.32
2025-12-06,Bikaner,28.0229,73.3119,0.0,17.12,21.43,1.18,99.31
2025-12-07,Bikaner,28.0229,73.3119,0.0,18.57,19.6,1.28,99.2
2025-12-08,Bikaner,28.0229,73.3119,0.0,19.9,20.51,1.1,99.22
2025-12-09,Bikaner,28.0229,73.3119,0.0,19.93,22.81,1.31,99.16
2025-12-10,Bikaner,28.0229,73.3119,0.0,19.73,22.05,1.28,99.1
2025-12-11,Bikaner,28.0229,73.3119,0.0,19.93,20.81,1.48,99.0
2025-12-12,Bikaner,28.0229,73.3119,0.0,20.12,20.41,1.17,98.88
2025-12-13,Bikaner,28.0229,73.3119,0.0,19.56,22.45,1.43,98.91
2025-12-14,Bikaner,28.0229,73.3119,0.0,19.98,23.02,1.01,99.04
2025-12-15,Bikaner,28.0229,73.3119,0.0,19.42,23.22,1.05,99.09
2025-12-16,Bikaner,28.0229,73.3119,0.0,18.22,26.14,1.26,99.09
2025-12-17,Bikaner,28.0229,73.3119,0.0,19.45,24.07,1.09,99.13
2025-12-18,Bikaner,28.0229,73.3119,0.0,18.37,27.4,1.47,99.14
2025-12-19,Bikaner,28.0229,73.3119,0.0,19.32,25.51,1.27,98.93
2025-12-20,Bikaner,28.0229,73.3119,0.0,20.36,23.79,1.28,98.69
2025-12-21,Bikaner,28.0229,73.3119,0.0,21.04,41.15,1.79,98.78
2025-12-22,Bikaner,28.0229,73.3119,0.0,20.23,51.85,2.27,98.9
2025-12-23,Bikaner,28.0229,73.3119,0.0,17.05,50.17,2.19,98.99
2025-12-24,Bikaner,28.0229,73.3119,0.0,15.85,31.13,1.5,98.97
2025-12-25,Bikaner,28.0229,73.3119,0.0,16.28,25.32,1.31,98.93
2025-12-26,Bikaner,28.0229,73.3119,0.0,16.8,27.03,1.62,98.95
2025-12-27,Bikaner,28.0229,73.3119,0.0,16.98,27.71,1.46,98.98
2025-12-28,Bikaner,28.0229,73.3119,0.0,16.05,31.66,1.78,98.99
2025-12-29,Bikaner,28.0229,73.3119,0.0,17.09,33.72,1.71,98.92
2025-12-30,Bikaner,28.0229,73.3119,0.0,17.38,44.33,1.6,98.65
2025-12-31,Bikaner,28.0229,73.3119,2.65,16.96,49.93,2.2,98.36
2025-01-01,Bundi,25.4386,75.637,0.0,14.38,56.22,1.03,98.26
2025-01-02,Bundi,25.4386,75.637,0.0,15.41,56.13,1.16,98.23
2025-01-03,Bundi,25.4386,75.637,0.0,16.8,54.72,1.3,98.17
2025-01-04,Bundi,25.4386,75.637,0.0,17.86,53.32,1.58,97.91
2025-01-05,Bundi,25.4386,75.637,1.72,17.97,56.21,1.68,97.79
2025-01-06,Bundi,25.4386,75.637,0.0,15.37,65.9,1.8,98.0
2025-01-07,Bundi,25.4386,75.637,0.0,12.98,57.26,1.7,98.24
2025-01-08,Bundi,25.4386,75.637,0.0,13.73,47.42,1.27,98.1
2025-01-09,Bundi,25.4386,75.637,0.0,14.73,49.65,1.67,98.14
2025-01-10,Bundi,25.4386,75.637,0.0,14.6,58.16,2.14,98.17
2025-01-11,Bundi,25.4386,75.637,1.35,15.54,63.27,1.85,98.01
2025-01-12,Bundi,25.4386,75.637,0.21,14.61,63.71,1.52,98.24
2025-01-13,Bundi,25.4386,75.637,0.0,12.24,67.82,1.28,98.32
2025-01-14,Bundi,25.4386,75.637,0.0,13.48,57.51,1.28,98.25
2025-01-15,Bundi,25.4386,75.637,4.41,12.97,71.29,1.42,98.25
2025-01-16,Bundi,25.4386,75.637,2.16,14.95,68.9,1.64,98.32
2025-01-17,Bundi,25.4386,75.637,0.0,13.11,71.48,1.52,98.4
2025-01-18,Bundi,25.4386,75.637,0.0,14.21,69.21,1.3,98.16
2025-01-19,Bundi,25.4386,75.637,0.0,19.05,62.33,1.53,98.04
2025-01-20,Bundi,25.4386,75.637,0.0,19.54,57.95,1.16,97.97
2025-01-21,Bundi,25.4386,75.637,0.0,19.18,61.4,0.87,97.82
2025-01-22,Bundi,25.4386,75.637,0.0,19.09,57.77,1.47,97.71
2025-01-23,Bundi,25.4386,75.637,0.0,17.04,61.71,1.87,97.87
2025-01-24,Bundi,25.4386,75.637,0.0,15.89,47.83,1.47,98.06
2025-01-25,Bundi,25.4386,75.637,0.0,16.48,37.83,1.25,98.05
2025-01-26,Bundi,25.4386,75.637,0.0,17.36,32.4,0.76,97.96
2025-01-27,Bundi,25.4386,75.637,0.0,17.72,32.96,1.01,97.79
2025-01-28,Bundi,25.4386,75.637,0.0,18.37,34.49,1.13,97.72
2025-01-29,Bundi,25.4386,75.637,0.0,20.64,37.74,1.2,97.72
2025-01-30,Bundi,25.4386,75.637,0.0,19.96,31.11,1.75,97.53
2025-01-31,Bundi,25.4386,75.637,0.0,18.64,33.92,1.41,97.47
2025-02-01,Bundi,25.4386,75.637,0.0,18.74,33.3,1.51,97.66
2025-02-02,Bundi,25.4386,75.637,0.0,17.32,41.99,1.24,97.86
2025-02-03,Bundi,25.4386,75.637,0.19,20.39,41.79,1.6,97.76
2025-02-04,Bundi,25.4386,75.637,0.1,21.19,39.31,1.91,97.77
2025-02-05,Bundi,25.4386,75.637,0.0,16.68,31.74,2.21,98.0
2025-02-06,Bundi,25.4386,75.637,0.0,16.19,35.2,1.36,98.17
2025-02-07,Bundi,25.4386,75.637,0.0,16.71,30.43,1.01,98.2
2025-02-08,Bundi,25.4386,75.637,0.0,17.84,26.72,0.92,98.02
2025-02-09,Bundi,25.4386,75.637,0.0,19.53,26.6,1.16,97.81
2025-02-10,Bundi,25.4386,75.637,0.0,22.5,22.2,1.08,97.77
2025-02-11,Bundi,25.4386,75.637,0.0,22.15,23.79,1.55,97.77
2025-02-12,Bundi,25.4386,75.637,0.0,20.41,33.33,2.26,97.93
2025-02-13,Bundi,25.4386,75.637,0.0,19.82,28.22,1.16,98.05
2025-02-14,Bundi,25.4386,75.637,0.0,22.4,24.62,1.69,97.83
2025-02-15,Bundi,25.4386,75.637,0.0,23.81,26.23,2.77,97.48
2025-02-16,Bundi,25.4386,75.637,0.0,23.71,29.27,1.74,97.6
2025-02-17,Bundi,25.4386,75.637,0.0,23.76,31.34,1.22,97.8
2025-02-18,Bundi,25.4386,75.637,0.2,23.75,37.87,1.62,97.78
2025-02-19,Bundi,25.4386,75.637,0.04,23.94,37.82,1.45,97.67
2025-02-20,Bundi,25.4386,75.637,0.0,24.46,31.86,1.79,97.68
2025-02-21,Bundi,25.4386,75.637,0.0,21.7,31.49,1.84,98.03
2025-02-22,Bundi,25.4386,75.637,0.0,20.92,28.91,1.31,98.1
2025-02-23,Bundi,25.4386,75.637,0.0,21.68,35.46,1.05,98.13
2025-02-24,Bundi,25.4386,75.637,0.0,21.77,35.28,1.3,98.24
2025-02-25,Bundi,25.4386,75.637,0.0,22.92,30.03,1.39,98.28
2025-02-26,Bundi,25.4386,75.637,0.0,24.64,26.58,1.71,98.24
2025-02-27,Bundi,25.4386,75.637,0.0,24.49,29.94,1.45,97.88
2025-02-28,Bundi,25.4386,75.637,0.0,25.67,28.38,2.71,97.59
2025-03-01,Bundi,25.4386,75.637,0.0,24.94,34.96,2.36,97.63
2025-03-02,Bundi,25.4386,75.637,0.0,23.89,38.77,1.12,97.63
2025-03-03,Bundi,25.4386,75.637,0.0,25.38,31.42,2.46,97.59
2025-03-04,Bundi,25.4386,75.637,0.0,22.32,21.96,3.61,97.88
2025-03-05,Bundi,25.4386,75.637,0.0,18.73,16.32,2.56,98.08
2025-03-06,Bundi,25.4386,75.637,0.0,22.24,12.7,2.13,97.85
2025-03-07,Bundi,25.4386,75.637,0.0,24.33,17.3,2.11,97.56
2025-03-08,Bundi,25.4386,75.637,0.0,24.86,18.69,1.52,97.41
2025-03-09,Bundi,25.4386,75.637,0.0,26.09,18.24,2.18,97.57
2025-03-10,Bundi,25.4386,75.637,0.0,27.73,21.35,2.01,97.85
2025-03-11,Bundi,25.4386,75.637,0.0,28.45,20.81,2.21,97.76
2025-03-12,Bundi,25.4386,75.637,0.0,28.92,21.51,2.77,97.42
2025-03-13,Bundi,25.4386,75.637,0.0,28.87,21.97,2.57,97.22
2025-03-14,Bundi,25.4386,75.637,0.01,29.35,24.56,2.78,97.26
2025-03-15,Bundi,25.4386,75.637,0.11,28.94,26.59,3.05,97.42
2025-03-16,Bundi,25.4386,75.637,0.0,26.98,30.75,2.29,97.58
2025-03-17,Bundi,25.4386,75.637,0.0,25.98,24.93,1.75,97.7
2025-03-18,Bundi,25.4386,75.637,0.0,25.52,22.5,1.38,97.71
2025-03-19,Bundi,25.4386,75.637,0.0,26.26,18.05,1.79,97.7
2025-03-20,Bundi,25.4386,75.637,0.0,26.51,19.16,2.15,97.79
2025-03-21,Bundi,25.4386,75.637,0.0,26.69,21.92,2.13,97.86
2025-03-22,Bundi,25.4386,75.637,0.0,28.08,19.56,1.94,97.73
2025-03-23,Bundi,25.4386,75.637,0.0,26.9,15.28,1.68,97.83
2025-03-24,Bundi,25.4386,75.637,0.0,28.4,14.66,1.53,97.76
2025-03-25,Bundi,25.4386,75.637,0.0,30.01,16.2,1.42,97.39
2025-03-26,Bundi,25.4386,75.637,0.0,30.33,15.73,2.63,97.19
2025-03-27,Bundi,25.4386,75.637,0.0,30.42,18.86,3.42,97.24
2025-03-28,Bundi,25.4386,75.637,0.0,26.1,6.73,3.1,97.5
2025-03-29,Bundi,25.4386,75.637,0.0,24.04,7.97,1.93,97.55
2025-03-30,Bundi,25.4386,75.637,0.0,26.47,8.54,1.33,97.53
2025-03-31,Bundi,25.4386,75.637,0.0,27.31,9.41,1.39,97.54
2025-04-01,Bundi,25.4386,75.637,0.0,27.59,12.04,1.22,97.45
2025-04-02,Bundi,25.4386,75.637,0.04,29.0,13.07,1.97,97.45
2025-04-03,Bundi,25.4386,75.637,0.16,30.31,21.01,2.04,97.48
2025-04-04,Bundi,25.4386,75.637,0.01,30.29,12.56,2.04,97.52
2025-04-05,Bundi,25.4386,75.637,0.0,29.92,16.44,1.85,97.41
2025-04-06,Bundi,25.4386,75.637,0.0,32.76,15.59,1.74,97.21
2025-04-07,Bundi,25.4386,75.637,0.0,33.26,12.44,1.78,97.23
2025-04-08,Bundi,25.4386,75.637,0.0,33.68,14.43,1.81,97.39
2025-04-09,Bundi,25.4386,75.637,0.0,34.09,12.93,3.19,97.26
2025-04-10,Bundi,25.4386,75.637,0.0,34.6,12.49,4.08,96.89
2025-04-11,Bundi,25.4386,75.637,0.0,33.37,16.9,3.33,96.76
2025-04-12,Bundi,25.4386,75.637,0.37,32.46,23.51,1.8,97.05
2025-04-13,Bundi,25.4386,75.637,0.01,33.03,23.64,2.33,97.21
2025-04-14,Bundi,25.4386,75.637,0.0,32.82,21.69,1.93,97.18
2025-04-15,Bundi,25.4386,75.637,0.0,32.64,24.61,2.57,97.22
2025-04-16,Bundi,25.4386,75.637,0.0,33.26,23.23,1.74,97.17
2025-04-17,Bundi,25.4386,75.637,0.0,35.75,18.92,2.97,96.93
2025-04-18,Bundi,25.4386,75.637,0.0,36.51,14.31,4.41,96.82
2025-04-19,Bundi,25.4386,75.637,0.0,34.3,14.14,4.32,96.9
2025-04-20,Bundi,25.4386,75.637,0.0,33.27,16.95,3.36,96.99
2025-04-21,Bundi,25.4386,75.637,0.0,32.54,9.9,2.98,97.31
2025-04-22,Bundi,25.4386,75.637,0.0,32.51,7.99,2.77,97.4
2025-04-23,Bundi,25.4386,75.637,0.0,31.9,6.06,2.93,97.2
2025-04-24,Bundi,25.4386,75.637,0.0,33.27,8.43,3.36,97.01
2025-04-25,Bundi,25.4386,75.637,0.0,34.62,11.14,2.63,96.98
2025-04-26,Bundi,25.4386,75.637,0.12,34.27,16.42,2.97,97.01
2025-04-27,Bundi,25.4386,75.637,0.0,34.16,16.07,2.21,97.09
2025-04-28,Bundi,25.4386,75.637,0.0,34.49,13.98,1.96,96.88
2025-04-29,Bundi,25.4386,75.637,0.0,34.36,11.78,2.36,96.83
2025-04-30,Bundi,25.4386,75.637,0.0,34.28,15.67,1.77,97.0
2025-05-01,Bundi,25.4386,75.637,0.01,35.16,17.93,1.39,97.08
2025-05-02,Bundi,25.4386,75.637,0.27,35.17,22.8,1.66,97.16
2025-05-03,Bundi,25.4386,75.637,0.08,35.33,20.69,2.12,97.0
2025-05-04,Bundi,25.4386,75.637,2.32,34.34,24.01,1.98,96.93
2025-05-05,Bundi,25.4386,75.637,5.95,33.27,35.16,2.61,96.99
2025-05-06,Bundi,25.4386,75.637,1.52,28.8,54.96,1.9,97.06
2025-05-07,Bundi,25.4386,75.637,0.69,28.58,52.99,1.87,96.94
2025-05-08,Bundi,25.4386,75.637,2.94,28.13,57.72,2.14,97.02
2025-05-09,Bundi,25.4386,75.637,0.4,30.22,53.15,2.62,97.17
2025-05-10,Bundi,25.4386,75.637,1.4,31.91,46.62,2.71,97.18
2025-05-11,Bundi,25.4386,75.637,0.9,33.57,42.21,3.51,97.02
2025-05-12,Bundi,25.4386,75.637,4.93,32.94,46.74,2.16,96.97
2025-05-13,Bundi,25.4386,75.637,0.03,33.5,44.32,1.74,97.01
2025-05-14,Bundi,25.4386,75.637,0.01,34.99,38.01,2.4,97.0
2025-05-15,Bundi,25.4386,75.637,0.0,36.32,28.66,2.9,96.97
2025-05-16,Bundi,25.4386,75.637,0.0,36.92,28.14,2.71,96.88
2025-05-17,Bundi,25.4386,75.637,0.24,37.88,29.6,3.23,96.85
2025-05-18,Bundi,25.4386,75.637,0.0,38.39,30.16,3.15,96.8
2025-05-19,Bundi,25.4386,75.637,0.98,38.77,29.14,3.45,96.72
2025-05-20,Bundi,25.4386,75.637,0.01,39.12,29.18,4.38,96.64
2025-05-21,Bundi,25.4386,75.637,0.0,38.93,27.71,3.45,96.63
2025-05-22,Bundi,25.4386,75.637,0.03,38.02,30.94,2.92,96.58
2025-05-23,Bundi,25.4386,75.637,0.11,37.97,34.22,3.84,96.38
2025-05-24,Bundi,25.4386,75.637,0.01,38.43,29.79,3.55,96.28
2025-05-25,Bundi,25.4386,75.637,1.01,37.04,35.58,3.62,96.62
2025-05-26,Bundi,25.4386,75.637,0.0,37.68,30.25,2.49,96.5
2025-05-27,Bundi,25.4386,75.637,0.65,37.83,30.05,3.32,96.32
2025-05-28,Bundi,25.4386,75.637,0.5,38.39,33.42,2.02,96.25
2025-05-29,Bundi,25.4386,75.637,38.74,33.96,52.96,2.11,96.24
2025-05-30,Bundi,25.4386,75.637,1.08,33.3,48.09,2.99,96.19
2025-05-31,Bundi,25.4386,75.637,1.18,32.93,41.31,5.21,96.49
2025-06-01,Bundi,25.4386,75.637,0.0,32.34,44.42,5.52,96.61
2025-06-02,Bundi,25.4386,75.637,1.78,31.6,52.19,3.38,96.58
2025-06-03,Bundi,25.4386,75.637,3.43,31.5,55.65,3.38,96.71
2025-06-04,Bundi,25.4386,75.637,0.48,31.26,51.41,2.47,96.95
2025-06-05,Bundi,25.4386,75.637,0.0,32.37,45.25,1.94,97.19
2025-06-06,Bundi,25.4386,75.637,0.82,33.24,46.0,1.97,97.14
2025-06-07,Bundi,25.4386,75.637,0.03,35.8,31.43,4.16,96.97
2025-06-08,Bundi,25.4386,75.637,0.0,36.2,24.35,5.24,96.87
2025-06-09,Bundi,25.4386,75.637,0.0,37.07,21.67,5.66,96.74
2025-06-10,Bundi,25.4386,75.637,0.0,37.84,23.08,5.22,96.63
2025-06-11,Bundi,25.4386,75.637,0.0,38.62,22.76,3.63,96.57
2025-06-12,Bundi,25.4386,75.637,0.0,39.05,22.27,2.74,96.47
2025-06-13,Bundi,25.4386,75.637,0.18,39.43,29.69,2.38,96.42
2025-06-14,Bundi,25.4386,75.637,1.73,38.48,32.97,2.62,96.39
2025-06-15,Bundi,25.4386,75.637,4.9,36.27,42.57,3.51,96.25
2025-06-16,Bundi,25.4386,75.637,30.38,30.49,71.4,2.25,96.27
2025-06-17,Bundi,25.4386,75.637,13.3,30.02,72.96,3.15,96.35
2025-06-18,Bundi,25.4386,75.637,7.28,29.58,73.64,4.32,96.15
2025-06-19,Bundi,25.4386,75.637,6.29,30.86,70.7,4.08,96.15
2025-06-20,Bundi,25.4386,75.637,59.31,27.87,82.59,4.42,96.49
2025-06-21,Bundi,25.4386,75.637,56.29,28.9,83.63,1.38,96.55
2025-06-22,Bundi,25.4386,75.637,14.47,28.92,83.57,2.19,96.49
2025-06-23,Bundi,25.4386,75.637,14.61,28.29,84.82,2.99,96.34
2025-06-24,Bundi,25.4386,75.637,14.87,30.13,78.79,1.68,96.25
2025-06-25,Bundi,25.4386,75.637,21.77,29.98,81.74,2.49,96.35
2025-06-26,Bundi,25.4386,75.637,8.52,29.52,84.03,2.38,96.53
2025-06-27,Bundi,25.4386,75.637,5.16,29.5,80.14,2.5,96.46
2025-06-28,Bundi,25.4386,75.637,0.36,28.33,78.04,3.67,96.55
2025-06-29,Bundi,25.4386,75.637,1.1,29.11,79.02,3.49,96.34
2025-06-30,Bundi,25.4386,75.637,4.67,29.26,76.35,4.17,96.38
2025-07-01,Bundi,25.4386,75.637,29.51,27.73,86.39,2.88,96.45
2025-07-02,Bundi,25.4386,75.637,44.74,28.73,85.12,0.84,96.33
2025-07-03,Bundi,25.4386,75.637,11.23,29.37,83.72,1.98,96.37
2025-07-04,Bundi,25.4386,75.637,33.85,28.44,86.58,3.01,96.53
2025-07-05,Bundi,25.4386,75.637,14.51,27.65,89.39,2.9,96.52
2025-07-06,Bundi,25.4386,75.637,2.43,27.89,87.05,1.74,96.44
2025-07-07,Bundi,25.4386,75.637,2.16,28.45,84.4,1.89,96.49
2025-07-08,Bundi,25.4386,75.637,0.4,28.81,80.71,2.7,96.61
2025-07-09,Bundi,25.4386,75.637,6.84,28.48,82.95,2.79,96.67
2025-07-10,Bundi,25.4386,75.637,1.02,28.43,81.63,2.37,96.75
2025-07-11,Bundi,25.4386,75.637,6.51,26.81,90.62,2.41,96.73
2025-07-12,Bundi,25.4386,75.637,4.69,27.59,85.23,1.61,96.72
2025-07-13,Bundi,25.4386,75.637,65.96,28.27,86.59,2.1,96.57
2025-07-14,Bundi,25.4386,75.637,11.22,27.75,88.45,3.71,96.31
2025-07-15,Bundi,25.4386,75.637,19.99,27.96,85.2,4.59,96.38
2025-07-16,Bundi,25.4386,75.637,1.58,27.78,86.42,2.03,96.63
2025-07-17,Bundi,25.4386,75.637,14.52,27.55,88.6,2.39,96.72
2025-07-18,Bundi,25.4386,75.637,23.54,26.96,91.69,3.73,96.49
2025-07-19,Bundi,25.4386,75.637,30.32,26.91,86.62,4.75,96.35
2025-07-20,Bundi,25.4386,75.637,0.02,27.58,84.49,2.47,96.46
2025-07-21,Bundi,25.4386,75.637,0.2,28.38,82.99,1.68,96.65
2025-07-22,Bundi,25.4386,75.637,1.39,28.87,84.32,1.94,96.59
2025-07-23,Bundi,25.4386,75.637,28.84,27.62,88.7,2.74,96.4
2025-07-24,Bundi,25.4386,75.637,1.14,27.98,85.89,2.76,96.3
2025-07-25,Bundi,25.4386,75.637,17.2,28.2,86.2,2.38,96.28
2025-07-26,Bundi,25.4386,75.637,16.38,28.22,90.52,2.45,96.21
2025-07-27,Bundi,25.4386,75.637,19.98,27.76,90.69,2.35,96.16
2025-07-28,Bundi,25.4386,75.637,21.8,27.38,92.3,2.96,96.29
2025-07-29,Bundi,25.4386,75.637,24.51,28.56,87.17,3.0,96.33
2025-07-30,Bundi,25.4386,75.637,31.03,26.14,91.85,3.77,96.42
2025-07-31,Bundi,25.4386,75.637,9.14,25.31,92.11,3.75,96.62
2025-08-01,Bundi,25.4386,75.637,2.94,26.86,87.68,2.88,96.72
2025-08-02,Bundi,25.4386,75.637,3.31,27.07,86.69,2.89,96.8
2025-08-03,Bundi,25.4386,75.637,9.75,27.23,86.51,2.49,96.92
2025-08-04,Bundi,25.4386,75.637,1.5,27.37,86.66,3.11,97.02
2025-08-05,Bundi,25.4386,75.637,0.01,27.13,85.92,2.51,97.02
2025-08-06,Bundi,25.4386,75.637,0.0,27.09,85.55,2.77,97.04
2025-08-07,Bundi,25.4386,75.637,0.08,27.3,84.43,2.4,96.99
2025-08-08,Bundi,25.4386,75.637,0.02,27.49,83.76,2.34,97.03
2025-08-09,Bundi,25.4386,75.637,0.63,27.25,83.41,1.96,97.2
2025-08-10,Bundi,25.4386,75.637,0.99,27.28,83.95,2.27,97.08
2025-08-11,Bundi,25.4386,75.637,0.14,27.21,83.71,2.56,97.02
2025-08-12,Bundi,25.4386,75.637,0.0,27.68,84.01,2.67,96.89
2025-08-13,Bundi,25.4386,75.637,0.57,27.26,85.14,1.67,96.81
2025-08-14,Bundi,25.4386,75.637,2.26,27.65,86.25,1.2,96.9
2025-08-15,Bundi,25.4386,75.637,5.0,28.29,85.34,1.07,96.76
2025-08-16,Bundi,25.4386,75.637,1.09,28.39,85.43,1.91,96.62
2025-08-17,Bundi,25.4386,75.637,2.41,28.62,86.11,2.53,96.65
2025-08-18,Bundi,25.4386,75.637,5.44,28.11,88.18,2.02,96.79
2025-08-19,Bundi,25.4386,75.637,0.54,28.2,86.41,2.44,96.67
2025-08-20,Bundi,25.4386,75.637,11.4,28.34,85.78,2.23,96.59
2025-08-21,Bundi,25.4386,75.637,49.8,27.85,88.53,1.43,96.64
2025-08-22,Bundi,25.4386,75.637,63.88,26.33,93.76,3.31,96.58
2025-08-23,Bundi,25.4386,75.637,40.65,26.54,91.92,3.25,96.54
2025-08-24,Bundi,25.4386,75.637,18.94,27.03,89.95,2.3,96.58
2025-08-25,Bundi,25.4386,75.637,2.78,26.81,89.02,2.52,96.58
2025-08-26,Bundi,25.4386,75.637,3.05,26.69,91.8,2.8,96.75
2025-08-27,Bundi,25.4386,75.637,3.37,27.55,88.67,1.95,96.81
2025-08-28,Bundi,25.4386,75.637,2.21,28.42,85.99,1.56,96.72
2025-08-29,Bundi,25.4386,75.637,12.44,28.59,85.29,0.93,96.77
2025-08-30,Bundi,25.4386,75.637,5.03,27.9,89.45,0.92,96.9
2025-08-31,Bundi,25.4386,75.637,20.11,27.09,91.93,1.73,96.77
2025-09-01,Bundi,25.4386,75.637,26.19,26.85,89.37,2.94,96.56
2025-09-02,Bundi,25.4386,75.637,4.57,27.32,87.19,2.26,96.65
2025-09-03,Bundi,25.4386,75.637,12.52,26.14,92.78,2.16,96.8
2025-09-04,Bundi,25.4386,75.637,22.88,26.0,93.8,2.41,96.78
2025-09-05,Bundi,25.4386,75.637,19.63,26.51,92.46,1.72,96.72
2025-09-06,Bundi,25.4386,75.637,16.68,26.6,92.84,2.71,96.71
2025-09-07,Bundi,25.4386,75.637,2.49,25.9,90.18,3.3,96.92
2025-09-08,Bundi,25.4386,75.637,0.12,25.7,88.4,2.44,97.12
2025-09-09,Bundi,25.4386,75.637,0.0,25.81,86.22,1.89,97.38
2025-09-10,Bundi,25.4386,75.637,0.0,25.8,86.86,2.29,97.35
2025-09-11,Bundi,25.4386,75.637,0.0,25.42,85.87,2.12,97.29
2025-09-12,Bundi,25.4386,75.637,0.0,25.91,84.18,1.47,97.37
2025-09-13,Bundi,25.4386,75.637,0.0,26.7,81.69,1.45,97.35
2025-09-14,Bundi,25.4386,75.637,0.0,27.35,82.8,1.47,97.28
2025-09-15,Bundi,25.4386,75.637,0.03,26.74,84.56,1.83,97.12
2025-09-16,Bundi,25.4386,75.637,0.03,26.8,84.12,1.78,97.11
2025-09-17,Bundi,25.4386,75.637,0.28,26.17,88.48,1.44,97.14
2025-09-18,Bundi,25.4386,75.637,1.37,26.96,87.37,1.4,97.14
2025-09-19,Bundi,25.4386,75.637,2.3,27.52,84.09,1.02,97.23
2025-09-20,Bundi,25.4386,75.637,4.46,27.41,84.02,1.35,97.22
2025-09-21,Bundi,25.4386,75.637,0.44,27.88,80.88,1.44,97.15
2025-09-22,Bundi,25.4386,75.637,0.0,27.78,77.15,1.48,97.2
2025-09-23,Bundi,25.4386,75.637,0.05,27.12,80.29,1.56,97.18
2025-09-24,Bundi,25.4386,75.637,0.12,26.87,81.26,1.96,97.07
2025-09-25,Bundi,25.4386,75.637,0.0,26.71,80.24,1.94,97.09
2025-09-26,Bundi,25.4386,75.637,0.0,26.82,75.42,1.93,97.18
2025-09-27,Bundi,25.4386,75.637,1.2,26.09,83.11,1.85,97.24
2025-09-28,Bundi,25.4386,75.637,0.17,26.82,88.59,2.95,97.06
2025-09-29,Bundi,25.4386,75.637,0.4,27.17,87.05,2.25,96.93
2025-09-30,Bundi,25.4386,75.637,7.79,26.45,87.4,1.84,96.88
2025-10-01,Bundi,25.4386,75.637,3.56,25.54,84.53,1.65,96.95
2025-10-02,Bundi,25.4386,75.637,0.07,26.83,79.76,0.84,97.19
2025-10-03,Bundi,25.4386,75.637,1.93,27.08,82.6,0.97,97.41
2025-10-04,Bundi,25.4386,75.637,1.64,26.65,85.73,1.25,97.4
2025-10-05,Bundi,25.4386,75.637,16.95,26.23,84.49,1.94,97.37
2025-10-06,Bundi,25.4386,75.637,7.89,25.39,85.61,2.31,97.44
2025-10-07,Bundi,25.4386,75.637,2.46,23.83,82.21,2.32,97.5
2025-10-08,Bundi,25.4386,75.637,0.08,22.73,78.72,1.79,97.71
2025-10-09,Bundi,25.4386,75.637,0.0,23.34,72.32,1.04,97.84
2025-10-10,Bundi,25.4386,75.637,0.0,23.17,65.3,0.88,97.73
2025-10-11,Bundi,25.4386,75.637,0.0,23.13,63.56,1.06,97.73
2025-10-12,Bundi,25.4386,75.637,0.0,23.02,66.64,1.23,97.67
2025-10-13,Bundi,25.4386,75.637,0.0,23.3,67.02,0.94,97.75
2025-10-14,Bundi,25.4386,75.637,0.0,22.68,70.56,1.27,97.65
2025-10-15,Bundi,25.4386,75.637,0.0,22.77,69.9,0.99,97.62
2025-10-16,Bundi,25.4386,75.637,0.0,23.9,65.98,0.76,97.64
2025-10-17,Bundi,25.4386,75.637,0.0,24.47,61.98,0.74,97.75
2025-10-18,Bundi,25.4386,75.637,0.0,24.09,57.1,0.78,97.68
2025-10-19,Bundi,25.4386,75.637,0.0,22.8,66.17,1.1,97.6
2025-10-20,Bundi,25.4386,75.637,0.0,22.52,73.48,1.37,97.62
2025-10-21,Bundi,25.4386,75.637,0.0,23.61,69.89,1.08,97.76
2025-10-22,Bundi,25.4386,75.637,0.0,24.22,62.93,0.93,97.83
2025-10-23,Bundi,25.4386,75.637,0.0,24.04,65.53,0.9,97.75
2025-10-24,Bundi,25.4386,75.637,0.0,23.41,72.35,1.09,97.71
2025-10-25,Bundi,25.4386,75.637,1.19,22.81,77.97,1.38,97.63
2025-10-26,Bundi,25.4386,75.637,1.48,22.89,85.01,1.93,97.66
2025-10-27,Bundi,25.4386,75.637,71.39,22.07,93.32,2.39,97.71
2025-10-28,Bundi,25.4386,75.637,19.1,19.83,93.23,3.33,97.71
2025-10-29,Bundi,25.4386,75.637,2.38,20.65,91.87,2.49,97.63
2025-10-30,Bundi,25.4386,75.637,3.15,22.13,92.05,2.96,97.54
2025-10-31,Bundi,25.4386,75.637,0.03,22.46,88.9,1.58,97.61
2025-11-01,Bundi,25.4386,75.637,0.0,23.8,81.39,0.72,97.65
2025-11-02,Bundi,25.4386,75.637,0.0,24.06,72.68,1.16,97.7
2025-11-03,Bundi,25.4386,75.637,7.05,23.06,69.75,1.26,97.56
2025-11-04,Bundi,25.4386,75.637,2.97,23.8,82.83,2.46,97.43
2025-11-05,Bundi,25.4386,75.637,0.02,20.61,74.13,1.91,97.58
2025-11-06,Bundi,25.4386,75.637,0.0,18.25,59.31,1.17,97.81
2025-11-07,Bundi,25.4386,75.637,0.0,18.08,49.67,1.13,97.99
2025-11-08,Bundi,25.4386,75.637,0.0,18.08,50.95,1.25,98.03
2025-11-09,Bundi,25.4386,75.637,0.0,18.46,57.64,1.42,97.9
2025-11-10,Bundi,25.4386,75.637,0.0,18.46,59.06,1.26,97.85
2025-11-11,Bundi,25.4386,75.637,0.0,18.58,61.04,1.12,97.96
2025-11-12,Bundi,25.4386,75.637,0.0,19.08,60.41,1.07,98.05
2025-11-13,Bundi,25.4386,75.637,0.0,18.81,60.05,1.24,98.17
2025-11-14,Bundi,25.4386,75.637,0.0,18.73,50.98,0.81,98.16
2025-11-15,Bundi,25.4386,75.637,0.0,17.6,53.86,1.03,98.26
2025-11-16,Bundi,25.4386,75.637,0.0,17.72,53.08,1.01,98.43
2025-11-17,Bundi,25.4386,75.637,0.0,16.81,57.45,1.2,98.34
2025-11-18,Bundi,25.4386,75.637,0.0,16.65,59.17,0.97,98.16
2025-11-19,Bundi,25.4386,75.637,0.0,16.69,63.39,1.09,98.1
2025-11-20,Bundi,25.4386,75.637,0.0,16.92,68.1,1.16,98.18
2025-11-21,Bundi,25.4386,75.637,0.0,16.54,73.85,1.18,98.26
2025-11-22,Bundi,25.4386,75.637,0.0,16.98,73.66,1.22,98.12
2025-11-23,Bundi,25.4386,75.637,0.0,16.76,72.71,1.25,98.08
2025-11-24,Bundi,25.4386,75.637,0.0,15.91,81.28,1.54,98.18
2025-11-25,Bundi,25.4386,75.637,0.0,16.05,76.86,1.59,98.18
2025-11-26,Bundi,25.4386,75.637,0.0,16.5,77.07,1.58,98.15
2025-11-27,Bundi,25.4386,75.637,0.03,17.24,80.89,1.74,98.25
2025-11-28,Bundi,25.4386,75.637,0.01,17.32,80.02,1.11,98.19
2025-11-29,Bundi,25.4386,75.637,0.0,18.75,75.54,0.78,98.04
2025-11-30,Bundi,25.4386,75.637,0.0,19.23,73.68,1.03,97.97
2025-12-01,Bundi,25.4386,75.637,0.0,18.56,79.87,1.05,97.93
2025-12-02,Bundi,25.4386,75.637,0.0,18.73,72.79,1.08,97.93
2025-12-03,Bundi,25.4386,75.637,0.0,16.54,69.65,1.19,98.23
2025-12-04,Bundi,25.4386,75.637,0.0,16.07,63.29,0.81,98.35
2025-12-05,Bundi,25.4386,75.637,0.0,16.01,59.12,0.91,98.47
2025-12-06,Bundi,25.4386,75.637,0.0,16.18,49.45,0.71,98.43
2025-12-07,Bundi,25.4386,75.637,0.0,17.5,47.8,0.68,98.35
2025-12-08,Bundi,25.4386,75.637,0.0,18.16,47.51,0.88,98.34
2025-12-09,Bundi,25.4386,75.637,0.0,17.23,47.31,0.92,98.32
2025-12-10,Bundi,25.4386,75.637,0.0,17.17,49.77,1.15,98.28
2025-12-11,Bundi,25.4386,75.637,0.0,17.86,47.36,1.0,98.19
2025-12-12,Bundi,25.4386,75.637,0.0,17.32,49.5,1.11,98.08
2025-12-13,Bundi,25.4386,75.637,0.0,17.7,52.44,1.0,98.13
2025-12-14,Bundi,25.4386,75.637,0.0,16.75,64.85,1.15,98.23
2025-12-15,Bundi,25.4386,75.637,0.0,17.47,64.0,0.93,98.23
2025-12-16,Bundi,25.4386,75.637,0.0,17.66,55.19,0.52,98.22
2025-12-17,Bundi,25.4386,75.637,0.0,16.9,56.46,1.04,98.29
2025-12-18,Bundi,25.4386,75.637,0.0,17.25,53.6,0.75,98.31
2025-12-19,Bundi,25.4386,75.637,0.0,16.37,54.48,1.31,98.1
2025-12-20,Bundi,25.4386,75.637,0.0,16.26,59.77,1.21,97.93
2025-12-21,Bundi,25.4386,75.637,0.0,15.63,67.04,1.25,98.07
2025-12-22,Bundi,25.4386,75.637,0.0,17.37,64.76,0.9,98.12
2025-12-23,Bundi,25.4386,75.637,0.0,17.78,65.03,1.54,98.03
2025-12-24,Bundi,25.4386,75.637,0.0,15.0,62.86,1.45,98.06
2025-12-25,Bundi,25.4386,75.637,0.0,13.76,57.05,1.02,98.09
2025-12-26,Bundi,25.4386,75.637,0.0,13.23,63.3,1.21,98.13
2025-12-27,Bundi,25.4386,75.637,0.0,13.64,58.83,1.02,98.15
2025-12-28,Bundi,25.4386,75.637,0.0,13.79,63.26,1.19,98.17
2025-12-29,Bundi,25.4386,75.637,0.0,14.7,63.51,1.12,98.11
2025-12-30,Bundi,25.4386,75.637,0.0,16.21,61.78,1.3,97.88
2025-12-31,Bundi,25.4386,75.637,0.1,16.26,65.1,1.15,97.66
2025-01-01,Chittorgarh,24.8887,74.6269,0.0,15.29,46.64,1.39,96.3
2025-01-02,Chittorgarh,24.8887,74.6269,0.0,17.79,39.6,1.15,96.27
2025-01-03,Chittorgarh,24.8887,74.6269,0.0,18.89,37.34,1.66,96.22
2025-01-04,Chittorgarh,24.8887,74.6269,0.0,19.38,37.67,1.89,96.0
2025-01-05,Chittorgarh,24.8887,74.6269,0.0,18.81,42.0,1.95,95.9
2025-01-06,Chittorgarh,24.8887,74.6269,0.0,15.6,39.11,2.61,96.11
2025-01-07,Chittorgarh,24.8887,74.6269,0.0,13.17,37.86,1.95,96.32
2025-01-08,Chittorgarh,24.8887,74.6269,0.0,14.51,33.89,1.19,96.17
2025-01-09,Chittorgarh,24.8887,74.6269,0.0,15.68,35.91,1.85,96.17
2025-01-10,Chittorgarh,24.8887,74.6269,0.0,16.28,42.41,2.08,96.17
2025-01-11,Chittorgarh,24.8887,74.6269,0.19,16.94,50.6,2.09,96.05
2025-01-12,Chittorgarh,24.8887,74.6269,0.01,15.33,52.86,1.66,96.3
2025-01-13,Chittorgarh,24.8887,74.6269,0.0,12.13,59.91,1.67,96.35
2025-01-14,Chittorgarh,24.8887,74.6269,0.0,13.11,51.73,1.54,96.26
2025-01-15,Chittorgarh,24.8887,74.6269,0.95,14.41,62.1,1.65,96.25
2025-01-16,Chittorgarh,24.8887,74.6269,0.06,14.83,53.38,2.35,96.38
2025-01-17,Chittorgarh,24.8887,74.6269,0.0,12.89,58.57,2.07,96.42
2025-01-18,Chittorgarh,24.8887,74.6269,0.0,15.95,55.44,1.47,96.17
2025-01-19,Chittorgarh,24.8887,74.6269,0.0,19.69,52.35,1.75,96.12
2025-01-20,Chittorgarh,24.8887,74.6269,0.0,20.53,39.63,0.99,96.06
2025-01-21,Chittorgarh,24.8887,74.6269,0.0,19.75,40.94,1.03,95.91
2025-01-22,Chittorgarh,24.8887,74.6269,0.0,18.63,38.02,1.8,95.82
2025-01-23,Chittorgarh,24.8887,74.6269,0.0,16.63,36.39,2.1,96.0
2025-01-24,Chittorgarh,24.8887,74.6269,0.0,15.57,37.84,2.16,96.13
2025-01-25,Chittorgarh,24.8887,74.6269,0.0,16.18,31.18,1.35,96.12
2025-01-26,Chittorgarh,24.8887,74.6269,0.0,17.5,28.42,1.18,96.02
2025-01-27,Chittorgarh,24.8887,74.6269,0.0,18.58,26.2,1.2,95.85
2025-01-28,Chittorgarh,24.8887,74.6269,0.0,20.12,26.66,1.34,95.78
2025-01-29,Chittorgarh,24.8887,74.6269,0.0,22.22,19.14,1.73,95.82
2025-01-30,Chittorgarh,24.8887,74.6269,0.0,20.23,21.83,2.15,95.66
2025-01-31,Chittorgarh,24.8887,74.6269,0.0,18.59,25.47,1.91,95.59
2025-02-01,Chittorgarh,24.8887,74.6269,0.0,17.99,25.13,2.01,95.79
2025-02-02,Chittorgarh,24.8887,74.6269,0.0,17.2,26.44,1.27,95.95
2025-02-03,Chittorgarh,24.8887,74.6269,0.13,19.47,34.82,2.26,95.87
2025-02-04,Chittorgarh,24.8887,74.6269,0.05,20.04,29.51,2.67,95.92
2025-02-05,Chittorgarh,24.8887,74.6269,0.0,16.75,22.64,2.22,96.08
2025-02-06,Chittorgarh,24.8887,74.6269,0.0,15.75,27.93,1.91,96.22
2025-02-07,Chittorgarh,24.8887,74.6269,0.0,16.68,24.65,1.55,96.26
2025-02-08,Chittorgarh,24.8887,74.6269,0.0,18.77,19.98,1.3,96.09
2025-02-09,Chittorgarh,24.8887,74.6269,0.0,21.11,17.53,1.32,95.88
2025-02-10,Chittorgarh,24.8887,74.6269,0.0,21.55,17.16,1.75,95.91
2025-02-11,Chittorgarh,24.8887,74.6269,0.0,21.69,22.27,2.1,95.92
2025-02-12,Chittorgarh,24.8887,74.6269,0.0,20.9,28.68,2.29,96.07
2025-02-13,Chittorgarh,24.8887,74.6269,0.0,20.64,21.79,1.13,96.14
2025-02-14,Chittorgarh,24.8887,74.6269,0.0,22.91,19.08,1.86,95.97
2025-02-15,Chittorgarh,24.8887,74.6269,0.0,23.95,24.88,3.4,95.67
2025-02-16,Chittorgarh,24.8887,74.6269,0.0,23.85,28.28,2.29,95.76
2025-02-17,Chittorgarh,24.8887,74.6269,0.0,24.4,29.95,1.38,95.89
2025-02-18,Chittorgarh,24.8887,74.6269,0.0,24.4,29.59,1.81,95.89
2025-02-19,Chittorgarh,24.8887,74.6269,0.0,23.48,33.11,1.29,95.78
2025-02-20,Chittorgarh,24.8887,74.6269,0.0,23.54,31.09,2.67,95.83
2025-02-21,Chittorgarh,24.8887,74.6269,0.0,21.79,25.64,1.72,96.14
2025-02-22,Chittorgarh,24.8887,74.6269,0.0,21.32,24.2,1.57,96.19
2025-02-23,Chittorgarh,24.8887,74.6269,0.0,22.22,27.51,0.96,96.2
2025-02-24,Chittorgarh,24.8887,74.6269,0.0,22.08,29.46,1.55,96.3
2025-02-25,Chittorgarh,24.8887,74.6269,0.0,23.67,27.49,1.35,96.35
2025-02-26,Chittorgarh,24.8887,74.6269,0.0,25.5,23.12,1.61,96.33
2025-02-27,Chittorgarh,24.8887,74.6269,0.0,24.85,25.12,2.42,95.99
2025-02-28,Chittorgarh,24.8887,74.6269,0.0,24.96,29.62,3.03,95.76
2025-03-01,Chittorgarh,24.8887,74.6269,0.0,24.54,35.06,2.96,95.78
2025-03-02,Chittorgarh,24.8887,74.6269,0.0,23.93,33.25,1.35,95.74
2025-03-03,Chittorgarh,24.8887,74.6269,0.0,24.81,30.81,2.94,95.76
2025-03-04,Chittorgarh,24.8887,74.6269,0.0,21.27,20.37,3.63,96.04
2025-03-05,Chittorgarh,24.8887,74.6269,0.0,18.53,13.14,2.6,96.21
2025-03-06,Chittorgarh,24.8887,74.6269,0.0,22.25,11.32,2.42,95.99
2025-03-07,Chittorgarh,24.8887,74.6269,0.0,24.67,16.79,2.22,95.74
2025-03-08,Chittorgarh,24.8887,74.6269,0.0,26.15,20.57,1.54,95.53
2025-03-09,Chittorgarh,24.8887,74.6269,0.0,27.01,20.0,1.61,95.67
2025-03-10,Chittorgarh,24.8887,74.6269,0.0,29.26,15.48,0.96,95.97
2025-03-11,Chittorgarh,24.8887,74.6269,0.0,28.5,16.72,2.13,95.92
2025-03-12,Chittorgarh,24.8887,74.6269,0.0,28.92,17.38,3.29,95.64
2025-03-13,Chittorgarh,24.8887,74.6269,0.0,28.68,20.25,3.41,95.44
2025-03-14,Chittorgarh,24.8887,74.6269,0.0,28.86,24.96,3.49,95.48
2025-03-15,Chittorgarh,24.8887,74.6269,0.0,27.97,26.5,3.56,95.62
2025-03-16,Chittorgarh,24.8887,74.6269,0.0,26.34,27.8,2.49,95.74
2025-03-17,Chittorgarh,24.8887,74.6269,0.0,24.94,24.1,1.77,95.83
2025-03-18,Chittorgarh,24.8887,74.6269,0.0,25.35,20.05,1.45,95.83
2025-03-19,Chittorgarh,24.8887,74.6269,0.0,26.29,18.11,1.72,95.79
2025-03-20,Chittorgarh,24.8887,74.6269,0.0,26.59,18.07,1.17,95.91
2025-03-21,Chittorgarh,24.8887,74.6269,0.01,25.99,22.47,2.33,95.99
2025-03-22,Chittorgarh,24.8887,74.6269,0.0,27.64,19.75,1.46,95.9
2025-03-23,Chittorgarh,24.8887,74.6269,0.0,27.33,16.58,1.4,95.96
2025-03-24,Chittorgarh,24.8887,74.6269,0.0,28.99,15.49,1.26,95.91
2025-03-25,Chittorgarh,24.8887,74.6269,0.0,29.15,14.44,1.78,95.58
2025-03-26,Chittorgarh,24.8887,74.6269,0.0,29.33,18.45,2.98,95.41
2025-03-27,Chittorgarh,24.8887,74.6269,0.0,28.42,19.72,3.52,95.47
2025-03-28,Chittorgarh,24.8887,74.6269,0.0,24.63,6.91,3.0,95.69
2025-03-29,Chittorgarh,24.8887,74.6269,0.0,23.99,6.37,1.93,95.69
2025-03-30,Chittorgarh,24.8887,74.6269,0.0,25.67,8.3,1.7,95.68
2025-03-31,Chittorgarh,24.8887,74.6269,0.0,26.91,8.93,1.74,95.68
2025-04-01,Chittorgarh,24.8887,74.6269,0.0,27.57,10.92,1.27,95.59
2025-04-02,Chittorgarh,24.8887,74.6269,0.0,29.24,16.89,2.06,95.56
2025-04-03,Chittorgarh,24.8887,74.6269,0.0,29.54,16.71,1.83,95.66
2025-04-04,Chittorgarh,24.8887,74.6269,0.0,30.0,10.98,2.16,95.74
2025-04-05,Chittorgarh,24.8887,74.6269,0.0,30.21,14.19,2.41,95.63
2025-04-06,Chittorgarh,24.8887,74.6269,0.0,31.99,12.33,2.78,95.44
2025-04-07,Chittorgarh,24.8887,74.6269,0.0,33.23,12.49,3.4,95.44
2025-04-08,Chittorgarh,24.8887,74.6269,0.0,33.76,13.47,3.03,95.6
2025-04-09,Chittorgarh,24.8887,74.6269,0.0,34.04,12.03,3.86,95.53
2025-04-10,Chittorgarh,24.8887,74.6269,0.0,33.41,14.31,4.68,95.17
2025-04-11,Chittorgarh,24.8887,74.6269,0.0,31.79,17.78,4.08,95.03
2025-04-12,Chittorgarh,24.8887,74.6269,2.0,31.25,26.29,3.38,95.27
2025-04-13,Chittorgarh,24.8887,74.6269,0.0,32.03,22.67,4.15,95.45
2025-04-14,Chittorgarh,24.8887,74.6269,0.0,32.74,20.54,3.85,95.37
2025-04-15,Chittorgarh,24.8887,74.6269,0.0,32.91,24.39,1.55,95.33
2025-04-16,Chittorgarh,24.8887,74.6269,0.0,33.34,23.65,1.57,95.32
2025-04-17,Chittorgarh,24.8887,74.6269,0.0,34.9,18.71,3.48,95.18
2025-04-18,Chittorgarh,24.8887,74.6269,0.0,34.91,15.76,5.2,95.15
2025-04-19,Chittorgarh,24.8887,74.6269,0.0,32.55,16.31,5.02,95.15
2025-04-20,Chittorgarh,24.8887,74.6269,0.0,31.38,21.18,3.55,95.25
2025-04-21,Chittorgarh,24.8887,74.6269,0.0,31.22,13.01,2.99,95.54
2025-04-22,Chittorgarh,24.8887,74.6269,0.0,31.45,8.06,2.59,95.64
2025-04-23,Chittorgarh,24.8887,74.6269,0.0,31.16,6.97,2.81,95.46
2025-04-24,Chittorgarh,24.8887,74.6269,0.0,32.37,9.04,3.07,95.26
2025-04-25,Chittorgarh,24.8887,74.6269,0.0,33.3,12.27,2.82,95.26
2025-04-26,Chittorgarh,24.8887,74.6269,0.0,32.83,14.71,3.07,95.23
2025-04-27,Chittorgarh,24.8887,74.6269,0.0,32.98,15.11,3.03,95.31
2025-04-28,Chittorgarh,24.8887,74.6269,0.0,34.52,17.68,3.55,95.11
2025-04-29,Chittorgarh,24.8887,74.6269,0.0,34.93,16.02,2.86,95.04
2025-04-30,Chittorgarh,24.8887,74.6269,0.0,34.89,16.13,2.47,95.18
2025-05-01,Chittorgarh,24.8887,74.6269,0.0,34.99,14.01,3.73,95.28
2025-05-02,Chittorgarh,24.8887,74.6269,0.46,34.67,15.52,2.6,95.33
2025-05-03,Chittorgarh,24.8887,74.6269,0.0,34.53,18.1,3.04,95.21
2025-05-04,Chittorgarh,24.8887,74.6269,3.32,32.31,27.68,1.86,95.17
2025-05-05,Chittorgarh,24.8887,74.6269,7.26,31.25,38.35,2.57,95.18
2025-05-06,Chittorgarh,24.8887,74.6269,18.13,26.45,64.18,3.07,95.25
2025-05-07,Chittorgarh,24.8887,74.6269,4.13,25.73,64.85,2.78,95.16
2025-05-08,Chittorgarh,24.8887,74.6269,6.2,25.83,68.41,2.53,95.25
2025-05-09,Chittorgarh,24.8887,74.6269,0.31,28.34,59.81,2.17,95.39
2025-05-10,Chittorgarh,24.8887,74.6269,0.14,29.84,52.75,2.26,95.41
2025-05-11,Chittorgarh,24.8887,74.6269,0.52,30.69,50.88,2.73,95.31
2025-05-12,Chittorgarh,24.8887,74.6269,3.96,30.62,51.61,2.38,95.24
2025-05-13,Chittorgarh,24.8887,74.6269,0.51,30.94,51.77,2.31,95.27
2025-05-14,Chittorgarh,24.8887,74.6269,0.1,32.17,47.38,1.88,95.27
2025-05-15,Chittorgarh,24.8887,74.6269,0.0,33.22,40.63,2.18,95.27
2025-05-16,Chittorgarh,24.8887,74.6269,0.02,33.48,40.41,3.4,95.19
2025-05-17,Chittorgarh,24.8887,74.6269,1.07,33.86,43.0,3.27,95.15
2025-05-18,Chittorgarh,24.8887,74.6269,0.0,34.73,43.55,3.17,95.12
2025-05-19,Chittorgarh,24.8887,74.6269,0.67,35.26,40.72,3.52,95.04
2025-05-20,Chittorgarh,24.8887,74.6269,1.63,35.68,39.38,3.49,94.99
2025-05-21,Chittorgarh,24.8887,74.6269,0.14,35.38,38.5,3.5,94.97
2025-05-22,Chittorgarh,24.8887,74.6269,0.04,35.27,40.08,3.51,94.88
2025-05-23,Chittorgarh,24.8887,74.6269,0.03,35.23,40.62,3.82,94.67
2025-05-24,Chittorgarh,24.8887,74.6269,0.06,36.21,31.18,3.45,94.52
2025-05-25,Chittorgarh,24.8887,74.6269,0.21,34.64,40.94,3.41,94.81
2025-05-26,Chittorgarh,24.8887,74.6269,0.01,35.92,33.91,2.89,94.71
2025-05-27,Chittorgarh,24.8887,74.6269,0.07,36.57,31.04,1.53,94.48
2025-05-28,Chittorgarh,24.8887,74.6269,9.13,36.56,35.8,3.02,94.49
2025-05-29,Chittorgarh,24.8887,74.6269,3.2,32.32,49.96,2.61,94.5
2025-05-30,Chittorgarh,24.8887,74.6269,1.58,32.35,44.04,4.23,94.45
2025-05-31,Chittorgarh,24.8887,74.6269,0.27,31.49,44.44,5.6,94.76
2025-06-01,Chittorgarh,24.8887,74.6269,0.07,31.12,46.51,5.55,94.88
2025-06-02,Chittorgarh,24.8887,74.6269,3.53,31.47,47.14,4.4,94.79
2025-06-03,Chittorgarh,24.8887,74.6269,2.63,30.06,54.11,4.26,94.94
2025-06-04,Chittorgarh,24.8887,74.6269,0.22,30.46,49.91,3.33,95.17
2025-06-05,Chittorgarh,24.8887,74.6269,0.0,32.18,38.27,2.33,95.39
2025-06-06,Chittorgarh,24.8887,74.6269,0.14,34.03,35.07,3.53,95.37
2025-06-07,Chittorgarh,24.8887,74.6269,0.39,34.89,27.4,4.13,95.28
2025-06-08,Chittorgarh,24.8887,74.6269,0.0,34.99,25.19,5.05,95.21
2025-06-09,Chittorgarh,24.8887,74.6269,0.0,35.57,27.32,5.66,95.1
2025-06-10,Chittorgarh,24.8887,74.6269,0.0,36.22,28.32,4.84,94.96
2025-06-11,Chittorgarh,24.8887,74.6269,0.0,36.83,24.74,3.86,94.9
2025-06-12,Chittorgarh,24.8887,74.6269,0.0,38.1,21.29,2.6,94.74
2025-06-13,Chittorgarh,24.8887,74.6269,0.39,38.4,24.56,1.8,94.67
2025-06-14,Chittorgarh,24.8887,74.6269,5.38,37.74,31.71,1.7,94.6
2025-06-15,Chittorgarh,24.8887,74.6269,4.42,34.26,45.94,2.61,94.48
2025-06-16,Chittorgarh,24.8887,74.6269,13.01,30.15,67.23,2.9,94.42
2025-06-17,Chittorgarh,24.8887,74.6269,8.74,28.85,75.91,3.99,94.39
2025-06-18,Chittorgarh,24.8887,74.6269,12.61,29.52,72.47,4.45,94.42
2025-06-19,Chittorgarh,24.8887,74.6269,6.78,30.07,69.04,5.01,94.43
2025-06-20,Chittorgarh,24.8887,74.6269,25.15,27.58,76.0,4.55,94.72
2025-06-21,Chittorgarh,24.8887,74.6269,49.06,27.14,83.27,2.77,94.78
2025-06-22,Chittorgarh,24.8887,74.6269,10.57,28.13,77.99,2.85,94.74
2025-06-23,Chittorgarh,24.8887,74.6269,3.05,26.73,85.55,2.98,94.58
2025-06-24,Chittorgarh,24.8887,74.6269,1.56,29.41,76.09,1.94,94.47
2025-06-25,Chittorgarh,24.8887,74.6269,10.57,28.62,80.35,1.56,94.55
2025-06-26,Chittorgarh,24.8887,74.6269,8.42,28.82,82.4,1.84,94.69
2025-06-27,Chittorgarh,24.8887,74.6269,3.7,28.43,78.65,2.23,94.65
2025-06-28,Chittorgarh,24.8887,74.6269,2.65,27.15,79.0,4.23,94.71
2025-06-29,Chittorgarh,24.8887,74.6269,3.16,27.78,79.13,4.13,94.57
2025-06-30,Chittorgarh,24.8887,74.6269,1.36,28.38,75.4,4.31,94.61
2025-07-01,Chittorgarh,24.8887,74.6269,6.13,28.0,78.63,3.55,94.68
2025-07-02,Chittorgarh,24.8887,74.6269,56.23,25.97,85.81,3.63,94.59
2025-07-03,Chittorgarh,24.8887,74.6269,13.83,27.12,85.64,2.21,94.61
2025-07-04,Chittorgarh,24.8887,74.6269,1.05,27.1,84.87,2.97,94.76
2025-07-05,Chittorgarh,24.8887,74.6269,8.97,26.82,87.77,2.66,94.75
2025-07-06,Chittorgarh,24.8887,74.6269,6.91,26.75,86.06,2.11,94.65
2025-07-07,Chittorgarh,24.8887,74.6269,0.76,27.52,81.08,2.76,94.72
2025-07-08,Chittorgarh,24.8887,74.6269,0.01,27.8,78.79,2.91,94.85
2025-07-09,Chittorgarh,24.8887,74.6269,2.47,27.57,80.87,3.2,94.89
2025-07-10,Chittorgarh,24.8887,74.6269,0.64,27.41,79.84,2.99,94.95
2025-07-11,Chittorgarh,24.8887,74.6269,4.95,26.29,86.58,2.88,94.97
2025-07-12,Chittorgarh,24.8887,74.6269,11.42,25.8,88.22,2.81,94.94
2025-07-13,Chittorgarh,24.8887,74.6269,26.01,27.05,85.18,2.97,94.84
2025-07-14,Chittorgarh,24.8887,74.6269,27.18,26.48,88.83,4.73,94.61
2025-07-15,Chittorgarh,24.8887,74.6269,14.54,26.71,84.74,4.35,94.64
2025-07-16,Chittorgarh,24.8887,74.6269,0.96,27.21,84.06,2.45,94.84
2025-07-17,Chittorgarh,24.8887,74.6269,4.16,26.65,84.87,2.16,94.96
2025-07-18,Chittorgarh,24.8887,74.6269,16.65,25.56,88.03,5.36,94.82
2025-07-19,Chittorgarh,24.8887,74.6269,28.75,25.54,86.11,5.06,94.57
2025-07-20,Chittorgarh,24.8887,74.6269,0.37,26.38,83.95,3.07,94.64
2025-07-21,Chittorgarh,24.8887,74.6269,0.27,27.15,84.92,2.68,94.83
2025-07-22,Chittorgarh,24.8887,74.6269,11.73,27.64,84.56,2.14,94.82
2025-07-23,Chittorgarh,24.8887,74.6269,5.4,26.93,84.79,3.19,94.63
2025-07-24,Chittorgarh,24.8887,74.6269,0.83,27.06,83.73,2.87,94.54
2025-07-25,Chittorgarh,24.8887,74.6269,8.55,27.47,84.42,2.0,94.51
2025-07-26,Chittorgarh,24.8887,74.6269,8.69,26.92,90.46,3.26,94.46
2025-07-27,Chittorgarh,24.8887,74.6269,22.79,26.82,89.12,3.42,94.42
2025-07-28,Chittorgarh,24.8887,74.6269,7.85,26.42,90.96,3.02,94.54
2025-07-29,Chittorgarh,24.8887,74.6269,0.96,27.49,84.95,3.37,94.59
2025-07-30,Chittorgarh,24.8887,74.6269,3.96,25.71,86.81,3.61,94.67
2025-07-31,Chittorgarh,24.8887,74.6269,6.33,24.81,90.44,3.09,94.84
2025-08-01,Chittorgarh,24.8887,74.6269,0.35,26.03,85.31,3.06,94.94
2025-08-02,Chittorgarh,24.8887,74.6269,0.57,26.01,84.36,2.92,95.01
2025-08-03,Chittorgarh,24.8887,74.6269,0.33,26.37,84.37,2.69,95.13
2025-08-04,Chittorgarh,24.8887,74.6269,0.0,26.38,84.56,3.22,95.24
2025-08-05,Chittorgarh,24.8887,74.6269,0.1,26.26,84.1,3.03,95.21
2025-08-06,Chittorgarh,24.8887,74.6269,0.08,25.97,83.7,2.85,95.24
2025-08-07,Chittorgarh,24.8887,74.6269,0.0,26.29,83.03,2.48,95.21
2025-08-08,Chittorgarh,24.8887,74.6269,0.0,26.37,81.54,2.57,95.25
2025-08-09,Chittorgarh,24.8887,74.6269,0.08,26.54,80.8,1.72,95.4
2025-08-10,Chittorgarh,24.8887,74.6269,0.04,26.41,81.09,2.35,95.29
2025-08-11,Chittorgarh,24.8887,74.6269,0.0,26.11,82.54,2.74,95.24
2025-08-12,Chittorgarh,24.8887,74.6269,0.0,26.66,81.67,3.09,95.11
2025-08-13,Chittorgarh,24.8887,74.6269,0.06,25.97,85.73,1.89,95.0
2025-08-14,Chittorgarh,24.8887,74.6269,0.39,26.71,83.68,1.02,95.08
2025-08-15,Chittorgarh,24.8887,74.6269,7.04,27.95,81.57,0.67,94.94
2025-08-16,Chittorgarh,24.8887,74.6269,3.82,27.96,83.18,1.2,94.78
2025-08-17,Chittorgarh,24.8887,74.6269,0.3,27.92,85.48,2.06,94.8
2025-08-18,Chittorgarh,24.8887,74.6269,9.85,27.46,87.93,1.14,94.95
2025-08-19,Chittorgarh,24.8887,74.6269,3.82,27.18,87.01,2.09,94.82
2025-08-20,Chittorgarh,24.8887,74.6269,8.51,27.12,87.85,2.06,94.76
2025-08-21,Chittorgarh,24.8887,74.6269,20.5,25.73,91.72,2.16,94.86
2025-08-22,Chittorgarh,24.8887,74.6269,34.38,25.05,93.05,3.43,94.86
2025-08-23,Chittorgarh,24.8887,74.6269,16.59,25.79,88.81,3.46,94.82
2025-08-24,Chittorgarh,24.8887,74.6269,22.09,25.41,90.32,3.15,94.84
2025-08-25,Chittorgarh,24.8887,74.6269,7.39,25.96,88.65,2.93,94.81
2025-08-26,Chittorgarh,24.8887,74.6269,3.53,26.53,87.43,2.58,95.0
2025-08-27,Chittorgarh,24.8887,74.6269,2.69,26.72,87.11,1.85,95.04
2025-08-28,Chittorgarh,24.8887,74.6269,1.15,27.05,86.34,1.84,94.94
2025-08-29,Chittorgarh,24.8887,74.6269,22.41,27.25,88.03,1.39,94.95
2025-08-30,Chittorgarh,24.8887,74.6269,7.71,27.51,85.58,0.88,95.1
2025-08-31,Chittorgarh,24.8887,74.6269,22.68,25.77,91.12,2.81,95.0
2025-09-01,Chittorgarh,24.8887,74.6269,14.12,25.83,88.36,3.23,94.78
2025-09-02,Chittorgarh,24.8887,74.6269,0.92,26.13,86.33,2.48,94.88
2025-09-03,Chittorgarh,24.8887,74.6269,10.0,24.87,92.79,2.38,94.99
2025-09-04,Chittorgarh,24.8887,74.6269,22.92,25.07,92.02,2.25,94.99
2025-09-05,Chittorgarh,24.8887,74.6269,31.01,26.13,89.93,1.68,94.92
2025-09-06,Chittorgarh,24.8887,74.6269,29.01,25.97,90.7,2.03,94.88
2025-09-07,Chittorgarh,24.8887,74.6269,5.88,24.3,93.63,4.91,94.94
2025-09-08,Chittorgarh,24.8887,74.6269,0.39,24.43,89.4,3.84,95.22
2025-09-09,Chittorgarh,24.8887,74.6269,0.03,24.45,86.54,2.21,95.56
2025-09-10,Chittorgarh,24.8887,74.6269,0.0,24.46,85.22,1.79,95.57
2025-09-11,Chittorgarh,24.8887,74.6269,0.0,24.02,85.75,2.11,95.49
2025-09-12,Chittorgarh,24.8887,74.6269,0.0,24.4,85.28,1.61,95.57
2025-09-13,Chittorgarh,24.8887,74.6269,0.0,25.46,81.5,1.16,95.54
2025-09-14,Chittorgarh,24.8887,74.6269,0.0,26.08,81.69,1.37,95.49
2025-09-15,Chittorgarh,24.8887,74.6269,0.21,25.4,84.78,1.94,95.33
2025-09-16,Chittorgarh,24.8887,74.6269,0.05,24.57,87.17,1.82,95.33
2025-09-17,Chittorgarh,24.8887,74.6269,0.01,25.85,85.73,1.35,95.33
2025-09-18,Chittorgarh,24.8887,74.6269,1.72,25.93,86.27,2.06,95.32
2025-09-19,Chittorgarh,24.8887,74.6269,10.38,26.4,83.12,0.97,95.45
2025-09-20,Chittorgarh,24.8887,74.6269,5.62,26.17,86.61,1.42,95.4
2025-09-21,Chittorgarh,24.8887,74.6269,15.94,26.16,85.38,1.65,95.37
2025-09-22,Chittorgarh,24.8887,74.6269,0.63,26.46,83.23,1.19,95.4
2025-09-23,Chittorgarh,24.8887,74.6269,0.45,25.96,83.49,1.24,95.4
2025-09-24,Chittorgarh,24.8887,74.6269,0.35,25.61,83.79,1.8,95.29
2025-09-25,Chittorgarh,24.8887,74.6269,0.0,25.39,82.08,1.68,95.31
2025-09-26,Chittorgarh,24.8887,74.6269,0.0,25.76,79.45,1.96,95.4
2025-09-27,Chittorgarh,24.8887,74.6269,0.35,25.44,82.02,2.2,95.42
2025-09-28,Chittorgarh,24.8887,74.6269,1.09,25.88,88.99,3.13,95.18
2025-09-29,Chittorgarh,24.8887,74.6269,0.72,26.1,88.37,2.73,95.05
2025-09-30,Chittorgarh,24.8887,74.6269,1.55,24.69,88.54,2.47,95.08
2025-10-01,Chittorgarh,24.8887,74.6269,0.63,24.37,85.87,1.89,95.12
2025-10-02,Chittorgarh,24.8887,74.6269,0.63,25.38,82.75,0.86,95.37
2025-10-03,Chittorgarh,24.8887,74.6269,25.87,25.52,86.9,1.39,95.6
2025-10-04,Chittorgarh,24.8887,74.6269,10.83,25.23,88.77,2.22,95.62
2025-10-05,Chittorgarh,24.8887,74.6269,1.64,24.83,86.17,2.44,95.56
2025-10-06,Chittorgarh,24.8887,74.6269,2.79,23.99,87.35,2.99,95.6
2025-10-07,Chittorgarh,24.8887,74.6269,0.71,22.63,83.03,2.21,95.67
2025-10-08,Chittorgarh,24.8887,74.6269,0.05,22.13,75.09,1.39,95.86
2025-10-09,Chittorgarh,24.8887,74.6269,0.0,22.61,66.64,0.97,95.99
2025-10-10,Chittorgarh,24.8887,74.6269,0.0,22.73,60.6,0.78,95.87
2025-10-11,Chittorgarh,24.8887,74.6269,0.0,22.44,59.54,0.95,95.88
2025-10-12,Chittorgarh,24.8887,74.6269,0.0,22.98,59.43,1.07,95.83
2025-10-13,Chittorgarh,24.8887,74.6269,0.0,22.74,62.34,1.01,95.88
2025-10-14,Chittorgarh,24.8887,74.6269,0.0,21.57,70.76,1.32,95.78
2025-10-15,Chittorgarh,24.8887,74.6269,0.0,21.75,71.39,1.19,95.74
2025-10-16,Chittorgarh,24.8887,74.6269,0.0,22.86,68.35,0.79,95.77
2025-10-17,Chittorgarh,24.8887,74.6269,0.0,23.37,65.17,0.8,95.89
2025-10-18,Chittorgarh,24.8887,74.6269,0.0,23.78,52.19,0.64,95.82
2025-10-19,Chittorgarh,24.8887,74.6269,0.0,22.91,56.2,0.9,95.72
2025-10-20,Chittorgarh,24.8887,74.6269,0.0,22.96,65.64,0.96,95.73
2025-10-21,Chittorgarh,24.8887,74.6269,0.0,23.2,73.89,0.97,95.88
2025-10-22,Chittorgarh,24.8887,74.6269,0.0,23.17,66.7,1.3,95.96
2025-10-23,Chittorgarh,24.8887,74.6269,0.0,22.21,69.63,1.45,95.88
2025-10-24,Chittorgarh,24.8887,74.6269,0.0,22.27,72.4,1.36,95.84
2025-10-25,Chittorgarh,24.8887,74.6269,0.02,21.45,72.76,1.65,95.75
2025-10-26,Chittorgarh,24.8887,74.6269,0.86,22.06,86.08,1.97,95.75
2025-10-27,Chittorgarh,24.8887,74.6269,62.28,21.82,93.22,2.63,95.78
2025-10-28,Chittorgarh,24.8887,74.6269,15.13,19.94,93.67,3.4,95.76
2025-10-29,Chittorgarh,24.8887,74.6269,4.1,20.08,92.43,2.82,95.72
2025-10-30,Chittorgarh,24.8887,74.6269,6.88,21.25,94.2,3.1,95.63
2025-10-31,Chittorgarh,24.8887,74.6269,0.16,22.17,87.57,1.74,95.75
2025-11-01,Chittorgarh,24.8887,74.6269,0.0,23.5,80.63,0.65,95.79
2025-11-02,Chittorgarh,24.8887,74.6269,0.01,24.39,71.95,0.87,95.84
2025-11-03,Chittorgarh,24.8887,74.6269,5.52,23.51,83.49,1.71,95.7
2025-11-04,Chittorgarh,24.8887,74.6269,0.28,22.51,81.89,2.71,95.62
2025-11-05,Chittorgarh,24.8887,74.6269,0.0,20.21,65.69,1.56,95.74
2025-11-06,Chittorgarh,24.8887,74.6269,0.0,18.89,53.6,1.18,95.94
2025-11-07,Chittorgarh,24.8887,74.6269,0.0,19.29,45.26,0.88,96.09
2025-11-08,Chittorgarh,24.8887,74.6269,0.0,18.72,48.6,1.01,96.15
2025-11-09,Chittorgarh,24.8887,74.6269,0.0,18.9,50.27,1.08,96.03
2025-11-10,Chittorgarh,24.8887,74.6269,0.0,18.49,54.67,1.25,95.97
2025-11-11,Chittorgarh,24.8887,74.6269,0.0,19.01,54.75,0.8,96.07
2025-11-12,Chittorgarh,24.8887,74.6269,0.0,19.57,52.78,0.83,96.17
2025-11-13,Chittorgarh,24.8887,74.6269,0.0,19.26,52.61,1.07,96.28
2025-11-14,Chittorgarh,24.8887,74.6269,0.0,18.45,51.66,0.79,96.26
2025-11-15,Chittorgarh,24.8887,74.6269,0.0,17.46,50.46,1.08,96.36
2025-11-16,Chittorgarh,24.8887,74.6269,0.0,17.52,50.9,1.06,96.53
2025-11-17,Chittorgarh,24.8887,74.6269,0.0,17.32,52.15,0.94,96.43
2025-11-18,Chittorgarh,24.8887,74.6269,0.0,17.06,53.15,0.9,96.26
2025-11-19,Chittorgarh,24.8887,74.6269,0.0,17.6,54.68,0.94,96.19
2025-11-20,Chittorgarh,24.8887,74.6269,0.0,17.36,61.84,1.05,96.26
2025-11-21,Chittorgarh,24.8887,74.6269,0.0,16.75,68.05,1.14,96.34
2025-11-22,Chittorgarh,24.8887,74.6269,0.0,17.73,63.23,1.07,96.2
2025-11-23,Chittorgarh,24.8887,74.6269,0.0,17.89,60.5,1.06,96.15
2025-11-24,Chittorgarh,24.8887,74.6269,0.0,16.43,75.8,1.56,96.22
2025-11-25,Chittorgarh,24.8887,74.6269,0.0,16.58,79.63,1.69,96.23
2025-11-26,Chittorgarh,24.8887,74.6269,0.0,17.19,80.96,1.62,96.19
2025-11-27,Chittorgarh,24.8887,74.6269,0.01,18.91,86.45,1.66,96.28
2025-11-28,Chittorgarh,24.8887,74.6269,0.0,19.1,82.04,1.02,96.24
2025-11-29,Chittorgarh,24.8887,74.6269,0.0,19.25,78.23,0.75,96.12
2025-11-30,Chittorgarh,24.8887,74.6269,0.0,19.69,72.77,0.98,96.07
2025-12-01,Chittorgarh,24.8887,74.6269,0.0,19.23,68.59,0.9,96.01
2025-12-02,Chittorgarh,24.8887,74.6269,0.0,18.5,63.86,1.0,96.01
2025-12-03,Chittorgarh,24.8887,74.6269,0.0,16.25,72.56,1.57,96.29
2025-12-04,Chittorgarh,24.8887,74.6269,0.0,15.57,70.72,1.35,96.4
2025-12-05,Chittorgarh,24.8887,74.6269,0.0,15.49,70.02,1.26,96.52
2025-12-06,Chittorgarh,24.8887,74.6269,0.0,15.72,57.14,1.3,96.5
2025-12-07,Chittorgarh,24.8887,74.6269,0.0,17.87,48.57,1.01,96.42
2025-12-08,Chittorgarh,24.8887,74.6269,0.0,18.82,43.64,0.82,96.43
2025-12-09,Chittorgarh,24.8887,74.6269,0.0,18.1,43.01,1.04,96.41
2025-12-10,Chittorgarh,24.8887,74.6269,0.0,18.57,41.12,0.81,96.37
2025-12-11,Chittorgarh,24.8887,74.6269,0.0,19.14,39.02,0.56,96.28
2025-12-12,Chittorgarh,24.8887,74.6269,0.0,18.38,42.22,0.99,96.18
2025-12-13,Chittorgarh,24.8887,74.6269,0.0,18.1,50.98,1.17,96.21
2025-12-14,Chittorgarh,24.8887,74.6269,0.0,17.2,62.68,1.19,96.29
2025-12-15,Chittorgarh,24.8887,74.6269,0.0,17.41,64.17,1.01,96.32
2025-12-16,Chittorgarh,24.8887,74.6269,0.0,16.9,62.07,1.22,96.3
2025-12-17,Chittorgarh,24.8887,74.6269,0.0,17.61,54.29,0.81,96.38
2025-12-18,Chittorgarh,24.8887,74.6269,0.0,17.51,50.49,0.92,96.39
2025-12-19,Chittorgarh,24.8887,74.6269,0.0,18.2,50.56,1.22,96.17
2025-12-20,Chittorgarh,24.8887,74.6269,0.0,18.03,53.52,1.17,96.01
2025-12-21,Chittorgarh,24.8887,74.6269,0.0,17.01,59.77,1.42,96.13
2025-12-22,Chittorgarh,24.8887,74.6269,0.0,17.95,57.47,0.96,96.19
2025-12-23,Chittorgarh,24.8887,74.6269,0.0,18.34,57.62,1.33,96.14
2025-12-24,Chittorgarh,24.8887,74.6269,0.0,15.22,61.89,1.31,96.14
2025-12-25,Chittorgarh,24.8887,74.6269,0.0,14.82,60.13,1.07,96.13
2025-12-26,Chittorgarh,24.8887,74.6269,0.0,14.38,62.91,1.28,96.17
2025-12-27,Chittorgarh,24.8887,74.6269,0.0,14.14,58.16,1.2,96.18
2025-12-28,Chittorgarh,24.8887,74.6269,0.0,14.95,58.63,1.35,96.21
2025-12-29,Chittorgarh,24.8887,74.6269,0.0,15.93,59.16,1.27,96.16
2025-12-30,Chittorgarh,24.8887,74.6269,0.0,16.23,60.85,1.57,95.96
2025-12-31,Chittorgarh,24.8887,74.6269,0.47,16.62,65.2,1.57,95.74
2025-01-01,Churu,28.292,74.9618,0.0,14.19,32.34,0.95,98.8
2025-01-02,Churu,28.292,74.9618,0.0,15.31,31.92,0.81,98.74
2025-01-03,Churu,28.292,74.9618,0.0,16.88,40.03,1.18,98.65
2025-01-04,Churu,28.292,74.9618,0.0,18.56,43.04,1.86,98.34
2025-01-05,Churu,28.292,74.9618,0.0,16.64,54.64,2.1,98.31
2025-01-06,Churu,28.292,74.9618,0.0,13.79,52.17,2.03,98.62
2025-01-07,Churu,28.292,74.9618,0.0,11.94,40.06,1.99,98.77
2025-01-08,Churu,28.292,74.9618,0.0,14.1,25.91,1.97,98.54
2025-01-09,Churu,28.292,74.9618,0.0,14.98,26.89,1.48,98.63
2025-01-10,Churu,28.292,74.9618,0.0,14.45,40.97,2.39,98.71
2025-01-11,Churu,28.292,74.9618,8.88,10.57,76.65,2.06,98.66
2025-01-12,Churu,28.292,74.9618,0.16,11.12,76.08,1.54,98.83
2025-01-13,Churu,28.292,74.9618,0.01,12.1,72.32,1.32,98.88
2025-01-14,Churu,28.292,74.9618,0.0,13.49,56.71,1.12,98.79
2025-01-15,Churu,28.292,74.9618,0.02,13.04,50.11,1.88,98.83
2025-01-16,Churu,28.292,74.9618,0.06,13.17,61.85,1.38,98.93
2025-01-17,Churu,28.292,74.9618,0.0,12.67,50.31,1.59,98.99
2025-01-18,Churu,28.292,74.9618,0.0,13.59,40.88,1.42,98.69
2025-01-19,Churu,28.292,74.9618,0.0,16.04,52.75,2.02,98.56
2025-01-20,Churu,28.292,74.9618,0.0,15.28,43.97,1.45,98.55
2025-01-21,Churu,28.292,74.9618,0.0,15.14,42.75,1.53,98.4
2025-01-22,Churu,28.292,74.9618,0.0,16.12,46.24,1.18,98.3
2025-01-23,Churu,28.292,74.9618,0.0,15.98,42.95,1.68,98.52
2025-01-24,Churu,28.292,74.9618,0.0,14.77,37.71,2.09,98.59
2025-01-25,Churu,28.292,74.9618,0.0,13.99,23.31,1.97,98.53
2025-01-26,Churu,28.292,74.9618,0.0,15.08,18.29,1.67,98.46
2025-01-27,Churu,28.292,74.9618,0.0,16.86,15.29,1.38,98.3
2025-01-28,Churu,28.292,74.9618,0.0,16.86,18.76,1.32,98.19
2025-01-29,Churu,28.292,74.9618,0.0,17.77,30.8,2.07,98.19
2025-01-30,Churu,28.292,74.9618,0.0,17.02,30.67,1.65,97.97
2025-01-31,Churu,28.292,74.9618,0.0,17.01,32.13,1.46,97.98
2025-02-01,Churu,28.292,74.9618,0.0,16.52,37.2,1.35,98.25
2025-02-02,Churu,28.292,74.9618,0.0,15.58,39.29,1.43,98.48
2025-02-03,Churu,28.292,74.9618,0.0,17.02,33.29,1.5,98.33
2025-02-04,Churu,28.292,74.9618,0.01,16.88,40.18,1.77,98.36
2025-02-05,Churu,28.292,74.9618,0.0,15.7,31.91,1.86,98.53
2025-02-06,Churu,28.292,74.9618,0.0,15.01,29.89,1.68,98.73
2025-02-07,Churu,28.292,74.9618,0.0,14.2,28.02,2.03,98.71
2025-02-08,Churu,28.292,74.9618,0.0,17.49,20.44,1.51,98.52
2025-02-09,Churu,28.292,74.9618,0.0,19.73,17.39,0.73,98.34
2025-02-10,Churu,28.292,74.9618,0.0,19.86,24.99,1.5,98.28
2025-02-11,Churu,28.292,74.9618,0.0,19.88,28.73,1.55,98.24
2025-02-12,Churu,28.292,74.9618,0.0,17.6,36.6,1.98,98.49
2025-02-13,Churu,28.292,74.9618,0.0,18.31,26.06,1.48,98.53
2025-02-14,Churu,28.292,74.9618,0.0,20.94,21.38,1.44,98.27
2025-02-15,Churu,28.292,74.9618,0.0,20.63,31.08,1.89,97.97
2025-02-16,Churu,28.292,74.9618,0.0,19.86,40.06,1.79,98.19
2025-02-17,Churu,28.292,74.9618,0.0,21.52,32.23,1.79,98.41
2025-02-18,Churu,28.292,74.9618,0.12,21.63,34.65,1.73,98.4
2025-02-19,Churu,28.292,74.9618,2.26,21.36,35.13,1.28,98.2
2025-02-20,Churu,28.292,74.9618,0.11,21.12,44.59,3.98,98.15
2025-02-21,Churu,28.292,74.9618,0.01,17.94,52.92,1.89,98.66
2025-02-22,Churu,28.292,74.9618,0.0,18.38,45.62,2.08,98.65
2025-02-23,Churu,28.292,74.9618,0.0,20.24,37.89,1.21,98.67
2025-02-24,Churu,28.292,74.9618,0.0,20.9,36.88,1.21,98.78
2025-02-25,Churu,28.292,74.9618,0.0,23.45,35.68,1.77,98.68
2025-02-26,Churu,28.292,74.9618,0.02,24.23,36.32,2.11,98.67
2025-02-27,Churu,28.292,74.9618,0.07,24.17,38.79,2.07,98.3
2025-02-28,Churu,28.292,74.9618,11.37,20.49,72.02,2.66,98.07
2025-03-01,Churu,28.292,74.9618,0.71,20.45,62.43,1.58,98.2
2025-03-02,Churu,28.292,74.9618,0.02,19.49,45.06,1.96,98.26
2025-03-03,Churu,28.292,74.9618,0.0,22.09,32.67,3.39,97.95
2025-03-04,Churu,28.292,74.9618,0.0,17.78,35.23,3.38,98.38
2025-03-05,Churu,28.292,74.9618,0.0,16.39,30.5,3.28,98.56
2025-03-06,Churu,28.292,74.9618,0.0,19.96,19.44,2.37,98.25
2025-03-07,Churu,28.292,74.9618,0.0,22.68,19.55,1.75,98.02
2025-03-08,Churu,28.292,74.9618,0.0,23.86,22.44,1.61,97.89
2025-03-09,Churu,28.292,74.9618,0.0,24.97,24.59,1.92,98.05
2025-03-10,Churu,28.292,74.9618,0.0,25.43,27.8,1.88,98.37
2025-03-11,Churu,28.292,74.9618,0.0,25.88,27.67,1.5,98.29
2025-03-12,Churu,28.292,74.9618,0.0,25.98,34.85,1.59,97.94
2025-03-13,Churu,28.292,74.9618,0.42,27.35,34.89,2.1,97.67
2025-03-14,Churu,28.292,74.9618,1.84,26.1,32.08,2.38,97.75
2025-03-15,Churu,28.292,74.9618,0.0,23.04,47.65,2.73,97.99
2025-03-16,Churu,28.292,74.9618,0.11,23.12,37.85,1.78,98.22
2025-03-17,Churu,28.292,74.9618,0.13,23.71,34.43,1.52,98.27
2025-03-18,Churu,28.292,74.9618,0.0,24.86,25.37,1.19,98.25
2025-03-19,Churu,28.292,74.9618,0.0,25.76,23.17,1.56,98.25
2025-03-20,Churu,28.292,74.9618,0.0,25.48,25.42,2.03,98.4
2025-03-21,Churu,28.292,74.9618,0.0,25.56,26.13,1.8,98.39
2025-03-22,Churu,28.292,74.9618,0.0,25.89,21.86,1.75,98.24
2025-03-23,Churu,28.292,74.9618,0.0,26.14,19.56,1.53,98.34
2025-03-24,Churu,28.292,74.9618,0.0,27.14,17.45,1.79,98.23
2025-03-25,Churu,28.292,74.9618,0.0,28.73,17.78,1.86,97.85
2025-03-26,Churu,28.292,74.9618,0.0,28.84,21.98,2.63,97.6
2025-03-27,Churu,28.292,74.9618,0.0,27.52,21.52,3.85,97.63
2025-03-28,Churu,28.292,74.9618,0.0,22.37,12.54,3.0,98.03
2025-03-29,Churu,28.292,74.9618,0.0,20.26,15.52,2.54,98.09
2025-03-30,Churu,28.292,74.9618,0.0,23.76,14.13,1.71,98.05
2025-03-31,Churu,28.292,74.9618,0.0,26.33,13.15,1.65,98.07
2025-04-01,Churu,28.292,74.9618,0.0,27.58,14.27,1.46,97.94
2025-04-02,Churu,28.292,74.9618,0.0,28.64,12.97,1.29,97.95
2025-04-03,Churu,28.292,74.9618,0.0,29.31,14.96,2.66,97.97
2025-04-04,Churu,28.292,74.9618,0.0,28.98,18.95,1.96,98.05
2025-04-05,Churu,28.292,74.9618,0.0,28.56,23.29,2.31,97.88
2025-04-06,Churu,28.292,74.9618,0.0,31.94,18.64,1.7,97.64
2025-04-07,Churu,28.292,74.9618,0.0,32.86,19.39,1.81,97.67
2025-04-08,Churu,28.292,74.9618,0.0,33.29,19.02,2.02,97.82
2025-04-09,Churu,28.292,74.9618,0.0,33.9,18.02,1.48,97.65
2025-04-10,Churu,28.292,74.9618,0.16,33.83,20.84,1.3,97.25
2025-04-11,Churu,28.292,74.9618,0.54,31.45,23.65,3.57,97.13
2025-04-12,Churu,28.292,74.9618,0.36,30.7,31.65,2.17,97.51
2025-04-13,Churu,28.292,74.9618,0.0,31.35,28.54,1.89,97.75
2025-04-14,Churu,28.292,74.9618,0.0,32.51,23.87,1.72,97.67
2025-04-15,Churu,28.292,74.9618,0.0,32.34,26.35,2.54,97.7
2025-04-16,Churu,28.292,74.9618,0.0,33.89,24.98,1.87,97.57
2025-04-17,Churu,28.292,74.9618,0.0,34.35,23.13,2.46,97.32
2025-04-18,Churu,28.292,74.9618,0.14,35.39,21.08,2.58,97.13
2025-04-19,Churu,28.292,74.9618,0.0,33.3,19.08,3.94,97.13
2025-04-20,Churu,28.292,74.9618,0.0,32.49,14.86,3.58,97.26
2025-04-21,Churu,28.292,74.9618,0.0,31.26,9.69,2.95,97.67
2025-04-22,Churu,28.292,74.9618,0.0,30.78,9.01,2.16,97.82
2025-04-23,Churu,28.292,74.9618,0.0,31.53,7.64,1.97,97.59
2025-04-24,Churu,28.292,74.9618,0.0,32.42,10.56,2.31,97.31
2025-04-25,Churu,28.292,74.9618,0.0,34.24,10.94,1.99,97.34
2025-04-26,Churu,28.292,74.9618,0.0,34.01,11.14,1.28,97.34
2025-04-27,Churu,28.292,74.9618,0.0,34.23,12.85,1.62,97.5
2025-04-28,Churu,28.292,74.9618,0.0,34.5,11.83,1.68,97.34
2025-04-29,Churu,28.292,74.9618,0.0,33.43,16.52,2.91,97.37
2025-04-30,Churu,28.292,74.9618,0.0,33.84,20.76,3.42,97.47
2025-05-01,Churu,28.292,74.9618,0.01,34.1,28.85,4.42,97.57
2025-05-02,Churu,28.292,74.9618,11.9,29.72,48.38,4.13,97.72
2025-05-03,Churu,28.292,74.9618,0.15,32.43,42.53,3.2,97.37
2025-05-04,Churu,28.292,74.9618,3.94,31.12,42.63,3.05,97.34
2025-05-05,Churu,28.292,74.9618,0.12,29.43,47.4,2.25,97.52
2025-05-06,Churu,28.292,74.9618,0.07,29.57,40.69,2.55,97.47
2025-05-07,Churu,28.292,74.9618,0.55,30.64,41.75,2.66,97.41
2025-05-08,Churu,28.292,74.9618,0.15,31.82,38.07,2.85,97.45
2025-05-09,Churu,28.292,74.9618,1.34,32.36,37.64,1.5,97.56
2025-05-10,Churu,28.292,74.9618,0.01,33.43,35.85,1.32,97.53
2025-05-11,Churu,28.292,74.9618,0.06,35.43,31.97,1.69,97.37
2025-05-12,Churu,28.292,74.9618,2.52,35.23,29.07,2.42,97.3
2025-05-13,Churu,28.292,74.9618,5.2,34.11,36.8,3.2,97.33
2025-05-14,Churu,28.292,74.9618,0.95,35.46,28.15,2.07,97.35
2025-05-15,Churu,28.292,74.9618,0.0,36.27,23.3,3.05,97.33
2025-05-16,Churu,28.292,74.9618,0.0,36.66,19.97,4.62,97.19
2025-05-17,Churu,28.292,74.9618,0.0,37.26,24.93,6.09,97.16
2025-05-18,Churu,28.292,74.9618,0.0,37.81,25.93,5.18,97.15
2025-05-19,Churu,28.292,74.9618,0.0,38.11,27.66,4.46,97.1
2025-05-20,Churu,28.292,74.9618,0.0,38.35,23.15,4.7,96.98
2025-05-21,Churu,28.292,74.9618,0.0,38.43,20.16,3.57,96.98
2025-05-22,Churu,28.292,74.9618,0.01,37.55,24.6,2.71,96.95
2025-05-23,Churu,28.292,74.9618,0.0,37.05,27.91,3.12,96.77
2025-05-24,Churu,28.292,74.9618,1.65,37.52,29.34,4.66,96.81
2025-05-25,Churu,28.292,74.9618,22.18,31.6,54.91,4.38,97.22
2025-05-26,Churu,28.292,74.9618,0.0,32.66,48.08,3.13,97.12
2025-05-27,Churu,28.292,74.9618,0.0,34.83,38.49,3.03,96.88
2025-05-28,Churu,28.292,74.9618,0.0,36.67,33.95,2.75,96.74
2025-05-29,Churu,28.292,74.9618,0.07,37.46,32.66,2.62,96.52
2025-05-30,Churu,28.292,74.9618,0.22,36.12,32.08,2.79,96.5
2025-05-31,Churu,28.292,74.9618,0.24,36.23,25.06,4.16,96.67
2025-06-01,Churu,28.292,74.9618,7.56,34.24,39.23,4.46,96.84
2025-06-02,Churu,28.292,74.9618,8.03,33.96,38.73,2.15,96.81
2025-06-03,Churu,28.292,74.9618,6.34,30.02,60.1,3.1,97.07
2025-06-04,Churu,28.292,74.9618,1.07,31.29,46.88,3.42,97.33
2025-06-05,Churu,28.292,74.9618,0.08,33.39,35.71,2.32,97.59
2025-06-06,Churu,28.292,74.9618,0.07,35.1,32.79,2.34,97.51
2025-06-07,Churu,28.292,74.9618,0.0,37.09,27.9,2.03,97.34
2025-06-08,Churu,28.292,74.9618,0.0,38.14,23.78,3.19,97.22
2025-06-09,Churu,28.292,74.9618,0.0,38.1,17.93,5.51,97.11
2025-06-10,Churu,28.292,74.9618,0.0,38.11,20.92,4.73,97.0
2025-06-11,Churu,28.292,74.9618,0.0,38.54,20.56,3.44,97.02
2025-06-12,Churu,28.292,74.9618,0.0,39.57,17.07,1.7,96.92
2025-06-13,Churu,28.292,74.9618,0.0,39.88,23.83,3.6,96.85
2025-06-14,Churu,28.292,74.9618,0.28,39.96,25.68,3.76,96.74
2025-06-15,Churu,28.292,74.9618,0.1,38.34,30.58,4.56,96.64
2025-06-16,Churu,28.292,74.9618,11.15,34.13,51.49,3.58,96.76
2025-06-17,Churu,28.292,74.9618,35.31,29.77,78.24,2.81,96.93
2025-06-18,Churu,28.292,74.9618,4.35,30.81,72.27,1.76,96.71
2025-06-19,Churu,28.292,74.9618,0.14,33.57,54.36,3.13,96.58
2025-06-20,Churu,28.292,74.9618,0.69,33.82,56.93,3.87,96.78
2025-06-21,Churu,28.292,74.9618,1.26,34.19,53.15,2.27,96.91
2025-06-22,Churu,28.292,74.9618,5.66,33.66,56.29,1.4,96.85
2025-06-23,Churu,28.292,74.9618,6.24,34.21,58.25,1.78,96.62
2025-06-24,Churu,28.292,74.9618,1.38,35.13,53.25,2.94,96.54
2025-06-25,Churu,28.292,74.9618,3.05,33.81,60.26,3.36,96.79
2025-06-26,Churu,28.292,74.9618,8.49,33.87,59.03,3.48,96.99
2025-06-27,Churu,28.292,74.9618,2.81,33.22,60.43,2.91,96.93
2025-06-28,Churu,28.292,74.9618,0.4,34.14,55.82,2.47,96.79
2025-06-29,Churu,28.292,74.9618,8.89,34.61,54.08,3.4,96.58
2025-06-30,Churu,28.292,74.9618,26.13,30.67,73.87,3.25,96.66
2025-07-01,Churu,28.292,74.9618,1.7,32.56,62.15,2.75,96.78
2025-07-02,Churu,28.292,74.9618,0.63,33.54,55.13,3.33,96.77
2025-07-03,Churu,28.292,74.9618,0.08,34.07,56.88,3.21,96.82
2025-07-04,Churu,28.292,74.9618,2.26,34.8,54.37,2.55,96.85
2025-07-05,Churu,28.292,74.9618,2.3,34.95,55.04,1.91,96.78
2025-07-06,Churu,28.292,74.9618,22.82,31.36,73.86,2.13,96.77
2025-07-07,Churu,28.292,74.9618,5.59,30.43,75.24,1.54,96.86
2025-07-08,Churu,28.292,74.9618,1.75,32.52,61.41,2.77,96.91
2025-07-09,Churu,28.292,74.9618,14.46,31.08,70.52,2.76,96.97
2025-07-10,Churu,28.292,74.9618,31.47,28.98,82.46,2.85,97.09
2025-07-11,Churu,28.292,74.9618,0.88,30.61,69.22,1.5,97.11
2025-07-12,Churu,28.292,74.9618,5.76,29.72,74.41,1.13,97.13
2025-07-13,Churu,28.292,74.9618,4.07,30.61,68.95,1.77,97.08
2025-07-14,Churu,28.292,74.9618,18.9,28.62,82.39,3.73,96.88
2025-07-15,Churu,28.292,74.9618,17.62,28.89,82.44,3.04,96.67
2025-07-16,Churu,28.292,74.9618,1.75,30.22,73.97,2.67,96.88
2025-07-17,Churu,28.292,74.9618,2.53,29.93,71.0,1.1,97.15
2025-07-18,Churu,28.292,74.9618,11.33,29.62,78.15,3.46,97.09
2025-07-19,Churu,28.292,74.9618,7.95,29.29,78.24,4.13,96.65
2025-07-20,Churu,28.292,74.9618,0.01,31.17,68.1,3.65,96.74
2025-07-21,Churu,28.292,74.9618,0.53,31.09,65.99,2.74,97.0
2025-07-22,Churu,28.292,74.9618,5.75,31.28,70.86,2.84,96.89
2025-07-23,Churu,28.292,74.9618,1.28,32.39,62.46,3.45,96.64
2025-07-24,Churu,28.292,74.9618,1.19,32.89,58.91,2.99,96.57
2025-07-25,Churu,28.292,74.9618,0.68,33.82,55.24,2.75,96.57
2025-07-26,Churu,28.292,74.9618,3.81,33.41,61.11,0.96,96.61
2025-07-27,Churu,28.292,74.9618,2.91,33.57,59.4,1.33,96.61
2025-07-28,Churu,28.292,74.9618,0.87,33.57,56.7,2.38,96.55
2025-07-29,Churu,28.292,74.9618,2.9,33.53,57.79,2.76,96.63
2025-07-30,Churu,28.292,74.9618,10.07,31.47,64.98,1.48,96.75
2025-07-31,Churu,28.292,74.9618,38.13,27.98,87.7,2.38,96.88
2025-08-01,Churu,28.292,74.9618,14.96,27.93,85.04,3.17,97.02
2025-08-02,Churu,28.292,74.9618,4.94,29.89,72.57,3.12,97.05
2025-08-03,Churu,28.292,74.9618,0.0,31.85,60.67,3.79,97.15
2025-08-04,Churu,28.292,74.9618,0.0,32.39,58.58,4.59,97.21
2025-08-05,Churu,28.292,74.9618,0.0,31.69,61.33,4.74,97.2
2025-08-06,Churu,28.292,74.9618,0.01,31.42,58.64,3.4,97.3
2025-08-07,Churu,28.292,74.9618,0.0,32.21,57.48,3.5,97.23
2025-08-08,Churu,28.292,74.9618,0.28,32.6,53.29,3.22,97.28
2025-08-09,Churu,28.292,74.9618,0.79,32.24,53.95,2.26,97.5
2025-08-10,Churu,28.292,74.9618,0.66,32.32,55.81,2.28,97.36
2025-08-11,Churu,28.292,74.9618,0.39,32.79,54.85,3.47,97.26
2025-08-12,Churu,28.292,74.9618,0.01,32.34,55.79,3.05,97.16
2025-08-13,Churu,28.292,74.9618,0.22,31.98,58.63,2.14,97.09
2025-08-14,Churu,28.292,74.9618,4.29,28.15,75.99,1.98,97.37
2025-08-15,Churu,28.292,74.9618,0.02,30.47,66.72,1.16,97.26
2025-08-16,Churu,28.292,74.9618,0.01,31.05,64.85,1.85,97.07
2025-08-17,Churu,28.292,74.9618,0.01,32.33,62.39,3.67,97.14
2025-08-18,Churu,28.292,74.9618,0.01,31.22,68.05,3.63,97.33
2025-08-19,Churu,28.292,74.9618,0.28,31.06,67.35,3.12,97.23
2025-08-20,Churu,28.292,74.9618,0.49,30.86,67.8,3.35,97.17
2025-08-21,Churu,28.292,74.9618,0.72,31.23,66.03,2.51,97.16
2025-08-22,Churu,28.292,74.9618,1.52,32.43,59.87,1.55,96.93
2025-08-23,Churu,28.292,74.9618,12.81,28.82,81.05,2.2,97.01
2025-08-24,Churu,28.292,74.9618,17.84,28.93,81.19,1.5,97.06
2025-08-25,Churu,28.292,74.9618,15.63,28.66,83.61,1.95,96.95
2025-08-26,Churu,28.292,74.9618,1.81,29.87,76.02,1.39,97.11
2025-08-27,Churu,28.292,74.9618,2.53,31.34,65.01,0.81,97.19
2025-08-28,Churu,28.292,74.9618,2.17,32.16,62.47,1.32,97.11
2025-08-29,Churu,28.292,74.9618,7.92,30.15,76.6,2.9,97.21
2025-08-30,Churu,28.292,74.9618,13.33,28.11,85.96,2.48,97.42
2025-08-31,Churu,28.292,74.9618,54.65,27.92,89.99,1.65,97.18
2025-09-01,Churu,28.292,74.9618,19.82,27.55,85.44,1.42,96.89
2025-09-02,Churu,28.292,74.9618,11.04,27.8,81.75,1.92,97.01
2025-09-03,Churu,28.292,74.9618,2.21,28.9,72.97,1.35,97.31
2025-09-04,Churu,28.292,74.9618,8.2,27.6,82.7,2.08,97.43
2025-09-05,Churu,28.292,74.9618,6.48,27.67,80.93,3.84,97.42
2025-09-06,Churu,28.292,74.9618,3.6,28.35,79.39,4.31,97.35
2025-09-07,Churu,28.292,74.9618,3.04,28.8,76.05,3.58,97.32
2025-09-08,Churu,28.292,74.9618,0.67,29.06,72.06,2.83,97.48
2025-09-09,Churu,28.292,74.9618,0.02,29.7,67.95,1.77,97.74
2025-09-10,Churu,28.292,74.9618,0.0,29.28,63.03,3.38,97.68
2025-09-11,Churu,28.292,74.9618,0.0,29.08,64.46,3.45,97.57
2025-09-12,Churu,28.292,74.9618,0.0,29.25,64.47,2.7,97.7
2025-09-13,Churu,28.292,74.9618,0.0,29.73,61.8,1.69,97.71
2025-09-14,Churu,28.292,74.9618,0.0,30.89,59.44,2.11,97.64
2025-09-15,Churu,28.292,74.9618,0.0,30.09,60.09,2.67,97.46
2025-09-16,Churu,28.292,74.9618,0.0,30.77,59.58,2.02,97.44
2025-09-17,Churu,28.292,74.9618,0.0,31.74,57.31,1.56,97.48
2025-09-18,Churu,28.292,74.9618,0.05,31.43,57.53,1.54,97.49
2025-09-19,Churu,28.292,74.9618,0.0,31.5,54.08,1.45,97.59
2025-09-20,Churu,28.292,74.9618,0.0,30.62,53.4,2.01,97.6
2025-09-21,Churu,28.292,74.9618,0.0,30.3,47.23,2.08,97.52
2025-09-22,Churu,28.292,74.9618,0.0,30.05,46.63,2.13,97.56
2025-09-23,Churu,28.292,74.9618,0.0,29.57,47.12,2.2,97.53
2025-09-24,Churu,28.292,74.9618,0.0,29.54,51.84,2.28,97.4
2025-09-25,Churu,28.292,74.9618,0.0,29.96,52.58,1.9,97.47
2025-09-26,Churu,28.292,74.9618,0.0,30.38,48.21,1.94,97.61
2025-09-27,Churu,28.292,74.9618,0.0,30.73,53.44,1.72,97.77
2025-09-28,Churu,28.292,74.9618,0.0,31.41,59.8,2.67,97.62
2025-09-29,Churu,28.292,74.9618,0.42,31.05,62.21,2.77,97.46
2025-09-30,Churu,28.292,74.9618,2.71,29.59,69.03,2.2,97.33
2025-10-01,Churu,28.292,74.9618,0.71,28.84,66.67,1.5,97.34
2025-10-02,Churu,28.292,74.9618,0.86,29.28,65.7,2.0,97.63
2025-10-03,Churu,28.292,74.9618,0.12,28.43,67.8,1.96,97.95
2025-10-04,Churu,28.292,74.9618,0.0,29.75,56.09,1.52,97.79
2025-10-05,Churu,28.292,74.9618,3.41,28.57,63.39,2.5,97.66
2025-10-06,Churu,28.292,74.9618,30.57,25.82,82.73,2.14,97.76
2025-10-07,Churu,28.292,74.9618,5.95,24.34,75.04,1.55,97.88
2025-10-08,Churu,28.292,74.9618,0.05,22.33,63.54,1.61,98.19
2025-10-09,Churu,28.292,74.9618,0.08,23.99,51.15,1.32,98.31
2025-10-10,Churu,28.292,74.9618,0.0,24.9,46.21,1.31,98.15
2025-10-11,Churu,28.292,74.9618,0.0,25.28,46.63,1.43,98.15
2025-10-12,Churu,28.292,74.9618,0.0,25.75,45.36,1.19,98.12
2025-10-13,Churu,28.292,74.9618,0.0,26.11,36.88,1.01,98.18
2025-10-14,Churu,28.292,74.9618,0.0,25.59,38.71,0.92,98.06
2025-10-15,Churu,28.292,74.9618,0.0,25.15,46.53,1.02,98.04
2025-10-16,Churu,28.292,74.9618,0.0,25.46,41.63,1.17,98.07
2025-10-17,Churu,28.292,74.9618,0.0,25.91,42.77,1.03,98.21
2025-10-18,Churu,28.292,74.9618,0.0,26.15,43.09,1.04,98.14
2025-10-19,Churu,28.292,74.9618,0.0,25.58,44.78,1.53,98.04
2025-10-20,Churu,28.292,74.9618,0.0,25.04,48.5,1.83,98.07
2025-10-21,Churu,28.292,74.9618,0.0,26.22,47.44,0.95,98.23
2025-10-22,Churu,28.292,74.9618,0.0,26.45,44.84,1.33,98.3
2025-10-23,Churu,28.292,74.9618,0.0,25.78,37.47,1.26,98.22
2025-10-24,Churu,28.292,74.9618,0.0,25.35,39.69,1.41,98.18
2025-10-25,Churu,28.292,74.9618,0.0,25.62,40.61,1.36,98.11
2025-10-26,Churu,28.292,74.9618,0.0,24.1,45.32,1.68,98.18
2025-10-27,Churu,28.292,74.9618,0.02,23.81,57.03,1.79,98.26
2025-10-28,Churu,28.292,74.9618,0.08,22.69,69.16,2.15,98.33
2025-10-29,Churu,28.292,74.9618,0.0,23.47,57.48,1.47,98.21
2025-10-30,Churu,28.292,74.9618,0.01,24.09,60.56,1.51,98.13
2025-10-31,Churu,28.292,74.9618,0.0,24.56,58.23,1.57,98.08
2025-11-01,Churu,28.292,74.9618,0.0,25.21,38.19,0.86,98.1
2025-11-02,Churu,28.292,74.9618,0.0,24.93,35.32,1.4,98.12
2025-11-03,Churu,28.292,74.9618,0.01,24.39,33.37,1.95,97.9
2025-11-04,Churu,28.292,74.9618,0.17,24.47,54.15,1.9,97.8
2025-11-05,Churu,28.292,74.9618,0.12,20.68,43.93,2.27,98.01
2025-11-06,Churu,28.292,74.9618,0.0,19.15,38.19,1.65,98.28
2025-11-07,Churu,28.292,74.9618,0.0,20.18,23.66,1.42,98.42
2025-11-08,Churu,28.292,74.9618,0.0,20.41,25.47,1.51,98.45
2025-11-09,Churu,28.292,74.9618,0.0,20.32,27.48,1.28,98.33
2025-11-10,Churu,28.292,74.9618,0.0,20.02,28.53,1.35,98.27
2025-11-11,Churu,28.292,74.9618,0.0,19.51,31.37,1.36,98.41
2025-11-12,Churu,28.292,74.9618,0.0,20.15,30.74,1.43,98.49
2025-11-13,Churu,28.292,74.9618,0.0,20.51,25.75,1.17,98.64
2025-11-14,Churu,28.292,74.9618,0.0,20.54,24.9,1.23,98.61
2025-11-15,Churu,28.292,74.9618,0.0,20.38,23.46,1.08,98.73
2025-11-16,Churu,28.292,74.9618,0.0,20.11,23.5,1.16,98.91
2025-11-17,Churu,28.292,74.9618,0.0,19.54,26.48,1.41,98.79
2025-11-18,Churu,28.292,74.9618,0.0,19.43,29.47,1.42,98.62
2025-11-19,Churu,28.292,74.9618,0.0,20.02,29.78,1.11,98.56
2025-11-20,Churu,28.292,74.9618,0.0,20.45,33.34,0.89,98.59
2025-11-21,Churu,28.292,74.9618,0.0,19.52,41.46,1.32,98.7
2025-11-22,Churu,28.292,74.9618,0.0,18.47,41.03,1.16,98.6
2025-11-23,Churu,28.292,74.9618,0.0,18.05,41.13,1.33,98.6
2025-11-24,Churu,28.292,74.9618,0.0,17.56,38.88,1.49,98.72
2025-11-25,Churu,28.292,74.9618,0.0,17.03,36.39,1.46,98.74
2025-11-26,Churu,28.292,74.9618,0.0,16.77,33.12,1.59,98.72
2025-11-27,Churu,28.292,74.9618,0.0,16.84,39.0,1.62,98.8
2025-11-28,Churu,28.292,74.9618,0.0,18.04,44.79,0.92,98.71
2025-11-29,Churu,28.292,74.9618,0.0,16.98,43.3,1.34,98.58
2025-11-30,Churu,28.292,74.9618,0.0,16.97,29.15,1.33,98.49
2025-12-01,Churu,28.292,74.9618,0.0,17.47,29.36,1.41,98.38
2025-12-02,Churu,28.292,74.9618,0.0,16.66,43.3,1.45,98.4
2025-12-03,Churu,28.292,74.9618,0.0,15.27,32.63,1.35,98.79
2025-12-04,Churu,28.292,74.9618,0.0,16.22,27.12,1.27,98.85
2025-12-05,Churu,28.292,74.9618,0.0,16.63,24.21,1.27,98.97
2025-12-06,Churu,28.292,74.9618,0.0,15.96,28.51,1.5,98.92
2025-12-07,Churu,28.292,74.9618,0.0,16.85,26.74,1.4,98.82
2025-12-08,Churu,28.292,74.9618,0.0,17.63,28.8,1.62,98.83
2025-12-09,Churu,28.292,74.9618,0.0,17.75,29.03,1.71,98.78
2025-12-10,Churu,28.292,74.9618,0.0,17.31,30.53,1.65,98.72
2025-12-11,Churu,28.292,74.9618,0.0,18.41,26.27,1.77,98.62
2025-12-12,Churu,28.292,74.9618,0.0,18.46,25.01,1.23,98.52
2025-12-13,Churu,28.292,74.9618,0.0,18.68,29.0,1.18,98.59
2025-12-14,Churu,28.292,74.9618,0.0,18.97,33.64,0.85,98.7
2025-12-15,Churu,28.292,74.9618,0.0,18.65,33.09,1.15,98.71
2025-12-16,Churu,28.292,74.9618,0.0,16.99,35.03,1.39,98.7
2025-12-17,Churu,28.292,74.9618,0.0,17.72,33.95,1.73,98.74
2025-12-18,Churu,28.292,74.9618,0.0,18.13,31.26,1.16,98.79
2025-12-19,Churu,28.292,74.9618,0.0,18.44,28.96,1.41,98.56
2025-12-20,Churu,28.292,74.9618,0.0,18.49,29.0,1.24,98.35
2025-12-21,Churu,28.292,74.9618,0.0,18.96,37.89,1.55,98.5
2025-12-22,Churu,28.292,74.9618,0.0,19.7,45.04,1.03,98.57
2025-12-23,Churu,28.292,74.9618,0.0,17.51,50.54,1.68,98.55
2025-12-24,Churu,28.292,74.9618,0.0,14.13,44.13,2.23,98.54
2025-12-25,Churu,28.292,74.9618,0.0,15.58,30.57,1.29,98.56
2025-12-26,Churu,28.292,74.9618,0.0,16.84,26.85,1.03,98.61
2025-12-27,Churu,28.292,74.9618,0.0,16.53,26.24,1.2,98.62
2025-12-28,Churu,28.292,74.9618,0.0,15.99,29.29,1.11,98.66
2025-12-29,Churu,28.292,74.9618,0.0,15.63,33.12,1.34,98.6
2025-12-30,Churu,28.292,74.9618,0.0,16.04,35.14,1.23,98.35
2025-12-31,Churu,28.292,74.9618,0.01,15.59,54.05,1.9,98.05
2025-01-01,Dausa,26.8932,76.3375,0.0,14.39,43.79,0.81,97.59
2025-01-02,Dausa,26.8932,76.3375,0.0,15.67,42.75,0.97,97.57
2025-01-03,Dausa,26.8932,76.3375,0.0,16.79,49.54,1.01,97.53
2025-01-04,Dausa,26.8932,76.3375,0.0,16.21,54.33,1.49,97.3
2025-01-05,Dausa,26.8932,76.3375,0.0,15.12,64.9,1.99,97.21
2025-01-06,Dausa,26.8932,76.3375,0.0,14.09,70.78,1.28,97.37
2025-01-07,Dausa,26.8932,76.3375,0.0,12.1,55.6,1.86,97.54
2025-01-08,Dausa,26.8932,76.3375,0.0,13.83,37.96,1.6,97.38
2025-01-09,Dausa,26.8932,76.3375,0.0,15.0,38.25,1.1,97.51
2025-01-10,Dausa,26.8932,76.3375,0.0,12.8,54.95,2.06,97.61
2025-01-11,Dausa,26.8932,76.3375,3.94,11.83,69.46,1.48,97.47
2025-01-12,Dausa,26.8932,76.3375,0.15,12.65,69.26,1.35,97.58
2025-01-13,Dausa,26.8932,76.3375,0.0,12.49,67.08,1.23,97.64
2025-01-14,Dausa,26.8932,76.3375,0.0,13.01,66.66,1.36,97.61
2025-01-15,Dausa,26.8932,76.3375,1.78,13.01,68.17,1.61,97.67
2025-01-16,Dausa,26.8932,76.3375,1.3,13.91,74.76,1.18,97.69
2025-01-17,Dausa,26.8932,76.3375,0.0,12.34,68.31,1.44,97.76
2025-01-18,Dausa,26.8932,76.3375,0.0,13.03,53.19,1.01,97.54
2025-01-19,Dausa,26.8932,76.3375,0.0,16.93,61.78,1.57,97.42
2025-01-20,Dausa,26.8932,76.3375,0.0,17.11,60.75,1.46,97.32
2025-01-21,Dausa,26.8932,76.3375,0.0,17.09,51.36,1.23,97.18
2025-01-22,Dausa,26.8932,76.3375,0.01,16.93,58.99,1.51,97.12
2025-01-23,Dausa,26.8932,76.3375,0.01,16.1,61.5,1.85,97.26
2025-01-24,Dausa,26.8932,76.3375,0.0,14.69,46.35,1.95,97.38
2025-01-25,Dausa,26.8932,76.3375,0.0,14.6,37.94,1.77,97.35
2025-01-26,Dausa,26.8932,76.3375,0.0,15.39,31.43,1.49,97.28
2025-01-27,Dausa,26.8932,76.3375,0.0,16.4,27.86,1.15,97.14
2025-01-28,Dausa,26.8932,76.3375,0.0,16.81,30.59,1.14,97.08
2025-01-29,Dausa,26.8932,76.3375,0.0,16.6,44.32,1.76,97.14
2025-01-30,Dausa,26.8932,76.3375,0.0,16.09,48.92,1.71,96.87
2025-01-31,Dausa,26.8932,76.3375,0.0,17.36,40.57,1.52,96.83
2025-02-01,Dausa,26.8932,76.3375,0.0,17.23,45.95,1.25,97.03
2025-02-02,Dausa,26.8932,76.3375,0.0,16.57,49.67,1.15,97.24
2025-02-03,Dausa,26.8932,76.3375,0.0,17.17,50.08,1.65,97.19
2025-02-04,Dausa,26.8932,76.3375,0.09,17.45,53.99,1.67,97.18
2025-02-05,Dausa,26.8932,76.3375,0.0,15.24,36.48,2.55,97.33
2025-02-06,Dausa,26.8932,76.3375,0.0,14.68,37.45,1.7,97.51
2025-02-07,Dausa,26.8932,76.3375,0.0,14.71,31.42,2.09,97.5
2025-02-08,Dausa,26.8932,76.3375,0.0,17.53,26.27,1.41,97.34
2025-02-09,Dausa,26.8932,76.3375,0.0,18.83,25.42,1.31,97.2
2025-02-10,Dausa,26.8932,76.3375,0.0,20.7,26.51,1.18,97.15
2025-02-11,Dausa,26.8932,76.3375,0.0,20.81,29.18,1.5,97.1
2025-02-12,Dausa,26.8932,76.3375,0.0,18.51,33.11,2.2,97.26
2025-02-13,Dausa,26.8932,76.3375,0.0,18.36,25.29,2.11,97.35
2025-02-14,Dausa,26.8932,76.3375,0.0,20.8,21.91,1.81,97.14
2025-02-15,Dausa,26.8932,76.3375,0.0,22.11,30.01,2.12,96.79
2025-02-16,Dausa,26.8932,76.3375,0.0,20.28,34.81,1.36,96.99
2025-02-17,Dausa,26.8932,76.3375,0.0,20.97,35.66,2.1,97.28
2025-02-18,Dausa,26.8932,76.3375,0.56,22.21,35.92,1.48,97.21
2025-02-19,Dausa,26.8932,76.3375,0.42,21.82,38.36,1.35,97.07
2025-02-20,Dausa,26.8932,76.3375,0.65,21.92,45.73,2.28,97.07
2025-02-21,Dausa,26.8932,76.3375,0.0,20.06,38.42,2.46,97.4
2025-02-22,Dausa,26.8932,76.3375,0.0,19.18,37.77,2.36,97.44
2025-02-23,Dausa,26.8932,76.3375,0.0,20.39,37.11,1.31,97.49
2025-02-24,Dausa,26.8932,76.3375,0.0,20.5,34.01,1.29,97.62
2025-02-25,Dausa,26.8932,76.3375,0.0,21.97,33.63,1.28,97.63
2025-02-26,Dausa,26.8932,76.3375,0.0,23.86,29.89,1.59,97.6
2025-02-27,Dausa,26.8932,76.3375,0.0,21.89,35.7,1.73,97.28
2025-02-28,Dausa,26.8932,76.3375,0.48,22.79,40.06,1.61,96.95
2025-03-01,Dausa,26.8932,76.3375,0.15,22.75,47.41,2.44,96.99
2025-03-02,Dausa,26.8932,76.3375,0.13,22.01,45.3,2.05,97.01
2025-03-03,Dausa,26.8932,76.3375,0.0,23.01,28.73,2.66,96.91
2025-03-04,Dausa,26.8932,76.3375,0.0,20.65,24.27,4.14,97.18
2025-03-05,Dausa,26.8932,76.3375,0.0,17.69,20.46,3.66,97.32
2025-03-06,Dausa,26.8932,76.3375,0.0,20.67,16.06,2.58,97.13
2025-03-07,Dausa,26.8932,76.3375,0.0,22.88,17.9,1.91,96.87
2025-03-08,Dausa,26.8932,76.3375,0.0,23.36,19.1,1.69,96.76
2025-03-09,Dausa,26.8932,76.3375,0.0,24.12,20.77,2.2,96.99
2025-03-10,Dausa,26.8932,76.3375,0.0,25.64,26.3,2.13,97.27
2025-03-11,Dausa,26.8932,76.3375,0.0,26.88,24.38,2.16,97.11
2025-03-12,Dausa,26.8932,76.3375,0.0,27.43,26.77,2.21,96.75
2025-03-13,Dausa,26.8932,76.3375,0.3,27.92,32.32,1.89,96.56
2025-03-14,Dausa,26.8932,76.3375,0.48,28.03,32.34,1.42,96.62
2025-03-15,Dausa,26.8932,76.3375,0.32,26.32,32.62,2.4,96.77
2025-03-16,Dausa,26.8932,76.3375,0.0,25.38,32.84,3.12,96.98
2025-03-17,Dausa,26.8932,76.3375,0.0,24.51,27.46,2.54,97.09
2025-03-18,Dausa,26.8932,76.3375,0.0,23.92,25.41,1.71,97.08
2025-03-19,Dausa,26.8932,76.3375,0.0,24.77,19.32,1.37,97.14
2025-03-20,Dausa,26.8932,76.3375,0.0,25.59,20.16,2.08,97.25
2025-03-21,Dausa,26.8932,76.3375,0.0,25.14,23.14,1.99,97.24
2025-03-22,Dausa,26.8932,76.3375,0.0,26.04,19.53,2.48,97.09
2025-03-23,Dausa,26.8932,76.3375,0.04,25.72,17.0,1.04,97.21
2025-03-24,Dausa,26.8932,76.3375,0.0,26.67,16.17,1.7,97.15
2025-03-25,Dausa,26.8932,76.3375,0.0,28.88,16.13,1.24,96.76
2025-03-26,Dausa,26.8932,76.3375,0.0,30.07,16.13,1.57,96.52
2025-03-27,Dausa,26.8932,76.3375,0.0,29.07,19.17,3.45,96.57
2025-03-28,Dausa,26.8932,76.3375,0.0,25.22,7.66,3.41,96.8
2025-03-29,Dausa,26.8932,76.3375,0.0,23.42,8.54,2.93,96.87
2025-03-30,Dausa,26.8932,76.3375,0.0,25.35,10.07,1.97,96.88
2025-03-31,Dausa,26.8932,76.3375,0.0,26.32,11.6,1.94,96.9
2025-04-01,Dausa,26.8932,76.3375,0.0,27.24,12.48,1.91,96.8
2025-04-02,Dausa,26.8932,76.3375,0.0,28.01,10.83,1.49,96.87
2025-04-03,Dausa,26.8932,76.3375,0.0,28.87,14.58,2.22,96.92
2025-04-04,Dausa,26.8932,76.3375,0.31,29.94,15.45,2.28,96.89
2025-04-05,Dausa,26.8932,76.3375,0.0,29.57,17.23,2.48,96.75
2025-04-06,Dausa,26.8932,76.3375,0.0,31.79,17.12,1.89,96.55
2025-04-07,Dausa,26.8932,76.3375,0.0,32.51,16.83,1.52,96.61
2025-04-08,Dausa,26.8932,76.3375,0.0,32.23,17.72,2.05,96.79
2025-04-09,Dausa,26.8932,76.3375,0.0,33.07,16.61,1.28,96.59
2025-04-10,Dausa,26.8932,76.3375,0.0,32.62,19.41,1.65,96.23
2025-04-11,Dausa,26.8932,76.3375,0.03,31.07,26.0,2.78,96.13
2025-04-12,Dausa,26.8932,76.3375,0.55,30.04,30.86,1.73,96.46
2025-04-13,Dausa,26.8932,76.3375,0.22,30.76,26.85,1.38,96.62
2025-04-14,Dausa,26.8932,76.3375,0.0,30.98,24.97,2.53,96.64
2025-04-15,Dausa,26.8932,76.3375,0.0,31.12,27.67,2.7,96.67
2025-04-16,Dausa,26.8932,76.3375,0.0,32.19,25.66,1.72,96.56
2025-04-17,Dausa,26.8932,76.3375,0.0,33.97,22.47,2.68,96.28
2025-04-18,Dausa,26.8932,76.3375,0.0,35.48,17.75,2.3,96.14
2025-04-19,Dausa,26.8932,76.3375,0.0,33.63,15.1,3.22,96.21
2025-04-20,Dausa,26.8932,76.3375,0.0,33.42,19.52,3.64,96.25
2025-04-21,Dausa,26.8932,76.3375,0.0,32.29,8.17,3.31,96.6
2025-04-22,Dausa,26.8932,76.3375,0.0,31.48,7.36,2.63,96.7
2025-04-23,Dausa,26.8932,76.3375,0.0,31.44,5.34,2.88,96.5
2025-04-24,Dausa,26.8932,76.3375,0.0,32.43,7.87,2.92,96.27
2025-04-25,Dausa,26.8932,76.3375,0.0,33.91,10.54,3.05,96.3
2025-04-26,Dausa,26.8932,76.3375,0.0,33.8,11.08,1.94,96.32
2025-04-27,Dausa,26.8932,76.3375,0.0,33.34,18.06,2.41,96.45
2025-04-28,Dausa,26.8932,76.3375,0.0,33.28,14.2,2.14,96.27
2025-04-29,Dausa,26.8932,76.3375,0.0,31.93,15.48,2.9,96.32
2025-04-30,Dausa,26.8932,76.3375,0.0,32.56,21.17,2.84,96.46
2025-05-01,Dausa,26.8932,76.3375,0.08,32.89,27.71,3.52,96.56
2025-05-02,Dausa,26.8932,76.3375,1.86,31.85,33.83,3.33,96.63
2025-05-03,Dausa,26.8932,76.3375,0.83,32.55,35.49,3.0,96.41
2025-05-04,Dausa,26.8932,76.3375,0.66,32.75,31.83,2.19,96.26
2025-05-05,Dausa,26.8932,76.3375,0.61,32.42,29.24,2.44,96.32
2025-05-06,Dausa,26.8932,76.3375,0.27,28.9,44.99,2.3,96.39
2025-05-07,Dausa,26.8932,76.3375,0.13,29.7,43.68,2.51,96.33
2025-05-08,Dausa,26.8932,76.3375,0.87,27.86,54.88,2.91,96.42
2025-05-09,Dausa,26.8932,76.3375,0.38,30.72,43.17,1.44,96.49
2025-05-10,Dausa,26.8932,76.3375,0.16,32.51,39.43,2.42,96.45
2025-05-11,Dausa,26.8932,76.3375,0.2,34.56,32.92,1.55,96.3
2025-05-12,Dausa,26.8932,76.3375,1.49,34.32,28.86,2.3,96.3
2025-05-13,Dausa,26.8932,76.3375,0.7,34.28,38.1,3.04,96.32
2025-05-14,Dausa,26.8932,76.3375,0.0,35.45,30.45,2.8,96.31
2025-05-15,Dausa,26.8932,76.3375,0.0,35.97,22.63,2.49,96.28
2025-05-16,Dausa,26.8932,76.3375,0.0,37.18,20.39,2.57,96.17
2025-05-17,Dausa,26.8932,76.3375,0.0,37.18,25.74,4.22,96.15
2025-05-18,Dausa,26.8932,76.3375,0.0,37.99,25.77,4.02,96.12
2025-05-19,Dausa,26.8932,76.3375,0.22,37.96,24.82,2.81,96.07
2025-05-20,Dausa,26.8932,76.3375,0.07,37.94,22.03,3.7,95.94
2025-05-21,Dausa,26.8932,76.3375,1.05,38.26,20.34,3.04,95.93
2025-05-22,Dausa,26.8932,76.3375,0.34,35.8,29.06,3.19,95.99
2025-05-23,Dausa,26.8932,76.3375,0.0,36.07,33.64,3.24,95.8
2025-05-24,Dausa,26.8932,76.3375,0.0,36.55,30.97,4.8,95.78
2025-05-25,Dausa,26.8932,76.3375,12.97,33.11,46.31,3.75,96.12
2025-05-26,Dausa,26.8932,76.3375,0.16,32.97,46.72,3.53,96.01
2025-05-27,Dausa,26.8932,76.3375,0.0,33.55,42.71,2.52,95.83
2025-05-28,Dausa,26.8932,76.3375,0.0,35.03,40.4,2.82,95.71
2025-05-29,Dausa,26.8932,76.3375,1.24,34.56,41.49,1.39,95.6
2025-05-30,Dausa,26.8932,76.3375,1.26,34.24,38.99,2.3,95.51
2025-05-31,Dausa,26.8932,76.3375,0.29,34.19,28.62,3.96,95.73
2025-06-01,Dausa,26.8932,76.3375,0.26,33.69,33.67,3.99,95.85
2025-06-02,Dausa,26.8932,76.3375,1.82,32.28,43.02,3.33,95.87
2025-06-03,Dausa,26.8932,76.3375,3.33,30.81,49.98,3.01,96.05
2025-06-04,Dausa,26.8932,76.3375,0.1,31.75,43.34,2.89,96.29
2025-06-05,Dausa,26.8932,76.3375,0.06,32.82,36.49,1.59,96.54
2025-06-06,Dausa,26.8932,76.3375,3.28,33.64,39.69,1.68,96.46
2025-06-07,Dausa,26.8932,76.3375,0.0,36.04,33.36,1.82,96.26
2025-06-08,Dausa,26.8932,76.3375,0.0,37.01,25.8,2.8,96.16
2025-06-09,Dausa,26.8932,76.3375,0.0,37.21,18.96,4.79,96.04
2025-06-10,Dausa,26.8932,76.3375,0.0,37.84,19.54,4.56,95.94
2025-06-11,Dausa,26.8932,76.3375,0.0,38.91,19.7,2.91,95.93
2025-06-12,Dausa,26.8932,76.3375,0.0,39.55,19.3,1.96,95.88
2025-06-13,Dausa,26.8932,76.3375,0.0,39.16,26.36,3.27,95.87
2025-06-14,Dausa,26.8932,76.3375,0.23,38.55,27.15,2.54,95.79
2025-06-15,Dausa,26.8932,76.3375,1.09,36.93,35.61,3.19,95.67
2025-06-16,Dausa,26.8932,76.3375,11.68,32.79,57.11,3.1,95.7
2025-06-17,Dausa,26.8932,76.3375,20.65,30.32,69.2,2.58,95.82
2025-06-18,Dausa,26.8932,76.3375,7.21,28.52,75.38,3.45,95.64
2025-06-19,Dausa,26.8932,76.3375,2.1,29.08,76.05,3.74,95.5
2025-06-20,Dausa,26.8932,76.3375,17.72,28.08,81.64,1.84,95.81
2025-06-21,Dausa,26.8932,76.3375,7.42,30.51,70.81,1.82,95.91
2025-06-22,Dausa,26.8932,76.3375,4.3,31.47,67.99,1.61,95.83
2025-06-23,Dausa,26.8932,76.3375,16.98,30.92,70.56,1.44,95.63
2025-06-24,Dausa,26.8932,76.3375,27.49,31.29,71.49,1.04,95.6
2025-06-25,Dausa,26.8932,76.3375,1.81,31.02,72.09,2.71,95.78
2025-06-26,Dausa,26.8932,76.3375,7.26,30.77,71.65,3.19,95.96
2025-06-27,Dausa,26.8932,76.3375,10.8,30.38,73.03,2.63,95.88
2025-06-28,Dausa,26.8932,76.3375,5.8,29.88,74.39,2.43,95.83
2025-06-29,Dausa,26.8932,76.3375,3.14,30.54,72.11,2.05,95.64
2025-06-30,Dausa,26.8932,76.3375,10.53,29.43,75.74,3.24,95.66
2025-07-01,Dausa,26.8932,76.3375,8.61,29.1,77.58,2.26,95.76
2025-07-02,Dausa,26.8932,76.3375,15.46,29.09,78.75,2.79,95.75
2025-07-03,Dausa,26.8932,76.3375,4.07,29.25,80.03,2.99,95.81
2025-07-04,Dausa,26.8932,76.3375,9.44,29.73,79.43,1.56,95.86
2025-07-05,Dausa,26.8932,76.3375,17.55,29.79,80.57,1.12,95.81
2025-07-06,Dausa,26.8932,76.3375,4.15,29.82,80.51,1.28,95.74
2025-07-07,Dausa,26.8932,76.3375,1.51,28.77,84.56,1.87,95.82
2025-07-08,Dausa,26.8932,76.3375,0.58,28.7,81.24,1.83,95.9
2025-07-09,Dausa,26.8932,76.3375,11.87,29.14,79.27,2.36,95.96
2025-07-10,Dausa,26.8932,76.3375,22.97,27.93,84.96,1.5,96.09
2025-07-11,Dausa,26.8932,76.3375,5.51,28.17,81.09,0.71,96.1
2025-07-12,Dausa,26.8932,76.3375,3.78,28.6,79.24,1.04,96.07
2025-07-13,Dausa,26.8932,76.3375,15.21,28.55,81.67,2.21,95.96
2025-07-14,Dausa,26.8932,76.3375,15.2,27.81,86.61,3.25,95.68
2025-07-15,Dausa,26.8932,76.3375,12.01,28.09,85.19,3.01,95.63
2025-07-16,Dausa,26.8932,76.3375,3.87,27.8,86.31,2.18,95.95
2025-07-17,Dausa,26.8932,76.3375,5.63,28.08,84.35,1.29,96.08
2025-07-18,Dausa,26.8932,76.3375,22.65,27.5,86.36,3.73,95.83
2025-07-19,Dausa,26.8932,76.3375,4.67,27.47,85.82,3.97,95.63
2025-07-20,Dausa,26.8932,76.3375,0.07,28.02,82.33,2.44,95.8
2025-07-21,Dausa,26.8932,76.3375,0.03,28.43,82.0,1.23,96.01
2025-07-22,Dausa,26.8932,76.3375,18.2,28.57,84.64,1.68,95.91
2025-07-23,Dausa,26.8932,76.3375,9.7,28.59,84.51,2.69,95.67
2025-07-24,Dausa,26.8932,76.3375,2.31,28.48,82.57,2.77,95.58
2025-07-25,Dausa,26.8932,76.3375,19.82,29.12,81.16,2.48,95.57
2025-07-26,Dausa,26.8932,76.3375,13.11,28.82,84.94,1.33,95.6
2025-07-27,Dausa,26.8932,76.3375,1.16,29.15,81.34,2.21,95.55
2025-07-28,Dausa,26.8932,76.3375,32.29,28.74,86.21,1.37,95.59
2025-07-29,Dausa,26.8932,76.3375,11.84,28.72,85.35,2.25,95.64
2025-07-30,Dausa,26.8932,76.3375,19.64,27.45,90.25,2.04,95.7
2025-07-31,Dausa,26.8932,76.3375,13.28,26.65,91.58,2.72,95.82
2025-08-01,Dausa,26.8932,76.3375,7.74,26.42,89.14,2.78,96.0
2025-08-02,Dausa,26.8932,76.3375,0.5,27.68,85.23,3.1,96.06
2025-08-03,Dausa,26.8932,76.3375,4.66,27.41,86.06,2.91,96.19
2025-08-04,Dausa,26.8932,76.3375,0.64,27.81,84.11,3.15,96.27
2025-08-05,Dausa,26.8932,76.3375,0.22,27.23,85.28,3.14,96.29
2025-08-06,Dausa,26.8932,76.3375,0.0,27.16,82.67,2.47,96.33
2025-08-07,Dausa,26.8932,76.3375,0.0,27.67,82.47,2.83,96.26
2025-08-08,Dausa,26.8932,76.3375,3.7,27.87,80.69,2.73,96.32
2025-08-09,Dausa,26.8932,76.3375,7.57,27.72,81.46,2.11,96.48
2025-08-10,Dausa,26.8932,76.3375,3.04,27.75,82.12,2.29,96.36
2025-08-11,Dausa,26.8932,76.3375,0.47,27.52,83.61,2.69,96.3
2025-08-12,Dausa,26.8932,76.3375,0.36,28.07,80.81,2.48,96.18
2025-08-13,Dausa,26.8932,76.3375,3.0,26.73,87.07,1.98,96.13
2025-08-14,Dausa,26.8932,76.3375,9.64,26.55,91.35,1.58,96.3
2025-08-15,Dausa,26.8932,76.3375,0.78,27.62,84.71,1.88,96.19
2025-08-16,Dausa,26.8932,76.3375,0.13,27.91,84.57,1.95,96.04
2025-08-17,Dausa,26.8932,76.3375,0.22,28.19,85.36,2.67,96.12
2025-08-18,Dausa,26.8932,76.3375,0.86,27.8,86.71,2.87,96.26
2025-08-19,Dausa,26.8932,76.3375,0.16,28.0,84.51,2.63,96.15
2025-08-20,Dausa,26.8932,76.3375,6.7,27.9,84.75,2.9,96.07
2025-08-21,Dausa,26.8932,76.3375,12.55,27.0,89.34,2.05,96.07
2025-08-22,Dausa,26.8932,76.3375,18.37,28.39,82.55,1.19,95.89
2025-08-23,Dausa,26.8932,76.3375,30.99,27.78,86.4,1.95,95.89
2025-08-24,Dausa,26.8932,76.3375,18.92,27.74,84.94,1.18,95.95
2025-08-25,Dausa,26.8932,76.3375,8.38,27.48,86.65,1.62,95.86
2025-08-26,Dausa,26.8932,76.3375,3.34,27.68,87.51,1.64,96.07
2025-08-27,Dausa,26.8932,76.3375,3.88,27.94,86.94,1.13,96.16
2025-08-28,Dausa,26.8932,76.3375,1.73,27.19,91.04,1.52,96.12
2025-08-29,Dausa,26.8932,76.3375,1.63,27.51,88.47,2.38,96.2
2025-08-30,Dausa,26.8932,76.3375,13.28,27.41,88.87,2.3,96.33
2025-08-31,Dausa,26.8932,76.3375,16.99,26.91,91.03,1.73,96.14
2025-09-01,Dausa,26.8932,76.3375,24.8,26.17,89.68,3.12,95.82
2025-09-02,Dausa,26.8932,76.3375,21.84,27.21,84.92,2.15,95.95
2025-09-03,Dausa,26.8932,76.3375,16.21,26.24,89.72,2.04,96.22
2025-09-04,Dausa,26.8932,76.3375,14.86,26.36,89.78,2.59,96.25
2025-09-05,Dausa,26.8932,76.3375,29.55,26.74,90.12,3.25,96.16
2025-09-06,Dausa,26.8932,76.3375,9.45,26.81,89.96,3.88,96.22
2025-09-07,Dausa,26.8932,76.3375,4.11,26.43,88.26,2.7,96.32
2025-09-08,Dausa,26.8932,76.3375,1.35,26.04,87.72,2.15,96.49
2025-09-09,Dausa,26.8932,76.3375,0.0,26.61,84.52,1.82,96.68
2025-09-10,Dausa,26.8932,76.3375,0.0,26.42,84.32,3.04,96.61
2025-09-11,Dausa,26.8932,76.3375,0.0,25.74,84.94,2.94,96.56
2025-09-12,Dausa,26.8932,76.3375,0.0,26.43,83.72,2.05,96.67
2025-09-13,Dausa,26.8932,76.3375,0.0,27.42,76.27,1.29,96.65
2025-09-14,Dausa,26.8932,76.3375,0.01,27.83,80.09,1.56,96.59
2025-09-15,Dausa,26.8932,76.3375,0.07,27.12,81.58,2.0,96.43
2025-09-16,Dausa,26.8932,76.3375,0.57,27.52,81.47,1.26,96.43
2025-09-17,Dausa,26.8932,76.3375,0.81,27.87,82.31,1.52,96.44
2025-09-18,Dausa,26.8932,76.3375,3.59,27.96,79.82,1.05,96.46
2025-09-19,Dausa,26.8932,76.3375,0.61,28.23,76.81,1.34,96.55
2025-09-20,Dausa,26.8932,76.3375,0.74,27.96,75.44,1.74,96.53
2025-09-21,Dausa,26.8932,76.3375,0.0,27.61,73.14,1.88,96.46
2025-09-22,Dausa,26.8932,76.3375,0.0,26.62,74.32,2.03,96.51
2025-09-23,Dausa,26.8932,76.3375,0.0,26.69,74.94,2.47,96.47
2025-09-24,Dausa,26.8932,76.3375,0.0,26.75,76.67,2.69,96.36
2025-09-25,Dausa,26.8932,76.3375,0.0,27.04,72.17,2.07,96.39
2025-09-26,Dausa,26.8932,76.3375,0.0,27.27,65.81,1.91,96.51
2025-09-27,Dausa,26.8932,76.3375,0.32,27.12,76.8,1.97,96.65
2025-09-28,Dausa,26.8932,76.3375,0.0,26.97,84.96,2.89,96.54
2025-09-29,Dausa,26.8932,76.3375,0.17,27.09,85.49,2.39,96.39
2025-09-30,Dausa,26.8932,76.3375,10.39,25.8,92.21,1.56,96.28
2025-10-01,Dausa,26.8932,76.3375,8.67,25.91,86.65,1.09,96.29
2025-10-02,Dausa,26.8932,76.3375,0.61,26.22,83.5,1.4,96.58
2025-10-03,Dausa,26.8932,76.3375,0.01,25.45,87.14,1.96,96.84
2025-10-04,Dausa,26.8932,76.3375,0.0,26.92,78.19,1.32,96.71
2025-10-05,Dausa,26.8932,76.3375,2.85,26.22,79.46,2.34,96.66
2025-10-06,Dausa,26.8932,76.3375,30.99,24.9,85.29,1.8,96.76
2025-10-07,Dausa,26.8932,76.3375,8.36,23.5,81.21,1.93,96.8
2025-10-08,Dausa,26.8932,76.3375,0.0,21.96,76.33,1.5,97.03
2025-10-09,Dausa,26.8932,76.3375,0.0,22.61,64.46,1.24,97.18
2025-10-10,Dausa,26.8932,76.3375,0.0,23.15,58.01,0.83,97.05
2025-10-11,Dausa,26.8932,76.3375,0.0,22.72,63.93,1.3,97.04
2025-10-12,Dausa,26.8932,76.3375,0.0,22.89,65.93,1.12,97.0
2025-10-13,Dausa,26.8932,76.3375,0.0,23.02,64.42,0.79,97.09
2025-10-14,Dausa,26.8932,76.3375,0.0,22.47,65.77,1.09,97.01
2025-10-15,Dausa,26.8932,76.3375,0.0,22.35,63.53,1.15,96.99
2025-10-16,Dausa,26.8932,76.3375,0.0,23.26,58.47,0.87,96.98
2025-10-17,Dausa,26.8932,76.3375,0.0,23.7,55.1,0.7,97.09
2025-10-18,Dausa,26.8932,76.3375,0.0,23.5,55.01,0.85,97.04
2025-10-19,Dausa,26.8932,76.3375,0.0,22.85,59.16,1.26,96.97
2025-10-20,Dausa,26.8932,76.3375,0.0,22.59,62.19,1.31,97.01
2025-10-21,Dausa,26.8932,76.3375,0.0,23.61,63.78,0.9,97.13
2025-10-22,Dausa,26.8932,76.3375,0.0,24.87,57.43,0.5,97.18
2025-10-23,Dausa,26.8932,76.3375,0.0,24.59,52.75,0.81,97.09
2025-10-24,Dausa,26.8932,76.3375,0.0,24.22,53.07,0.91,97.07
2025-10-25,Dausa,26.8932,76.3375,0.04,22.99,56.96,0.77,97.01
2025-10-26,Dausa,26.8932,76.3375,1.15,22.21,72.65,1.71,97.09
2025-10-27,Dausa,26.8932,76.3375,15.77,20.68,85.72,2.47,97.18
2025-10-28,Dausa,26.8932,76.3375,5.24,18.73,88.98,2.94,97.2
2025-10-29,Dausa,26.8932,76.3375,0.17,20.8,82.91,2.09,97.06
2025-10-30,Dausa,26.8932,76.3375,1.19,20.97,90.51,2.0,97.02
2025-10-31,Dausa,26.8932,76.3375,0.01,22.22,81.63,1.02,96.97
2025-11-01,Dausa,26.8932,76.3375,0.0,23.02,76.6,1.3,96.99
2025-11-02,Dausa,26.8932,76.3375,0.0,22.47,56.42,1.37,97.0
2025-11-03,Dausa,26.8932,76.3375,0.02,21.74,52.93,1.87,96.85
2025-11-04,Dausa,26.8932,76.3375,1.57,21.34,78.44,1.61,96.75
2025-11-05,Dausa,26.8932,76.3375,0.0,20.5,61.21,2.04,96.85
2025-11-06,Dausa,26.8932,76.3375,0.0,17.78,51.07,2.07,97.11
2025-11-07,Dausa,26.8932,76.3375,0.0,17.33,42.52,1.7,97.27
2025-11-08,Dausa,26.8932,76.3375,0.0,18.23,40.65,1.56,97.32
2025-11-09,Dausa,26.8932,76.3375,0.0,19.18,39.01,1.09,97.19
2025-11-10,Dausa,26.8932,76.3375,0.0,19.22,43.66,1.13,97.15
2025-11-11,Dausa,26.8932,76.3375,0.0,19.22,45.02,1.2,97.25
2025-11-12,Dausa,26.8932,76.3375,0.0,19.01,44.47,1.09,97.35
2025-11-13,Dausa,26.8932,76.3375,0.0,18.38,44.7,1.44,97.47
2025-11-14,Dausa,26.8932,76.3375,0.0,19.17,36.16,0.81,97.47
2025-11-15,Dausa,26.8932,76.3375,0.0,18.69,37.91,0.98,97.58
2025-11-16,Dausa,26.8932,76.3375,0.0,18.19,40.55,1.39,97.75
2025-11-17,Dausa,26.8932,76.3375,0.0,17.77,41.47,1.04,97.66
2025-11-18,Dausa,26.8932,76.3375,0.0,18.0,46.22,1.1,97.46
2025-11-19,Dausa,26.8932,76.3375,0.0,17.96,48.98,1.01,97.43
2025-11-20,Dausa,26.8932,76.3375,0.0,17.1,64.26,1.26,97.5
2025-11-21,Dausa,26.8932,76.3375,0.0,16.92,69.16,1.3,97.6
2025-11-22,Dausa,26.8932,76.3375,0.0,17.28,69.48,1.27,97.45
2025-11-23,Dausa,26.8932,76.3375,0.0,17.72,66.74,1.08,97.45
2025-11-24,Dausa,26.8932,76.3375,0.0,17.42,62.75,1.04,97.57
2025-11-25,Dausa,26.8932,76.3375,0.0,17.48,50.84,0.96,97.55
2025-11-26,Dausa,26.8932,76.3375,0.0,16.47,47.47,1.25,97.56
2025-11-27,Dausa,26.8932,76.3375,0.0,16.2,58.76,1.39,97.66
2025-11-28,Dausa,26.8932,76.3375,0.07,18.73,56.77,0.46,97.54
2025-11-29,Dausa,26.8932,76.3375,0.0,19.75,60.28,0.78,97.36
2025-11-30,Dausa,26.8932,76.3375,0.0,17.8,56.15,1.32,97.32
2025-12-01,Dausa,26.8932,76.3375,0.0,17.22,61.53,1.3,97.27
2025-12-02,Dausa,26.8932,76.3375,0.0,16.89,68.0,1.7,97.25
2025-12-03,Dausa,26.8932,76.3375,0.0,15.46,50.06,1.18,97.59
2025-12-04,Dausa,26.8932,76.3375,0.0,15.09,41.32,1.28,97.68
2025-12-05,Dausa,26.8932,76.3375,0.0,15.41,36.9,1.12,97.78
2025-12-06,Dausa,26.8932,76.3375,0.0,15.18,44.8,1.44,97.72
2025-12-07,Dausa,26.8932,76.3375,0.0,16.14,42.6,1.39,97.63
2025-12-08,Dausa,26.8932,76.3375,0.0,17.23,42.9,1.51,97.63
2025-12-09,Dausa,26.8932,76.3375,0.0,16.45,42.58,1.95,97.6
2025-12-10,Dausa,26.8932,76.3375,0.0,16.29,42.48,1.58,97.57
2025-12-11,Dausa,26.8932,76.3375,0.0,17.33,40.19,1.47,97.47
2025-12-12,Dausa,26.8932,76.3375,0.0,18.27,35.9,1.13,97.38
2025-12-13,Dausa,26.8932,76.3375,0.0,18.53,37.97,0.83,97.46
2025-12-14,Dausa,26.8932,76.3375,0.0,17.81,49.32,0.9,97.56
2025-12-15,Dausa,26.8932,76.3375,0.0,17.64,47.23,1.25,97.53
2025-12-16,Dausa,26.8932,76.3375,0.0,16.43,45.77,1.4,97.51
2025-12-17,Dausa,26.8932,76.3375,0.0,16.72,45.67,1.51,97.58
2025-12-18,Dausa,26.8932,76.3375,0.0,16.94,46.82,1.37,97.62
2025-12-19,Dausa,26.8932,76.3375,0.0,17.34,39.64,1.43,97.4
2025-12-20,Dausa,26.8932,76.3375,0.0,17.34,40.63,1.07,97.23
2025-12-21,Dausa,26.8932,76.3375,0.0,16.74,55.46,0.99,97.39
2025-12-22,Dausa,26.8932,76.3375,0.0,18.87,52.25,0.66,97.43
2025-12-23,Dausa,26.8932,76.3375,0.0,17.67,56.8,1.95,97.33
2025-12-24,Dausa,26.8932,76.3375,0.0,14.33,50.41,2.22,97.36
2025-12-25,Dausa,26.8932,76.3375,0.0,14.94,39.42,0.91,97.4
2025-12-26,Dausa,26.8932,76.3375,0.0,15.4,38.17,0.9,97.45
2025-12-27,Dausa,26.8932,76.3375,0.0,15.55,36.77,1.07,97.45
2025-12-28,Dausa,26.8932,76.3375,0.0,15.3,37.6,0.94,97.51
2025-12-29,Dausa,26.8932,76.3375,0.0,15.02,45.15,1.11,97.46
2025-12-30,Dausa,26.8932,76.3375,0.0,14.98,54.49,1.34,97.23
2025-12-31,Dausa,26.8932,76.3375,0.0,14.45,68.58,1.45,97.01
2025-01-01,Deeg,27.4716,77.325,0.0,13.21,43.45,1.41,99.67
2025-01-02,Deeg,27.4716,77.325,0.0,14.17,42.41,1.51,99.63
2025-01-03,Deeg,27.4716,77.325,0.0,16.09,43.91,0.94,99.6
2025-01-04,Deeg,27.4716,77.325,0.0,16.04,50.48,1.24,99.38
2025-01-05,Deeg,27.4716,77.325,0.0,14.65,63.86,1.89,99.36
2025-01-06,Deeg,27.4716,77.325,0.01,14.06,66.24,1.05,99.47
2025-01-07,Deeg,27.4716,77.325,0.0,12.6,59.24,2.0,99.59
2025-01-08,Deeg,27.4716,77.325,0.0,13.35,37.97,1.95,99.43
2025-01-09,Deeg,27.4716,77.325,0.0,14.86,33.17,0.85,99.61
2025-01-10,Deeg,27.4716,77.325,0.0,13.27,40.84,1.35,99.76
2025-01-11,Deeg,27.4716,77.325,0.88,12.76,50.76,1.74,99.61
2025-01-12,Deeg,27.4716,77.325,0.65,13.23,70.76,1.28,99.7
2025-01-13,Deeg,27.4716,77.325,0.0,13.27,69.81,1.64,99.69
2025-01-14,Deeg,27.4716,77.325,0.0,13.93,58.57,1.01,99.7
2025-01-15,Deeg,27.4716,77.325,0.11,14.67,52.34,1.25,99.8
2025-01-16,Deeg,27.4716,77.325,1.05,13.55,76.55,1.08,99.85
2025-01-17,Deeg,27.4716,77.325,0.14,12.74,68.63,1.5,99.84
2025-01-18,Deeg,27.4716,77.325,0.0,13.46,41.94,0.98,99.64
2025-01-19,Deeg,27.4716,77.325,0.0,17.84,47.03,1.02,99.5
2025-01-20,Deeg,27.4716,77.325,0.0,16.45,52.03,1.81,99.37
2025-01-21,Deeg,27.4716,77.325,0.0,16.53,47.45,1.81,99.22
2025-01-22,Deeg,27.4716,77.325,0.0,17.0,53.4,1.04,99.2
2025-01-23,Deeg,27.4716,77.325,0.1,17.39,51.21,1.31,99.32
2025-01-24,Deeg,27.4716,77.325,0.0,14.88,43.56,2.29,99.4
2025-01-25,Deeg,27.4716,77.325,0.0,14.73,35.27,2.04,99.37
2025-01-26,Deeg,27.4716,77.325,0.0,14.89,28.91,1.61,99.33
2025-01-27,Deeg,27.4716,77.325,0.0,14.8,29.09,1.54,99.19
2025-01-28,Deeg,27.4716,77.325,0.0,15.8,28.08,1.31,99.14
2025-01-29,Deeg,27.4716,77.325,0.0,16.08,36.41,1.7,99.28
2025-01-30,Deeg,27.4716,77.325,0.0,16.2,42.92,1.52,98.95
2025-01-31,Deeg,27.4716,77.325,0.0,17.5,40.35,1.13,98.9
2025-02-01,Deeg,27.4716,77.325,0.0,17.57,44.66,1.6,99.11
2025-02-02,Deeg,27.4716,77.325,0.0,17.11,46.0,1.19,99.3
2025-02-03,Deeg,27.4716,77.325,0.0,17.81,44.86,1.22,99.28
2025-02-04,Deeg,27.4716,77.325,0.35,17.43,51.93,1.45,99.28
2025-02-05,Deeg,27.4716,77.325,0.0,15.89,41.47,2.41,99.37
2025-02-06,Deeg,27.4716,77.325,0.0,14.39,35.98,2.25,99.55
2025-02-07,Deeg,27.4716,77.325,0.0,14.75,34.66,2.45,99.52
2025-02-08,Deeg,27.4716,77.325,0.0,16.91,28.71,1.82,99.38
2025-02-09,Deeg,27.4716,77.325,0.0,18.98,25.43,1.07,99.27
2025-02-10,Deeg,27.4716,77.325,0.0,20.71,26.27,1.02,99.22
2025-02-11,Deeg,27.4716,77.325,0.0,20.9,31.23,1.3,99.15
2025-02-12,Deeg,27.4716,77.325,0.0,18.64,37.68,2.07,99.29
2025-02-13,Deeg,27.4716,77.325,0.0,17.38,31.19,2.75,99.36
2025-02-14,Deeg,27.4716,77.325,0.0,18.93,27.23,2.33,99.17
2025-02-15,Deeg,27.4716,77.325,0.0,20.94,33.2,1.86,98.87
2025-02-16,Deeg,27.4716,77.325,0.0,19.21,42.02,1.16,99.08
2025-02-17,Deeg,27.4716,77.325,0.0,21.74,35.17,0.92,99.36
2025-02-18,Deeg,27.4716,77.325,0.01,22.11,35.98,1.09,99.29
2025-02-19,Deeg,27.4716,77.325,0.01,21.27,36.75,1.1,99.14
2025-02-20,Deeg,27.4716,77.325,3.92,20.94,51.6,2.88,99.22
2025-02-21,Deeg,27.4716,77.325,0.0,19.8,48.55,1.4,99.44
2025-02-22,Deeg,27.4716,77.325,0.0,18.49,45.71,2.3,99.48
2025-02-23,Deeg,27.4716,77.325,0.0,19.57,42.18,1.27,99.55
2025-02-24,Deeg,27.4716,77.325,0.0,19.82,39.66,1.53,99.68
2025-02-25,Deeg,27.4716,77.325,0.0,21.61,38.14,1.13,99.7
2025-02-26,Deeg,27.4716,77.325,0.0,22.05,38.89,1.15,99.68
2025-02-27,Deeg,27.4716,77.325,0.0,21.37,44.16,1.32,99.37
2025-02-28,Deeg,27.4716,77.325,3.49,21.01,53.89,2.09,99.06
2025-03-01,Deeg,27.4716,77.325,1.93,21.66,60.06,1.71,99.07
2025-03-02,Deeg,27.4716,77.325,0.0,21.79,49.02,2.0,99.05
2025-03-03,Deeg,27.4716,77.325,0.0,21.87,34.91,1.31,98.95
2025-03-04,Deeg,27.4716,77.325,0.0,21.16,32.87,3.43,99.14
2025-03-05,Deeg,27.4716,77.325,0.0,17.86,25.29,4.08,99.26
2025-03-06,Deeg,27.4716,77.325,0.0,19.82,22.38,2.57,99.13
2025-03-07,Deeg,27.4716,77.325,0.0,21.22,23.53,1.57,98.92
2025-03-08,Deeg,27.4716,77.325,0.0,22.72,25.34,1.7,98.79
2025-03-09,Deeg,27.4716,77.325,0.0,23.95,25.57,1.63,99.08
2025-03-10,Deeg,27.4716,77.325,0.0,24.87,26.87,2.41,99.35
2025-03-11,Deeg,27.4716,77.325,0.0,25.64,30.78,1.5,99.14
2025-03-12,Deeg,27.4716,77.325,0.0,26.81,32.19,1.71,98.73
2025-03-13,Deeg,27.4716,77.325,0.16,28.13,36.09,1.55,98.54
2025-03-14,Deeg,27.4716,77.325,3.24,27.57,39.63,1.43,98.66
2025-03-15,Deeg,27.4716,77.325,0.01,26.79,34.57,2.24,98.8
2025-03-16,Deeg,27.4716,77.325,0.0,25.96,33.72,2.73,98.97
2025-03-17,Deeg,27.4716,77.325,0.0,24.8,31.68,2.06,99.1
2025-03-18,Deeg,27.4716,77.325,0.0,23.95,30.22,1.79,99.1
2025-03-19,Deeg,27.4716,77.325,0.0,25.06,22.95,1.3,99.18
2025-03-20,Deeg,27.4716,77.325,0.0,25.64,22.93,1.33,99.26
2025-03-21,Deeg,27.4716,77.325,0.0,25.41,24.86,2.02,99.21
2025-03-22,Deeg,27.4716,77.325,0.0,25.57,21.86,1.79,99.12
2025-03-23,Deeg,27.4716,77.325,0.48,25.48,19.4,0.99,99.25
2025-03-24,Deeg,27.4716,77.325,0.0,26.63,16.81,1.49,99.19
2025-03-25,Deeg,27.4716,77.325,0.0,28.02,16.9,1.43,98.79
2025-03-26,Deeg,27.4716,77.325,0.0,29.86,17.52,1.47,98.52
2025-03-27,Deeg,27.4716,77.325,0.0,30.32,19.78,2.56,98.47
2025-03-28,Deeg,27.4716,77.325,0.0,26.51,10.21,3.19,98.74
2025-03-29,Deeg,27.4716,77.325,0.0,23.43,9.27,3.09,98.84
2025-03-30,Deeg,27.4716,77.325,0.0,25.23,10.7,2.37,98.87
2025-03-31,Deeg,27.4716,77.325,0.0,26.12,12.06,2.05,98.88
2025-04-01,Deeg,27.4716,77.325,0.0,26.81,13.53,1.91,98.81
2025-04-02,Deeg,27.4716,77.325,0.0,28.22,10.7,1.26,98.88
2025-04-03,Deeg,27.4716,77.325,0.0,29.12,10.25,1.6,98.96
2025-04-04,Deeg,27.4716,77.325,0.76,30.43,14.95,1.59,98.86
2025-04-05,Deeg,27.4716,77.325,0.0,29.24,17.06,1.88,98.71
2025-04-06,Deeg,27.4716,77.325,0.0,31.16,16.91,1.75,98.53
2025-04-07,Deeg,27.4716,77.325,0.0,32.2,16.41,1.82,98.63
2025-04-08,Deeg,27.4716,77.325,0.0,32.05,16.51,2.56,98.84
2025-04-09,Deeg,27.4716,77.325,0.0,32.49,23.18,2.16,98.63
2025-04-10,Deeg,27.4716,77.325,0.02,32.83,26.08,1.62,98.23
2025-04-11,Deeg,27.4716,77.325,0.3,31.59,30.95,2.55,98.12
2025-04-12,Deeg,27.4716,77.325,0.1,30.61,32.63,1.34,98.47
2025-04-13,Deeg,27.4716,77.325,0.0,31.07,25.57,1.35,98.66
2025-04-14,Deeg,27.4716,77.325,0.0,30.82,25.52,2.28,98.69
2025-04-15,Deeg,27.4716,77.325,0.0,31.29,28.74,2.47,98.72
2025-04-16,Deeg,27.4716,77.325,0.0,32.31,27.17,2.11,98.58
2025-04-17,Deeg,27.4716,77.325,0.0,33.94,23.72,2.24,98.29
2025-04-18,Deeg,27.4716,77.325,0.0,34.52,23.1,2.03,98.14
2025-04-19,Deeg,27.4716,77.325,0.48,33.47,22.58,3.21,98.19
2025-04-20,Deeg,27.4716,77.325,0.0,33.83,18.63,1.36,98.19
2025-04-21,Deeg,27.4716,77.325,0.0,33.74,10.91,2.52,98.5
2025-04-22,Deeg,27.4716,77.325,0.0,32.14,7.65,1.84,98.62
2025-04-23,Deeg,27.4716,77.325,0.0,31.84,7.23,2.56,98.4
2025-04-24,Deeg,27.4716,77.325,0.0,33.09,6.26,2.02,98.2
2025-04-25,Deeg,27.4716,77.325,0.0,33.93,8.39,2.26,98.22
2025-04-26,Deeg,27.4716,77.325,0.0,35.27,8.52,1.61,98.26
2025-04-27,Deeg,27.4716,77.325,0.0,33.72,15.42,1.65,98.43
2025-04-28,Deeg,27.4716,77.325,0.0,33.55,14.56,2.91,98.31
2025-04-29,Deeg,27.4716,77.325,0.0,31.64,21.07,3.07,98.37
2025-04-30,Deeg,27.4716,77.325,0.0,32.2,27.59,2.9,98.53
2025-05-01,Deeg,27.4716,77.325,0.0,32.71,31.73,3.4,98.63
2025-05-02,Deeg,27.4716,77.325,4.63,30.81,41.23,2.97,98.7
2025-05-03,Deeg,27.4716,77.325,4.61,30.6,43.8,2.55,98.46
2025-05-04,Deeg,27.4716,77.325,0.3,30.55,39.75,3.1,98.3
2025-05-05,Deeg,27.4716,77.325,1.22,31.89,32.4,2.46,98.39
2025-05-06,Deeg,27.4716,77.325,1.28,29.2,43.46,2.29,98.43
2025-05-07,Deeg,27.4716,77.325,0.0,31.46,39.67,2.9,98.31
2025-05-08,Deeg,27.4716,77.325,1.29,29.35,50.62,2.16,98.44
2025-05-09,Deeg,27.4716,77.325,1.04,31.21,43.1,2.0,98.51
2025-05-10,Deeg,27.4716,77.325,0.19,33.03,40.14,1.68,98.42
2025-05-11,Deeg,27.4716,77.325,0.0,33.88,36.54,1.82,98.29
2025-05-12,Deeg,27.4716,77.325,0.2,35.03,28.25,1.83,98.22
2025-05-13,Deeg,27.4716,77.325,0.42,35.5,33.02,3.09,98.23
2025-05-14,Deeg,27.4716,77.325,0.15,35.95,28.04,2.68,98.21
2025-05-15,Deeg,27.4716,77.325,0.0,37.1,18.72,1.56,98.19
2025-05-16,Deeg,27.4716,77.325,0.02,37.73,16.63,2.19,98.08
2025-05-17,Deeg,27.4716,77.325,0.01,37.88,20.57,2.81,98.04
2025-05-18,Deeg,27.4716,77.325,0.0,38.27,22.63,2.97,98.02
2025-05-19,Deeg,27.4716,77.325,0.05,37.45,19.96,2.47,98.04
2025-05-20,Deeg,27.4716,77.325,0.0,38.73,22.13,2.8,97.84
2025-05-21,Deeg,27.4716,77.325,0.62,38.36,21.77,2.37,97.89
2025-05-22,Deeg,27.4716,77.325,3.68,34.2,32.64,3.49,98.05
2025-05-23,Deeg,27.4716,77.325,0.0,34.72,34.08,3.56,97.88
2025-05-24,Deeg,27.4716,77.325,0.0,35.61,31.56,3.95,97.87
2025-05-25,Deeg,27.4716,77.325,15.57,32.36,50.24,3.29,98.18
2025-05-26,Deeg,27.4716,77.325,0.47,32.62,47.38,2.95,98.07
2025-05-27,Deeg,27.4716,77.325,0.0,33.74,41.61,1.93,97.83
2025-05-28,Deeg,27.4716,77.325,0.01,34.73,43.12,1.89,97.69
2025-05-29,Deeg,27.4716,77.325,0.02,35.43,38.61,1.42,97.5
2025-05-30,Deeg,27.4716,77.325,0.75,35.07,40.49,1.68,97.44
2025-05-31,Deeg,27.4716,77.325,0.88,35.44,29.22,1.26,97.65
2025-06-01,Deeg,27.4716,77.325,1.41,34.16,36.54,3.18,97.77
2025-06-02,Deeg,27.4716,77.325,9.77,31.68,47.48,1.86,97.81
2025-06-03,Deeg,27.4716,77.325,0.03,32.14,41.73,1.61,98.01
2025-06-04,Deeg,27.4716,77.325,0.46,32.0,37.4,2.05,98.27
2025-06-05,Deeg,27.4716,77.325,0.02,32.51,36.93,1.12,98.54
2025-06-06,Deeg,27.4716,77.325,0.22,33.95,33.45,1.66,98.45
2025-06-07,Deeg,27.4716,77.325,0.0,35.57,30.36,1.76,98.26
2025-06-08,Deeg,27.4716,77.325,0.0,37.4,25.91,1.71,98.08
2025-06-09,Deeg,27.4716,77.325,0.0,38.03,21.01,2.81,97.9
2025-06-10,Deeg,27.4716,77.325,0.0,37.99,19.27,2.98,97.83
2025-06-11,Deeg,27.4716,77.325,0.0,38.23,20.62,2.65,97.86
2025-06-12,Deeg,27.4716,77.325,0.0,38.57,27.13,2.08,97.85
2025-06-13,Deeg,27.4716,77.325,0.0,39.31,29.02,2.87,97.83
2025-06-14,Deeg,27.4716,77.325,2.01,38.42,29.07,1.9,97.75
2025-06-15,Deeg,27.4716,77.325,2.46,36.7,36.32,2.6,97.67
2025-06-16,Deeg,27.4716,77.325,14.2,33.54,56.83,2.79,97.7
2025-06-17,Deeg,27.4716,77.325,4.72,33.39,56.29,2.55,97.77
2025-06-18,Deeg,27.4716,77.325,24.38,30.21,71.46,2.13,97.67
2025-06-19,Deeg,27.4716,77.325,3.6,30.72,70.37,4.11,97.51
2025-06-20,Deeg,27.4716,77.325,17.69,30.37,76.09,3.46,97.71
2025-06-21,Deeg,27.4716,77.325,0.13,32.63,63.58,2.86,97.85
2025-06-22,Deeg,27.4716,77.325,8.73,32.86,61.55,1.53,97.77
2025-06-23,Deeg,27.4716,77.325,5.03,32.86,62.56,1.71,97.57
2025-06-24,Deeg,27.4716,77.325,0.37,33.46,57.5,1.77,97.56
2025-06-25,Deeg,27.4716,77.325,0.45,33.25,58.61,3.0,97.77
2025-06-26,Deeg,27.4716,77.325,0.74,33.34,58.21,3.51,97.95
2025-06-27,Deeg,27.4716,77.325,2.15,33.2,58.74,3.25,97.86
2025-06-28,Deeg,27.4716,77.325,5.57,33.01,59.27,2.06,97.76
2025-06-29,Deeg,27.4716,77.325,35.35,31.04,70.2,1.91,97.61
2025-06-30,Deeg,27.4716,77.325,62.9,28.45,88.21,2.17,97.6
2025-07-01,Deeg,27.4716,77.325,5.52,29.0,79.93,3.06,97.74
2025-07-02,Deeg,27.4716,77.325,14.19,29.69,79.22,2.4,97.74
2025-07-03,Deeg,27.4716,77.325,4.05,30.13,79.08,2.85,97.8
2025-07-04,Deeg,27.4716,77.325,17.71,30.25,79.91,1.78,97.83
2025-07-05,Deeg,27.4716,77.325,8.14,30.13,79.06,1.15,97.77
2025-07-06,Deeg,27.4716,77.325,11.85,29.95,80.92,1.15,97.7
2025-07-07,Deeg,27.4716,77.325,0.06,30.77,77.83,1.38,97.75
2025-07-08,Deeg,27.4716,77.325,2.16,28.8,84.0,1.82,97.83
2025-07-09,Deeg,27.4716,77.325,3.98,30.41,76.39,1.87,97.88
2025-07-10,Deeg,27.4716,77.325,32.49,28.45,87.56,1.56,98.06
2025-07-11,Deeg,27.4716,77.325,0.79,29.52,78.86,1.12,98.06
2025-07-12,Deeg,27.4716,77.325,4.62,29.93,76.3,1.03,98.04
2025-07-13,Deeg,27.4716,77.325,12.08,28.78,83.79,2.65,97.94
2025-07-14,Deeg,27.4716,77.325,1.27,28.26,86.64,4.26,97.74
2025-07-15,Deeg,27.4716,77.325,6.85,28.23,87.22,4.22,97.66
2025-07-16,Deeg,27.4716,77.325,6.46,27.09,86.55,2.58,98.0
2025-07-17,Deeg,27.4716,77.325,2.33,28.66,81.91,2.83,98.08
2025-07-18,Deeg,27.4716,77.325,14.82,27.71,85.5,5.19,97.79
2025-07-19,Deeg,27.4716,77.325,1.08,28.57,83.77,3.69,97.68
2025-07-20,Deeg,27.4716,77.325,0.01,29.33,79.89,2.31,97.75
2025-07-21,Deeg,27.4716,77.325,0.0,28.52,83.72,1.84,98.0
2025-07-22,Deeg,27.4716,77.325,1.22,29.26,82.71,1.23,97.86
2025-07-23,Deeg,27.4716,77.325,4.69,29.74,83.31,1.67,97.58
2025-07-24,Deeg,27.4716,77.325,4.06,30.84,76.79,1.91,97.44
2025-07-25,Deeg,27.4716,77.325,18.6,30.76,79.62,1.69,97.45
2025-07-26,Deeg,27.4716,77.325,2.15,30.26,78.13,0.97,97.55
2025-07-27,Deeg,27.4716,77.325,0.55,30.21,79.99,2.3,97.48
2025-07-28,Deeg,27.4716,77.325,3.05,29.91,80.8,1.53,97.51
2025-07-29,Deeg,27.4716,77.325,9.88,28.83,86.53,1.69,97.58
2025-07-30,Deeg,27.4716,77.325,9.58,29.08,86.8,2.31,97.62
2025-07-31,Deeg,27.4716,77.325,3.13,29.24,85.67,2.18,97.73
2025-08-01,Deeg,27.4716,77.325,11.44,29.11,83.64,1.74,97.91
2025-08-02,Deeg,27.4716,77.325,1.47,29.52,81.77,2.25,97.97
2025-08-03,Deeg,27.4716,77.325,9.65,28.88,83.73,2.49,98.11
2025-08-04,Deeg,27.4716,77.325,4.0,28.35,85.84,2.82,98.2
2025-08-05,Deeg,27.4716,77.325,13.34,28.32,86.2,2.69,98.23
2025-08-06,Deeg,27.4716,77.325,0.54,28.31,81.46,1.67,98.27
2025-08-07,Deeg,27.4716,77.325,0.01,29.59,76.17,2.98,98.15
2025-08-08,Deeg,27.4716,77.325,3.78,29.63,76.61,2.51,98.22
2025-08-09,Deeg,27.4716,77.325,10.13,28.83,81.89,1.85,98.42
2025-08-10,Deeg,27.4716,77.325,19.83,28.88,81.72,1.68,98.29
2025-08-11,Deeg,27.4716,77.325,2.94,29.59,80.86,1.87,98.19
2025-08-12,Deeg,27.4716,77.325,0.84,29.76,80.52,1.74,98.11
2025-08-13,Deeg,27.4716,77.325,10.51,27.53,87.38,1.66,98.07
2025-08-14,Deeg,27.4716,77.325,22.38,27.41,89.45,1.74,98.31
2025-08-15,Deeg,27.4716,77.325,2.52,28.42,82.68,1.34,98.19
2025-08-16,Deeg,27.4716,77.325,0.11,28.95,82.25,1.8,98.03
2025-08-17,Deeg,27.4716,77.325,1.88,28.73,85.59,2.09,98.13
2025-08-18,Deeg,27.4716,77.325,0.2,28.36,87.24,2.58,98.28
2025-08-19,Deeg,27.4716,77.325,0.75,28.97,83.3,2.46,98.15
2025-08-20,Deeg,27.4716,77.325,0.53,28.82,83.15,2.76,98.08
2025-08-21,Deeg,27.4716,77.325,9.14,28.89,84.13,2.1,98.06
2025-08-22,Deeg,27.4716,77.325,0.81,29.39,81.28,1.1,97.85
2025-08-23,Deeg,27.4716,77.325,14.29,28.71,84.83,1.48,97.87
2025-08-24,Deeg,27.4716,77.325,2.94,28.65,85.16,2.16,97.92
2025-08-25,Deeg,27.4716,77.325,25.52,27.67,89.7,2.66,97.85
2025-08-26,Deeg,27.4716,77.325,1.47,28.14,86.52,2.78,98.11
2025-08-27,Deeg,27.4716,77.325,11.16,28.6,86.02,1.62,98.14
2025-08-28,Deeg,27.4716,77.325,1.82,28.15,86.92,1.56,98.11
2025-08-29,Deeg,27.4716,77.325,4.95,27.92,88.18,2.68,98.24
2025-08-30,Deeg,27.4716,77.325,23.34,28.24,87.91,2.39,98.34
2025-08-31,Deeg,27.4716,77.325,36.88,27.69,90.18,2.06,98.15
2025-09-01,Deeg,27.4716,77.325,57.85,26.94,89.64,2.25,97.88
2025-09-02,Deeg,27.4716,77.325,16.73,27.19,88.2,2.62,97.98
2025-09-03,Deeg,27.4716,77.325,30.16,26.81,90.42,2.2,98.24
2025-09-04,Deeg,27.4716,77.325,30.3,27.64,88.27,2.46,98.25
2025-09-05,Deeg,27.4716,77.325,65.61,27.08,91.95,3.96,98.2
2025-09-06,Deeg,27.4716,77.325,3.82,27.59,88.97,3.2,98.32
2025-09-07,Deeg,27.4716,77.325,8.37,27.51,88.19,2.0,98.34
2025-09-08,Deeg,27.4716,77.325,2.4,27.5,85.92,1.47,98.47
2025-09-09,Deeg,27.4716,77.325,0.02,28.19,83.48,1.73,98.6
2025-09-10,Deeg,27.4716,77.325,0.0,27.68,84.87,2.72,98.49
2025-09-11,Deeg,27.4716,77.325,0.0,27.16,83.99,2.6,98.46
2025-09-12,Deeg,27.4716,77.325,0.0,27.71,82.14,1.95,98.61
2025-09-13,Deeg,27.4716,77.325,0.0,28.18,78.98,1.27,98.62
2025-09-14,Deeg,27.4716,77.325,0.02,29.05,77.23,1.09,98.53
2025-09-15,Deeg,27.4716,77.325,0.49,28.44,82.02,1.83,98.36
2025-09-16,Deeg,27.4716,77.325,1.46,28.7,79.99,0.95,98.38
2025-09-17,Deeg,27.4716,77.325,25.74,27.62,86.96,1.18,98.42
2025-09-18,Deeg,27.4716,77.325,1.45,28.38,83.42,0.82,98.44
2025-09-19,Deeg,27.4716,77.325,0.03,29.07,77.03,1.06,98.5
2025-09-20,Deeg,27.4716,77.325,0.02,28.44,76.38,1.59,98.46
2025-09-21,Deeg,27.4716,77.325,0.0,28.03,72.11,1.65,98.39
2025-09-22,Deeg,27.4716,77.325,0.0,27.0,70.76,1.69,98.43
2025-09-23,Deeg,27.4716,77.325,0.0,26.91,70.57,1.81,98.38
2025-09-24,Deeg,27.4716,77.325,0.0,27.24,71.45,2.05,98.27
2025-09-25,Deeg,27.4716,77.325,0.0,27.09,70.81,1.66,98.33
2025-09-26,Deeg,27.4716,77.325,0.0,27.07,71.21,1.77,98.46
2025-09-27,Deeg,27.4716,77.325,0.02,27.79,82.01,1.55,98.63
2025-09-28,Deeg,27.4716,77.325,0.0,27.45,86.92,2.41,98.56
2025-09-29,Deeg,27.4716,77.325,0.29,27.69,85.21,1.91,98.41
2025-09-30,Deeg,27.4716,77.325,10.08,26.2,91.48,1.18,98.28
2025-10-01,Deeg,27.4716,77.325,0.38,26.33,84.5,1.15,98.29
2025-10-02,Deeg,27.4716,77.325,0.37,26.39,84.74,1.58,98.6
2025-10-03,Deeg,27.4716,77.325,0.02,26.31,86.61,1.57,98.85
2025-10-04,Deeg,27.4716,77.325,0.0,27.08,80.52,1.23,98.66
2025-10-05,Deeg,27.4716,77.325,0.15,26.81,79.59,1.55,98.6
2025-10-06,Deeg,27.4716,77.325,6.91,25.38,85.27,1.32,98.78
2025-10-07,Deeg,27.4716,77.325,16.45,24.79,83.8,1.99,98.81
2025-10-08,Deeg,27.4716,77.325,0.02,22.87,79.57,1.15,99.03
2025-10-09,Deeg,27.4716,77.325,0.0,22.37,72.08,1.43,99.19
2025-10-10,Deeg,27.4716,77.325,0.0,22.28,66.95,1.13,99.08
2025-10-11,Deeg,27.4716,77.325,0.0,23.05,63.95,0.93,99.05
2025-10-12,Deeg,27.4716,77.325,0.0,23.84,64.55,0.93,99.01
2025-10-13,Deeg,27.4716,77.325,0.0,23.58,65.26,0.95,99.11
2025-10-14,Deeg,27.4716,77.325,0.0,23.19,65.11,1.03,99.02
2025-10-15,Deeg,27.4716,77.325,0.0,22.97,64.49,1.1,99.01
2025-10-16,Deeg,27.4716,77.325,0.0,22.84,61.98,0.99,99.0
2025-10-17,Deeg,27.4716,77.325,0.0,23.38,60.5,0.74,99.12
2025-10-18,Deeg,27.4716,77.325,0.0,22.82,66.43,1.06,99.08
2025-10-19,Deeg,27.4716,77.325,0.0,23.32,65.95,1.36,99.0
2025-10-20,Deeg,27.4716,77.325,0.0,24.33,64.71,1.44,99.04
2025-10-21,Deeg,27.4716,77.325,0.0,24.33,71.2,0.94,99.17
2025-10-22,Deeg,27.4716,77.325,0.0,25.1,64.45,0.73,99.19
2025-10-23,Deeg,27.4716,77.325,0.0,24.41,59.92,0.95,99.1
2025-10-24,Deeg,27.4716,77.325,0.0,23.58,59.35,0.94,99.1
2025-10-25,Deeg,27.4716,77.325,0.0,22.24,66.38,1.09,99.06
2025-10-26,Deeg,27.4716,77.325,0.03,22.96,66.36,1.18,99.14
2025-10-27,Deeg,27.4716,77.325,1.29,20.66,82.0,1.51,99.25
2025-10-28,Deeg,27.4716,77.325,6.16,18.98,87.84,2.03,99.28
2025-10-29,Deeg,27.4716,77.325,0.01,21.75,81.22,1.1,99.1
2025-10-30,Deeg,27.4716,77.325,0.81,22.25,87.84,1.36,99.05
2025-10-31,Deeg,27.4716,77.325,0.14,22.42,83.5,1.0,98.99
2025-11-01,Deeg,27.4716,77.325,0.0,23.76,72.31,1.39,98.97
2025-11-02,Deeg,27.4716,77.325,0.0,23.43,58.0,1.27,98.99
2025-11-03,Deeg,27.4716,77.325,0.0,22.08,53.74,1.82,98.82
2025-11-04,Deeg,27.4716,77.325,0.05,20.4,72.3,1.38,98.83
2025-11-05,Deeg,27.4716,77.325,0.02,22.44,58.57,1.07,98.84
2025-11-06,Deeg,27.4716,77.325,0.0,18.41,59.4,2.11,99.1
2025-11-07,Deeg,27.4716,77.325,0.0,17.37,48.18,1.81,99.28
2025-11-08,Deeg,27.4716,77.325,0.0,17.08,48.3,1.35,99.35
2025-11-09,Deeg,27.4716,77.325,0.0,18.11,46.72,1.34,99.22
2025-11-10,Deeg,27.4716,77.325,0.0,18.18,49.74,1.11,99.2
2025-11-11,Deeg,27.4716,77.325,0.0,18.37,51.07,1.13,99.29
2025-11-12,Deeg,27.4716,77.325,0.0,18.14,50.17,1.47,99.38
2025-11-13,Deeg,27.4716,77.325,0.0,18.14,47.9,1.18,99.52
2025-11-14,Deeg,27.4716,77.325,0.0,18.14,44.13,1.09,99.52
2025-11-15,Deeg,27.4716,77.325,0.0,17.52,45.39,1.35,99.63
2025-11-16,Deeg,27.4716,77.325,0.0,16.61,49.04,1.59,99.8
2025-11-17,Deeg,27.4716,77.325,0.0,16.18,50.2,1.42,99.72
2025-11-18,Deeg,27.4716,77.325,0.0,16.67,55.31,1.37,99.52
2025-11-19,Deeg,27.4716,77.325,0.0,16.84,60.31,1.18,99.51
2025-11-20,Deeg,27.4716,77.325,0.0,16.82,71.53,1.31,99.58
2025-11-21,Deeg,27.4716,77.325,0.0,16.77,73.25,1.28,99.68
2025-11-22,Deeg,27.4716,77.325,0.0,17.31,69.89,1.39,99.51
2025-11-23,Deeg,27.4716,77.325,0.0,17.68,67.37,1.22,99.51
2025-11-24,Deeg,27.4716,77.325,0.0,17.42,61.23,1.02,99.64
2025-11-25,Deeg,27.4716,77.325,0.0,16.83,51.32,1.1,99.63
2025-11-26,Deeg,27.4716,77.325,0.0,15.92,46.87,1.05,99.66
2025-11-27,Deeg,27.4716,77.325,0.0,16.65,48.1,0.84,99.76
2025-11-28,Deeg,27.4716,77.325,0.0,17.57,50.3,1.07,99.61
2025-11-29,Deeg,27.4716,77.325,0.0,17.55,56.02,1.45,99.42
2025-11-30,Deeg,27.4716,77.325,0.0,16.04,54.4,1.67,99.37
2025-12-01,Deeg,27.4716,77.325,0.0,16.77,49.84,1.08,99.33
2025-12-02,Deeg,27.4716,77.325,0.0,18.39,69.5,1.11,99.29
2025-12-03,Deeg,27.4716,77.325,0.0,15.25,54.81,1.45,99.65
2025-12-04,Deeg,27.4716,77.325,0.0,14.42,46.39,1.48,99.74
2025-12-05,Deeg,27.4716,77.325,0.0,14.34,42.52,1.29,99.87
2025-12-06,Deeg,27.4716,77.325,0.0,14.31,50.73,1.78,99.76
2025-12-07,Deeg,27.4716,77.325,0.0,15.02,45.21,1.73,99.68
2025-12-08,Deeg,27.4716,77.325,0.0,15.82,48.21,1.92,99.65
2025-12-09,Deeg,27.4716,77.325,0.0,15.16,47.8,2.26,99.61
2025-12-10,Deeg,27.4716,77.325,0.0,15.78,44.75,1.52,99.61
2025-12-11,Deeg,27.4716,77.325,0.0,16.74,42.65,1.29,99.51
2025-12-12,Deeg,27.4716,77.325,0.0,17.14,39.79,1.14,99.44
2025-12-13,Deeg,27.4716,77.325,0.0,17.07,45.01,0.87,99.54
2025-12-14,Deeg,27.4716,77.325,0.0,16.33,57.45,1.03,99.65
2025-12-15,Deeg,27.4716,77.325,0.0,17.0,52.65,1.06,99.59
2025-12-16,Deeg,27.4716,77.325,0.0,15.19,51.43,1.71,99.55
2025-12-17,Deeg,27.4716,77.325,0.0,15.73,50.24,1.47,99.62
2025-12-18,Deeg,27.4716,77.325,0.0,14.87,63.13,1.53,99.68
2025-12-19,Deeg,27.4716,77.325,0.0,15.88,59.24,1.29,99.45
2025-12-20,Deeg,27.4716,77.325,0.0,15.16,46.47,1.02,99.32
2025-12-21,Deeg,27.4716,77.325,0.0,14.82,61.03,1.01,99.51
2025-12-22,Deeg,27.4716,77.325,0.0,15.41,69.23,0.82,99.54
2025-12-23,Deeg,27.4716,77.325,0.0,16.59,62.59,1.71,99.36
2025-12-24,Deeg,27.4716,77.325,0.0,14.29,54.86,2.24,99.39
2025-12-25,Deeg,27.4716,77.325,0.0,14.0,47.2,1.24,99.48
2025-12-26,Deeg,27.4716,77.325,0.0,14.39,48.02,1.22,99.54
2025-12-27,Deeg,27.4716,77.325,0.0,14.36,47.79,1.13,99.52
2025-12-28,Deeg,27.4716,77.325,0.0,13.69,44.67,1.18,99.59
2025-12-29,Deeg,27.4716,77.325,0.0,14.83,43.62,1.07,99.53
2025-12-30,Deeg,27.4716,77.325,0.0,15.25,48.25,1.19,99.29
2025-12-31,Deeg,27.4716,77.325,0.0,14.32,65.97,1.25,99.12
2025-01-01,Dholpur,26.7025,77.8934,0.0,13.79,46.9,1.17,99.75
2025-01-02,Dholpur,26.7025,77.8934,0.0,14.33,48.97,1.47,99.71
2025-01-03,Dholpur,26.7025,77.8934,0.0,15.66,50.53,1.07,99.68
2025-01-04,Dholpur,26.7025,77.8934,0.0,16.38,53.6,1.14,99.46
2025-01-05,Dholpur,26.7025,77.8934,0.03,14.44,69.25,1.8,99.44
2025-01-06,Dholpur,26.7025,77.8934,0.0,13.76,66.54,1.01,99.51
2025-01-07,Dholpur,26.7025,77.8934,0.0,13.0,61.72,1.78,99.65
2025-01-08,Dholpur,26.7025,77.8934,0.0,13.29,45.5,1.78,99.53
2025-01-09,Dholpur,26.7025,77.8934,0.0,14.42,41.61,1.08,99.68
2025-01-10,Dholpur,26.7025,77.8934,0.0,13.86,48.71,1.51,99.81
2025-01-11,Dholpur,26.7025,77.8934,2.6,13.8,56.13,2.11,99.64
2025-01-12,Dholpur,26.7025,77.8934,0.56,14.21,71.41,1.37,99.72
2025-01-13,Dholpur,26.7025,77.8934,0.0,13.24,68.77,1.39,99.75
2025-01-14,Dholpur,26.7025,77.8934,0.0,13.97,61.81,1.16,99.77
2025-01-15,Dholpur,26.7025,77.8934,0.05,14.69,59.17,1.47,99.84
2025-01-16,Dholpur,26.7025,77.8934,0.71,15.16,70.9,1.34,99.85
2025-01-17,Dholpur,26.7025,77.8934,0.0,13.46,72.89,1.33,99.88
2025-01-18,Dholpur,26.7025,77.8934,0.0,13.61,55.28,1.06,99.71
2025-01-19,Dholpur,26.7025,77.8934,0.0,17.69,60.72,1.16,99.57
2025-01-20,Dholpur,26.7025,77.8934,0.0,18.6,61.05,1.66,99.43
2025-01-21,Dholpur,26.7025,77.8934,0.0,17.96,50.95,1.48,99.29
2025-01-22,Dholpur,26.7025,77.8934,0.0,18.14,55.17,1.04,99.26
2025-01-23,Dholpur,26.7025,77.8934,0.0,18.07,63.3,1.27,99.33
2025-01-24,Dholpur,26.7025,77.8934,0.0,15.74,44.38,1.95,99.47
2025-01-25,Dholpur,26.7025,77.8934,0.0,15.54,37.42,1.72,99.46
2025-01-26,Dholpur,26.7025,77.8934,0.0,15.9,32.19,1.24,99.42
2025-01-27,Dholpur,26.7025,77.8934,0.0,16.69,27.49,1.24,99.26
2025-01-28,Dholpur,26.7025,77.8934,0.0,16.49,29.94,1.22,99.23
2025-01-29,Dholpur,26.7025,77.8934,0.0,16.93,39.88,1.79,99.34
2025-01-30,Dholpur,26.7025,77.8934,0.0,18.11,39.8,1.29,99.03
2025-01-31,Dholpur,26.7025,77.8934,0.0,18.9,42.31,1.14,98.96
2025-02-01,Dholpur,26.7025,77.8934,0.0,19.38,41.89,1.22,99.14
2025-02-02,Dholpur,26.7025,77.8934,0.0,18.75,40.57,1.07,99.34
2025-02-03,Dholpur,26.7025,77.8934,0.0,18.2,47.79,1.11,99.33
2025-02-04,Dholpur,26.7025,77.8934,0.06,16.98,54.95,1.29,99.32
2025-02-05,Dholpur,26.7025,77.8934,0.0,16.4,46.81,2.1,99.41
2025-02-06,Dholpur,26.7025,77.8934,0.0,14.84,37.0,2.03,99.61
2025-02-07,Dholpur,26.7025,77.8934,0.0,14.83,35.99,2.22,99.6
2025-02-08,Dholpur,26.7025,77.8934,0.0,17.61,29.11,1.47,99.46
2025-02-09,Dholpur,26.7025,77.8934,0.0,19.35,26.36,0.98,99.33
2025-02-10,Dholpur,26.7025,77.8934,0.0,20.17,33.58,1.34,99.29
2025-02-11,Dholpur,26.7025,77.8934,0.0,21.68,32.87,1.27,99.22
2025-02-12,Dholpur,26.7025,77.8934,0.0,19.88,36.87,1.77,99.33
2025-02-13,Dholpur,26.7025,77.8934,0.0,17.63,33.93,2.4,99.45
2025-02-14,Dholpur,26.7025,77.8934,0.0,19.7,27.76,2.07,99.27
2025-02-15,Dholpur,26.7025,77.8934,0.0,21.53,35.07,1.97,98.95
2025-02-16,Dholpur,26.7025,77.8934,0.0,20.15,42.46,1.36,99.1
2025-02-17,Dholpur,26.7025,77.8934,0.0,21.43,39.31,1.2,99.41
2025-02-18,Dholpur,26.7025,77.8934,0.07,22.45,38.46,1.22,99.33
2025-02-19,Dholpur,26.7025,77.8934,0.01,22.09,40.19,0.92,99.2
2025-02-20,Dholpur,26.7025,77.8934,3.08,20.89,50.29,2.41,99.28
2025-02-21,Dholpur,26.7025,77.8934,0.0,20.39,47.59,1.39,99.45
2025-02-22,Dholpur,26.7025,77.8934,0.0,19.01,44.17,2.08,99.54
2025-02-23,Dholpur,26.7025,77.8934,0.0,20.34,40.83,1.43,99.63
2025-02-24,Dholpur,26.7025,77.8934,0.0,21.29,34.83,1.37,99.74
2025-02-25,Dholpur,26.7025,77.8934,0.0,21.69,35.96,1.16,99.79
2025-02-26,Dholpur,26.7025,77.8934,0.0,23.2,37.32,1.32,99.76
2025-02-27,Dholpur,26.7025,77.8934,0.0,23.69,38.62,1.58,99.39
2025-02-28,Dholpur,26.7025,77.8934,0.22,23.42,44.1,2.57,99.06
2025-03-01,Dholpur,26.7025,77.8934,0.2,23.6,47.56,1.37,99.09
2025-03-02,Dholpur,26.7025,77.8934,0.0,22.6,48.85,1.43,99.09
2025-03-03,Dholpur,26.7025,77.8934,0.0,23.02,36.46,1.4,99.06
2025-03-04,Dholpur,26.7025,77.8934,0.0,21.91,32.14,3.27,99.2
2025-03-05,Dholpur,26.7025,77.8934,0.0,18.3,25.7,3.79,99.34
2025-03-06,Dholpur,26.7025,77.8934,0.0,20.78,21.74,2.47,99.24
2025-03-07,Dholpur,26.7025,77.8934,0.0,22.45,21.99,1.66,98.99
2025-03-08,Dholpur,26.7025,77.8934,0.0,24.35,21.11,1.31,98.87
2025-03-09,Dholpur,26.7025,77.8934,0.0,23.85,26.98,1.57,99.17
2025-03-10,Dholpur,26.7025,77.8934,0.0,25.25,26.8,2.16,99.43
2025-03-11,Dholpur,26.7025,77.8934,0.0,26.92,27.87,1.68,99.21
2025-03-12,Dholpur,26.7025,77.8934,0.0,28.65,26.77,1.67,98.78
2025-03-13,Dholpur,26.7025,77.8934,0.03,28.79,30.2,1.4,98.61
2025-03-14,Dholpur,26.7025,77.8934,0.6,28.46,31.97,1.24,98.71
2025-03-15,Dholpur,26.7025,77.8934,0.03,29.19,29.22,1.48,98.82
2025-03-16,Dholpur,26.7025,77.8934,0.0,27.49,31.75,2.28,98.96
2025-03-17,Dholpur,26.7025,77.8934,0.0,26.49,27.44,2.72,99.13
2025-03-18,Dholpur,26.7025,77.8934,0.0,24.7,28.21,1.81,99.16
2025-03-19,Dholpur,26.7025,77.8934,0.0,25.52,20.53,1.27,99.22
2025-03-20,Dholpur,26.7025,77.8934,0.0,26.55,19.61,1.53,99.29
2025-03-21,Dholpur,26.7025,77.8934,0.0,26.44,21.4,1.72,99.26
2025-03-22,Dholpur,26.7025,77.8934,0.0,26.92,20.22,1.95,99.16
2025-03-23,Dholpur,26.7025,77.8934,0.07,26.04,18.49,1.18,99.31
2025-03-24,Dholpur,26.7025,77.8934,0.0,26.89,16.71,1.4,99.27
2025-03-25,Dholpur,26.7025,77.8934,0.0,29.15,15.56,1.62,98.85
2025-03-26,Dholpur,26.7025,77.8934,0.0,30.81,15.65,1.49,98.58
2025-03-27,Dholpur,26.7025,77.8934,0.0,31.13,19.59,2.9,98.54
2025-03-28,Dholpur,26.7025,77.8934,0.0,27.61,10.79,2.97,98.77
2025-03-29,Dholpur,26.7025,77.8934,0.0,24.26,8.26,2.86,98.89
2025-03-30,Dholpur,26.7025,77.8934,0.0,26.0,9.48,2.19,98.94
2025-03-31,Dholpur,26.7025,77.8934,0.0,27.15,10.87,1.91,98.94
2025-04-01,Dholpur,26.7025,77.8934,0.0,27.24,12.16,1.82,98.87
2025-04-02,Dholpur,26.7025,77.8934,0.0,28.99,11.32,1.11,98.95
2025-04-03,Dholpur,26.7025,77.8934,0.01,29.22,16.15,1.56,99.01
2025-04-04,Dholpur,26.7025,77.8934,3.02,31.28,20.53,1.47,98.92
2025-04-05,Dholpur,26.7025,77.8934,0.0,29.92,17.69,1.59,98.76
2025-04-06,Dholpur,26.7025,77.8934,0.0,31.92,17.86,1.76,98.61
2025-04-07,Dholpur,26.7025,77.8934,0.0,32.48,18.53,1.86,98.7
2025-04-08,Dholpur,26.7025,77.8934,0.0,32.26,16.85,2.38,98.89
2025-04-09,Dholpur,26.7025,77.8934,0.0,32.81,23.11,2.11,98.69
2025-04-10,Dholpur,26.7025,77.8934,0.01,33.43,25.18,1.97,98.29
2025-04-11,Dholpur,26.7025,77.8934,0.03,31.81,30.58,2.47,98.19
2025-04-12,Dholpur,26.7025,77.8934,0.95,31.13,31.64,1.77,98.53
2025-04-13,Dholpur,26.7025,77.8934,0.02,31.24,26.56,1.57,98.72
2025-04-14,Dholpur,26.7025,77.8934,0.0,30.84,27.21,2.38,98.76
2025-04-15,Dholpur,26.7025,77.8934,0.0,30.98,29.62,2.35,98.78
2025-04-16,Dholpur,26.7025,77.8934,0.0,31.97,28.2,1.98,98.66
2025-04-17,Dholpur,26.7025,77.8934,0.0,34.17,24.0,2.19,98.37
2025-04-18,Dholpur,26.7025,77.8934,0.0,35.08,21.72,2.15,98.22
2025-04-19,Dholpur,26.7025,77.8934,0.02,34.1,19.9,2.4,98.28
2025-04-20,Dholpur,26.7025,77.8934,0.0,34.08,15.93,2.07,98.29
2025-04-21,Dholpur,26.7025,77.8934,0.0,34.1,11.68,2.53,98.58
2025-04-22,Dholpur,26.7025,77.8934,0.0,32.99,7.51,2.23,98.69
2025-04-23,Dholpur,26.7025,77.8934,0.0,32.47,6.18,2.66,98.47
2025-04-24,Dholpur,26.7025,77.8934,0.0,33.88,6.36,2.25,98.28
2025-04-25,Dholpur,26.7025,77.8934,0.0,34.62,9.31,2.29,98.31
2025-04-26,Dholpur,26.7025,77.8934,0.0,35.33,8.9,1.1,98.3
2025-04-27,Dholpur,26.7025,77.8934,0.0,32.0,16.86,2.19,98.58
2025-04-28,Dholpur,26.7025,77.8934,0.0,33.34,14.49,2.73,98.39
2025-04-29,Dholpur,26.7025,77.8934,0.0,32.58,16.73,3.2,98.37
2025-04-30,Dholpur,26.7025,77.8934,0.0,32.43,26.16,2.58,98.57
2025-05-01,Dholpur,26.7025,77.8934,0.0,33.07,29.98,3.11,98.66
2025-05-02,Dholpur,26.7025,77.8934,0.37,32.74,33.05,2.53,98.68
2025-05-03,Dholpur,26.7025,77.8934,0.51,32.82,31.93,2.68,98.5
2025-05-04,Dholpur,26.7025,77.8934,0.03,32.56,28.94,2.14,98.4
2025-05-05,Dholpur,26.7025,77.8934,0.43,33.88,23.86,2.37,98.39
2025-05-06,Dholpur,26.7025,77.8934,1.26,30.69,39.67,2.33,98.48
2025-05-07,Dholpur,26.7025,77.8934,0.24,31.46,39.98,3.79,98.37
2025-05-08,Dholpur,26.7025,77.8934,0.98,30.82,44.89,2.53,98.48
2025-05-09,Dholpur,26.7025,77.8934,0.07,31.38,42.41,2.79,98.61
2025-05-10,Dholpur,26.7025,77.8934,0.25,33.86,36.81,2.37,98.51
2025-05-11,Dholpur,26.7025,77.8934,0.33,34.84,32.84,2.19,98.34
2025-05-12,Dholpur,26.7025,77.8934,0.56,35.5,24.72,1.48,98.29
2025-05-13,Dholpur,26.7025,77.8934,0.07,35.84,29.64,2.59,98.3
2025-05-14,Dholpur,26.7025,77.8934,0.04,36.89,25.88,1.93,98.29
2025-05-15,Dholpur,26.7025,77.8934,0.0,37.87,16.6,1.27,98.26
2025-05-16,Dholpur,26.7025,77.8934,0.03,38.33,14.95,1.35,98.16
2025-05-17,Dholpur,26.7025,77.8934,0.0,37.97,19.36,2.83,98.16
2025-05-18,Dholpur,26.7025,77.8934,0.0,38.91,21.07,2.93,98.12
2025-05-19,Dholpur,26.7025,77.8934,1.84,38.14,19.2,2.55,98.11
2025-05-20,Dholpur,26.7025,77.8934,0.26,38.98,24.18,2.01,97.93
2025-05-21,Dholpur,26.7025,77.8934,5.5,38.16,24.82,1.49,97.96
2025-05-22,Dholpur,26.7025,77.8934,1.57,34.05,38.03,2.57,98.1
2025-05-23,Dholpur,26.7025,77.8934,0.0,34.94,36.29,2.78,97.93
2025-05-24,Dholpur,26.7025,77.8934,0.0,36.1,33.23,3.75,97.9
2025-05-25,Dholpur,26.7025,77.8934,3.42,34.76,41.8,3.24,98.18
2025-05-26,Dholpur,26.7025,77.8934,2.16,33.93,42.33,2.35,98.1
2025-05-27,Dholpur,26.7025,77.8934,0.06,34.73,39.94,2.35,97.85
2025-05-28,Dholpur,26.7025,77.8934,0.0,36.02,37.09,2.25,97.71
2025-05-29,Dholpur,26.7025,77.8934,0.07,36.58,32.88,1.66,97.55
2025-05-30,Dholpur,26.7025,77.8934,0.18,36.27,33.57,1.6,97.5
2025-05-31,Dholpur,26.7025,77.8934,0.12,36.05,27.57,3.01,97.76
2025-06-01,Dholpur,26.7025,77.8934,0.99,34.93,31.48,4.6,97.87
2025-06-02,Dholpur,26.7025,77.8934,3.59,33.93,36.97,2.56,97.87
2025-06-03,Dholpur,26.7025,77.8934,0.12,33.06,39.85,2.4,98.08
2025-06-04,Dholpur,26.7025,77.8934,0.02,33.26,32.72,1.95,98.32
2025-06-05,Dholpur,26.7025,77.8934,0.03,33.61,31.18,1.52,98.59
2025-06-06,Dholpur,26.7025,77.8934,2.25,34.34,31.35,2.17,98.54
2025-06-07,Dholpur,26.7025,77.8934,0.05,36.13,30.28,1.94,98.32
2025-06-08,Dholpur,26.7025,77.8934,0.0,37.68,24.01,2.06,98.15
2025-06-09,Dholpur,26.7025,77.8934,0.0,38.63,20.79,2.66,97.97
2025-06-10,Dholpur,26.7025,77.8934,0.0,38.85,16.69,2.72,97.88
2025-06-11,Dholpur,26.7025,77.8934,0.0,39.18,19.26,2.29,97.88
2025-06-12,Dholpur,26.7025,77.8934,0.0,39.38,29.03,2.23,97.87
2025-06-13,Dholpur,26.7025,77.8934,0.0,39.82,27.68,2.96,97.87
2025-06-14,Dholpur,26.7025,77.8934,5.05,38.34,32.72,1.49,97.8
2025-06-15,Dholpur,26.7025,77.8934,7.88,36.15,44.15,1.87,97.73
2025-06-16,Dholpur,26.7025,77.8934,7.85,34.32,54.23,2.98,97.71
2025-06-17,Dholpur,26.7025,77.8934,14.97,33.81,55.41,2.68,97.81
2025-06-18,Dholpur,26.7025,77.8934,22.1,31.49,65.84,1.94,97.71
2025-06-19,Dholpur,26.7025,77.8934,18.87,29.99,78.17,3.31,97.55
2025-06-20,Dholpur,26.7025,77.8934,22.44,29.15,82.13,3.9,97.69
2025-06-21,Dholpur,26.7025,77.8934,3.99,31.44,69.94,1.76,97.92
2025-06-22,Dholpur,26.7025,77.8934,8.67,31.4,69.99,1.63,97.82
2025-06-23,Dholpur,26.7025,77.8934,21.7,30.56,74.67,1.77,97.64
2025-06-24,Dholpur,26.7025,77.8934,0.66,31.98,68.01,1.54,97.62
2025-06-25,Dholpur,26.7025,77.8934,3.78,31.97,68.49,2.73,97.81
2025-06-26,Dholpur,26.7025,77.8934,6.63,31.69,69.19,3.06,97.97
2025-06-27,Dholpur,26.7025,77.8934,5.14,31.87,68.88,2.62,97.87
2025-06-28,Dholpur,26.7025,77.8934,8.06,30.83,71.63,1.91,97.87
2025-06-29,Dholpur,26.7025,77.8934,6.4,31.13,68.66,1.97,97.69
2025-06-30,Dholpur,26.7025,77.8934,68.24,29.22,84.76,2.39,97.71
2025-07-01,Dholpur,26.7025,77.8934,18.75,27.84,86.98,1.67,97.76
2025-07-02,Dholpur,26.7025,77.8934,14.49,29.12,82.81,2.37,97.75
2025-07-03,Dholpur,26.7025,77.8934,6.03,29.37,84.59,2.29,97.81
2025-07-04,Dholpur,26.7025,77.8934,15.47,29.76,83.47,1.24,97.87
2025-07-05,Dholpur,26.7025,77.8934,27.71,29.84,79.77,0.87,97.83
2025-07-06,Dholpur,26.7025,77.8934,8.68,30.44,78.12,0.76,97.76
2025-07-07,Dholpur,26.7025,77.8934,0.72,30.85,76.5,0.76,97.82
2025-07-08,Dholpur,26.7025,77.8934,3.5,28.83,84.31,1.64,97.92
2025-07-09,Dholpur,26.7025,77.8934,8.82,30.04,79.25,1.53,97.99
2025-07-10,Dholpur,26.7025,77.8934,40.61,29.49,81.42,0.7,98.11
2025-07-11,Dholpur,26.7025,77.8934,5.86,29.57,79.3,0.98,98.11
2025-07-12,Dholpur,26.7025,77.8934,9.02,29.61,78.89,1.27,98.06
2025-07-13,Dholpur,26.7025,77.8934,29.67,28.05,89.42,2.9,97.92
2025-07-14,Dholpur,26.7025,77.8934,5.83,28.2,87.23,3.97,97.74
2025-07-15,Dholpur,26.7025,77.8934,18.72,26.82,89.94,4.45,97.85
2025-07-16,Dholpur,26.7025,77.8934,19.82,27.29,85.91,1.43,98.08
2025-07-17,Dholpur,26.7025,77.8934,4.99,28.16,86.29,2.66,98.06
2025-07-18,Dholpur,26.7025,77.8934,47.73,28.45,88.36,4.21,97.66
2025-07-19,Dholpur,26.7025,77.8934,1.29,28.13,84.83,3.7,97.81
2025-07-20,Dholpur,26.7025,77.8934,0.01,28.48,83.64,2.06,97.87
2025-07-21,Dholpur,26.7025,77.8934,0.0,29.06,82.58,1.15,98.06
2025-07-22,Dholpur,26.7025,77.8934,7.33,30.16,80.61,1.09,97.92
2025-07-23,Dholpur,26.7025,77.8934,9.12,28.69,89.42,1.96,97.67
2025-07-24,Dholpur,26.7025,77.8934,24.69,28.93,86.24,2.86,97.55
2025-07-25,Dholpur,26.7025,77.8934,63.68,29.25,87.06,2.01,97.53
2025-07-26,Dholpur,26.7025,77.8934,24.99,28.58,88.76,1.54,97.57
2025-07-27,Dholpur,26.7025,77.8934,4.9,29.24,87.17,2.86,97.45
2025-07-28,Dholpur,26.7025,77.8934,5.62,28.86,89.36,1.96,97.53
2025-07-29,Dholpur,26.7025,77.8934,30.56,29.11,88.67,1.54,97.62
2025-07-30,Dholpur,26.7025,77.8934,34.5,28.81,90.78,2.09,97.62
2025-07-31,Dholpur,26.7025,77.8934,6.45,27.24,90.68,3.77,97.82
2025-08-01,Dholpur,26.7025,77.8934,2.93,27.35,89.37,3.49,98.0
2025-08-02,Dholpur,26.7025,77.8934,0.14,28.12,88.62,2.91,98.09
2025-08-03,Dholpur,26.7025,77.8934,6.8,27.16,92.41,2.85,98.24
2025-08-04,Dholpur,26.7025,77.8934,10.01,27.5,90.38,2.68,98.34
2025-08-05,Dholpur,26.7025,77.8934,1.67,27.52,89.47,2.57,98.37
2025-08-06,Dholpur,26.7025,77.8934,0.13,27.57,86.38,2.11,98.39
2025-08-07,Dholpur,26.7025,77.8934,0.05,28.25,85.32,2.87,98.28
2025-08-08,Dholpur,26.7025,77.8934,0.21,27.75,87.73,2.4,98.36
2025-08-09,Dholpur,26.7025,77.8934,3.39,27.42,87.97,1.97,98.5
2025-08-10,Dholpur,26.7025,77.8934,3.98,27.7,87.48,2.44,98.38
2025-08-11,Dholpur,26.7025,77.8934,1.05,28.05,88.55,2.58,98.31
2025-08-12,Dholpur,26.7025,77.8934,4.48,28.77,85.41,2.16,98.2
2025-08-13,Dholpur,26.7025,77.8934,15.58,27.62,88.79,1.79,98.16
2025-08-14,Dholpur,26.7025,77.8934,20.64,27.92,89.59,1.84,98.33
2025-08-15,Dholpur,26.7025,77.8934,0.75,28.15,85.51,1.48,98.23
2025-08-16,Dholpur,26.7025,77.8934,0.05,28.41,86.25,1.97,98.07
2025-08-17,Dholpur,26.7025,77.8934,0.57,28.51,87.53,2.35,98.14
2025-08-18,Dholpur,26.7025,77.8934,0.83,28.13,89.4,2.43,98.28
2025-08-19,Dholpur,26.7025,77.8934,0.02,28.46,87.49,2.63,98.15
2025-08-20,Dholpur,26.7025,77.8934,3.14,28.3,87.82,2.84,98.07
2025-08-21,Dholpur,26.7025,77.8934,9.02,28.77,85.81,1.54,98.08
2025-08-22,Dholpur,26.7025,77.8934,20.54,28.94,82.18,0.89,97.9
2025-08-23,Dholpur,26.7025,77.8934,23.3,28.12,88.85,2.13,97.86
2025-08-24,Dholpur,26.7025,77.8934,5.55,28.42,88.28,1.38,97.92
2025-08-25,Dholpur,26.7025,77.8934,15.93,27.79,88.71,1.96,97.93
2025-08-26,Dholpur,26.7025,77.8934,2.32,28.03,88.44,1.92,98.17
2025-08-27,Dholpur,26.7025,77.8934,10.24,28.22,88.16,1.95,98.17
2025-08-28,Dholpur,26.7025,77.8934,0.23,28.45,87.78,1.44,98.14
2025-08-29,Dholpur,26.7025,77.8934,0.43,28.32,88.81,2.41,98.25
2025-08-30,Dholpur,26.7025,77.8934,16.61,27.84,90.55,2.05,98.37
2025-08-31,Dholpur,26.7025,77.8934,9.58,27.67,90.89,1.74,98.2
2025-09-01,Dholpur,26.7025,77.8934,26.96,27.22,89.36,1.39,97.96
2025-09-02,Dholpur,26.7025,77.8934,17.52,27.6,86.84,1.35,98.08
2025-09-03,Dholpur,26.7025,77.8934,23.71,26.61,93.34,2.1,98.23
2025-09-04,Dholpur,26.7025,77.8934,21.38,27.69,89.41,3.01,98.2
2025-09-05,Dholpur,26.7025,77.8934,68.23,27.1,92.41,2.91,98.17
2025-09-06,Dholpur,26.7025,77.8934,4.21,27.53,90.25,2.79,98.35
2025-09-07,Dholpur,26.7025,77.8934,5.82,27.6,86.73,1.47,98.41
2025-09-08,Dholpur,26.7025,77.8934,2.84,27.55,86.05,1.35,98.54
2025-09-09,Dholpur,26.7025,77.8934,0.0,27.29,87.19,2.18,98.69
2025-09-10,Dholpur,26.7025,77.8934,0.0,27.41,87.79,2.7,98.59
2025-09-11,Dholpur,26.7025,77.8934,0.0,26.92,85.91,2.51,98.57
2025-09-12,Dholpur,26.7025,77.8934,0.0,27.27,84.4,1.81,98.69
2025-09-13,Dholpur,26.7025,77.8934,0.0,28.2,79.78,1.1,98.69
2025-09-14,Dholpur,26.7025,77.8934,0.01,28.99,77.89,1.03,98.61
2025-09-15,Dholpur,26.7025,77.8934,0.08,28.18,84.83,1.45,98.44
2025-09-16,Dholpur,26.7025,77.8934,3.73,28.3,85.51,0.97,98.47
2025-09-17,Dholpur,26.7025,77.8934,0.77,27.03,89.38,1.13,98.5
2025-09-18,Dholpur,26.7025,77.8934,7.97,27.6,86.91,1.05,98.5
2025-09-19,Dholpur,26.7025,77.8934,0.45,28.26,82.11,1.44,98.57
2025-09-20,Dholpur,26.7025,77.8934,2.42,28.31,80.79,1.65,98.54
2025-09-21,Dholpur,26.7025,77.8934,0.01,27.76,79.38,1.92,98.47
2025-09-22,Dholpur,26.7025,77.8934,0.0,26.92,77.38,1.85,98.52
2025-09-23,Dholpur,26.7025,77.8934,0.0,26.53,77.16,1.89,98.47
2025-09-24,Dholpur,26.7025,77.8934,0.0,26.6,79.72,2.27,98.34
2025-09-25,Dholpur,26.7025,77.8934,0.0,26.88,76.2,1.6,98.39
2025-09-26,Dholpur,26.7025,77.8934,0.0,26.66,75.97,1.73,98.51
2025-09-27,Dholpur,26.7025,77.8934,0.85,26.88,90.57,1.86,98.64
2025-09-28,Dholpur,26.7025,77.8934,0.01,27.14,89.78,2.47,98.55
2025-09-29,Dholpur,26.7025,77.8934,0.98,27.37,88.5,1.88,98.43
2025-09-30,Dholpur,26.7025,77.8934,19.84,26.85,90.46,1.02,98.31
2025-10-01,Dholpur,26.7025,77.8934,3.53,26.09,90.78,1.54,98.32
2025-10-02,Dholpur,26.7025,77.8934,0.68,26.58,88.18,1.63,98.6
2025-10-03,Dholpur,26.7025,77.8934,0.01,26.4,88.21,1.6,98.86
2025-10-04,Dholpur,26.7025,77.8934,0.17,26.27,87.09,1.67,98.72
2025-10-05,Dholpur,26.7025,77.8934,5.14,26.57,82.98,1.93,98.71
2025-10-06,Dholpur,26.7025,77.8934,8.39,25.87,82.55,1.18,98.86
2025-10-07,Dholpur,26.7025,77.8934,7.57,25.08,85.85,1.44,98.89
2025-10-08,Dholpur,26.7025,77.8934,0.02,22.89,79.63,1.48,99.09
2025-10-09,Dholpur,26.7025,77.8934,0.0,22.57,77.69,1.24,99.25
2025-10-10,Dholpur,26.7025,77.8934,0.0,22.3,71.23,1.15,99.16
2025-10-11,Dholpur,26.7025,77.8934,0.0,22.79,68.83,1.07,99.13
2025-10-12,Dholpur,26.7025,77.8934,0.0,22.96,68.48,0.99,99.09
2025-10-13,Dholpur,26.7025,77.8934,0.0,23.52,67.07,0.88,99.18
2025-10-14,Dholpur,26.7025,77.8934,0.0,23.5,68.75,0.86,99.09
2025-10-15,Dholpur,26.7025,77.8934,0.0,23.91,63.63,0.77,99.08
2025-10-16,Dholpur,26.7025,77.8934,0.0,24.06,56.75,0.78,99.07
2025-10-17,Dholpur,26.7025,77.8934,0.0,23.39,64.9,0.87,99.18
2025-10-18,Dholpur,26.7025,77.8934,0.0,23.0,65.03,0.91,99.14
2025-10-19,Dholpur,26.7025,77.8934,0.0,23.58,61.45,1.04,99.06
2025-10-20,Dholpur,26.7025,77.8934,0.0,24.01,63.95,1.02,99.1
2025-10-21,Dholpur,26.7025,77.8934,0.0,24.07,64.7,0.73,99.22
2025-10-22,Dholpur,26.7025,77.8934,0.0,25.07,64.42,0.62,99.26
2025-10-23,Dholpur,26.7025,77.8934,0.0,24.84,70.79,0.83,99.16
2025-10-24,Dholpur,26.7025,77.8934,0.0,24.24,63.94,0.71,99.15
2025-10-25,Dholpur,26.7025,77.8934,0.52,23.0,67.67,1.09,99.11
2025-10-26,Dholpur,26.7025,77.8934,0.18,22.57,76.46,1.46,99.18
2025-10-27,Dholpur,26.7025,77.8934,21.0,20.92,91.48,2.37,99.25
2025-10-28,Dholpur,26.7025,77.8934,25.05,18.95,92.68,3.19,99.26
2025-10-29,Dholpur,26.7025,77.8934,0.11,21.67,89.41,1.55,99.11
2025-10-30,Dholpur,26.7025,77.8934,4.03,22.67,91.2,2.29,99.03
2025-10-31,Dholpur,26.7025,77.8934,1.25,22.43,87.23,1.78,99.03
2025-11-01,Dholpur,26.7025,77.8934,0.0,23.01,84.0,1.33,99.06
2025-11-02,Dholpur,26.7025,77.8934,0.0,22.64,76.96,1.66,99.08
2025-11-03,Dholpur,26.7025,77.8934,0.0,20.73,68.75,2.1,98.94
2025-11-04,Dholpur,26.7025,77.8934,1.31,21.41,82.37,1.12,98.87
2025-11-05,Dholpur,26.7025,77.8934,0.08,21.97,82.58,1.58,98.91
2025-11-06,Dholpur,26.7025,77.8934,0.0,18.13,70.91,1.89,99.16
2025-11-07,Dholpur,26.7025,77.8934,0.0,16.28,59.33,1.59,99.37
2025-11-08,Dholpur,26.7025,77.8934,0.0,16.45,58.35,1.63,99.44
2025-11-09,Dholpur,26.7025,77.8934,0.0,16.33,62.71,1.86,99.31
2025-11-10,Dholpur,26.7025,77.8934,0.0,17.24,67.61,1.47,99.29
2025-11-11,Dholpur,26.7025,77.8934,0.0,17.7,65.5,1.44,99.37
2025-11-12,Dholpur,26.7025,77.8934,0.0,17.45,62.16,1.49,99.47
2025-11-13,Dholpur,26.7025,77.8934,0.0,17.7,64.54,1.44,99.6
2025-11-14,Dholpur,26.7025,77.8934,0.0,17.38,56.1,1.2,99.59
2025-11-15,Dholpur,26.7025,77.8934,0.0,16.17,62.27,1.43,99.7
2025-11-16,Dholpur,26.7025,77.8934,0.0,15.77,59.64,1.44,99.87
2025-11-17,Dholpur,26.7025,77.8934,0.0,15.29,61.49,1.39,99.8
2025-11-18,Dholpur,26.7025,77.8934,0.0,15.6,64.33,1.26,99.6
2025-11-19,Dholpur,26.7025,77.8934,0.0,15.84,70.48,1.03,99.59
2025-11-20,Dholpur,26.7025,77.8934,0.0,17.05,73.98,0.96,99.65
2025-11-21,Dholpur,26.7025,77.8934,0.0,17.01,75.84,0.98,99.75
2025-11-22,Dholpur,26.7025,77.8934,0.0,17.35,74.62,1.12,99.6
2025-11-23,Dholpur,26.7025,77.8934,0.0,17.29,73.92,1.12,99.59
2025-11-24,Dholpur,26.7025,77.8934,0.0,16.76,70.31,1.03,99.72
2025-11-25,Dholpur,26.7025,77.8934,0.0,17.02,61.04,0.77,99.69
2025-11-26,Dholpur,26.7025,77.8934,0.0,15.87,59.48,0.89,99.72
2025-11-27,Dholpur,26.7025,77.8934,0.0,15.84,59.5,0.99,99.82
2025-11-28,Dholpur,26.7025,77.8934,0.0,16.21,62.41,0.9,99.68
2025-11-29,Dholpur,26.7025,77.8934,0.0,16.95,66.58,1.22,99.49
2025-11-30,Dholpur,26.7025,77.8934,0.0,16.97,67.48,1.43,99.43
2025-12-01,Dholpur,26.7025,77.8934,0.0,17.5,76.16,1.06,99.41
2025-12-02,Dholpur,26.7025,77.8934,0.0,18.06,80.03,1.17,99.39
2025-12-03,Dholpur,26.7025,77.8934,0.0,16.3,68.7,1.28,99.7
2025-12-04,Dholpur,26.7025,77.8934,0.0,14.15,55.92,1.35,99.81
2025-12-05,Dholpur,26.7025,77.8934,0.0,14.0,57.87,1.3,99.93
2025-12-06,Dholpur,26.7025,77.8934,0.0,13.07,64.89,1.74,99.84
2025-12-07,Dholpur,26.7025,77.8934,0.0,14.31,62.38,1.79,99.75
2025-12-08,Dholpur,26.7025,77.8934,0.0,14.49,62.32,1.86,99.73
2025-12-09,Dholpur,26.7025,77.8934,0.0,14.59,60.23,1.95,99.69
2025-12-10,Dholpur,26.7025,77.8934,0.0,14.41,60.71,1.65,99.7
2025-12-11,Dholpur,26.7025,77.8934,0.0,14.96,61.41,1.61,99.6
2025-12-12,Dholpur,26.7025,77.8934,0.0,16.02,57.14,1.37,99.51
2025-12-13,Dholpur,26.7025,77.8934,0.0,16.3,57.42,0.98,99.61
2025-12-14,Dholpur,26.7025,77.8934,0.0,15.81,70.55,0.94,99.73
2025-12-15,Dholpur,26.7025,77.8934,0.0,15.77,72.23,1.29,99.68
2025-12-16,Dholpur,26.7025,77.8934,0.0,14.75,64.56,1.6,99.63
2025-12-17,Dholpur,26.7025,77.8934,0.0,14.88,62.22,1.6,99.72
2025-12-18,Dholpur,26.7025,77.8934,0.0,14.99,66.6,1.62,99.73
2025-12-19,Dholpur,26.7025,77.8934,0.0,14.46,71.16,1.38,99.53
2025-12-20,Dholpur,26.7025,77.8934,0.0,14.03,64.41,1.24,99.41
2025-12-21,Dholpur,26.7025,77.8934,0.0,13.5,74.88,1.01,99.59
2025-12-22,Dholpur,26.7025,77.8934,0.0,14.62,76.65,0.86,99.61
2025-12-23,Dholpur,26.7025,77.8934,0.0,16.72,70.35,1.52,99.43
2025-12-24,Dholpur,26.7025,77.8934,0.0,14.74,59.71,1.81,99.46
2025-12-25,Dholpur,26.7025,77.8934,0.0,13.34,55.3,1.18,99.57
2025-12-26,Dholpur,26.7025,77.8934,0.0,13.74,59.3,1.15,99.62
2025-12-27,Dholpur,26.7025,77.8934,0.0,13.42,56.8,1.39,99.59
2025-12-28,Dholpur,26.7025,77.8934,0.0,13.46,57.37,1.38,99.66
2025-12-29,Dholpur,26.7025,77.8934,0.0,14.16,57.17,1.22,99.61
2025-12-30,Dholpur,26.7025,77.8934,0.0,14.8,59.51,1.41,99.38
2025-12-31,Dholpur,26.7025,77.8934,0.0,14.51,70.22,1.17,99.19
2025-01-01,Didwana-Kuchaman,27.401,74.918,0.0,13.77,39.08,1.14,97.15
2025-01-02,Didwana-Kuchaman,27.401,74.918,0.0,15.28,40.34,1.07,97.11
2025-01-03,Didwana-Kuchaman,27.401,74.918,0.0,16.92,47.05,1.65,97.04
2025-01-04,Didwana-Kuchaman,27.401,74.918,0.0,17.46,48.71,2.39,96.77
2025-01-05,Didwana-Kuchaman,27.401,74.918,0.0,16.63,55.38,2.24,96.71
2025-01-06,Didwana-Kuchaman,27.401,74.918,0.0,13.55,52.88,2.18,96.99
2025-01-07,Didwana-Kuchaman,27.401,74.918,0.0,11.52,44.11,1.87,97.16
2025-01-08,Didwana-Kuchaman,27.401,74.918,0.0,14.18,27.47,1.67,96.96
2025-01-09,Didwana-Kuchaman,27.401,74.918,0.0,14.8,33.91,1.69,97.01
2025-01-10,Didwana-Kuchaman,27.401,74.918,0.0,14.11,46.77,3.15,97.08
2025-01-11,Didwana-Kuchaman,27.401,74.918,6.76,11.48,74.8,1.93,96.99
2025-01-12,Didwana-Kuchaman,27.401,74.918,0.08,12.24,70.1,1.76,97.17
2025-01-13,Didwana-Kuchaman,27.401,74.918,0.0,11.2,73.41,1.42,97.23
2025-01-14,Didwana-Kuchaman,27.401,74.918,0.0,13.0,62.3,1.43,97.15
2025-01-15,Didwana-Kuchaman,27.401,74.918,0.67,13.07,63.01,2.09,97.17
2025-01-16,Didwana-Kuchaman,27.401,74.918,0.37,12.95,64.81,1.8,97.28
2025-01-17,Didwana-Kuchaman,27.401,74.918,0.0,11.67,61.38,1.84,97.33
2025-01-18,Didwana-Kuchaman,27.401,74.918,0.0,13.06,52.72,1.79,97.04
2025-01-19,Didwana-Kuchaman,27.401,74.918,0.0,16.72,55.81,2.5,96.94
2025-01-20,Didwana-Kuchaman,27.401,74.918,0.0,16.2,52.39,1.62,96.91
2025-01-21,Didwana-Kuchaman,27.401,74.918,0.0,15.67,43.65,1.48,96.78
2025-01-22,Didwana-Kuchaman,27.401,74.918,0.0,16.38,50.97,1.62,96.67
2025-01-23,Didwana-Kuchaman,27.401,74.918,0.0,15.32,52.87,2.02,96.88
2025-01-24,Didwana-Kuchaman,27.401,74.918,0.0,14.53,40.37,1.88,96.99
2025-01-25,Didwana-Kuchaman,27.401,74.918,0.0,14.69,26.47,1.73,96.95
2025-01-26,Didwana-Kuchaman,27.401,74.918,0.0,15.62,19.63,1.37,96.87
2025-01-27,Didwana-Kuchaman,27.401,74.918,0.0,16.82,18.41,1.16,96.71
2025-01-28,Didwana-Kuchaman,27.401,74.918,0.0,17.41,22.74,1.25,96.6
2025-01-29,Didwana-Kuchaman,27.401,74.918,0.0,18.44,31.28,2.19,96.62
2025-01-30,Didwana-Kuchaman,27.401,74.918,0.0,16.45,33.57,2.2,96.41
2025-01-31,Didwana-Kuchaman,27.401,74.918,0.0,17.36,31.26,1.55,96.38
2025-02-01,Didwana-Kuchaman,27.401,74.918,0.0,16.32,38.6,1.49,96.62
2025-02-02,Didwana-Kuchaman,27.401,74.918,0.0,15.54,45.88,1.78,96.84
2025-02-03,Didwana-Kuchaman,27.401,74.918,0.01,17.61,38.93,1.89,96.71
2025-02-04,Didwana-Kuchaman,27.401,74.918,0.34,17.42,41.2,1.63,96.75
2025-02-05,Didwana-Kuchaman,27.401,74.918,0.0,15.14,33.32,1.89,96.93
2025-02-06,Didwana-Kuchaman,27.401,74.918,0.0,14.72,32.74,1.77,97.1
2025-02-07,Didwana-Kuchaman,27.401,74.918,0.0,14.37,28.11,1.9,97.11
2025-02-08,Didwana-Kuchaman,27.401,74.918,0.0,16.91,22.89,1.32,96.94
2025-02-09,Didwana-Kuchaman,27.401,74.918,0.0,19.03,22.65,1.37,96.74
2025-02-10,Didwana-Kuchaman,27.401,74.918,0.0,20.03,27.9,1.61,96.69
2025-02-11,Didwana-Kuchaman,27.401,74.918,0.0,20.8,27.57,1.68,96.66
2025-02-12,Didwana-Kuchaman,27.401,74.918,0.0,17.87,34.52,2.15,96.88
2025-02-13,Didwana-Kuchaman,27.401,74.918,0.0,17.91,28.69,1.68,96.94
2025-02-14,Didwana-Kuchaman,27.401,74.918,0.0,21.12,23.53,1.66,96.7
2025-02-15,Didwana-Kuchaman,27.401,74.918,0.0,21.89,32.34,2.31,96.35
2025-02-16,Didwana-Kuchaman,27.401,74.918,0.0,19.99,34.83,1.78,96.56
2025-02-17,Didwana-Kuchaman,27.401,74.918,0.05,21.33,36.36,2.6,96.79
2025-02-18,Didwana-Kuchaman,27.401,74.918,0.25,21.32,40.17,2.02,96.76
2025-02-19,Didwana-Kuchaman,27.401,74.918,1.59,21.61,40.2,1.82,96.6
2025-02-20,Didwana-Kuchaman,27.401,74.918,0.02,21.25,43.42,3.62,96.57
2025-02-21,Didwana-Kuchaman,27.401,74.918,0.0,18.19,43.63,2.37,97.03
2025-02-22,Didwana-Kuchaman,27.401,74.918,0.0,18.06,44.3,2.24,97.05
2025-02-23,Didwana-Kuchaman,27.401,74.918,0.0,19.62,41.64,1.42,97.06
2025-02-24,Didwana-Kuchaman,27.401,74.918,0.0,20.2,38.08,1.33,97.18
2025-02-25,Didwana-Kuchaman,27.401,74.918,0.0,22.57,36.74,2.16,97.13
2025-02-26,Didwana-Kuchaman,27.401,74.918,0.0,23.94,31.97,2.03,97.13
2025-02-27,Didwana-Kuchaman,27.401,74.918,0.0,22.57,38.71,2.28,96.78
2025-02-28,Didwana-Kuchaman,27.401,74.918,4.28,21.1,53.7,1.74,96.51
2025-03-01,Didwana-Kuchaman,27.401,74.918,0.99,21.28,56.94,2.3,96.57
2025-03-02,Didwana-Kuchaman,27.401,74.918,1.03,20.49,48.45,2.3,96.63
2025-03-03,Didwana-Kuchaman,27.401,74.918,0.0,22.13,35.81,3.62,96.43
2025-03-04,Didwana-Kuchaman,27.401,74.918,0.0,17.92,27.02,3.75,96.82
2025-03-05,Didwana-Kuchaman,27.401,74.918,0.0,16.07,28.66,3.25,96.99
2025-03-06,Didwana-Kuchaman,27.401,74.918,0.0,19.69,20.73,2.48,96.71
2025-03-07,Didwana-Kuchaman,27.401,74.918,0.0,22.62,22.43,1.98,96.46
2025-03-08,Didwana-Kuchaman,27.401,74.918,0.0,23.38,23.0,1.72,96.33
2025-03-09,Didwana-Kuchaman,27.401,74.918,0.0,24.6,25.04,2.18,96.47
2025-03-10,Didwana-Kuchaman,27.401,74.918,0.0,25.2,27.78,1.87,96.8
2025-03-11,Didwana-Kuchaman,27.401,74.918,0.0,26.43,27.28,1.96,96.69
2025-03-12,Didwana-Kuchaman,27.401,74.918,0.0,26.48,31.34,2.09,96.38
2025-03-13,Didwana-Kuchaman,27.401,74.918,2.49,27.58,35.08,1.89,96.14
2025-03-14,Didwana-Kuchaman,27.401,74.918,0.62,26.72,35.11,1.97,96.16
2025-03-15,Didwana-Kuchaman,27.401,74.918,0.06,24.51,39.52,2.69,96.35
2025-03-16,Didwana-Kuchaman,27.401,74.918,0.05,23.11,37.45,2.48,96.63
2025-03-17,Didwana-Kuchaman,27.401,74.918,0.19,22.96,33.04,2.14,96.69
2025-03-18,Didwana-Kuchaman,27.401,74.918,0.0,23.61,27.62,1.63,96.68
2025-03-19,Didwana-Kuchaman,27.401,74.918,0.0,24.56,23.69,2.1,96.67
2025-03-20,Didwana-Kuchaman,27.401,74.918,0.0,25.36,23.42,2.61,96.81
2025-03-21,Didwana-Kuchaman,27.401,74.918,0.0,25.56,26.17,1.88,96.84
2025-03-22,Didwana-Kuchaman,27.401,74.918,0.0,25.39,23.48,2.53,96.68
2025-03-23,Didwana-Kuchaman,27.401,74.918,0.0,25.31,19.75,1.79,96.78
2025-03-24,Didwana-Kuchaman,27.401,74.918,0.0,26.96,17.54,2.23,96.67
2025-03-25,Didwana-Kuchaman,27.401,74.918,0.0,28.38,17.99,1.94,96.31
2025-03-26,Didwana-Kuchaman,27.401,74.918,0.0,28.76,20.38,2.54,96.1
2025-03-27,Didwana-Kuchaman,27.401,74.918,0.0,26.93,20.47,3.87,96.16
2025-03-28,Didwana-Kuchaman,27.401,74.918,0.0,22.23,11.14,3.18,96.48
2025-03-29,Didwana-Kuchaman,27.401,74.918,0.0,20.92,13.32,2.53,96.53
2025-03-30,Didwana-Kuchaman,27.401,74.918,0.0,24.15,12.92,1.79,96.5
2025-03-31,Didwana-Kuchaman,27.401,74.918,0.0,25.82,13.43,1.95,96.51
2025-04-01,Didwana-Kuchaman,27.401,74.918,0.0,26.5,15.17,1.91,96.39
2025-04-02,Didwana-Kuchaman,27.401,74.918,0.0,28.14,12.73,1.75,96.39
2025-04-03,Didwana-Kuchaman,27.401,74.918,0.0,29.1,17.65,2.98,96.43
2025-04-04,Didwana-Kuchaman,27.401,74.918,0.0,29.06,16.9,2.6,96.49
2025-04-05,Didwana-Kuchaman,27.401,74.918,0.0,28.48,21.1,2.5,96.36
2025-04-06,Didwana-Kuchaman,27.401,74.918,0.0,31.59,17.69,2.02,96.13
2025-04-07,Didwana-Kuchaman,27.401,74.918,0.0,32.2,17.77,1.85,96.15
2025-04-08,Didwana-Kuchaman,27.401,74.918,0.0,33.11,17.63,1.66,96.3
2025-04-09,Didwana-Kuchaman,27.401,74.918,0.0,33.56,17.91,3.23,96.16
2025-04-10,Didwana-Kuchaman,27.401,74.918,0.1,31.73,18.06,2.41,95.8
2025-04-11,Didwana-Kuchaman,27.401,74.918,0.04,29.76,26.36,3.42,95.69
2025-04-12,Didwana-Kuchaman,27.401,74.918,0.08,30.1,30.01,2.73,95.97
2025-04-13,Didwana-Kuchaman,27.401,74.918,0.17,30.59,28.78,2.09,96.19
2025-04-14,Didwana-Kuchaman,27.401,74.918,0.0,31.77,23.97,1.84,96.14
2025-04-15,Didwana-Kuchaman,27.401,74.918,0.0,31.66,25.85,2.88,96.17
2025-04-16,Didwana-Kuchaman,27.401,74.918,0.0,32.96,25.09,2.02,96.07
2025-04-17,Didwana-Kuchaman,27.401,74.918,0.0,34.36,21.65,2.42,95.81
2025-04-18,Didwana-Kuchaman,27.401,74.918,0.13,34.75,19.03,4.03,95.71
2025-04-19,Didwana-Kuchaman,27.401,74.918,0.0,32.71,17.5,4.58,95.71
2025-04-20,Didwana-Kuchaman,27.401,74.918,0.0,32.02,20.0,4.0,95.82
2025-04-21,Didwana-Kuchaman,27.401,74.918,0.0,30.53,9.54,2.8,96.2
2025-04-22,Didwana-Kuchaman,27.401,74.918,0.0,30.21,8.2,2.31,96.33
2025-04-23,Didwana-Kuchaman,27.401,74.918,0.0,30.53,7.46,2.62,96.11
2025-04-24,Didwana-Kuchaman,27.401,74.918,0.0,31.78,10.54,3.16,95.86
2025-04-25,Didwana-Kuchaman,27.401,74.918,0.0,32.58,13.5,3.02,95.9
2025-04-26,Didwana-Kuchaman,27.401,74.918,0.0,32.6,12.9,2.28,95.87
2025-04-27,Didwana-Kuchaman,27.401,74.918,0.0,33.51,12.29,1.39,96.0
2025-04-28,Didwana-Kuchaman,27.401,74.918,0.0,33.31,13.08,2.11,95.84
2025-04-29,Didwana-Kuchaman,27.401,74.918,0.0,33.11,14.46,2.67,95.84
2025-04-30,Didwana-Kuchaman,27.401,74.918,0.0,33.42,18.11,3.06,95.94
2025-05-01,Didwana-Kuchaman,27.401,74.918,0.06,33.71,25.86,3.78,96.03
2025-05-02,Didwana-Kuchaman,27.401,74.918,2.4,32.68,32.45,3.66,96.11
2025-05-03,Didwana-Kuchaman,27.401,74.918,0.68,33.21,34.29,4.74,95.87
2025-05-04,Didwana-Kuchaman,27.401,74.918,10.16,31.93,34.89,3.39,95.81
2025-05-05,Didwana-Kuchaman,27.401,74.918,0.36,29.55,47.03,2.25,95.94
2025-05-06,Didwana-Kuchaman,27.401,74.918,0.43,29.46,40.88,1.74,95.89
2025-05-07,Didwana-Kuchaman,27.401,74.918,0.25,27.97,50.12,2.16,95.91
2025-05-08,Didwana-Kuchaman,27.401,74.918,2.09,29.7,44.88,2.79,95.93
2025-05-09,Didwana-Kuchaman,27.401,74.918,2.56,30.6,44.5,1.05,96.04
2025-05-10,Didwana-Kuchaman,27.401,74.918,0.0,32.09,38.49,1.58,96.02
2025-05-11,Didwana-Kuchaman,27.401,74.918,0.34,34.25,32.78,1.96,95.89
2025-05-12,Didwana-Kuchaman,27.401,74.918,4.8,33.95,33.57,2.75,95.83
2025-05-13,Didwana-Kuchaman,27.401,74.918,9.95,32.11,50.97,2.62,95.9
2025-05-14,Didwana-Kuchaman,27.401,74.918,0.03,34.46,33.61,2.75,95.9
2025-05-15,Didwana-Kuchaman,27.401,74.918,0.0,34.64,25.83,3.07,95.89
2025-05-16,Didwana-Kuchaman,27.401,74.918,0.0,35.5,24.73,4.2,95.76
2025-05-17,Didwana-Kuchaman,27.401,74.918,0.0,36.0,29.32,5.31,95.75
2025-05-18,Didwana-Kuchaman,27.401,74.918,0.0,36.82,29.71,4.83,95.73
2025-05-19,Didwana-Kuchaman,27.401,74.918,0.0,37.13,29.11,4.69,95.68
2025-05-20,Didwana-Kuchaman,27.401,74.918,0.0,36.96,24.58,4.65,95.57
2025-05-21,Didwana-Kuchaman,27.401,74.918,0.0,37.24,22.34,3.64,95.55
2025-05-22,Didwana-Kuchaman,27.401,74.918,0.0,37.17,25.58,2.76,95.5
2025-05-23,Didwana-Kuchaman,27.401,74.918,0.0,36.85,26.28,3.42,95.28
2025-05-24,Didwana-Kuchaman,27.401,74.918,0.16,37.54,28.85,4.15,95.25
2025-05-25,Didwana-Kuchaman,27.401,74.918,6.44,34.54,41.86,4.74,95.59
2025-05-26,Didwana-Kuchaman,27.401,74.918,0.0,34.5,41.55,3.04,95.5
2025-05-27,Didwana-Kuchaman,27.401,74.918,0.0,35.29,37.94,2.4,95.33
2025-05-28,Didwana-Kuchaman,27.401,74.918,0.01,36.67,34.5,3.35,95.22
2025-05-29,Didwana-Kuchaman,27.401,74.918,0.27,36.8,33.08,2.9,95.09
2025-05-30,Didwana-Kuchaman,27.401,74.918,1.42,35.37,32.06,2.93,95.05
2025-05-31,Didwana-Kuchaman,27.401,74.918,0.71,34.41,29.2,5.07,95.29
2025-06-01,Didwana-Kuchaman,27.401,74.918,1.96,33.37,38.6,4.98,95.42
2025-06-02,Didwana-Kuchaman,27.401,74.918,9.86,32.29,45.43,3.74,95.4
2025-06-03,Didwana-Kuchaman,27.401,74.918,11.67,29.21,61.12,3.24,95.59
2025-06-04,Didwana-Kuchaman,27.401,74.918,0.32,31.02,46.74,3.48,95.83
2025-06-05,Didwana-Kuchaman,27.401,74.918,0.13,32.67,38.7,2.21,96.08
2025-06-06,Didwana-Kuchaman,27.401,74.918,0.54,34.58,35.02,3.04,96.0
2025-06-07,Didwana-Kuchaman,27.401,74.918,0.0,36.19,29.11,2.64,95.87
2025-06-08,Didwana-Kuchaman,27.401,74.918,0.0,36.63,24.68,3.99,95.78
2025-06-09,Didwana-Kuchaman,27.401,74.918,0.0,36.57,19.51,5.31,95.69
2025-06-10,Didwana-Kuchaman,27.401,74.918,0.0,36.87,23.47,4.59,95.59
2025-06-11,Didwana-Kuchaman,27.401,74.918,0.0,37.31,22.67,3.11,95.58
2025-06-12,Didwana-Kuchaman,27.401,74.918,0.0,38.4,20.27,1.62,95.45
2025-06-13,Didwana-Kuchaman,27.401,74.918,0.0,39.23,24.28,3.02,95.38
2025-06-14,Didwana-Kuchaman,27.401,74.918,0.17,39.36,26.03,3.1,95.28
2025-06-15,Didwana-Kuchaman,27.401,74.918,0.92,37.64,31.35,3.06,95.18
2025-06-16,Didwana-Kuchaman,27.401,74.918,10.42,33.43,52.55,3.22,95.23
2025-06-17,Didwana-Kuchaman,27.401,74.918,20.88,29.75,74.77,2.5,95.37
2025-06-18,Didwana-Kuchaman,27.401,74.918,3.95,30.91,65.15,2.16,95.17
2025-06-19,Didwana-Kuchaman,27.401,74.918,2.01,32.48,57.66,2.54,95.07
2025-06-20,Didwana-Kuchaman,27.401,74.918,7.08,30.65,68.87,2.65,95.33
2025-06-21,Didwana-Kuchaman,27.401,74.918,8.37,31.38,65.41,1.2,95.45
2025-06-22,Didwana-Kuchaman,27.401,74.918,2.33,32.78,60.96,1.53,95.36
2025-06-23,Didwana-Kuchaman,27.401,74.918,8.97,32.3,63.73,2.41,95.18
2025-06-24,Didwana-Kuchaman,27.401,74.918,15.25,31.68,68.69,2.35,95.14
2025-06-25,Didwana-Kuchaman,27.401,74.918,3.57,31.34,70.95,2.85,95.31
2025-06-26,Didwana-Kuchaman,27.401,74.918,6.88,31.88,65.73,3.55,95.49
2025-06-27,Didwana-Kuchaman,27.401,74.918,7.1,31.21,68.41,2.95,95.42
2025-06-28,Didwana-Kuchaman,27.401,74.918,1.63,31.36,65.7,2.06,95.33
2025-06-29,Didwana-Kuchaman,27.401,74.918,6.29,31.59,65.41,2.85,95.17
2025-06-30,Didwana-Kuchaman,27.401,74.918,9.7,30.37,68.62,3.43,95.19
2025-07-01,Didwana-Kuchaman,27.401,74.918,4.46,31.18,66.17,2.56,95.31
2025-07-02,Didwana-Kuchaman,27.401,74.918,9.16,31.07,68.01,2.67,95.27
2025-07-03,Didwana-Kuchaman,27.401,74.918,1.51,31.07,70.17,2.93,95.33
2025-07-04,Didwana-Kuchaman,27.401,74.918,2.28,30.86,70.04,2.07,95.41
2025-07-05,Didwana-Kuchaman,27.401,74.918,8.48,30.94,70.21,2.24,95.36
2025-07-06,Didwana-Kuchaman,27.401,74.918,32.37,29.34,81.87,1.7,95.31
2025-07-07,Didwana-Kuchaman,27.401,74.918,5.08,27.65,83.79,2.49,95.39
2025-07-08,Didwana-Kuchaman,27.401,74.918,1.25,29.83,71.21,2.49,95.47
2025-07-09,Didwana-Kuchaman,27.401,74.918,21.61,29.22,77.3,2.55,95.52
2025-07-10,Didwana-Kuchaman,27.401,74.918,24.76,28.23,81.62,2.36,95.61
2025-07-11,Didwana-Kuchaman,27.401,74.918,3.31,28.75,77.56,1.37,95.64
2025-07-12,Didwana-Kuchaman,27.401,74.918,10.0,27.72,85.19,1.24,95.61
2025-07-13,Didwana-Kuchaman,27.401,74.918,9.69,29.09,76.65,1.39,95.55
2025-07-14,Didwana-Kuchaman,27.401,74.918,16.53,27.73,85.16,2.61,95.28
2025-07-15,Didwana-Kuchaman,27.401,74.918,15.83,27.91,84.86,2.77,95.13
2025-07-16,Didwana-Kuchaman,27.401,74.918,1.32,29.18,75.11,2.74,95.43
2025-07-17,Didwana-Kuchaman,27.401,74.918,9.05,28.5,77.51,1.67,95.64
2025-07-18,Didwana-Kuchaman,27.401,74.918,20.73,28.16,84.11,3.42,95.49
2025-07-19,Didwana-Kuchaman,27.401,74.918,13.71,27.92,83.0,2.97,95.1
2025-07-20,Didwana-Kuchaman,27.401,74.918,0.36,28.58,76.93,3.47,95.29
2025-07-21,Didwana-Kuchaman,27.401,74.918,0.64,28.42,78.78,2.38,95.53
2025-07-22,Didwana-Kuchaman,27.401,74.918,4.65,29.33,78.29,2.89,95.46
2025-07-23,Didwana-Kuchaman,27.401,74.918,0.58,29.53,73.86,3.68,95.23
2025-07-24,Didwana-Kuchaman,27.401,74.918,0.01,29.93,70.13,3.44,95.15
2025-07-25,Didwana-Kuchaman,27.401,74.918,5.78,30.07,72.06,3.01,95.15
2025-07-26,Didwana-Kuchaman,27.401,74.918,14.61,29.77,79.75,1.44,95.16
2025-07-27,Didwana-Kuchaman,27.401,74.918,2.43,30.73,71.8,1.46,95.15
2025-07-28,Didwana-Kuchaman,27.401,74.918,10.38,29.92,74.67,2.58,95.15
2025-07-29,Didwana-Kuchaman,27.401,74.918,1.42,29.97,72.92,3.07,95.21
2025-07-30,Didwana-Kuchaman,27.401,74.918,4.03,28.67,75.91,2.1,95.29
2025-07-31,Didwana-Kuchaman,27.401,74.918,22.37,26.07,91.02,3.17,95.43
2025-08-01,Didwana-Kuchaman,27.401,74.918,10.02,27.06,84.36,3.31,95.56
2025-08-02,Didwana-Kuchaman,27.401,74.918,0.96,28.47,75.4,3.74,95.61
2025-08-03,Didwana-Kuchaman,27.401,74.918,0.01,29.04,72.07,3.76,95.74
2025-08-04,Didwana-Kuchaman,27.401,74.918,0.0,29.19,71.34,4.05,95.81
2025-08-05,Didwana-Kuchaman,27.401,74.918,0.0,28.26,74.71,4.19,95.81
2025-08-06,Didwana-Kuchaman,27.401,74.918,0.0,28.48,71.25,3.44,95.87
2025-08-07,Didwana-Kuchaman,27.401,74.918,0.0,29.07,70.46,3.55,95.81
2025-08-08,Didwana-Kuchaman,27.401,74.918,0.19,29.39,67.19,3.33,95.86
2025-08-09,Didwana-Kuchaman,27.401,74.918,2.33,29.13,68.37,2.44,96.05
2025-08-10,Didwana-Kuchaman,27.401,74.918,0.2,29.42,67.39,2.55,95.91
2025-08-11,Didwana-Kuchaman,27.401,74.918,0.07,29.36,67.22,3.63,95.84
2025-08-12,Didwana-Kuchaman,27.401,74.918,0.0,29.56,67.04,3.56,95.72
2025-08-13,Didwana-Kuchaman,27.401,74.918,0.03,29.0,71.9,2.69,95.64
2025-08-14,Didwana-Kuchaman,27.401,74.918,2.8,27.28,79.84,1.23,95.84
2025-08-15,Didwana-Kuchaman,27.401,74.918,0.28,28.81,74.69,1.62,95.74
2025-08-16,Didwana-Kuchaman,27.401,74.918,0.87,29.42,75.48,2.23,95.56
2025-08-17,Didwana-Kuchaman,27.401,74.918,0.09,29.96,73.49,3.48,95.64
2025-08-18,Didwana-Kuchaman,27.401,74.918,0.01,29.44,75.0,3.39,95.79
2025-08-19,Didwana-Kuchaman,27.401,74.918,0.04,29.57,72.92,2.86,95.68
2025-08-20,Didwana-Kuchaman,27.401,74.918,2.39,29.5,73.59,3.08,95.61
2025-08-21,Didwana-Kuchaman,27.401,74.918,4.93,28.27,79.52,2.0,95.64
2025-08-22,Didwana-Kuchaman,27.401,74.918,6.69,28.12,81.59,2.16,95.49
2025-08-23,Didwana-Kuchaman,27.401,74.918,25.91,26.82,88.5,2.21,95.51
2025-08-24,Didwana-Kuchaman,27.401,74.918,40.93,27.71,83.62,1.03,95.53
2025-08-25,Didwana-Kuchaman,27.401,74.918,3.29,28.34,81.12,1.19,95.4
2025-08-26,Didwana-Kuchaman,27.401,74.918,0.68,28.66,76.64,1.7,95.62
2025-08-27,Didwana-Kuchaman,27.401,74.918,1.82,29.36,73.77,1.41,95.71
2025-08-28,Didwana-Kuchaman,27.401,74.918,2.1,29.58,74.49,1.34,95.65
2025-08-29,Didwana-Kuchaman,27.401,74.918,8.51,28.07,85.86,1.91,95.71
2025-08-30,Didwana-Kuchaman,27.401,74.918,12.05,27.38,87.25,2.03,95.87
2025-08-31,Didwana-Kuchaman,27.401,74.918,69.03,27.16,89.78,1.16,95.65
2025-09-01,Didwana-Kuchaman,27.401,74.918,22.19,26.09,87.64,1.91,95.36
2025-09-02,Didwana-Kuchaman,27.401,74.918,6.11,26.92,82.78,2.4,95.52
2025-09-03,Didwana-Kuchaman,27.401,74.918,6.27,27.5,80.77,1.52,95.77
2025-09-04,Didwana-Kuchaman,27.401,74.918,15.36,26.6,85.78,2.09,95.85
2025-09-05,Didwana-Kuchaman,27.401,74.918,10.85,26.68,86.24,3.47,95.78
2025-09-06,Didwana-Kuchaman,27.401,74.918,10.44,27.18,86.38,4.04,95.7
2025-09-07,Didwana-Kuchaman,27.401,74.918,3.22,26.78,84.12,4.25,95.76
2025-09-08,Didwana-Kuchaman,27.401,74.918,0.22,26.63,82.25,3.13,95.97
2025-09-09,Didwana-Kuchaman,27.401,74.918,0.0,27.12,78.2,1.94,96.25
2025-09-10,Didwana-Kuchaman,27.401,74.918,0.0,26.69,76.57,3.09,96.22
2025-09-11,Didwana-Kuchaman,27.401,74.918,0.0,26.09,78.59,3.47,96.13
2025-09-12,Didwana-Kuchaman,27.401,74.918,0.0,26.56,77.8,2.54,96.24
2025-09-13,Didwana-Kuchaman,27.401,74.918,0.0,27.33,73.72,1.72,96.23
2025-09-14,Didwana-Kuchaman,27.401,74.918,0.02,28.13,73.0,2.01,96.18
2025-09-15,Didwana-Kuchaman,27.401,74.918,0.01,27.5,72.82,2.58,96.0
2025-09-16,Didwana-Kuchaman,27.401,74.918,0.0,27.98,73.91,1.79,95.98
2025-09-17,Didwana-Kuchaman,27.401,74.918,0.0,29.01,70.61,1.64,96.0
2025-09-18,Didwana-Kuchaman,27.401,74.918,0.2,28.65,71.5,1.87,96.03
2025-09-19,Didwana-Kuchaman,27.401,74.918,0.08,28.79,68.72,1.62,96.12
2025-09-20,Didwana-Kuchaman,27.401,74.918,0.17,28.5,68.26,1.83,96.11
2025-09-21,Didwana-Kuchaman,27.401,74.918,0.0,28.52,63.83,1.78,96.04
2025-09-22,Didwana-Kuchaman,27.401,74.918,0.0,27.94,65.23,2.06,96.09
2025-09-23,Didwana-Kuchaman,27.401,74.918,0.0,27.62,66.12,2.32,96.06
2025-09-24,Didwana-Kuchaman,27.401,74.918,0.0,27.42,69.14,2.58,95.95
2025-09-25,Didwana-Kuchaman,27.401,74.918,0.0,27.47,67.38,1.89,95.99
2025-09-26,Didwana-Kuchaman,27.401,74.918,0.0,28.02,58.8,1.74,96.11
2025-09-27,Didwana-Kuchaman,27.401,74.918,0.0,28.58,60.76,1.96,96.22
2025-09-28,Didwana-Kuchaman,27.401,74.918,0.0,28.63,73.01,3.12,96.08
2025-09-29,Didwana-Kuchaman,27.401,74.918,1.08,28.25,76.93,2.71,95.92
2025-09-30,Didwana-Kuchaman,27.401,74.918,5.76,26.98,84.9,2.12,95.8
2025-10-01,Didwana-Kuchaman,27.401,74.918,5.98,26.62,81.58,1.24,95.81
2025-10-02,Didwana-Kuchaman,27.401,74.918,1.53,27.0,76.67,1.42,96.1
2025-10-03,Didwana-Kuchaman,27.401,74.918,0.33,26.21,80.21,1.83,96.4
2025-10-04,Didwana-Kuchaman,27.401,74.918,0.01,27.91,69.69,1.52,96.29
2025-10-05,Didwana-Kuchaman,27.401,74.918,0.57,26.78,74.13,2.83,96.21
2025-10-06,Didwana-Kuchaman,27.401,74.918,33.3,24.76,86.27,2.66,96.26
2025-10-07,Didwana-Kuchaman,27.401,74.918,6.42,23.16,78.31,2.21,96.34
2025-10-08,Didwana-Kuchaman,27.401,74.918,0.09,21.74,69.2,1.44,96.62
2025-10-09,Didwana-Kuchaman,27.401,74.918,0.0,22.77,58.27,1.19,96.76
2025-10-10,Didwana-Kuchaman,27.401,74.918,0.0,23.55,52.24,1.13,96.61
2025-10-11,Didwana-Kuchaman,27.401,74.918,0.0,23.25,54.99,1.36,96.61
2025-10-12,Didwana-Kuchaman,27.401,74.918,0.0,23.7,54.35,1.47,96.57
2025-10-13,Didwana-Kuchaman,27.401,74.918,0.0,24.31,46.9,1.1,96.63
2025-10-14,Didwana-Kuchaman,27.401,74.918,0.0,23.27,54.9,1.18,96.53
2025-10-15,Didwana-Kuchaman,27.401,74.918,0.0,22.85,59.2,1.46,96.52
2025-10-16,Didwana-Kuchaman,27.401,74.918,0.0,24.22,48.39,0.77,96.53
2025-10-17,Didwana-Kuchaman,27.401,74.918,0.0,24.74,43.7,0.84,96.66
2025-10-18,Didwana-Kuchaman,27.401,74.918,0.0,24.41,44.63,1.02,96.58
2025-10-19,Didwana-Kuchaman,27.401,74.918,0.0,23.03,53.08,1.62,96.51
2025-10-20,Didwana-Kuchaman,27.401,74.918,0.0,23.16,54.8,1.66,96.53
2025-10-21,Didwana-Kuchaman,27.401,74.918,0.0,24.22,54.58,1.01,96.68
2025-10-22,Didwana-Kuchaman,27.401,74.918,0.0,25.21,48.2,1.18,96.74
2025-10-23,Didwana-Kuchaman,27.401,74.918,0.0,23.72,48.74,1.33,96.67
2025-10-24,Didwana-Kuchaman,27.401,74.918,0.0,23.42,47.45,1.34,96.63
2025-10-25,Didwana-Kuchaman,27.401,74.918,0.0,23.3,48.7,1.49,96.55
2025-10-26,Didwana-Kuchaman,27.401,74.918,0.01,22.45,59.77,1.9,96.62
2025-10-27,Didwana-Kuchaman,27.401,74.918,3.12,22.54,74.35,2.62,96.69
2025-10-28,Didwana-Kuchaman,27.401,74.918,0.7,20.75,79.18,2.74,96.74
2025-10-29,Didwana-Kuchaman,27.401,74.918,0.05,22.22,69.01,2.04,96.61
2025-10-30,Didwana-Kuchaman,27.401,74.918,0.51,22.34,77.6,2.2,96.57
2025-10-31,Didwana-Kuchaman,27.401,74.918,0.01,23.87,65.27,1.04,96.53
2025-11-01,Didwana-Kuchaman,27.401,74.918,0.0,23.99,51.84,0.96,96.55
2025-11-02,Didwana-Kuchaman,27.401,74.918,0.0,24.09,40.23,0.98,96.59
2025-11-03,Didwana-Kuchaman,27.401,74.918,0.51,23.23,41.43,1.83,96.4
2025-11-04,Didwana-Kuchaman,27.401,74.918,2.6,22.63,67.4,1.53,96.3
2025-11-05,Didwana-Kuchaman,27.401,74.918,0.0,19.51,56.1,2.33,96.47
2025-11-06,Didwana-Kuchaman,27.401,74.918,0.0,18.29,41.23,1.78,96.71
2025-11-07,Didwana-Kuchaman,27.401,74.918,0.0,19.22,26.13,1.26,96.86
2025-11-08,Didwana-Kuchaman,27.401,74.918,0.0,19.82,28.57,1.25,96.89
2025-11-09,Didwana-Kuchaman,27.401,74.918,0.0,19.62,32.9,1.2,96.76
2025-11-10,Didwana-Kuchaman,27.401,74.918,0.0,19.57,35.37,1.27,96.7
2025-11-11,Didwana-Kuchaman,27.401,74.918,0.0,19.71,39.65,0.99,96.82
2025-11-12,Didwana-Kuchaman,27.401,74.918,0.0,20.26,32.06,1.18,96.91
2025-11-13,Didwana-Kuchaman,27.401,74.918,0.0,19.43,30.31,1.37,97.06
2025-11-14,Didwana-Kuchaman,27.401,74.918,0.0,19.01,30.86,1.29,97.04
2025-11-15,Didwana-Kuchaman,27.401,74.918,0.0,18.94,29.29,1.08,97.14
2025-11-16,Didwana-Kuchaman,27.401,74.918,0.0,18.33,32.06,1.53,97.32
2025-11-17,Didwana-Kuchaman,27.401,74.918,0.0,18.47,30.94,1.28,97.21
2025-11-18,Didwana-Kuchaman,27.401,74.918,0.0,18.07,37.86,1.42,97.03
2025-11-19,Didwana-Kuchaman,27.401,74.918,0.0,19.27,34.28,1.2,96.96
2025-11-20,Didwana-Kuchaman,27.401,74.918,0.0,18.52,50.08,1.08,97.01
2025-11-21,Didwana-Kuchaman,27.401,74.918,0.0,18.37,55.94,1.41,97.11
2025-11-22,Didwana-Kuchaman,27.401,74.918,0.0,18.13,54.29,1.11,96.99
2025-11-23,Didwana-Kuchaman,27.401,74.918,0.0,17.99,57.62,1.17,96.98
2025-11-24,Didwana-Kuchaman,27.401,74.918,0.0,17.52,51.54,1.56,97.09
2025-11-25,Didwana-Kuchaman,27.401,74.918,0.0,16.52,49.54,1.43,97.11
2025-11-26,Didwana-Kuchaman,27.401,74.918,0.0,16.26,40.22,1.85,97.08
2025-11-27,Didwana-Kuchaman,27.401,74.918,0.01,17.34,52.74,1.79,97.16
2025-11-28,Didwana-Kuchaman,27.401,74.918,0.09,17.97,61.08,0.84,97.1
2025-11-29,Didwana-Kuchaman,27.401,74.918,0.0,18.75,55.16,1.17,96.95
2025-11-30,Didwana-Kuchaman,27.401,74.918,0.0,17.6,43.45,1.38,96.89
2025-12-01,Didwana-Kuchaman,27.401,74.918,0.0,18.37,46.88,1.35,96.78
2025-12-02,Didwana-Kuchaman,27.401,74.918,0.0,16.82,48.96,1.72,96.8
2025-12-03,Didwana-Kuchaman,27.401,74.918,0.0,15.13,35.53,1.31,97.16
2025-12-04,Didwana-Kuchaman,27.401,74.918,0.0,15.51,29.94,1.29,97.24
2025-12-05,Didwana-Kuchaman,27.401,74.918,0.0,15.83,28.39,1.23,97.35
2025-12-06,Didwana-Kuchaman,27.401,74.918,0.0,16.12,29.83,1.39,97.31
2025-12-07,Didwana-Kuchaman,27.401,74.918,0.0,17.35,28.56,1.22,97.22
2025-12-08,Didwana-Kuchaman,27.401,74.918,0.0,17.95,31.0,1.38,97.23
2025-12-09,Didwana-Kuchaman,27.401,74.918,0.0,17.88,30.06,1.45,97.19
2025-12-10,Didwana-Kuchaman,27.401,74.918,0.0,17.57,30.15,1.36,97.15
2025-12-11,Didwana-Kuchaman,27.401,74.918,0.0,18.82,26.67,1.17,97.05
2025-12-12,Didwana-Kuchaman,27.401,74.918,0.0,18.78,26.68,1.07,96.95
2025-12-13,Didwana-Kuchaman,27.401,74.918,0.0,19.02,30.67,1.16,97.0
2025-12-14,Didwana-Kuchaman,27.401,74.918,0.0,18.57,41.66,1.1,97.11
2025-12-15,Didwana-Kuchaman,27.401,74.918,0.0,18.75,37.55,1.02,97.12
2025-12-16,Didwana-Kuchaman,27.401,74.918,0.0,17.46,33.4,1.28,97.1
2025-12-17,Didwana-Kuchaman,27.401,74.918,0.0,17.94,32.8,1.21,97.17
2025-12-18,Didwana-Kuchaman,27.401,74.918,0.0,17.71,35.13,1.05,97.19
2025-12-19,Didwana-Kuchaman,27.401,74.918,0.0,18.62,29.14,1.04,96.98
2025-12-20,Didwana-Kuchaman,27.401,74.918,0.0,18.86,29.86,1.05,96.78
2025-12-21,Didwana-Kuchaman,27.401,74.918,0.0,18.78,46.63,1.33,96.9
2025-12-22,Didwana-Kuchaman,27.401,74.918,0.0,19.93,48.78,0.93,96.97
2025-12-23,Didwana-Kuchaman,27.401,74.918,0.0,17.27,53.75,2.06,96.96
2025-12-24,Didwana-Kuchaman,27.401,74.918,0.0,13.89,43.9,1.94,96.96
2025-12-25,Didwana-Kuchaman,27.401,74.918,0.0,15.15,32.24,0.9,96.96
2025-12-26,Didwana-Kuchaman,27.401,74.918,0.0,14.94,35.03,1.27,97.0
2025-12-27,Didwana-Kuchaman,27.401,74.918,0.0,15.7,30.31,1.11,97.01
2025-12-28,Didwana-Kuchaman,27.401,74.918,0.0,15.7,32.19,1.25,97.04
2025-12-29,Didwana-Kuchaman,27.401,74.918,0.0,15.96,35.8,1.05,96.98
2025-12-30,Didwana-Kuchaman,27.401,74.918,0.0,15.88,49.99,1.5,96.75
2025-12-31,Didwana-Kuchaman,27.401,74.918,0.12,15.21,60.1,2.03,96.49
2025-01-01,Dungarpur,23.8431,73.7147,0.0,17.12,50.04,2.09,97.58
2025-01-02,Dungarpur,23.8431,73.7147,0.0,18.72,43.03,1.25,97.58
2025-01-03,Dungarpur,23.8431,73.7147,0.0,19.69,43.46,1.46,97.54
2025-01-04,Dungarpur,23.8431,73.7147,0.0,19.5,47.08,1.57,97.33
2025-01-05,Dungarpur,23.8431,73.7147,0.0,18.8,49.54,1.73,97.24
2025-01-06,Dungarpur,23.8431,73.7147,0.0,16.82,38.83,2.49,97.39
2025-01-07,Dungarpur,23.8431,73.7147,0.0,14.89,36.77,2.6,97.6
2025-01-08,Dungarpur,23.8431,73.7147,0.0,15.01,38.51,1.64,97.5
2025-01-09,Dungarpur,23.8431,73.7147,0.0,16.11,39.44,1.8,97.47
2025-01-10,Dungarpur,23.8431,73.7147,0.0,17.26,44.67,1.91,97.48
2025-01-11,Dungarpur,23.8431,73.7147,0.0,17.1,58.03,1.65,97.39
2025-01-12,Dungarpur,23.8431,73.7147,0.0,16.85,49.06,2.14,97.59
2025-01-13,Dungarpur,23.8431,73.7147,0.0,14.4,49.76,2.51,97.63
2025-01-14,Dungarpur,23.8431,73.7147,0.0,15.64,46.77,1.84,97.54
2025-01-15,Dungarpur,23.8431,73.7147,0.03,17.97,53.84,2.2,97.5
2025-01-16,Dungarpur,23.8431,73.7147,0.0,17.62,38.5,3.11,97.64
2025-01-17,Dungarpur,23.8431,73.7147,0.0,16.35,47.74,2.96,97.65
2025-01-18,Dungarpur,23.8431,73.7147,0.0,19.12,50.98,1.76,97.45
2025-01-19,Dungarpur,23.8431,73.7147,0.0,21.25,52.28,1.29,97.44
2025-01-20,Dungarpur,23.8431,73.7147,0.0,21.52,44.68,1.27,97.37
2025-01-21,Dungarpur,23.8431,73.7147,0.0,20.49,38.82,1.53,97.23
2025-01-22,Dungarpur,23.8431,73.7147,0.0,19.37,33.76,1.91,97.17
2025-01-23,Dungarpur,23.8431,73.7147,0.0,18.72,30.66,2.18,97.28
2025-01-24,Dungarpur,23.8431,73.7147,0.0,18.06,35.59,3.2,97.37
2025-01-25,Dungarpur,23.8431,73.7147,0.0,19.1,32.06,1.83,97.39
2025-01-26,Dungarpur,23.8431,73.7147,0.0,19.44,30.19,1.48,97.3
2025-01-27,Dungarpur,23.8431,73.7147,0.0,20.9,24.99,1.36,97.13
2025-01-28,Dungarpur,23.8431,73.7147,0.0,21.72,25.26,1.58,97.07
2025-01-29,Dungarpur,23.8431,73.7147,0.0,23.09,21.6,1.84,97.16
2025-01-30,Dungarpur,23.8431,73.7147,0.0,21.14,22.04,2.44,97.03
2025-01-31,Dungarpur,23.8431,73.7147,0.0,19.4,25.22,2.13,96.97
2025-02-01,Dungarpur,23.8431,73.7147,0.0,18.88,25.27,2.0,97.16
2025-02-02,Dungarpur,23.8431,73.7147,0.0,19.14,19.23,1.59,97.25
2025-02-03,Dungarpur,23.8431,73.7147,0.0,21.17,26.1,2.31,97.19
2025-02-04,Dungarpur,23.8431,73.7147,0.0,21.5,25.16,2.54,97.27
2025-02-05,Dungarpur,23.8431,73.7147,0.0,18.77,19.06,2.45,97.35
2025-02-06,Dungarpur,23.8431,73.7147,0.0,18.54,21.83,3.08,97.46
2025-02-07,Dungarpur,23.8431,73.7147,0.0,19.4,22.93,2.5,97.52
2025-02-08,Dungarpur,23.8431,73.7147,0.0,21.84,19.67,1.59,97.37
2025-02-09,Dungarpur,23.8431,73.7147,0.0,22.14,17.88,1.82,97.2
2025-02-10,Dungarpur,23.8431,73.7147,0.0,22.53,15.6,1.8,97.25
2025-02-11,Dungarpur,23.8431,73.7147,0.0,22.56,21.7,2.13,97.28
2025-02-12,Dungarpur,23.8431,73.7147,0.0,22.73,28.25,1.71,97.37
2025-02-13,Dungarpur,23.8431,73.7147,0.0,22.51,18.28,1.7,97.44
2025-02-14,Dungarpur,23.8431,73.7147,0.0,23.82,18.21,1.56,97.31
2025-02-15,Dungarpur,23.8431,73.7147,0.0,24.06,25.82,3.05,97.07
2025-02-16,Dungarpur,23.8431,73.7147,0.0,24.48,30.11,2.11,97.1
2025-02-17,Dungarpur,23.8431,73.7147,0.0,25.03,30.56,1.61,97.22
2025-02-18,Dungarpur,23.8431,73.7147,0.0,25.75,26.26,2.1,97.2
2025-02-19,Dungarpur,23.8431,73.7147,0.0,24.65,30.17,1.92,97.1
2025-02-20,Dungarpur,23.8431,73.7147,0.0,24.26,31.37,2.42,97.19
2025-02-21,Dungarpur,23.8431,73.7147,0.0,24.38,23.61,1.68,97.42
2025-02-22,Dungarpur,23.8431,73.7147,0.0,23.89,21.99,2.25,97.46
2025-02-23,Dungarpur,23.8431,73.7147,0.0,24.37,21.91,1.61,97.47
2025-02-24,Dungarpur,23.8431,73.7147,0.0,24.16,23.39,1.74,97.55
2025-02-25,Dungarpur,23.8431,73.7147,0.0,25.44,23.77,1.83,97.63
2025-02-26,Dungarpur,23.8431,73.7147,0.0,27.32,20.09,1.56,97.6
2025-02-27,Dungarpur,23.8431,73.7147,0.0,26.56,23.42,2.43,97.31
2025-02-28,Dungarpur,23.8431,73.7147,0.0,26.37,27.48,2.86,97.12
2025-03-01,Dungarpur,23.8431,73.7147,0.0,25.84,33.94,2.72,97.13
2025-03-02,Dungarpur,23.8431,73.7147,0.0,25.5,31.58,1.76,97.05
2025-03-03,Dungarpur,23.8431,73.7147,0.0,25.98,29.66,2.74,97.12
2025-03-04,Dungarpur,23.8431,73.7147,0.0,23.73,19.92,3.47,97.33
2025-03-05,Dungarpur,23.8431,73.7147,0.0,20.96,9.84,3.01,97.49
2025-03-06,Dungarpur,23.8431,73.7147,0.0,23.61,10.72,2.06,97.31
2025-03-07,Dungarpur,23.8431,73.7147,0.0,26.05,15.19,1.74,97.06
2025-03-08,Dungarpur,23.8431,73.7147,0.0,27.59,19.32,1.64,96.81
2025-03-09,Dungarpur,23.8431,73.7147,0.0,28.64,19.22,1.38,96.97
2025-03-10,Dungarpur,23.8431,73.7147,0.0,30.35,17.03,1.15,97.25
2025-03-11,Dungarpur,23.8431,73.7147,0.0,29.31,17.86,1.96,97.24
2025-03-12,Dungarpur,23.8431,73.7147,0.0,29.87,15.92,2.86,96.97
2025-03-13,Dungarpur,23.8431,73.7147,0.0,29.0,18.61,3.28,96.8
2025-03-14,Dungarpur,23.8431,73.7147,0.0,29.15,23.73,3.48,96.85
2025-03-15,Dungarpur,23.8431,73.7147,0.0,28.57,27.17,3.1,96.97
2025-03-16,Dungarpur,23.8431,73.7147,0.0,27.83,23.21,2.58,97.05
2025-03-17,Dungarpur,23.8431,73.7147,0.0,27.25,22.11,1.62,97.08
2025-03-18,Dungarpur,23.8431,73.7147,0.0,27.36,18.73,2.02,97.08
2025-03-19,Dungarpur,23.8431,73.7147,0.0,27.84,16.55,1.85,97.09
2025-03-20,Dungarpur,23.8431,73.7147,0.0,27.23,17.11,1.98,97.21
2025-03-21,Dungarpur,23.8431,73.7147,0.0,27.39,21.31,2.28,97.25
2025-03-22,Dungarpur,23.8431,73.7147,0.0,28.66,20.37,1.17,97.17
2025-03-23,Dungarpur,23.8431,73.7147,0.0,29.51,15.5,1.13,97.22
2025-03-24,Dungarpur,23.8431,73.7147,0.0,29.57,14.03,1.11,97.2
2025-03-25,Dungarpur,23.8431,73.7147,0.0,29.85,14.83,1.94,96.89
2025-03-26,Dungarpur,23.8431,73.7147,0.0,30.02,19.11,2.65,96.73
2025-03-27,Dungarpur,23.8431,73.7147,0.0,28.6,21.79,3.3,96.82
2025-03-28,Dungarpur,23.8431,73.7147,0.0,27.63,6.15,2.89,96.94
2025-03-29,Dungarpur,23.8431,73.7147,0.0,27.22,5.21,2.45,96.93
2025-03-30,Dungarpur,23.8431,73.7147,0.0,27.72,7.37,2.36,96.94
2025-03-31,Dungarpur,23.8431,73.7147,0.0,29.55,7.57,2.41,96.91
2025-04-01,Dungarpur,23.8431,73.7147,0.0,29.82,9.04,2.16,96.82
2025-04-02,Dungarpur,23.8431,73.7147,0.0,29.53,14.92,2.27,96.8
2025-04-03,Dungarpur,23.8431,73.7147,0.0,29.88,11.31,2.31,96.97
2025-04-04,Dungarpur,23.8431,73.7147,0.0,29.86,17.71,1.73,97.06
2025-04-05,Dungarpur,23.8431,73.7147,0.0,31.52,12.66,2.15,96.9
2025-04-06,Dungarpur,23.8431,73.7147,0.0,32.85,12.07,2.67,96.74
2025-04-07,Dungarpur,23.8431,73.7147,0.0,33.28,12.94,4.09,96.79
2025-04-08,Dungarpur,23.8431,73.7147,0.0,33.85,13.19,3.35,96.91
2025-04-09,Dungarpur,23.8431,73.7147,0.0,34.69,11.99,3.95,96.82
2025-04-10,Dungarpur,23.8431,73.7147,0.0,33.67,13.75,4.65,96.5
2025-04-11,Dungarpur,23.8431,73.7147,0.0,31.14,19.25,3.72,96.4
2025-04-12,Dungarpur,23.8431,73.7147,1.85,30.82,30.57,3.42,96.63
2025-04-13,Dungarpur,23.8431,73.7147,0.0,32.12,22.13,4.12,96.8
2025-04-14,Dungarpur,23.8431,73.7147,0.0,32.97,19.01,4.76,96.71
2025-04-15,Dungarpur,23.8431,73.7147,0.0,33.33,27.78,2.77,96.6
2025-04-16,Dungarpur,23.8431,73.7147,0.0,34.33,22.68,2.24,96.58
2025-04-17,Dungarpur,23.8431,73.7147,0.0,33.99,24.6,3.39,96.54
2025-04-18,Dungarpur,23.8431,73.7147,0.0,33.94,21.02,4.31,96.51
2025-04-19,Dungarpur,23.8431,73.7147,0.0,32.23,19.08,4.38,96.53
2025-04-20,Dungarpur,23.8431,73.7147,0.0,30.26,27.27,3.25,96.62
2025-04-21,Dungarpur,23.8431,73.7147,0.0,31.43,17.0,2.83,96.87
2025-04-22,Dungarpur,23.8431,73.7147,0.0,32.35,9.29,2.18,96.93
2025-04-23,Dungarpur,23.8431,73.7147,0.0,32.43,7.0,2.35,96.74
2025-04-24,Dungarpur,23.8431,73.7147,0.0,32.65,9.06,2.65,96.58
2025-04-25,Dungarpur,23.8431,73.7147,0.0,32.5,13.17,2.68,96.62
2025-04-26,Dungarpur,23.8431,73.7147,0.0,31.95,17.52,2.95,96.57
2025-04-27,Dungarpur,23.8431,73.7147,0.0,32.64,22.77,3.0,96.64
2025-04-28,Dungarpur,23.8431,73.7147,0.0,34.47,18.88,3.86,96.46
2025-04-29,Dungarpur,23.8431,73.7147,0.0,34.58,21.19,4.34,96.39
2025-04-30,Dungarpur,23.8431,73.7147,0.0,34.8,17.24,3.56,96.51
2025-05-01,Dungarpur,23.8431,73.7147,0.0,34.15,15.21,3.65,96.63
2025-05-02,Dungarpur,23.8431,73.7147,0.01,34.53,15.77,3.36,96.64
2025-05-03,Dungarpur,23.8431,73.7147,0.0,33.64,18.81,3.09,96.54
2025-05-04,Dungarpur,23.8431,73.7147,0.54,32.15,32.45,2.68,96.48
2025-05-05,Dungarpur,23.8431,73.7147,15.02,31.25,39.93,3.75,96.52
2025-05-06,Dungarpur,23.8431,73.7147,14.67,25.8,69.36,3.3,96.62
2025-05-07,Dungarpur,23.8431,73.7147,11.43,24.87,74.77,2.55,96.54
2025-05-08,Dungarpur,23.8431,73.7147,12.44,26.03,74.33,1.51,96.58
2025-05-09,Dungarpur,23.8431,73.7147,2.21,28.06,65.48,1.58,96.72
2025-05-10,Dungarpur,23.8431,73.7147,0.01,29.3,60.32,1.66,96.75
2025-05-11,Dungarpur,23.8431,73.7147,0.89,30.12,56.76,1.83,96.66
2025-05-12,Dungarpur,23.8431,73.7147,3.19,29.95,58.78,2.01,96.58
2025-05-13,Dungarpur,23.8431,73.7147,2.23,30.1,60.08,2.19,96.6
2025-05-14,Dungarpur,23.8431,73.7147,0.02,31.1,56.02,1.64,96.6
2025-05-15,Dungarpur,23.8431,73.7147,0.07,31.82,51.71,1.93,96.6
2025-05-16,Dungarpur,23.8431,73.7147,0.02,31.75,52.44,2.53,96.56
2025-05-17,Dungarpur,23.8431,73.7147,0.21,31.98,56.24,3.14,96.5
2025-05-18,Dungarpur,23.8431,73.7147,0.0,32.55,55.92,2.91,96.47
2025-05-19,Dungarpur,23.8431,73.7147,4.19,32.56,56.2,2.5,96.38
2025-05-20,Dungarpur,23.8431,73.7147,1.65,33.72,52.36,2.47,96.32
2025-05-21,Dungarpur,23.8431,73.7147,0.16,33.16,53.73,2.52,96.32
2025-05-22,Dungarpur,23.8431,73.7147,0.26,33.3,54.58,2.68,96.23
2025-05-23,Dungarpur,23.8431,73.7147,0.18,33.79,51.88,2.34,96.0
2025-05-24,Dungarpur,23.8431,73.7147,0.03,34.55,45.23,2.56,95.85
2025-05-25,Dungarpur,23.8431,73.7147,0.73,33.05,51.66,2.85,96.12
2025-05-26,Dungarpur,23.8431,73.7147,0.29,34.42,44.4,2.19,96.03
2025-05-27,Dungarpur,23.8431,73.7147,0.56,34.86,42.21,3.67,95.83
2025-05-28,Dungarpur,23.8431,73.7147,14.14,32.92,50.71,4.32,95.89
2025-05-29,Dungarpur,23.8431,73.7147,0.6,30.65,56.91,2.69,95.85
2025-05-30,Dungarpur,23.8431,73.7147,0.02,31.75,54.28,4.37,95.81
2025-05-31,Dungarpur,23.8431,73.7147,0.01,30.79,56.77,5.37,96.15
2025-06-01,Dungarpur,23.8431,73.7147,1.71,30.35,57.99,5.3,96.26
2025-06-02,Dungarpur,23.8431,73.7147,3.72,29.73,61.61,4.57,96.18
2025-06-03,Dungarpur,23.8431,73.7147,4.71,29.61,63.73,4.11,96.3
2025-06-04,Dungarpur,23.8431,73.7147,0.12,29.85,59.81,2.82,96.5
2025-06-05,Dungarpur,23.8431,73.7147,0.12,30.71,52.4,2.16,96.73
2025-06-06,Dungarpur,23.8431,73.7147,0.07,32.34,46.41,3.26,96.74
2025-06-07,Dungarpur,23.8431,73.7147,0.49,33.02,36.78,3.78,96.66
2025-06-08,Dungarpur,23.8431,73.7147,0.0,33.14,35.44,4.11,96.58
2025-06-09,Dungarpur,23.8431,73.7147,0.0,34.65,36.72,4.91,96.45
2025-06-10,Dungarpur,23.8431,73.7147,0.0,35.72,33.65,4.35,96.25
2025-06-11,Dungarpur,23.8431,73.7147,0.0,36.89,26.97,3.94,96.14
2025-06-12,Dungarpur,23.8431,73.7147,0.0,37.9,25.37,3.08,95.98
2025-06-13,Dungarpur,23.8431,73.7147,1.78,37.14,28.4,2.38,95.94
2025-06-14,Dungarpur,23.8431,73.7147,4.89,36.06,42.35,2.81,95.91
2025-06-15,Dungarpur,23.8431,73.7147,2.32,32.82,54.18,2.51,95.79
2025-06-16,Dungarpur,23.8431,73.7147,11.14,30.69,66.24,2.15,95.64
2025-06-17,Dungarpur,23.8431,73.7147,9.0,28.29,80.06,4.31,95.66
2025-06-18,Dungarpur,23.8431,73.7147,10.51,29.26,75.42,4.7,95.83
2025-06-19,Dungarpur,23.8431,73.7147,6.76,29.7,72.92,5.68,95.83
2025-06-20,Dungarpur,23.8431,73.7147,5.84,27.39,79.32,4.4,96.1
2025-06-21,Dungarpur,23.8431,73.7147,11.57,27.78,80.26,3.91,96.12
2025-06-22,Dungarpur,23.8431,73.7147,12.82,27.79,78.93,4.14,96.1
2025-06-23,Dungarpur,23.8431,73.7147,4.66,26.57,85.24,3.64,95.92
2025-06-24,Dungarpur,23.8431,73.7147,6.46,28.45,77.98,3.53,95.81
2025-06-25,Dungarpur,23.8431,73.7147,9.99,27.58,82.45,2.99,95.88
2025-06-26,Dungarpur,23.8431,73.7147,10.6,28.09,82.92,2.02,95.97
2025-06-27,Dungarpur,23.8431,73.7147,9.24,27.34,83.48,2.68,95.96
2025-06-28,Dungarpur,23.8431,73.7147,5.85,26.67,82.74,5.16,96.0
2025-06-29,Dungarpur,23.8431,73.7147,7.03,27.79,79.53,5.13,95.94
2025-06-30,Dungarpur,23.8431,73.7147,5.01,27.81,79.89,4.97,95.98
2025-07-01,Dungarpur,23.8431,73.7147,5.47,27.85,79.55,4.51,96.05
2025-07-02,Dungarpur,23.8431,73.7147,22.64,25.69,89.12,3.17,95.96
2025-07-03,Dungarpur,23.8431,73.7147,20.11,26.54,88.62,2.92,95.94
2025-07-04,Dungarpur,23.8431,73.7147,5.08,27.49,84.1,3.43,96.09
2025-07-05,Dungarpur,23.8431,73.7147,13.33,26.73,88.76,3.14,96.09
2025-07-06,Dungarpur,23.8431,73.7147,15.3,26.47,89.83,3.06,95.98
2025-07-07,Dungarpur,23.8431,73.7147,3.08,27.14,83.39,3.64,96.08
2025-07-08,Dungarpur,23.8431,73.7147,0.44,27.3,82.11,3.24,96.21
2025-07-09,Dungarpur,23.8431,73.7147,0.78,27.3,82.54,3.39,96.24
2025-07-10,Dungarpur,23.8431,73.7147,0.67,27.29,81.86,3.14,96.29
2025-07-11,Dungarpur,23.8431,73.7147,8.28,27.03,84.29,3.0,96.31
2025-07-12,Dungarpur,23.8431,73.7147,28.86,26.48,86.79,3.18,96.29
2025-07-13,Dungarpur,23.8431,73.7147,20.94,26.66,89.85,3.26,96.15
2025-07-14,Dungarpur,23.8431,73.7147,31.91,26.1,91.01,4.37,96.03
2025-07-15,Dungarpur,23.8431,73.7147,4.45,27.15,86.63,3.69,96.03
2025-07-16,Dungarpur,23.8431,73.7147,0.66,27.4,84.82,2.69,96.17
2025-07-17,Dungarpur,23.8431,73.7147,0.25,26.82,84.28,2.45,96.3
2025-07-18,Dungarpur,23.8431,73.7147,22.74,26.17,89.29,3.9,96.26
2025-07-19,Dungarpur,23.8431,73.7147,14.01,26.1,86.24,3.82,95.98
2025-07-20,Dungarpur,23.8431,73.7147,1.87,26.77,84.8,3.1,95.96
2025-07-21,Dungarpur,23.8431,73.7147,8.71,27.06,86.03,2.65,96.15
2025-07-22,Dungarpur,23.8431,73.7147,12.67,27.5,86.35,2.57,96.13
2025-07-23,Dungarpur,23.8431,73.7147,6.99,26.95,86.34,3.58,95.97
2025-07-24,Dungarpur,23.8431,73.7147,0.22,26.53,85.38,3.02,95.88
2025-07-25,Dungarpur,23.8431,73.7147,3.18,27.15,86.31,2.51,95.83
2025-07-26,Dungarpur,23.8431,73.7147,16.66,26.82,89.8,3.74,95.78
2025-07-27,Dungarpur,23.8431,73.7147,35.49,26.91,90.59,3.74,95.71
2025-07-28,Dungarpur,23.8431,73.7147,8.23,26.59,90.64,3.85,95.89
2025-07-29,Dungarpur,23.8431,73.7147,1.15,26.54,88.82,4.03,95.96
2025-07-30,Dungarpur,23.8431,73.7147,0.8,25.55,88.9,4.1,96.05
2025-07-31,Dungarpur,23.8431,73.7147,1.15,26.03,86.95,3.48,96.19
2025-08-01,Dungarpur,23.8431,73.7147,0.18,26.41,85.3,3.62,96.3
2025-08-02,Dungarpur,23.8431,73.7147,1.2,25.95,85.05,3.14,96.37
2025-08-03,Dungarpur,23.8431,73.7147,1.48,26.32,85.84,3.02,96.47
2025-08-04,Dungarpur,23.8431,73.7147,0.01,25.99,87.39,2.92,96.6
2025-08-05,Dungarpur,23.8431,73.7147,0.68,26.19,85.82,2.95,96.57
2025-08-06,Dungarpur,23.8431,73.7147,0.42,25.95,85.6,2.84,96.59
2025-08-07,Dungarpur,23.8431,73.7147,0.0,26.03,84.64,2.62,96.56
2025-08-08,Dungarpur,23.8431,73.7147,0.0,26.16,83.69,2.52,96.59
2025-08-09,Dungarpur,23.8431,73.7147,0.11,26.34,83.34,2.16,96.73
2025-08-10,Dungarpur,23.8431,73.7147,0.08,26.13,84.08,2.46,96.65
2025-08-11,Dungarpur,23.8431,73.7147,0.01,26.32,83.81,2.81,96.59
2025-08-12,Dungarpur,23.8431,73.7147,0.05,26.46,83.55,3.12,96.47
2025-08-13,Dungarpur,23.8431,73.7147,0.06,26.15,85.62,2.11,96.32
2025-08-14,Dungarpur,23.8431,73.7147,0.28,26.51,84.99,1.19,96.37
2025-08-15,Dungarpur,23.8431,73.7147,4.85,27.58,83.87,1.22,96.23
2025-08-16,Dungarpur,23.8431,73.7147,20.11,27.18,87.5,1.71,96.07
2025-08-17,Dungarpur,23.8431,73.7147,1.6,28.38,85.19,1.66,96.02
2025-08-18,Dungarpur,23.8431,73.7147,22.13,28.18,85.44,0.78,96.18
2025-08-19,Dungarpur,23.8431,73.7147,9.66,27.8,87.19,1.86,96.03
2025-08-20,Dungarpur,23.8431,73.7147,19.02,26.97,88.2,2.32,96.0
2025-08-21,Dungarpur,23.8431,73.7147,34.95,25.13,94.15,2.73,96.2
2025-08-22,Dungarpur,23.8431,73.7147,29.26,25.42,92.89,3.97,96.26
2025-08-23,Dungarpur,23.8431,73.7147,16.31,25.56,90.74,4.28,96.21
2025-08-24,Dungarpur,23.8431,73.7147,22.04,25.66,90.93,4.1,96.24
2025-08-25,Dungarpur,23.8431,73.7147,13.66,25.78,90.67,3.91,96.2
2025-08-26,Dungarpur,23.8431,73.7147,4.75,26.33,89.22,2.72,96.35
2025-08-27,Dungarpur,23.8431,73.7147,3.27,26.75,88.08,1.98,96.35
2025-08-28,Dungarpur,23.8431,73.7147,5.53,26.83,88.9,1.82,96.23
2025-08-29,Dungarpur,23.8431,73.7147,15.93,27.26,89.55,1.7,96.21
2025-08-30,Dungarpur,23.8431,73.7147,20.03,27.0,90.09,2.01,96.39
2025-08-31,Dungarpur,23.8431,73.7147,15.27,25.78,92.9,2.85,96.37
2025-09-01,Dungarpur,23.8431,73.7147,3.93,25.84,89.29,3.11,96.15
2025-09-02,Dungarpur,23.8431,73.7147,1.45,25.62,88.12,2.55,96.23
2025-09-03,Dungarpur,23.8431,73.7147,12.46,25.65,90.72,2.28,96.28
2025-09-04,Dungarpur,23.8431,73.7147,20.95,25.95,90.76,2.53,96.23
2025-09-05,Dungarpur,23.8431,73.7147,22.29,26.64,89.71,2.31,96.21
2025-09-06,Dungarpur,23.8431,73.7147,24.17,25.46,94.98,3.54,96.23
2025-09-07,Dungarpur,23.8431,73.7147,33.34,24.64,94.21,5.05,96.28
2025-09-08,Dungarpur,23.8431,73.7147,3.74,24.61,91.29,3.97,96.52
2025-09-09,Dungarpur,23.8431,73.7147,0.35,24.44,88.66,2.08,96.87
2025-09-10,Dungarpur,23.8431,73.7147,0.0,24.07,87.76,1.64,96.91
2025-09-11,Dungarpur,23.8431,73.7147,0.0,23.82,87.92,1.83,96.84
2025-09-12,Dungarpur,23.8431,73.7147,0.0,24.36,87.15,1.63,96.9
2025-09-13,Dungarpur,23.8431,73.7147,0.0,24.67,85.78,1.23,96.86
2025-09-14,Dungarpur,23.8431,73.7147,0.0,26.06,83.88,1.42,96.78
2025-09-15,Dungarpur,23.8431,73.7147,0.07,24.68,88.6,2.1,96.67
2025-09-16,Dungarpur,23.8431,73.7147,0.1,24.47,89.05,1.41,96.66
2025-09-17,Dungarpur,23.8431,73.7147,0.07,25.84,87.74,1.42,96.65
2025-09-18,Dungarpur,23.8431,73.7147,1.78,25.93,87.62,1.48,96.65
2025-09-19,Dungarpur,23.8431,73.7147,16.66,26.79,82.58,0.76,96.74
2025-09-20,Dungarpur,23.8431,73.7147,2.21,26.26,87.48,1.66,96.71
2025-09-21,Dungarpur,23.8431,73.7147,22.38,25.86,89.06,1.96,96.66
2025-09-22,Dungarpur,23.8431,73.7147,3.71,25.25,90.87,1.61,96.69
2025-09-23,Dungarpur,23.8431,73.7147,0.52,24.98,88.36,2.02,96.73
2025-09-24,Dungarpur,23.8431,73.7147,0.03,24.86,87.14,2.11,96.62
2025-09-25,Dungarpur,23.8431,73.7147,0.01,25.07,84.95,1.35,96.62
2025-09-26,Dungarpur,23.8431,73.7147,0.0,26.34,80.71,1.47,96.68
2025-09-27,Dungarpur,23.8431,73.7147,0.28,26.27,82.56,2.28,96.65
2025-09-28,Dungarpur,23.8431,73.7147,5.91,26.23,89.76,3.25,96.36
2025-09-29,Dungarpur,23.8431,73.7147,1.22,26.43,88.97,3.32,96.24
2025-09-30,Dungarpur,23.8431,73.7147,0.34,24.02,91.33,2.76,96.38
2025-10-01,Dungarpur,23.8431,73.7147,0.02,24.46,88.31,1.68,96.42
2025-10-02,Dungarpur,23.8431,73.7147,0.35,24.91,87.01,1.13,96.67
2025-10-03,Dungarpur,23.8431,73.7147,14.59,25.19,87.82,1.57,96.93
2025-10-04,Dungarpur,23.8431,73.7147,11.81,24.94,89.24,2.33,96.97
2025-10-05,Dungarpur,23.8431,73.7147,3.95,24.46,89.39,2.46,96.93
2025-10-06,Dungarpur,23.8431,73.7147,5.8,24.09,89.3,2.94,96.98
2025-10-07,Dungarpur,23.8431,73.7147,0.96,23.07,85.1,2.12,97.04
2025-10-08,Dungarpur,23.8431,73.7147,0.0,22.6,77.09,1.12,97.19
2025-10-09,Dungarpur,23.8431,73.7147,0.0,23.54,66.74,0.82,97.28
2025-10-10,Dungarpur,23.8431,73.7147,0.0,23.39,59.26,0.75,97.16
2025-10-11,Dungarpur,23.8431,73.7147,0.0,22.51,62.38,1.09,97.18
2025-10-12,Dungarpur,23.8431,73.7147,0.0,22.92,63.74,1.05,97.13
2025-10-13,Dungarpur,23.8431,73.7147,0.0,23.21,64.44,0.85,97.18
2025-10-14,Dungarpur,23.8431,73.7147,0.0,21.68,74.56,1.47,97.06
2025-10-15,Dungarpur,23.8431,73.7147,0.0,22.0,73.05,1.22,97.0
2025-10-16,Dungarpur,23.8431,73.7147,0.0,23.19,74.36,1.3,97.03
2025-10-17,Dungarpur,23.8431,73.7147,0.02,23.97,70.51,0.98,97.15
2025-10-18,Dungarpur,23.8431,73.7147,0.0,23.71,62.25,0.97,97.09
2025-10-19,Dungarpur,23.8431,73.7147,0.0,23.49,58.04,0.93,96.98
2025-10-20,Dungarpur,23.8431,73.7147,0.0,24.52,57.52,0.73,96.99
2025-10-21,Dungarpur,23.8431,73.7147,0.0,23.47,76.58,1.35,97.14
2025-10-22,Dungarpur,23.8431,73.7147,0.0,22.92,76.76,2.04,97.21
2025-10-23,Dungarpur,23.8431,73.7147,0.0,22.8,79.6,2.3,97.12
2025-10-24,Dungarpur,23.8431,73.7147,0.0,23.54,80.47,2.28,97.07
2025-10-25,Dungarpur,23.8431,73.7147,0.08,23.31,80.71,2.63,96.98
2025-10-26,Dungarpur,23.8431,73.7147,2.79,23.09,87.49,2.2,96.99
2025-10-27,Dungarpur,23.8431,73.7147,41.62,22.97,92.87,2.75,96.97
2025-10-28,Dungarpur,23.8431,73.7147,17.7,21.48,93.56,3.88,96.94
2025-10-29,Dungarpur,23.8431,73.7147,4.71,22.21,89.25,3.56,96.91
2025-10-30,Dungarpur,23.8431,73.7147,17.53,22.77,92.39,2.64,96.84
2025-10-31,Dungarpur,23.8431,73.7147,1.43,23.03,88.87,1.99,97.0
2025-11-01,Dungarpur,23.8431,73.7147,0.08,24.23,82.62,0.76,97.07
2025-11-02,Dungarpur,23.8431,73.7147,0.35,24.87,85.95,0.88,97.14
2025-11-03,Dungarpur,23.8431,73.7147,4.88,24.32,90.58,2.24,97.04
2025-11-04,Dungarpur,23.8431,73.7147,0.46,22.28,85.23,2.24,97.0
2025-11-05,Dungarpur,23.8431,73.7147,0.0,21.41,67.8,1.01,97.06
2025-11-06,Dungarpur,23.8431,73.7147,0.0,20.05,59.22,1.4,97.23
2025-11-07,Dungarpur,23.8431,73.7147,0.0,18.92,57.21,1.23,97.4
2025-11-08,Dungarpur,23.8431,73.7147,0.0,18.18,56.26,1.04,97.47
2025-11-09,Dungarpur,23.8431,73.7147,0.0,18.82,55.38,0.71,97.36
2025-11-10,Dungarpur,23.8431,73.7147,0.0,18.89,54.82,0.94,97.32
2025-11-11,Dungarpur,23.8431,73.7147,0.0,18.98,58.27,0.89,97.4
2025-11-12,Dungarpur,23.8431,73.7147,0.0,19.64,57.6,0.77,97.49
2025-11-13,Dungarpur,23.8431,73.7147,0.0,19.16,59.86,1.11,97.59
2025-11-14,Dungarpur,23.8431,73.7147,0.0,17.75,66.47,1.36,97.55
2025-11-15,Dungarpur,23.8431,73.7147,0.0,16.4,66.4,1.66,97.65
2025-11-16,Dungarpur,23.8431,73.7147,0.0,16.13,64.59,1.78,97.82
2025-11-17,Dungarpur,23.8431,73.7147,0.0,15.76,66.08,1.67,97.74
2025-11-18,Dungarpur,23.8431,73.7147,0.0,15.48,67.21,1.71,97.56
2025-11-19,Dungarpur,23.8431,73.7147,0.0,15.83,66.18,1.45,97.5
2025-11-20,Dungarpur,23.8431,73.7147,0.0,16.22,71.82,1.6,97.56
2025-11-21,Dungarpur,23.8431,73.7147,0.0,16.72,74.02,1.47,97.65
2025-11-22,Dungarpur,23.8431,73.7147,0.0,17.66,67.99,1.35,97.52
2025-11-23,Dungarpur,23.8431,73.7147,0.0,17.99,63.51,1.26,97.45
2025-11-24,Dungarpur,23.8431,73.7147,0.0,17.95,73.36,1.52,97.47
2025-11-25,Dungarpur,23.8431,73.7147,0.0,18.85,82.21,2.2,97.47
2025-11-26,Dungarpur,23.8431,73.7147,0.0,19.88,82.61,1.66,97.43
2025-11-27,Dungarpur,23.8431,73.7147,0.0,21.0,84.29,1.63,97.52
2025-11-28,Dungarpur,23.8431,73.7147,0.0,21.0,81.51,1.3,97.5
2025-11-29,Dungarpur,23.8431,73.7147,0.0,20.18,78.8,1.46,97.41
2025-11-30,Dungarpur,23.8431,73.7147,0.0,20.05,71.87,0.85,97.38
2025-12-01,Dungarpur,23.8431,73.7147,0.0,20.08,67.31,0.71,97.33
2025-12-02,Dungarpur,23.8431,73.7147,0.0,19.88,63.24,0.73,97.32
2025-12-03,Dungarpur,23.8431,73.7147,0.0,17.74,75.16,2.19,97.55
2025-12-04,Dungarpur,23.8431,73.7147,0.0,17.11,73.26,2.38,97.67
2025-12-05,Dungarpur,23.8431,73.7147,0.0,16.78,72.73,2.15,97.79
2025-12-06,Dungarpur,23.8431,73.7147,0.0,16.3,66.62,2.09,97.79
2025-12-07,Dungarpur,23.8431,73.7147,0.0,17.35,57.41,1.87,97.72
2025-12-08,Dungarpur,23.8431,73.7147,0.0,17.12,57.89,1.77,97.73
2025-12-09,Dungarpur,23.8431,73.7147,0.0,17.37,55.92,1.77,97.69
2025-12-10,Dungarpur,23.8431,73.7147,0.0,18.24,49.23,1.09,97.68
2025-12-11,Dungarpur,23.8431,73.7147,0.0,18.4,48.66,1.0,97.6
2025-12-12,Dungarpur,23.8431,73.7147,0.0,18.0,51.05,1.42,97.48
2025-12-13,Dungarpur,23.8431,73.7147,0.0,17.83,56.19,1.63,97.49
2025-12-14,Dungarpur,23.8431,73.7147,0.0,17.58,61.56,1.63,97.58
2025-12-15,Dungarpur,23.8431,73.7147,0.0,17.16,70.76,1.69,97.61
2025-12-16,Dungarpur,23.8431,73.7147,0.0,16.41,66.93,2.05,97.6
2025-12-17,Dungarpur,23.8431,73.7147,0.0,16.97,60.83,1.62,97.68
2025-12-18,Dungarpur,23.8431,73.7147,0.0,17.11,56.75,1.56,97.69
2025-12-19,Dungarpur,23.8431,73.7147,0.0,17.94,57.5,1.49,97.47
2025-12-20,Dungarpur,23.8431,73.7147,0.0,18.2,59.0,1.41,97.32
2025-12-21,Dungarpur,23.8431,73.7147,0.0,17.26,59.27,1.71,97.43
2025-12-22,Dungarpur,23.8431,73.7147,0.0,18.14,59.99,1.7,97.48
2025-12-23,Dungarpur,23.8431,73.7147,0.0,18.8,60.06,1.23,97.44
2025-12-24,Dungarpur,23.8431,73.7147,0.0,17.39,62.32,1.83,97.42
2025-12-25,Dungarpur,23.8431,73.7147,0.0,16.99,63.61,1.49,97.42
2025-12-26,Dungarpur,23.8431,73.7147,0.0,16.02,62.41,1.82,97.45
2025-12-27,Dungarpur,23.8431,73.7147,0.0,15.93,59.56,1.7,97.47
2025-12-28,Dungarpur,23.8431,73.7147,0.0,16.42,57.55,1.62,97.5
2025-12-29,Dungarpur,23.8431,73.7147,0.0,17.17,58.56,1.55,97.46
2025-12-30,Dungarpur,23.8431,73.7147,0.0,17.03,61.34,1.47,97.29
2025-12-31,Dungarpur,23.8431,73.7147,0.04,17.6,64.44,1.46,97.09
2025-01-01,Hanumangarh,29.5815,74.3294,0.0,14.9,28.35,0.96,99.67
2025-01-02,Hanumangarh,29.5815,74.3294,0.0,16.27,30.1,0.67,99.6
2025-01-03,Hanumangarh,29.5815,74.3294,0.0,17.31,33.61,0.94,99.52
2025-01-04,Hanumangarh,29.5815,74.3294,0.0,17.46,42.89,1.9,99.19
2025-01-05,Hanumangarh,29.5815,74.3294,0.0,16.08,48.26,1.27,99.19
2025-01-06,Hanumangarh,29.5815,74.3294,0.04,13.31,45.81,1.89,99.52
2025-01-07,Hanumangarh,29.5815,74.3294,0.0,12.25,33.64,1.94,99.63
2025-01-08,Hanumangarh,29.5815,74.3294,0.0,14.06,23.69,1.91,99.37
2025-01-09,Hanumangarh,29.5815,74.3294,0.0,15.11,21.29,1.21,99.5
2025-01-10,Hanumangarh,29.5815,74.3294,0.0,13.29,34.07,1.96,99.61
2025-01-11,Hanumangarh,29.5815,74.3294,8.44,10.42,70.1,2.57,99.55
2025-01-12,Hanumangarh,29.5815,74.3294,0.58,11.22,78.67,1.29,99.75
2025-01-13,Hanumangarh,29.5815,74.3294,0.0,13.01,68.3,1.42,99.76
2025-01-14,Hanumangarh,29.5815,74.3294,0.0,14.25,50.14,0.99,99.66
2025-01-15,Hanumangarh,29.5815,74.3294,0.0,14.3,44.66,1.19,99.73
2025-01-16,Hanumangarh,29.5815,74.3294,0.0,13.73,44.03,0.93,99.82
2025-01-17,Hanumangarh,29.5815,74.3294,0.0,13.3,43.65,1.55,99.88
2025-01-18,Hanumangarh,29.5815,74.3294,0.0,13.34,39.97,1.3,99.57
2025-01-19,Hanumangarh,29.5815,74.3294,0.0,14.03,48.27,1.55,99.47
2025-01-20,Hanumangarh,29.5815,74.3294,0.0,15.16,38.74,1.43,99.43
2025-01-21,Hanumangarh,29.5815,74.3294,0.0,14.87,47.09,1.65,99.27
2025-01-22,Hanumangarh,29.5815,74.3294,0.0,15.26,46.16,1.08,99.18
2025-01-23,Hanumangarh,29.5815,74.3294,0.0,15.49,42.53,1.61,99.4
2025-01-24,Hanumangarh,29.5815,74.3294,0.0,14.35,33.63,2.03,99.45
2025-01-25,Hanumangarh,29.5815,74.3294,0.0,13.68,19.4,1.93,99.36
2025-01-26,Hanumangarh,29.5815,74.3294,0.0,15.0,15.63,1.56,99.29
2025-01-27,Hanumangarh,29.5815,74.3294,0.0,16.09,15.37,1.49,99.14
2025-01-28,Hanumangarh,29.5815,74.3294,0.0,16.23,17.73,1.4,99.01
2025-01-29,Hanumangarh,29.5815,74.3294,0.0,16.67,27.97,1.9,99.04
2025-01-30,Hanumangarh,29.5815,74.3294,0.0,15.5,36.62,1.43,98.86
2025-01-31,Hanumangarh,29.5815,74.3294,0.0,15.79,33.79,0.9,98.85
2025-02-01,Hanumangarh,29.5815,74.3294,0.0,16.0,33.13,1.08,99.14
2025-02-02,Hanumangarh,29.5815,74.3294,0.0,15.46,31.08,1.46,99.36
2025-02-03,Hanumangarh,29.5815,74.3294,0.0,17.08,24.01,1.19,99.21
2025-02-04,Hanumangarh,29.5815,74.3294,0.0,15.86,30.14,1.62,99.25
2025-02-05,Hanumangarh,29.5815,74.3294,0.0,15.65,27.67,1.57,99.36
2025-02-06,Hanumangarh,29.5815,74.3294,0.0,14.96,26.19,1.44,99.61
2025-02-07,Hanumangarh,29.5815,74.3294,0.0,14.16,26.64,1.92,99.57
2025-02-08,Hanumangarh,29.5815,74.3294,0.0,17.65,18.91,1.5,99.36
2025-02-09,Hanumangarh,29.5815,74.3294,0.0,20.04,17.55,0.69,99.2
2025-02-10,Hanumangarh,29.5815,74.3294,0.0,19.83,21.92,1.42,99.12
2025-02-11,Hanumangarh,29.5815,74.3294,0.0,18.85,27.76,1.33,99.12
2025-02-12,Hanumangarh,29.5815,74.3294,0.0,17.65,32.24,1.76,99.35
2025-02-13,Hanumangarh,29.5815,74.3294,0.0,17.98,23.21,1.6,99.37
2025-02-14,Hanumangarh,29.5815,74.3294,0.0,19.35,19.73,1.54,99.11
2025-02-15,Hanumangarh,29.5815,74.3294,0.0,20.43,30.77,1.69,98.86
2025-02-16,Hanumangarh,29.5815,74.3294,0.0,20.57,38.39,1.11,99.04
2025-02-17,Hanumangarh,29.5815,74.3294,0.0,21.09,29.81,1.33,99.29
2025-02-18,Hanumangarh,29.5815,74.3294,0.02,21.51,28.89,1.21,99.27
2025-02-19,Hanumangarh,29.5815,74.3294,3.19,20.46,33.97,1.2,99.05
2025-02-20,Hanumangarh,29.5815,74.3294,1.01,19.54,54.04,3.15,99.03
2025-02-21,Hanumangarh,29.5815,74.3294,0.01,17.77,56.57,1.62,99.55
2025-02-22,Hanumangarh,29.5815,74.3294,0.0,18.83,43.4,1.85,99.48
2025-02-23,Hanumangarh,29.5815,74.3294,0.01,20.49,36.83,0.99,99.52
2025-02-24,Hanumangarh,29.5815,74.3294,0.0,21.41,35.56,1.0,99.62
2025-02-25,Hanumangarh,29.5815,74.3294,0.02,23.0,35.7,1.83,99.5
2025-02-26,Hanumangarh,29.5815,74.3294,0.1,24.72,37.86,1.87,99.46
2025-02-27,Hanumangarh,29.5815,74.3294,1.62,21.73,58.28,1.58,99.15
2025-02-28,Hanumangarh,29.5815,74.3294,8.49,19.73,76.0,2.17,98.85
2025-03-01,Hanumangarh,29.5815,74.3294,0.11,19.75,63.05,1.69,99.08
2025-03-02,Hanumangarh,29.5815,74.3294,0.0,19.07,33.22,1.65,99.13
2025-03-03,Hanumangarh,29.5815,74.3294,0.01,20.93,35.16,2.61,98.75
2025-03-04,Hanumangarh,29.5815,74.3294,0.0,17.26,42.54,2.56,99.23
2025-03-05,Hanumangarh,29.5815,74.3294,0.0,16.59,31.86,2.81,99.42
2025-03-06,Hanumangarh,29.5815,74.3294,0.0,20.32,19.94,1.75,99.05
2025-03-07,Hanumangarh,29.5815,74.3294,0.0,21.64,22.21,1.58,98.86
2025-03-08,Hanumangarh,29.5815,74.3294,0.0,22.83,25.17,1.56,98.71
2025-03-09,Hanumangarh,29.5815,74.3294,0.0,23.85,24.26,1.65,98.9
2025-03-10,Hanumangarh,29.5815,74.3294,0.0,24.42,28.66,1.86,99.24
2025-03-11,Hanumangarh,29.5815,74.3294,0.0,25.06,29.22,1.44,99.17
2025-03-12,Hanumangarh,29.5815,74.3294,0.0,25.28,36.44,1.59,98.79
2025-03-13,Hanumangarh,29.5815,74.3294,0.0,25.98,34.58,2.26,98.5
2025-03-14,Hanumangarh,29.5815,74.3294,1.83,24.16,39.8,2.26,98.67
2025-03-15,Hanumangarh,29.5815,74.3294,0.12,22.2,48.07,2.01,98.93
2025-03-16,Hanumangarh,29.5815,74.3294,0.2,23.28,37.89,1.19,99.06
2025-03-17,Hanumangarh,29.5815,74.3294,0.0,24.06,34.66,1.21,99.09
2025-03-18,Hanumangarh,29.5815,74.3294,0.0,25.34,24.83,1.12,99.07
2025-03-19,Hanumangarh,29.5815,74.3294,0.0,26.74,21.76,1.25,99.05
2025-03-20,Hanumangarh,29.5815,74.3294,0.0,25.63,25.09,1.26,99.28
2025-03-21,Hanumangarh,29.5815,74.3294,0.0,25.8,24.42,1.64,99.22
2025-03-22,Hanumangarh,29.5815,74.3294,0.0,26.58,19.15,1.32,99.05
2025-03-23,Hanumangarh,29.5815,74.3294,0.0,27.11,17.14,1.09,99.16
2025-03-24,Hanumangarh,29.5815,74.3294,0.0,27.24,16.61,1.44,99.06
2025-03-25,Hanumangarh,29.5815,74.3294,0.0,28.65,17.13,1.85,98.66
2025-03-26,Hanumangarh,29.5815,74.3294,0.0,29.07,19.6,2.27,98.36
2025-03-27,Hanumangarh,29.5815,74.3294,0.0,27.26,19.75,3.15,98.39
2025-03-28,Hanumangarh,29.5815,74.3294,0.0,22.34,10.85,2.45,98.87
2025-03-29,Hanumangarh,29.5815,74.3294,0.0,20.96,15.08,2.38,98.92
2025-03-30,Hanumangarh,29.5815,74.3294,0.0,24.21,12.68,1.53,98.86
2025-03-31,Hanumangarh,29.5815,74.3294,0.0,26.57,11.94,1.39,98.88
2025-04-01,Hanumangarh,29.5815,74.3294,0.0,27.61,13.43,1.55,98.74
2025-04-02,Hanumangarh,29.5815,74.3294,0.0,28.66,12.34,1.4,98.76
2025-04-03,Hanumangarh,29.5815,74.3294,0.0,28.59,14.18,1.98,98.81
2025-04-04,Hanumangarh,29.5815,74.3294,0.0,27.62,22.72,2.0,98.94
2025-04-05,Hanumangarh,29.5815,74.3294,0.0,29.2,20.88,1.95,98.68
2025-04-06,Hanumangarh,29.5815,74.3294,0.0,32.97,16.88,0.82,98.42
2025-04-07,Hanumangarh,29.5815,74.3294,0.0,33.33,18.14,1.52,98.48
2025-04-08,Hanumangarh,29.5815,74.3294,0.0,33.43,18.66,1.88,98.63
2025-04-09,Hanumangarh,29.5815,74.3294,0.0,33.4,17.8,2.11,98.5
2025-04-10,Hanumangarh,29.5815,74.3294,0.11,33.36,27.71,1.99,98.05
2025-04-11,Hanumangarh,29.5815,74.3294,0.91,32.36,25.3,1.44,97.89
2025-04-12,Hanumangarh,29.5815,74.3294,0.0,30.28,30.36,1.28,98.35
2025-04-13,Hanumangarh,29.5815,74.3294,0.03,31.43,28.05,1.39,98.57
2025-04-14,Hanumangarh,29.5815,74.3294,0.0,32.56,24.51,1.5,98.5
2025-04-15,Hanumangarh,29.5815,74.3294,0.0,33.21,24.38,1.96,98.5
2025-04-16,Hanumangarh,29.5815,74.3294,0.0,34.61,24.02,1.59,98.34
2025-04-17,Hanumangarh,29.5815,74.3294,0.0,34.67,22.31,2.27,98.14
2025-04-18,Hanumangarh,29.5815,74.3294,0.11,35.68,20.51,2.04,97.88
2025-04-19,Hanumangarh,29.5815,74.3294,0.0,33.93,18.25,3.32,97.84
2025-04-20,Hanumangarh,29.5815,74.3294,0.0,32.65,12.82,2.98,97.99
2025-04-21,Hanumangarh,29.5815,74.3294,0.0,30.94,7.99,2.33,98.43
2025-04-22,Hanumangarh,29.5815,74.3294,0.0,31.16,9.11,1.6,98.59
2025-04-23,Hanumangarh,29.5815,74.3294,0.0,32.07,6.8,1.6,98.37
2025-04-24,Hanumangarh,29.5815,74.3294,0.0,33.32,7.56,1.17,98.11
2025-04-25,Hanumangarh,29.5815,74.3294,0.0,34.61,8.97,1.67,98.12
2025-04-26,Hanumangarh,29.5815,74.3294,0.0,34.36,10.75,1.79,98.15
2025-04-27,Hanumangarh,29.5815,74.3294,0.0,34.23,11.81,1.71,98.29
2025-04-28,Hanumangarh,29.5815,74.3294,0.0,35.07,10.46,1.62,98.15
2025-04-29,Hanumangarh,29.5815,74.3294,0.0,33.7,14.98,2.15,98.16
2025-04-30,Hanumangarh,29.5815,74.3294,0.0,34.11,19.61,2.72,98.26
2025-05-01,Hanumangarh,29.5815,74.3294,1.37,34.64,27.68,3.89,98.35
2025-05-02,Hanumangarh,29.5815,74.3294,10.65,30.75,45.33,3.48,98.53
2025-05-03,Hanumangarh,29.5815,74.3294,0.46,31.41,50.28,2.16,98.24
2025-05-04,Hanumangarh,29.5815,74.3294,1.02,30.42,47.6,2.3,98.21
2025-05-05,Hanumangarh,29.5815,74.3294,0.24,30.08,47.09,1.49,98.36
2025-05-06,Hanumangarh,29.5815,74.3294,0.0,31.16,38.87,2.25,98.26
2025-05-07,Hanumangarh,29.5815,74.3294,0.08,31.75,38.52,2.83,98.22
2025-05-08,Hanumangarh,29.5815,74.3294,0.0,32.91,35.59,1.82,98.26
2025-05-09,Hanumangarh,29.5815,74.3294,2.05,32.78,36.15,1.74,98.41
2025-05-10,Hanumangarh,29.5815,74.3294,0.13,33.51,38.44,1.07,98.35
2025-05-11,Hanumangarh,29.5815,74.3294,0.0,35.91,32.32,1.28,98.15
2025-05-12,Hanumangarh,29.5815,74.3294,1.48,35.99,27.96,2.35,98.05
2025-05-13,Hanumangarh,29.5815,74.3294,0.16,35.8,25.71,3.25,98.05
2025-05-14,Hanumangarh,29.5815,74.3294,1.33,36.5,24.81,1.29,98.11
2025-05-15,Hanumangarh,29.5815,74.3294,0.0,37.71,22.37,2.45,98.07
2025-05-16,Hanumangarh,29.5815,74.3294,0.0,37.99,17.53,4.31,97.92
2025-05-17,Hanumangarh,29.5815,74.3294,0.0,38.42,19.27,5.22,97.86
2025-05-18,Hanumangarh,29.5815,74.3294,0.0,38.67,22.17,4.26,97.88
2025-05-19,Hanumangarh,29.5815,74.3294,0.0,39.01,26.59,3.59,97.83
2025-05-20,Hanumangarh,29.5815,74.3294,0.0,39.02,20.53,2.7,97.72
2025-05-21,Hanumangarh,29.5815,74.3294,0.0,39.3,18.52,3.09,97.72
2025-05-22,Hanumangarh,29.5815,74.3294,0.04,38.6,20.81,2.82,97.68
2025-05-23,Hanumangarh,29.5815,74.3294,0.0,37.21,28.31,3.78,97.58
2025-05-24,Hanumangarh,29.5815,74.3294,0.0,37.82,27.6,4.32,97.63
2025-05-25,Hanumangarh,29.5815,74.3294,12.01,33.05,45.89,3.66,98.05
2025-05-26,Hanumangarh,29.5815,74.3294,0.0,33.06,44.55,2.35,97.98
2025-05-27,Hanumangarh,29.5815,74.3294,0.0,34.9,39.17,2.59,97.7
2025-05-28,Hanumangarh,29.5815,74.3294,0.0,37.24,32.53,1.62,97.52
2025-05-29,Hanumangarh,29.5815,74.3294,0.03,37.86,26.11,1.28,97.29
2025-05-30,Hanumangarh,29.5815,74.3294,0.16,37.06,27.29,2.47,97.23
2025-05-31,Hanumangarh,29.5815,74.3294,0.56,36.31,22.23,2.92,97.4
2025-06-01,Hanumangarh,29.5815,74.3294,3.9,34.43,27.93,2.89,97.58
2025-06-02,Hanumangarh,29.5815,74.3294,1.88,34.57,27.15,1.86,97.57
2025-06-03,Hanumangarh,29.5815,74.3294,10.43,32.21,46.02,4.07,97.78
2025-06-04,Hanumangarh,29.5815,74.3294,1.63,30.77,53.83,3.0,98.11
2025-06-05,Hanumangarh,29.5815,74.3294,0.05,32.54,41.99,2.08,98.41
2025-06-06,Hanumangarh,29.5815,74.3294,0.04,34.48,36.3,1.77,98.33
2025-06-07,Hanumangarh,29.5815,74.3294,0.0,37.36,29.68,1.64,98.12
2025-06-08,Hanumangarh,29.5815,74.3294,0.0,39.07,22.23,2.6,97.97
2025-06-09,Hanumangarh,29.5815,74.3294,0.0,39.5,15.02,5.4,97.83
2025-06-10,Hanumangarh,29.5815,74.3294,0.0,39.11,18.74,4.73,97.72
2025-06-11,Hanumangarh,29.5815,74.3294,0.0,39.45,17.67,3.92,97.76
2025-06-12,Hanumangarh,29.5815,74.3294,0.0,40.37,15.11,2.28,97.68
2025-06-13,Hanumangarh,29.5815,74.3294,0.0,40.91,18.84,3.06,97.61
2025-06-14,Hanumangarh,29.5815,74.3294,1.71,40.47,24.48,3.55,97.53
2025-06-15,Hanumangarh,29.5815,74.3294,0.24,38.7,28.51,3.28,97.46
2025-06-16,Hanumangarh,29.5815,74.3294,7.02,35.26,45.02,3.15,97.58
2025-06-17,Hanumangarh,29.5815,74.3294,14.47,30.15,72.89,2.61,97.77
2025-06-18,Hanumangarh,29.5815,74.3294,1.48,32.4,64.69,2.82,97.51
2025-06-19,Hanumangarh,29.5815,74.3294,0.0,34.55,51.78,2.9,97.38
2025-06-20,Hanumangarh,29.5815,74.3294,0.01,35.63,51.12,3.94,97.52
2025-06-21,Hanumangarh,29.5815,74.3294,0.01,35.97,49.08,3.78,97.64
2025-06-22,Hanumangarh,29.5815,74.3294,2.37,36.36,47.98,3.03,97.56
2025-06-23,Hanumangarh,29.5815,74.3294,4.07,36.97,46.25,2.22,97.32
2025-06-24,Hanumangarh,29.5815,74.3294,0.13,38.39,40.21,3.59,97.17
2025-06-25,Hanumangarh,29.5815,74.3294,4.01,36.0,51.4,4.38,97.5
2025-06-26,Hanumangarh,29.5815,74.3294,11.17,33.29,63.82,3.26,97.81
2025-06-27,Hanumangarh,29.5815,74.3294,5.42,33.93,59.4,2.43,97.73
2025-06-28,Hanumangarh,29.5815,74.3294,0.96,35.33,52.52,1.99,97.55
2025-06-29,Hanumangarh,29.5815,74.3294,12.05,35.77,53.34,2.93,97.29
2025-06-30,Hanumangarh,29.5815,74.3294,8.28,33.25,63.84,3.51,97.37
2025-07-01,Hanumangarh,29.5815,74.3294,1.2,33.93,59.06,2.87,97.54
2025-07-02,Hanumangarh,29.5815,74.3294,0.53,34.13,55.44,2.75,97.57
2025-07-03,Hanumangarh,29.5815,74.3294,0.0,34.37,55.07,3.29,97.62
2025-07-04,Hanumangarh,29.5815,74.3294,0.2,35.71,52.75,2.14,97.61
2025-07-05,Hanumangarh,29.5815,74.3294,0.58,36.32,50.71,1.98,97.5
2025-07-06,Hanumangarh,29.5815,74.3294,3.72,34.22,58.51,2.59,97.5
2025-07-07,Hanumangarh,29.5815,74.3294,12.43,31.99,68.53,2.2,97.61
2025-07-08,Hanumangarh,29.5815,74.3294,5.98,33.61,59.57,2.81,97.65
2025-07-09,Hanumangarh,29.5815,74.3294,17.91,29.84,78.94,2.06,97.73
2025-07-10,Hanumangarh,29.5815,74.3294,13.53,31.78,69.16,2.99,97.8
2025-07-11,Hanumangarh,29.5815,74.3294,6.3,31.84,67.28,1.29,97.87
2025-07-12,Hanumangarh,29.5815,74.3294,2.61,31.63,68.62,1.55,97.91
2025-07-13,Hanumangarh,29.5815,74.3294,19.42,30.98,73.1,1.63,97.89
2025-07-14,Hanumangarh,29.5815,74.3294,30.72,29.26,82.1,3.06,97.78
2025-07-15,Hanumangarh,29.5815,74.3294,29.32,29.41,82.6,3.25,97.53
2025-07-16,Hanumangarh,29.5815,74.3294,9.21,29.84,83.22,2.7,97.58
2025-07-17,Hanumangarh,29.5815,74.3294,0.79,30.15,74.46,2.24,97.93
2025-07-18,Hanumangarh,29.5815,74.3294,4.94,30.31,76.06,2.34,97.96
2025-07-19,Hanumangarh,29.5815,74.3294,1.3,30.72,72.08,4.01,97.54
2025-07-20,Hanumangarh,29.5815,74.3294,0.0,31.84,68.54,2.93,97.48
2025-07-21,Hanumangarh,29.5815,74.3294,0.48,31.54,66.99,2.68,97.74
2025-07-22,Hanumangarh,29.5815,74.3294,5.13,32.54,68.19,2.07,97.62
2025-07-23,Hanumangarh,29.5815,74.3294,0.44,33.03,62.78,2.48,97.37
2025-07-24,Hanumangarh,29.5815,74.3294,1.52,33.15,62.37,1.99,97.32
2025-07-25,Hanumangarh,29.5815,74.3294,1.37,33.36,63.3,1.96,97.34
2025-07-26,Hanumangarh,29.5815,74.3294,2.16,33.53,64.74,1.04,97.41
2025-07-27,Hanumangarh,29.5815,74.3294,1.14,34.41,60.01,0.92,97.38
2025-07-28,Hanumangarh,29.5815,74.3294,0.04,34.59,56.44,2.34,97.29
2025-07-29,Hanumangarh,29.5815,74.3294,2.62,33.99,60.64,2.28,97.37
2025-07-30,Hanumangarh,29.5815,74.3294,5.69,32.76,63.08,1.12,97.49
2025-07-31,Hanumangarh,29.5815,74.3294,46.97,30.11,82.56,1.74,97.6
2025-08-01,Hanumangarh,29.5815,74.3294,43.84,29.16,84.82,2.9,97.74
2025-08-02,Hanumangarh,29.5815,74.3294,20.06,29.96,77.81,2.6,97.8
2025-08-03,Hanumangarh,29.5815,74.3294,0.52,31.87,64.29,2.53,97.9
2025-08-04,Hanumangarh,29.5815,74.3294,0.16,32.35,63.14,3.36,97.93
2025-08-05,Hanumangarh,29.5815,74.3294,0.0,32.65,62.16,3.27,97.89
2025-08-06,Hanumangarh,29.5815,74.3294,0.06,31.55,61.93,2.75,98.04
2025-08-07,Hanumangarh,29.5815,74.3294,0.0,31.95,61.92,2.32,97.98
2025-08-08,Hanumangarh,29.5815,74.3294,0.0,32.32,57.48,2.21,98.03
2025-08-09,Hanumangarh,29.5815,74.3294,0.32,31.97,58.71,1.55,98.27
2025-08-10,Hanumangarh,29.5815,74.3294,0.28,32.23,60.34,1.67,98.12
2025-08-11,Hanumangarh,29.5815,74.3294,0.32,32.6,59.45,2.27,97.99
2025-08-12,Hanumangarh,29.5815,74.3294,0.11,31.88,60.9,1.97,97.92
2025-08-13,Hanumangarh,29.5815,74.3294,0.08,32.08,61.37,1.64,97.84
2025-08-14,Hanumangarh,29.5815,74.3294,2.13,28.81,77.11,1.08,98.15
2025-08-15,Hanumangarh,29.5815,74.3294,0.36,30.06,72.06,0.94,98.08
2025-08-16,Hanumangarh,29.5815,74.3294,0.02,31.2,68.9,1.58,97.87
2025-08-17,Hanumangarh,29.5815,74.3294,0.11,31.86,67.25,2.93,97.93
2025-08-18,Hanumangarh,29.5815,74.3294,0.31,31.25,69.86,3.07,98.15
2025-08-19,Hanumangarh,29.5815,74.3294,0.03,31.17,68.43,2.54,98.07
2025-08-20,Hanumangarh,29.5815,74.3294,2.7,29.93,73.21,2.85,98.03
2025-08-21,Hanumangarh,29.5815,74.3294,0.67,30.8,70.6,2.04,98.0
2025-08-22,Hanumangarh,29.5815,74.3294,0.12,32.93,60.52,0.85,97.71
2025-08-23,Hanumangarh,29.5815,74.3294,6.58,29.84,76.87,1.97,97.76
2025-08-24,Hanumangarh,29.5815,74.3294,13.79,28.7,82.55,1.89,97.91
2025-08-25,Hanumangarh,29.5815,74.3294,14.23,28.2,85.25,2.79,97.84
2025-08-26,Hanumangarh,29.5815,74.3294,2.04,29.64,79.79,1.85,97.91
2025-08-27,Hanumangarh,29.5815,74.3294,0.95,30.78,72.39,0.94,98.0
2025-08-28,Hanumangarh,29.5815,74.3294,0.51,31.78,67.33,0.85,97.9
2025-08-29,Hanumangarh,29.5815,74.3294,2.46,31.52,69.04,2.23,97.96
2025-08-30,Hanumangarh,29.5815,74.3294,17.5,28.49,86.4,2.88,98.24
2025-08-31,Hanumangarh,29.5815,74.3294,34.46,27.31,93.39,2.35,97.97
2025-09-01,Hanumangarh,29.5815,74.3294,13.25,27.5,86.44,1.64,97.72
2025-09-02,Hanumangarh,29.5815,74.3294,5.52,27.8,81.56,1.47,97.85
2025-09-03,Hanumangarh,29.5815,74.3294,1.34,28.43,75.87,0.94,98.13
2025-09-04,Hanumangarh,29.5815,74.3294,1.81,28.25,78.26,1.67,98.29
2025-09-05,Hanumangarh,29.5815,74.3294,3.39,28.46,77.46,2.18,98.3
2025-09-06,Hanumangarh,29.5815,74.3294,8.27,28.15,82.31,2.92,98.26
2025-09-07,Hanumangarh,29.5815,74.3294,3.33,28.51,81.5,2.83,98.17
2025-09-08,Hanumangarh,29.5815,74.3294,1.65,29.1,75.09,2.08,98.28
2025-09-09,Hanumangarh,29.5815,74.3294,0.02,29.86,69.99,1.3,98.54
2025-09-10,Hanumangarh,29.5815,74.3294,0.0,29.09,67.07,2.65,98.47
2025-09-11,Hanumangarh,29.5815,74.3294,0.0,29.1,67.0,2.57,98.32
2025-09-12,Hanumangarh,29.5815,74.3294,0.0,29.54,65.47,2.12,98.46
2025-09-13,Hanumangarh,29.5815,74.3294,0.29,30.37,62.09,1.21,98.48
2025-09-14,Hanumangarh,29.5815,74.3294,0.0,30.91,60.9,1.71,98.41
2025-09-15,Hanumangarh,29.5815,74.3294,0.0,30.25,60.56,1.97,98.21
2025-09-16,Hanumangarh,29.5815,74.3294,0.0,31.05,58.74,1.55,98.21
2025-09-17,Hanumangarh,29.5815,74.3294,0.0,31.79,57.57,0.89,98.27
2025-09-18,Hanumangarh,29.5815,74.3294,0.04,31.86,56.24,0.96,98.26
2025-09-19,Hanumangarh,29.5815,74.3294,0.14,32.03,52.77,1.03,98.38
2025-09-20,Hanumangarh,29.5815,74.3294,0.0,30.93,52.43,1.7,98.39
2025-09-21,Hanumangarh,29.5815,74.3294,0.0,29.89,50.73,2.02,98.31
2025-09-22,Hanumangarh,29.5815,74.3294,0.0,29.73,46.86,2.29,98.33
2025-09-23,Hanumangarh,29.5815,74.3294,0.0,29.58,45.36,1.91,98.3
2025-09-24,Hanumangarh,29.5815,74.3294,0.0,29.76,48.49,1.98,98.16
2025-09-25,Hanumangarh,29.5815,74.3294,0.0,30.45,49.58,1.57,98.25
2025-09-26,Hanumangarh,29.5815,74.3294,0.0,31.0,50.19,1.78,98.4
2025-09-27,Hanumangarh,29.5815,74.3294,0.0,31.12,50.85,1.14,98.6
2025-09-28,Hanumangarh,29.5815,74.3294,0.0,31.13,60.44,1.52,98.47
2025-09-29,Hanumangarh,29.5815,74.3294,0.26,31.4,61.06,1.72,98.29
2025-09-30,Hanumangarh,29.5815,74.3294,0.31,31.04,61.86,1.35,98.13
2025-10-01,Hanumangarh,29.5815,74.3294,0.03,30.05,58.99,0.94,98.14
2025-10-02,Hanumangarh,29.5815,74.3294,0.06,29.95,57.82,1.32,98.44
2025-10-03,Hanumangarh,29.5815,74.3294,0.01,29.41,63.84,1.65,98.76
2025-10-04,Hanumangarh,29.5815,74.3294,0.0,30.39,52.43,1.05,98.59
2025-10-05,Hanumangarh,29.5815,74.3294,5.08,28.79,59.33,1.9,98.42
2025-10-06,Hanumangarh,29.5815,74.3294,14.03,25.72,79.88,1.99,98.52
2025-10-07,Hanumangarh,29.5815,74.3294,5.68,23.91,71.85,2.0,98.75
2025-10-08,Hanumangarh,29.5815,74.3294,0.01,22.78,63.96,1.66,99.02
2025-10-09,Hanumangarh,29.5815,74.3294,0.12,24.5,53.22,1.19,99.13
2025-10-10,Hanumangarh,29.5815,74.3294,0.0,25.51,47.77,1.19,98.96
2025-10-11,Hanumangarh,29.5815,74.3294,0.0,25.77,47.91,1.25,98.97
2025-10-12,Hanumangarh,29.5815,74.3294,0.0,26.48,44.03,0.85,98.93
2025-10-13,Hanumangarh,29.5815,74.3294,0.0,26.59,37.95,0.88,99.0
2025-10-14,Hanumangarh,29.5815,74.3294,0.0,25.17,41.37,1.19,98.88
2025-10-15,Hanumangarh,29.5815,74.3294,0.0,25.11,44.59,1.16,98.87
2025-10-16,Hanumangarh,29.5815,74.3294,0.0,26.25,40.15,0.85,98.9
2025-10-17,Hanumangarh,29.5815,74.3294,0.0,26.51,48.61,0.87,99.03
2025-10-18,Hanumangarh,29.5815,74.3294,0.0,26.3,47.58,0.94,98.98
2025-10-19,Hanumangarh,29.5815,74.3294,0.0,25.98,49.81,1.38,98.88
2025-10-20,Hanumangarh,29.5815,74.3294,0.0,25.85,49.12,1.55,98.91
2025-10-21,Hanumangarh,29.5815,74.3294,0.0,26.37,50.2,1.04,99.08
2025-10-22,Hanumangarh,29.5815,74.3294,0.0,25.83,44.2,1.27,99.14
2025-10-23,Hanumangarh,29.5815,74.3294,0.0,26.23,38.2,1.14,99.04
2025-10-24,Hanumangarh,29.5815,74.3294,0.0,25.53,44.74,1.18,99.0
2025-10-25,Hanumangarh,29.5815,74.3294,0.0,25.09,47.71,1.19,98.94
2025-10-26,Hanumangarh,29.5815,74.3294,0.0,24.7,47.93,1.35,99.03
2025-10-27,Hanumangarh,29.5815,74.3294,0.0,24.45,45.6,1.2,99.1
2025-10-28,Hanumangarh,29.5815,74.3294,0.0,23.65,58.71,1.48,99.16
2025-10-29,Hanumangarh,29.5815,74.3294,0.0,23.43,55.78,1.3,99.06
2025-10-30,Hanumangarh,29.5815,74.3294,0.0,24.2,54.54,1.14,98.99
2025-10-31,Hanumangarh,29.5815,74.3294,0.0,25.42,45.63,0.94,98.9
2025-11-01,Hanumangarh,29.5815,74.3294,0.0,26.08,34.06,0.61,98.92
2025-11-02,Hanumangarh,29.5815,74.3294,0.0,25.03,32.69,1.57,98.92
2025-11-03,Hanumangarh,29.5815,74.3294,0.0,24.44,30.56,1.85,98.69
2025-11-04,Hanumangarh,29.5815,74.3294,0.01,24.04,38.17,1.86,98.58
2025-11-05,Hanumangarh,29.5815,74.3294,0.15,20.61,41.15,2.06,98.87
2025-11-06,Hanumangarh,29.5815,74.3294,0.0,19.44,32.23,1.64,99.12
2025-11-07,Hanumangarh,29.5815,74.3294,0.0,20.54,24.86,1.3,99.24
2025-11-08,Hanumangarh,29.5815,74.3294,0.0,21.65,22.5,1.07,99.27
2025-11-09,Hanumangarh,29.5815,74.3294,0.0,20.76,25.9,1.1,99.16
2025-11-10,Hanumangarh,29.5815,74.3294,0.0,20.08,25.76,1.15,99.12
2025-11-11,Hanumangarh,29.5815,74.3294,0.0,19.13,31.18,1.24,99.26
2025-11-12,Hanumangarh,29.5815,74.3294,0.0,19.94,30.29,1.28,99.33
2025-11-13,Hanumangarh,29.5815,74.3294,0.0,20.83,25.09,0.93,99.47
2025-11-14,Hanumangarh,29.5815,74.3294,0.0,20.9,22.59,1.01,99.44
2025-11-15,Hanumangarh,29.5815,74.3294,0.0,20.7,20.39,1.22,99.56
2025-11-16,Hanumangarh,29.5815,74.3294,0.0,20.62,20.64,1.38,99.74
2025-11-17,Hanumangarh,29.5815,74.3294,0.0,20.61,21.62,1.39,99.61
2025-11-18,Hanumangarh,29.5815,74.3294,0.0,19.95,24.24,1.31,99.46
2025-11-19,Hanumangarh,29.5815,74.3294,0.0,20.09,27.62,1.15,99.42
2025-11-20,Hanumangarh,29.5815,74.3294,0.0,21.0,26.33,0.81,99.45
2025-11-21,Hanumangarh,29.5815,74.3294,0.0,18.85,36.0,1.17,99.57
2025-11-22,Hanumangarh,29.5815,74.3294,0.0,17.85,46.11,1.29,99.47
2025-11-23,Hanumangarh,29.5815,74.3294,0.0,18.07,40.74,1.12,99.46
2025-11-24,Hanumangarh,29.5815,74.3294,0.0,17.68,35.26,1.14,99.58
2025-11-25,Hanumangarh,29.5815,74.3294,0.0,17.07,32.9,1.36,99.61
2025-11-26,Hanumangarh,29.5815,74.3294,0.0,17.64,26.58,1.13,99.58
2025-11-27,Hanumangarh,29.5815,74.3294,0.0,15.65,37.29,1.66,99.7
2025-11-28,Hanumangarh,29.5815,74.3294,0.0,16.77,40.88,1.3,99.6
2025-11-29,Hanumangarh,29.5815,74.3294,0.0,16.42,33.46,1.53,99.45
2025-11-30,Hanumangarh,29.5815,74.3294,0.0,16.96,23.58,1.15,99.35
2025-12-01,Hanumangarh,29.5815,74.3294,0.0,17.17,20.79,1.07,99.24
2025-12-02,Hanumangarh,29.5815,74.3294,0.0,15.19,30.35,1.32,99.29
2025-12-03,Hanumangarh,29.5815,74.3294,0.0,15.13,33.45,1.31,99.66
2025-12-04,Hanumangarh,29.5815,74.3294,0.0,16.0,26.82,1.26,99.7
2025-12-05,Hanumangarh,29.5815,74.3294,0.0,17.16,19.31,0.98,99.82
2025-12-06,Hanumangarh,29.5815,74.3294,0.0,16.04,26.26,1.4,99.76
2025-12-07,Hanumangarh,29.5815,74.3294,0.0,17.2,21.44,1.28,99.66
2025-12-08,Hanumangarh,29.5815,74.3294,0.0,17.67,25.59,1.49,99.68
2025-12-09,Hanumangarh,29.5815,74.3294,0.0,17.92,26.18,1.6,99.62
2025-12-10,Hanumangarh,29.5815,74.3294,0.0,18.0,24.59,1.51,99.55
2025-12-11,Hanumangarh,29.5815,74.3294,0.0,19.09,20.55,1.45,99.45
2025-12-12,Hanumangarh,29.5815,74.3294,0.0,18.8,20.01,1.26,99.34
2025-12-13,Hanumangarh,29.5815,74.3294,0.0,17.36,27.75,1.31,99.45
2025-12-14,Hanumangarh,29.5815,74.3294,0.0,16.96,43.81,1.22,99.58
2025-12-15,Hanumangarh,29.5815,74.3294,0.0,17.05,37.46,1.27,99.57
2025-12-16,Hanumangarh,29.5815,74.3294,0.0,16.46,34.94,1.53,99.55
2025-12-17,Hanumangarh,29.5815,74.3294,0.0,18.11,30.55,1.75,99.57
2025-12-18,Hanumangarh,29.5815,74.3294,0.0,18.88,24.75,0.8,99.63
2025-12-19,Hanumangarh,29.5815,74.3294,0.0,18.73,24.61,1.53,99.38
2025-12-20,Hanumangarh,29.5815,74.3294,0.0,18.55,25.17,1.17,99.17
2025-12-21,Hanumangarh,29.5815,74.3294,0.0,19.25,32.47,1.47,99.35
2025-12-22,Hanumangarh,29.5815,74.3294,0.0,19.07,41.76,1.51,99.44
2025-12-23,Hanumangarh,29.5815,74.3294,0.0,16.65,48.39,1.64,99.42
2025-12-24,Hanumangarh,29.5815,74.3294,0.0,14.71,41.48,2.24,99.38
2025-12-25,Hanumangarh,29.5815,74.3294,0.0,16.21,24.63,1.28,99.39
2025-12-26,Hanumangarh,29.5815,74.3294,0.0,17.84,20.75,0.95,99.45
2025-12-27,Hanumangarh,29.5815,74.3294,0.0,17.15,21.29,1.31,99.46
2025-12-28,Hanumangarh,29.5815,74.3294,0.0,16.07,25.36,1.22,99.52
2025-12-29,Hanumangarh,29.5815,74.3294,0.0,15.37,29.94,1.25,99.46
2025-12-30,Hanumangarh,29.5815,74.3294,0.0,15.69,30.44,1.1,99.22
2025-12-31,Hanumangarh,29.5815,74.3294,0.0,14.55,44.14,2.12,98.9
2025-01-01,Jaipur,26.9124,75.7873,0.0,14.21,45.09,0.92,97.11
2025-01-02,Jaipur,26.9124,75.7873,0.0,15.32,45.84,0.95,97.08
2025-01-03,Jaipur,26.9124,75.7873,0.0,16.11,52.02,1.25,97.03
2025-01-04,Jaipur,26.9124,75.7873,0.0,16.15,55.24,1.78,96.79
2025-01-05,Jaipur,26.9124,75.7873,0.0,15.62,62.38,1.9,96.69
2025-01-06,Jaipur,26.9124,75.7873,0.0,14.12,64.77,1.71,96.89
2025-01-07,Jaipur,26.9124,75.7873,0.0,11.54,53.46,1.93,97.08
2025-01-08,Jaipur,26.9124,75.7873,0.0,13.57,36.63,1.64,96.91
2025-01-09,Jaipur,26.9124,75.7873,0.0,14.51,39.64,1.33,97.0
2025-01-10,Jaipur,26.9124,75.7873,0.0,12.9,54.27,2.5,97.08
2025-01-11,Jaipur,26.9124,75.7873,5.12,11.43,73.2,1.53,96.95
2025-01-12,Jaipur,26.9124,75.7873,0.1,12.58,68.07,1.54,97.1
2025-01-13,Jaipur,26.9124,75.7873,0.0,11.74,69.58,1.35,97.16
2025-01-14,Jaipur,26.9124,75.7873,0.0,12.55,68.49,1.53,97.11
2025-01-15,Jaipur,26.9124,75.7873,2.36,12.69,68.24,1.89,97.15
2025-01-16,Jaipur,26.9124,75.7873,1.2,13.55,70.12,1.47,97.21
2025-01-17,Jaipur,26.9124,75.7873,0.0,12.0,66.1,1.56,97.26
2025-01-18,Jaipur,26.9124,75.7873,0.0,12.67,57.73,1.41,97.03
2025-01-19,Jaipur,26.9124,75.7873,0.0,16.56,61.44,1.78,96.92
2025-01-20,Jaipur,26.9124,75.7873,0.0,16.81,58.24,1.54,96.85
2025-01-21,Jaipur,26.9124,75.7873,0.0,16.5,49.94,1.3,96.71
2025-01-22,Jaipur,26.9124,75.7873,0.0,16.69,56.91,1.68,96.62
2025-01-23,Jaipur,26.9124,75.7873,0.0,15.72,59.74,1.94,96.79
2025-01-24,Jaipur,26.9124,75.7873,0.0,14.38,45.42,1.9,96.92
2025-01-25,Jaipur,26.9124,75.7873,0.0,14.36,35.66,1.78,96.89
2025-01-26,Jaipur,26.9124,75.7873,0.0,15.13,29.21,1.49,96.82
2025-01-27,Jaipur,26.9124,75.7873,0.0,16.1,27.07,1.2,96.66
2025-01-28,Jaipur,26.9124,75.7873,0.0,16.8,29.52,1.08,96.59
2025-01-29,Jaipur,26.9124,75.7873,0.0,16.71,42.19,1.81,96.63
2025-01-30,Jaipur,26.9124,75.7873,0.0,16.11,44.67,1.79,96.39
2025-01-31,Jaipur,26.9124,75.7873,0.0,17.52,36.51,1.43,96.35
2025-02-01,Jaipur,26.9124,75.7873,0.0,16.62,45.06,1.35,96.55
2025-02-02,Jaipur,26.9124,75.7873,0.0,16.04,50.88,1.37,96.76
2025-02-03,Jaipur,26.9124,75.7873,0.02,17.13,48.66,1.85,96.69
2025-02-04,Jaipur,26.9124,75.7873,0.31,17.09,50.96,1.72,96.7
2025-02-05,Jaipur,26.9124,75.7873,0.0,14.91,35.85,2.41,96.87
2025-02-06,Jaipur,26.9124,75.7873,0.0,14.47,37.54,1.66,97.04
2025-02-07,Jaipur,26.9124,75.7873,0.0,14.4,31.88,2.0,97.04
2025-02-08,Jaipur,26.9124,75.7873,0.0,16.58,29.07,1.45,96.88
2025-02-09,Jaipur,26.9124,75.7873,0.0,18.15,27.9,1.51,96.71
2025-02-10,Jaipur,26.9124,75.7873,0.0,20.02,28.91,1.34,96.67
2025-02-11,Jaipur,26.9124,75.7873,0.0,20.65,30.52,1.48,96.63
2025-02-12,Jaipur,26.9124,75.7873,0.0,18.01,35.78,2.23,96.81
2025-02-13,Jaipur,26.9124,75.7873,0.0,17.81,29.94,1.91,96.9
2025-02-14,Jaipur,26.9124,75.7873,0.0,20.69,25.4,1.63,96.67
2025-02-15,Jaipur,26.9124,75.7873,0.0,21.75,34.24,2.19,96.32
2025-02-16,Jaipur,26.9124,75.7873,0.0,20.12,35.48,1.54,96.5
2025-02-17,Jaipur,26.9124,75.7873,0.03,20.8,38.39,2.45,96.77
2025-02-18,Jaipur,26.9124,75.7873,0.71,21.62,39.69,1.78,96.72
2025-02-19,Jaipur,26.9124,75.7873,0.68,21.64,42.34,1.61,96.58
2025-02-20,Jaipur,26.9124,75.7873,0.08,21.37,45.57,2.76,96.56
2025-02-21,Jaipur,26.9124,75.7873,0.0,19.06,39.51,2.7,96.94
2025-02-22,Jaipur,26.9124,75.7873,0.0,18.44,41.2,2.3,96.99
2025-02-23,Jaipur,26.9124,75.7873,0.0,19.74,41.13,1.38,97.01
2025-02-24,Jaipur,26.9124,75.7873,0.0,20.08,37.33,1.32,97.14
2025-02-25,Jaipur,26.9124,75.7873,0.0,21.78,36.84,1.59,97.13
2025-02-26,Jaipur,26.9124,75.7873,0.0,23.36,32.23,1.68,97.12
2025-02-27,Jaipur,26.9124,75.7873,0.0,21.39,37.93,1.88,96.78
2025-02-28,Jaipur,26.9124,75.7873,0.39,22.04,43.04,1.74,96.47
2025-03-01,Jaipur,26.9124,75.7873,0.26,22.27,50.98,2.57,96.52
2025-03-02,Jaipur,26.9124,75.7873,0.64,21.33,47.85,2.09,96.55
2025-03-03,Jaipur,26.9124,75.7873,0.0,22.44,33.66,3.01,96.43
2025-03-04,Jaipur,26.9124,75.7873,0.0,19.15,26.08,4.05,96.75
2025-03-05,Jaipur,26.9124,75.7873,0.0,16.67,25.03,3.55,96.89
2025-03-06,Jaipur,26.9124,75.7873,0.0,19.98,20.3,2.51,96.67
2025-03-07,Jaipur,26.9124,75.7873,0.0,22.38,23.76,2.02,96.41
2025-03-08,Jaipur,26.9124,75.7873,0.0,22.93,23.26,1.73,96.29
2025-03-09,Jaipur,26.9124,75.7873,0.0,23.71,24.01,2.32,96.47
2025-03-10,Jaipur,26.9124,75.7873,0.0,24.53,28.37,1.92,96.78
2025-03-11,Jaipur,26.9124,75.7873,0.0,26.52,26.16,2.08,96.64
2025-03-12,Jaipur,26.9124,75.7873,0.0,26.83,29.2,2.31,96.31
2025-03-13,Jaipur,26.9124,75.7873,1.04,27.46,34.28,1.94,96.1
2025-03-14,Jaipur,26.9124,75.7873,0.32,27.37,35.5,1.83,96.14
2025-03-15,Jaipur,26.9124,75.7873,0.44,25.29,35.75,2.53,96.31
2025-03-16,Jaipur,26.9124,75.7873,0.0,24.31,35.17,3.14,96.54
2025-03-17,Jaipur,26.9124,75.7873,0.0,23.67,29.42,2.56,96.63
2025-03-18,Jaipur,26.9124,75.7873,0.0,23.54,26.29,1.77,96.62
2025-03-19,Jaipur,26.9124,75.7873,0.0,24.56,20.87,1.77,96.64
2025-03-20,Jaipur,26.9124,75.7873,0.0,25.56,20.66,2.46,96.76
2025-03-21,Jaipur,26.9124,75.7873,0.0,25.34,24.15,2.04,96.78
2025-03-22,Jaipur,26.9124,75.7873,0.0,25.88,21.01,2.63,96.63
2025-03-23,Jaipur,26.9124,75.7873,0.0,25.39,17.68,1.42,96.73
2025-03-24,Jaipur,26.9124,75.7873,0.0,26.87,16.05,1.8,96.65
2025-03-25,Jaipur,26.9124,75.7873,0.0,28.34,17.39,1.55,96.28
2025-03-26,Jaipur,26.9124,75.7873,0.0,29.29,18.0,1.94,96.06
2025-03-27,Jaipur,26.9124,75.7873,0.0,27.89,19.08,3.57,96.13
2025-03-28,Jaipur,26.9124,75.7873,0.0,23.92,8.53,3.53,96.39
2025-03-29,Jaipur,26.9124,75.7873,0.0,22.64,9.63,2.91,96.44
2025-03-30,Jaipur,26.9124,75.7873,0.0,24.84,11.0,1.92,96.43
2025-03-31,Jaipur,26.9124,75.7873,0.0,26.0,12.04,2.01,96.45
2025-04-01,Jaipur,26.9124,75.7873,0.0,26.99,12.97,2.02,96.33
2025-04-02,Jaipur,26.9124,75.7873,0.0,27.96,11.4,1.87,96.38
2025-04-03,Jaipur,26.9124,75.7873,0.0,28.77,17.75,2.59,96.42
2025-04-04,Jaipur,26.9124,75.7873,0.02,29.48,15.21,2.53,96.44
2025-04-05,Jaipur,26.9124,75.7873,0.0,29.22,18.19,2.66,96.3
2025-04-06,Jaipur,26.9124,75.7873,0.0,31.57,17.25,1.98,96.09
2025-04-07,Jaipur,26.9124,75.7873,0.0,32.67,16.24,1.34,96.12
2025-04-08,Jaipur,26.9124,75.7873,0.0,32.94,16.47,1.25,96.28
2025-04-09,Jaipur,26.9124,75.7873,0.0,33.82,15.92,1.99,96.11
2025-04-10,Jaipur,26.9124,75.7873,0.0,32.39,16.0,2.45,95.78
2025-04-11,Jaipur,26.9124,75.7873,0.01,30.46,24.33,2.81,95.66
2025-04-12,Jaipur,26.9124,75.7873,0.32,30.12,29.99,1.93,95.96
2025-04-13,Jaipur,26.9124,75.7873,0.54,30.75,27.18,1.65,96.14
2025-04-14,Jaipur,26.9124,75.7873,0.0,31.22,24.46,2.33,96.13
2025-04-15,Jaipur,26.9124,75.7873,0.0,31.22,26.63,2.94,96.17
2025-04-16,Jaipur,26.9124,75.7873,0.0,32.29,25.49,1.95,96.07
2025-04-17,Jaipur,26.9124,75.7873,0.0,34.19,21.35,2.6,95.8
2025-04-18,Jaipur,26.9124,75.7873,0.0,35.17,16.65,3.67,95.7
2025-04-19,Jaipur,26.9124,75.7873,0.0,33.33,15.25,3.88,95.73
2025-04-20,Jaipur,26.9124,75.7873,0.0,32.83,20.11,3.95,95.81
2025-04-21,Jaipur,26.9124,75.7873,0.0,31.33,8.43,3.12,96.16
2025-04-22,Jaipur,26.9124,75.7873,0.0,30.73,7.42,2.63,96.27
2025-04-23,Jaipur,26.9124,75.7873,0.0,30.89,6.0,2.88,96.07
2025-04-24,Jaipur,26.9124,75.7873,0.0,32.01,8.68,3.08,95.84
2025-04-25,Jaipur,26.9124,75.7873,0.0,33.18,11.99,3.03,95.86
2025-04-26,Jaipur,26.9124,75.7873,0.0,33.07,13.73,2.03,95.87
2025-04-27,Jaipur,26.9124,75.7873,0.0,33.06,15.09,1.93,95.97
2025-04-28,Jaipur,26.9124,75.7873,0.0,32.96,13.64,2.26,95.8
2025-04-29,Jaipur,26.9124,75.7873,0.0,32.46,14.46,2.75,95.82
2025-04-30,Jaipur,26.9124,75.7873,0.0,32.9,18.85,2.76,95.95
2025-05-01,Jaipur,26.9124,75.7873,0.09,33.33,26.03,3.65,96.04
2025-05-02,Jaipur,26.9124,75.7873,1.23,32.79,30.44,3.2,96.1
2025-05-03,Jaipur,26.9124,75.7873,0.95,32.94,33.14,4.01,95.89
2025-05-04,Jaipur,26.9124,75.7873,3.87,32.75,30.04,2.66,95.77
2025-05-05,Jaipur,26.9124,75.7873,1.02,31.44,34.93,2.34,95.86
2025-05-06,Jaipur,26.9124,75.7873,0.24,29.31,43.06,1.63,95.87
2025-05-07,Jaipur,26.9124,75.7873,0.16,29.04,46.64,1.98,95.85
2025-05-08,Jaipur,26.9124,75.7873,1.98,28.45,52.08,2.9,95.92
2025-05-09,Jaipur,26.9124,75.7873,1.4,30.48,45.43,1.15,96.01
2025-05-10,Jaipur,26.9124,75.7873,0.06,31.92,41.74,2.38,96.0
2025-05-11,Jaipur,26.9124,75.7873,0.27,34.13,34.62,1.83,95.85
2025-05-12,Jaipur,26.9124,75.7873,5.37,33.92,32.94,2.48,95.83
2025-05-13,Jaipur,26.9124,75.7873,1.04,33.23,44.1,2.7,95.87
2025-05-14,Jaipur,26.9124,75.7873,0.01,34.63,34.53,2.61,95.87
2025-05-15,Jaipur,26.9124,75.7873,0.0,34.81,26.66,3.12,95.85
2025-05-16,Jaipur,26.9124,75.7873,0.0,35.92,24.06,3.37,95.73
2025-05-17,Jaipur,26.9124,75.7873,0.0,36.42,28.6,4.73,95.72
2025-05-18,Jaipur,26.9124,75.7873,0.0,37.44,28.31,4.44,95.69
2025-05-19,Jaipur,26.9124,75.7873,0.02,37.56,26.29,4.04,95.62
2025-05-20,Jaipur,26.9124,75.7873,0.03,37.55,22.55,4.31,95.52
2025-05-21,Jaipur,26.9124,75.7873,0.0,37.71,20.72,3.7,95.51
2025-05-22,Jaipur,26.9124,75.7873,0.14,37.0,25.78,2.45,95.48
2025-05-23,Jaipur,26.9124,75.7873,0.0,37.17,29.16,3.48,95.28
2025-05-24,Jaipur,26.9124,75.7873,0.01,37.16,29.63,4.77,95.26
2025-05-25,Jaipur,26.9124,75.7873,8.29,34.17,42.53,4.26,95.59
2025-05-26,Jaipur,26.9124,75.7873,0.01,34.27,41.37,3.87,95.49
2025-05-27,Jaipur,26.9124,75.7873,0.0,34.66,39.1,2.72,95.32
2025-05-28,Jaipur,26.9124,75.7873,0.0,36.19,35.82,3.24,95.21
2025-05-29,Jaipur,26.9124,75.7873,1.15,35.51,37.43,2.19,95.11
2025-05-30,Jaipur,26.9124,75.7873,2.57,34.55,35.26,2.8,95.06
2025-05-31,Jaipur,26.9124,75.7873,0.22,33.94,29.56,4.37,95.29
2025-06-01,Jaipur,26.9124,75.7873,0.37,33.57,34.97,4.51,95.4
2025-06-02,Jaipur,26.9124,75.7873,3.14,31.83,45.11,3.34,95.4
2025-06-03,Jaipur,26.9124,75.7873,7.7,30.17,54.58,3.21,95.58
2025-06-04,Jaipur,26.9124,75.7873,0.24,31.14,46.94,3.03,95.82
2025-06-05,Jaipur,26.9124,75.7873,0.1,32.33,39.94,1.7,96.07
2025-06-06,Jaipur,26.9124,75.7873,2.37,33.7,40.05,2.38,95.98
2025-06-07,Jaipur,26.9124,75.7873,0.0,35.79,32.42,2.22,95.82
2025-06-08,Jaipur,26.9124,75.7873,0.0,36.4,25.53,3.65,95.74
2025-06-09,Jaipur,26.9124,75.7873,0.0,36.7,18.64,5.55,95.63
2025-06-10,Jaipur,26.9124,75.7873,0.0,37.18,21.56,4.71,95.53
2025-06-11,Jaipur,26.9124,75.7873,0.0,38.17,21.03,3.24,95.51
2025-06-12,Jaipur,26.9124,75.7873,0.0,39.1,19.33,1.71,95.4
2025-06-13,Jaipur,26.9124,75.7873,0.0,39.29,25.12,3.17,95.38
2025-06-14,Jaipur,26.9124,75.7873,0.11,38.89,27.47,3.02,95.3
2025-06-15,Jaipur,26.9124,75.7873,1.28,37.36,32.6,2.93,95.17
2025-06-16,Jaipur,26.9124,75.7873,13.15,32.61,56.9,3.19,95.21
2025-06-17,Jaipur,26.9124,75.7873,19.28,29.78,72.3,2.84,95.33
2025-06-18,Jaipur,26.9124,75.7873,7.26,28.71,72.66,3.13,95.17
2025-06-19,Jaipur,26.9124,75.7873,2.36,30.55,66.35,2.86,95.05
2025-06-20,Jaipur,26.9124,75.7873,17.2,28.77,78.52,1.28,95.34
2025-06-21,Jaipur,26.9124,75.7873,12.34,30.72,69.79,1.37,95.43
2025-06-22,Jaipur,26.9124,75.7873,3.91,31.6,67.13,1.69,95.35
2025-06-23,Jaipur,26.9124,75.7873,15.96,30.79,71.15,1.84,95.17
2025-06-24,Jaipur,26.9124,75.7873,41.69,30.58,75.56,1.31,95.13
2025-06-25,Jaipur,26.9124,75.7873,2.89,30.6,75.5,2.59,95.3
2025-06-26,Jaipur,26.9124,75.7873,7.83,30.23,75.01,3.27,95.48
2025-06-27,Jaipur,26.9124,75.7873,7.91,29.97,75.15,2.67,95.4
2025-06-28,Jaipur,26.9124,75.7873,2.29,29.62,75.37,2.33,95.35
2025-06-29,Jaipur,26.9124,75.7873,1.73,30.25,72.72,2.15,95.18
2025-06-30,Jaipur,26.9124,75.7873,2.55,29.68,72.34,3.44,95.19
2025-07-01,Jaipur,26.9124,75.7873,5.73,29.13,77.09,2.16,95.3
2025-07-02,Jaipur,26.9124,75.7873,16.48,29.32,77.81,2.7,95.26
2025-07-03,Jaipur,26.9124,75.7873,2.67,29.38,79.11,2.98,95.32
2025-07-04,Jaipur,26.9124,75.7873,5.65,28.96,81.85,1.34,95.4
2025-07-05,Jaipur,26.9124,75.7873,15.16,29.22,81.63,1.58,95.35
2025-07-06,Jaipur,26.9124,75.7873,9.68,29.06,82.72,1.56,95.28
2025-07-07,Jaipur,26.9124,75.7873,2.89,27.41,88.4,1.86,95.37
2025-07-08,Jaipur,26.9124,75.7873,0.42,28.73,79.65,2.12,95.45
2025-07-09,Jaipur,26.9124,75.7873,19.39,28.86,79.97,2.38,95.5
2025-07-10,Jaipur,26.9124,75.7873,18.46,28.1,82.17,1.55,95.6
2025-07-11,Jaipur,26.9124,75.7873,6.09,27.51,84.54,0.81,95.63
2025-07-12,Jaipur,26.9124,75.7873,4.18,27.59,83.72,0.97,95.6
2025-07-13,Jaipur,26.9124,75.7873,15.06,28.49,80.13,1.64,95.5
2025-07-14,Jaipur,26.9124,75.7873,19.44,27.7,86.56,2.14,95.2
2025-07-15,Jaipur,26.9124,75.7873,17.27,27.87,85.87,2.54,95.14
2025-07-16,Jaipur,26.9124,75.7873,1.47,27.68,85.09,2.09,95.46
2025-07-17,Jaipur,26.9124,75.7873,8.86,27.75,84.97,1.42,95.62
2025-07-18,Jaipur,26.9124,75.7873,28.45,27.71,85.69,2.99,95.39
2025-07-19,Jaipur,26.9124,75.7873,11.34,27.28,86.56,3.57,95.11
2025-07-20,Jaipur,26.9124,75.7873,0.19,27.63,83.03,2.54,95.31
2025-07-21,Jaipur,26.9124,75.7873,0.38,27.85,83.89,1.61,95.53
2025-07-22,Jaipur,26.9124,75.7873,11.77,28.5,84.2,2.2,95.45
2025-07-23,Jaipur,26.9124,75.7873,3.62,28.2,84.05,3.12,95.22
2025-07-24,Jaipur,26.9124,75.7873,0.18,28.12,81.84,2.96,95.14
2025-07-25,Jaipur,26.9124,75.7873,13.24,28.57,82.0,2.6,95.13
2025-07-26,Jaipur,26.9124,75.7873,20.56,28.69,85.63,1.39,95.13
2025-07-27,Jaipur,26.9124,75.7873,1.44,29.23,80.58,1.98,95.1
2025-07-28,Jaipur,26.9124,75.7873,35.25,28.14,86.88,1.89,95.14
2025-07-29,Jaipur,26.9124,75.7873,7.95,28.59,84.48,2.56,95.19
2025-07-30,Jaipur,26.9124,75.7873,10.98,26.8,89.57,2.29,95.26
2025-07-31,Jaipur,26.9124,75.7873,20.37,25.65,92.44,3.17,95.39
2025-08-01,Jaipur,26.9124,75.7873,7.08,26.41,87.66,3.2,95.54
2025-08-02,Jaipur,26.9124,75.7873,0.81,27.34,84.46,3.36,95.6
2025-08-03,Jaipur,26.9124,75.7873,1.57,27.35,84.26,2.98,95.74
2025-08-04,Jaipur,26.9124,75.7873,0.02,27.63,82.7,3.33,95.82
2025-08-05,Jaipur,26.9124,75.7873,0.0,26.85,84.39,3.37,95.83
2025-08-06,Jaipur,26.9124,75.7873,0.0,26.87,82.76,2.67,95.87
2025-08-07,Jaipur,26.9124,75.7873,0.0,27.29,82.37,2.91,95.81
2025-08-08,Jaipur,26.9124,75.7873,1.21,27.55,80.09,2.78,95.86
2025-08-09,Jaipur,26.9124,75.7873,5.52,27.38,80.91,2.2,96.03
2025-08-10,Jaipur,26.9124,75.7873,0.84,27.47,81.04,2.33,95.9
2025-08-11,Jaipur,26.9124,75.7873,0.1,27.26,81.92,2.85,95.84
2025-08-12,Jaipur,26.9124,75.7873,0.0,27.62,80.23,2.78,95.73
2025-08-13,Jaipur,26.9124,75.7873,0.31,26.65,85.67,2.14,95.65
2025-08-14,Jaipur,26.9124,75.7873,5.91,26.52,90.61,1.18,95.81
2025-08-15,Jaipur,26.9124,75.7873,0.52,27.71,84.25,1.76,95.71
2025-08-16,Jaipur,26.9124,75.7873,0.9,27.95,84.18,2.11,95.55
2025-08-17,Jaipur,26.9124,75.7873,0.14,28.34,83.94,2.97,95.63
2025-08-18,Jaipur,26.9124,75.7873,0.4,27.89,85.16,3.05,95.77
2025-08-19,Jaipur,26.9124,75.7873,0.06,27.98,83.33,2.72,95.65
2025-08-20,Jaipur,26.9124,75.7873,7.51,27.97,83.63,2.96,95.58
2025-08-21,Jaipur,26.9124,75.7873,12.29,26.88,89.36,2.12,95.59
2025-08-22,Jaipur,26.9124,75.7873,13.9,27.27,88.54,1.88,95.45
2025-08-23,Jaipur,26.9124,75.7873,40.55,27.02,88.64,2.25,95.44
2025-08-24,Jaipur,26.9124,75.7873,35.05,27.46,85.27,1.18,95.48
2025-08-25,Jaipur,26.9124,75.7873,4.7,27.52,86.06,1.57,95.38
2025-08-26,Jaipur,26.9124,75.7873,1.91,27.43,86.96,0.85,95.59
2025-08-27,Jaipur,26.9124,75.7873,0.99,28.08,83.86,1.02,95.68
2025-08-28,Jaipur,26.9124,75.7873,1.73,27.49,88.61,1.02,95.64
2025-08-29,Jaipur,26.9124,75.7873,3.88,27.27,90.09,2.18,95.7
2025-08-30,Jaipur,26.9124,75.7873,10.29,27.29,89.03,2.07,95.84
2025-08-31,Jaipur,26.9124,75.7873,40.73,26.84,91.07,1.5,95.64
2025-09-01,Jaipur,26.9124,75.7873,33.92,25.71,91.61,2.71,95.32
2025-09-02,Jaipur,26.9124,75.7873,10.68,26.92,84.81,2.38,95.48
2025-09-03,Jaipur,26.9124,75.7873,15.75,26.27,88.74,1.65,95.73
2025-09-04,Jaipur,26.9124,75.7873,16.3,26.16,89.5,2.27,95.78
2025-09-05,Jaipur,26.9124,75.7873,20.35,26.58,89.02,2.91,95.69
2025-09-06,Jaipur,26.9124,75.7873,13.89,26.76,89.86,4.02,95.68
2025-09-07,Jaipur,26.9124,75.7873,4.58,26.13,88.39,3.57,95.8
2025-09-08,Jaipur,26.9124,75.7873,0.48,25.74,87.83,2.58,95.99
2025-09-09,Jaipur,26.9124,75.7873,0.0,26.22,84.82,1.75,96.22
2025-09-10,Jaipur,26.9124,75.7873,0.0,25.78,84.69,3.04,96.18
2025-09-11,Jaipur,26.9124,75.7873,0.0,25.16,85.9,3.08,96.11
2025-09-12,Jaipur,26.9124,75.7873,0.0,25.88,84.57,2.08,96.21
2025-09-13,Jaipur,26.9124,75.7873,0.0,26.63,80.0,1.54,96.2
2025-09-14,Jaipur,26.9124,75.7873,0.04,27.27,80.99,1.67,96.15
2025-09-15,Jaipur,26.9124,75.7873,0.09,26.51,82.13,2.18,95.98
2025-09-16,Jaipur,26.9124,75.7873,0.03,27.11,81.12,1.19,95.96
2025-09-17,Jaipur,26.9124,75.7873,0.03,27.86,80.06,1.56,95.97
2025-09-18,Jaipur,26.9124,75.7873,1.4,27.61,80.44,1.4,96.0
2025-09-19,Jaipur,26.9124,75.7873,0.57,27.65,78.76,1.54,96.09
2025-09-20,Jaipur,26.9124,75.7873,0.73,27.35,78.49,1.81,96.08
2025-09-21,Jaipur,26.9124,75.7873,0.0,27.37,74.73,1.91,96.01
2025-09-22,Jaipur,26.9124,75.7873,0.0,26.49,77.05,2.09,96.07
2025-09-23,Jaipur,26.9124,75.7873,0.0,26.39,76.43,2.32,96.03
2025-09-24,Jaipur,26.9124,75.7873,0.0,26.21,78.98,2.55,95.92
2025-09-25,Jaipur,26.9124,75.7873,0.0,26.28,76.55,2.09,95.95
2025-09-26,Jaipur,26.9124,75.7873,0.0,26.83,68.31,1.96,96.06
2025-09-27,Jaipur,26.9124,75.7873,0.14,26.89,74.98,2.0,96.18
2025-09-28,Jaipur,26.9124,75.7873,0.0,26.89,84.18,3.02,96.04
2025-09-29,Jaipur,26.9124,75.7873,0.57,26.79,86.61,2.51,95.9
2025-09-30,Jaipur,26.9124,75.7873,11.29,25.93,91.54,1.83,95.78
2025-10-01,Jaipur,26.9124,75.7873,13.01,25.95,87.23,0.71,95.79
2025-10-02,Jaipur,26.9124,75.7873,1.15,26.21,83.27,1.25,96.08
2025-10-03,Jaipur,26.9124,75.7873,0.09,25.38,88.1,1.88,96.35
2025-10-04,Jaipur,26.9124,75.7873,0.05,26.68,79.7,1.29,96.26
2025-10-05,Jaipur,26.9124,75.7873,1.75,25.66,82.41,2.34,96.2
2025-10-06,Jaipur,26.9124,75.7873,34.09,24.56,87.0,2.12,96.27
2025-10-07,Jaipur,26.9124,75.7873,6.86,22.91,81.46,1.98,96.32
2025-10-08,Jaipur,26.9124,75.7873,0.08,21.38,76.86,1.59,96.57
2025-10-09,Jaipur,26.9124,75.7873,0.0,22.12,65.99,1.29,96.71
2025-10-10,Jaipur,26.9124,75.7873,0.0,22.92,58.15,0.82,96.58
2025-10-11,Jaipur,26.9124,75.7873,0.0,22.41,63.49,1.26,96.57
2025-10-12,Jaipur,26.9124,75.7873,0.0,22.8,64.03,1.3,96.53
2025-10-13,Jaipur,26.9124,75.7873,0.0,23.2,59.8,0.76,96.61
2025-10-14,Jaipur,26.9124,75.7873,0.0,21.99,68.17,1.21,96.52
2025-10-15,Jaipur,26.9124,75.7873,0.0,22.0,65.1,1.21,96.51
2025-10-16,Jaipur,26.9124,75.7873,0.0,23.29,56.91,0.72,96.51
2025-10-17,Jaipur,26.9124,75.7873,0.0,23.82,52.59,0.68,96.62
2025-10-18,Jaipur,26.9124,75.7873,0.0,23.59,51.73,0.8,96.56
2025-10-19,Jaipur,26.9124,75.7873,0.0,22.54,59.0,1.35,96.49
2025-10-20,Jaipur,26.9124,75.7873,0.0,22.39,62.32,1.38,96.52
2025-10-21,Jaipur,26.9124,75.7873,0.0,23.41,60.98,0.85,96.65
2025-10-22,Jaipur,26.9124,75.7873,0.0,24.83,53.51,0.7,96.7
2025-10-23,Jaipur,26.9124,75.7873,0.0,23.57,56.02,1.1,96.62
2025-10-24,Jaipur,26.9124,75.7873,0.0,23.8,50.4,0.89,96.6
2025-10-25,Jaipur,26.9124,75.7873,0.01,22.95,52.46,0.86,96.52
2025-10-26,Jaipur,26.9124,75.7873,0.46,21.69,75.26,1.82,96.6
2025-10-27,Jaipur,26.9124,75.7873,13.15,20.88,85.65,2.67,96.66
2025-10-28,Jaipur,26.9124,75.7873,2.11,19.11,88.15,3.02,96.69
2025-10-29,Jaipur,26.9124,75.7873,0.21,20.9,81.46,2.24,96.57
2025-10-30,Jaipur,26.9124,75.7873,1.32,20.95,89.42,2.15,96.53
2025-10-31,Jaipur,26.9124,75.7873,0.01,22.52,78.75,0.89,96.49
2025-11-01,Jaipur,26.9124,75.7873,0.0,23.07,72.41,1.17,96.52
2025-11-02,Jaipur,26.9124,75.7873,0.0,22.72,52.2,1.23,96.55
2025-11-03,Jaipur,26.9124,75.7873,0.41,21.96,51.99,1.73,96.39
2025-11-04,Jaipur,26.9124,75.7873,3.15,21.42,81.37,1.56,96.26
2025-11-05,Jaipur,26.9124,75.7873,0.0,19.27,64.62,2.28,96.41
2025-11-06,Jaipur,26.9124,75.7873,0.0,17.23,52.69,1.96,96.65
2025-11-07,Jaipur,26.9124,75.7873,0.0,17.21,41.13,1.66,96.81
2025-11-08,Jaipur,26.9124,75.7873,0.0,18.61,37.72,1.38,96.85
2025-11-09,Jaipur,26.9124,75.7873,0.0,19.34,37.75,0.95,96.72
2025-11-10,Jaipur,26.9124,75.7873,0.0,19.23,42.63,1.11,96.67
2025-11-11,Jaipur,26.9124,75.7873,0.0,18.75,50.26,1.31,96.78
2025-11-12,Jaipur,26.9124,75.7873,0.0,19.35,42.21,1.01,96.87
2025-11-13,Jaipur,26.9124,75.7873,0.0,18.18,43.4,1.53,97.01
2025-11-14,Jaipur,26.9124,75.7873,0.0,18.74,36.81,1.0,96.99
2025-11-15,Jaipur,26.9124,75.7873,0.0,18.99,34.7,0.72,97.09
2025-11-16,Jaipur,26.9124,75.7873,0.0,18.22,39.32,1.25,97.27
2025-11-17,Jaipur,26.9124,75.7873,0.0,18.01,38.64,0.94,97.17
2025-11-18,Jaipur,26.9124,75.7873,0.0,18.22,43.82,1.04,96.98
2025-11-19,Jaipur,26.9124,75.7873,0.0,18.09,46.16,1.18,96.94
2025-11-20,Jaipur,26.9124,75.7873,0.0,16.87,65.68,1.35,97.01
2025-11-21,Jaipur,26.9124,75.7873,0.0,16.7,69.93,1.41,97.1
2025-11-22,Jaipur,26.9124,75.7873,0.0,17.3,68.3,1.1,96.97
2025-11-23,Jaipur,26.9124,75.7873,0.0,17.34,68.32,1.14,96.96
2025-11-24,Jaipur,26.9124,75.7873,0.0,16.93,64.79,1.36,97.07
2025-11-25,Jaipur,26.9124,75.7873,0.0,17.2,52.65,1.12,97.06
2025-11-26,Jaipur,26.9124,75.7873,0.0,16.3,49.98,1.58,97.05
2025-11-27,Jaipur,26.9124,75.7873,0.01,16.15,62.33,1.66,97.15
2025-11-28,Jaipur,26.9124,75.7873,0.17,17.1,65.01,0.75,97.07
2025-11-29,Jaipur,26.9124,75.7873,0.0,19.12,65.69,1.0,96.89
2025-11-30,Jaipur,26.9124,75.7873,0.0,17.62,55.14,1.27,96.84
2025-12-01,Jaipur,26.9124,75.7873,0.0,17.5,60.59,1.34,96.77
2025-12-02,Jaipur,26.9124,75.7873,0.0,16.63,62.32,1.68,96.77
2025-12-03,Jaipur,26.9124,75.7873,0.0,15.27,45.99,1.18,97.1
2025-12-04,Jaipur,26.9124,75.7873,0.0,15.07,38.36,1.18,97.19
2025-12-05,Jaipur,26.9124,75.7873,0.0,15.41,34.93,1.11,97.3
2025-12-06,Jaipur,26.9124,75.7873,0.0,15.32,41.62,1.37,97.25
2025-12-07,Jaipur,26.9124,75.7873,0.0,16.49,38.5,1.29,97.17
2025-12-08,Jaipur,26.9124,75.7873,0.0,17.22,40.71,1.44,97.17
2025-12-09,Jaipur,26.9124,75.7873,0.0,16.59,40.34,1.77,97.14
2025-12-10,Jaipur,26.9124,75.7873,0.0,16.49,38.44,1.5,97.1
2025-12-11,Jaipur,26.9124,75.7873,0.0,17.85,34.37,1.29,97.01
2025-12-12,Jaipur,26.9124,75.7873,0.0,18.31,33.26,1.2,96.9
2025-12-13,Jaipur,26.9124,75.7873,0.0,18.55,36.19,0.88,96.97
2025-12-14,Jaipur,26.9124,75.7873,0.0,17.89,48.59,0.92,97.08
2025-12-15,Jaipur,26.9124,75.7873,0.0,17.77,45.81,1.25,97.07
2025-12-16,Jaipur,26.9124,75.7873,0.0,16.6,42.14,1.37,97.04
2025-12-17,Jaipur,26.9124,75.7873,0.0,16.78,41.57,1.5,97.11
2025-12-18,Jaipur,26.9124,75.7873,0.0,17.21,41.83,1.09,97.14
2025-12-19,Jaipur,26.9124,75.7873,0.0,17.66,36.42,1.37,96.93
2025-12-20,Jaipur,26.9124,75.7873,0.0,18.03,36.43,0.99,96.75
2025-12-21,Jaipur,26.9124,75.7873,0.0,17.08,54.88,0.99,96.9
2025-12-22,Jaipur,26.9124,75.7873,0.0,18.96,53.26,0.66,96.94
2025-12-23,Jaipur,26.9124,75.7873,0.0,17.29,57.44,2.13,96.88
2025-12-24,Jaipur,26.9124,75.7873,0.0,13.84,49.65,2.17,96.9
2025-12-25,Jaipur,26.9124,75.7873,0.0,14.69,37.63,1.0,96.92
2025-12-26,Jaipur,26.9124,75.7873,0.0,15.14,37.36,0.9,96.97
2025-12-27,Jaipur,26.9124,75.7873,0.0,15.56,33.78,0.84,96.97
2025-12-28,Jaipur,26.9124,75.7873,0.0,15.16,36.95,1.08,97.02
2025-12-29,Jaipur,26.9124,75.7873,0.0,15.05,44.12,1.01,96.96
2025-12-30,Jaipur,26.9124,75.7873,0.0,15.18,54.97,1.25,96.74
2025-12-31,Jaipur,26.9124,75.7873,0.02,14.59,65.74,1.49,96.5
2025-01-01,Jaisalmer,26.9157,70.9083,0.0,16.41,27.35,2.28,99.78
2025-01-02,Jaisalmer,26.9157,70.9083,0.0,18.03,24.48,1.35,99.67
2025-01-03,Jaisalmer,26.9157,70.9083,0.0,19.6,26.78,1.37,99.56
2025-01-04,Jaisalmer,26.9157,70.9083,0.0,18.18,36.04,2.02,99.38
2025-01-05,Jaisalmer,26.9157,70.9083,0.0,15.14,32.45,2.08,99.49
2025-01-06,Jaisalmer,26.9157,70.9083,0.0,14.74,26.0,1.57,99.76
2025-01-07,Jaisalmer,26.9157,70.9083,0.0,15.2,22.9,1.43,99.89
2025-01-08,Jaisalmer,26.9157,70.9083,0.0,16.91,16.51,1.67,99.63
2025-01-09,Jaisalmer,26.9157,70.9083,0.0,18.55,13.86,1.41,99.52
2025-01-10,Jaisalmer,26.9157,70.9083,0.01,16.53,28.0,2.35,99.51
2025-01-11,Jaisalmer,26.9157,70.9083,1.25,16.12,28.67,2.17,99.56
2025-01-12,Jaisalmer,26.9157,70.9083,0.01,14.38,46.92,2.67,99.91
2025-01-13,Jaisalmer,26.9157,70.9083,0.0,13.63,55.93,2.25,99.97
2025-01-14,Jaisalmer,26.9157,70.9083,0.0,14.75,51.09,1.58,99.82
2025-01-15,Jaisalmer,26.9157,70.9083,0.0,15.26,47.19,2.48,99.84
2025-01-16,Jaisalmer,26.9157,70.9083,0.0,15.47,34.78,1.88,99.95
2025-01-17,Jaisalmer,26.9157,70.9083,0.0,14.61,34.98,3.14,99.93
2025-01-18,Jaisalmer,26.9157,70.9083,0.0,15.72,30.23,1.82,99.6
2025-01-19,Jaisalmer,26.9157,70.9083,0.0,16.34,28.67,1.9,99.59
2025-01-20,Jaisalmer,26.9157,70.9083,0.0,17.19,32.77,2.26,99.6
2025-01-21,Jaisalmer,26.9157,70.9083,0.0,16.63,35.48,2.13,99.49
2025-01-22,Jaisalmer,26.9157,70.9083,0.0,17.0,40.25,1.86,99.39
2025-01-23,Jaisalmer,26.9157,70.9083,0.0,16.64,36.84,2.0,99.63
2025-01-24,Jaisalmer,26.9157,70.9083,0.0,16.0,33.2,2.17,99.72
2025-01-25,Jaisalmer,26.9157,70.9083,0.0,17.44,16.2,1.32,99.65
2025-01-26,Jaisalmer,26.9157,70.9083,0.0,18.9,12.0,0.82,99.51
2025-01-27,Jaisalmer,26.9157,70.9083,0.0,19.86,10.52,1.04,99.33
2025-01-28,Jaisalmer,26.9157,70.9083,0.0,20.64,11.4,1.3,99.16
2025-01-29,Jaisalmer,26.9157,70.9083,0.0,19.76,20.25,2.69,99.15
2025-01-30,Jaisalmer,26.9157,70.9083,0.0,17.17,27.54,2.52,99.16
2025-01-31,Jaisalmer,26.9157,70.9083,0.0,17.05,27.16,1.37,99.07
2025-02-01,Jaisalmer,26.9157,70.9083,0.0,16.84,31.58,2.13,99.3
2025-02-02,Jaisalmer,26.9157,70.9083,0.0,16.74,26.4,2.97,99.54
2025-02-03,Jaisalmer,26.9157,70.9083,0.0,16.88,25.1,1.8,99.4
2025-02-04,Jaisalmer,26.9157,70.9083,0.0,18.02,24.81,1.46,99.47
2025-02-05,Jaisalmer,26.9157,70.9083,0.0,16.63,21.22,1.64,99.59
2025-02-06,Jaisalmer,26.9157,70.9083,0.0,17.13,12.59,1.7,99.74
2025-02-07,Jaisalmer,26.9157,70.9083,0.0,17.41,14.06,1.97,99.76
2025-02-08,Jaisalmer,26.9157,70.9083,0.0,20.17,12.58,1.08,99.54
2025-02-09,Jaisalmer,26.9157,70.9083,0.0,20.11,14.35,1.42,99.34
2025-02-10,Jaisalmer,26.9157,70.9083,0.0,22.35,16.91,1.96,99.29
2025-02-11,Jaisalmer,26.9157,70.9083,0.0,22.41,28.01,1.63,99.32
2025-02-12,Jaisalmer,26.9157,70.9083,0.0,20.13,19.59,1.79,99.57
2025-02-13,Jaisalmer,26.9157,70.9083,0.0,21.63,18.55,2.05,99.56
2025-02-14,Jaisalmer,26.9157,70.9083,0.0,24.17,19.87,1.75,99.29
2025-02-15,Jaisalmer,26.9157,70.9083,0.0,23.84,29.64,2.7,99.03
2025-02-16,Jaisalmer,26.9157,70.9083,0.0,24.14,26.27,2.37,99.07
2025-02-17,Jaisalmer,26.9157,70.9083,0.0,23.79,26.63,1.95,99.34
2025-02-18,Jaisalmer,26.9157,70.9083,0.0,23.73,26.6,1.8,99.39
2025-02-19,Jaisalmer,26.9157,70.9083,0.29,23.64,31.16,2.29,99.1
2025-02-20,Jaisalmer,26.9157,70.9083,0.14,20.73,39.79,2.28,99.25
2025-02-21,Jaisalmer,26.9157,70.9083,0.0,21.33,22.73,2.69,99.59
2025-02-22,Jaisalmer,26.9157,70.9083,0.0,21.25,33.68,2.35,99.67
2025-02-23,Jaisalmer,26.9157,70.9083,0.01,22.88,31.17,1.68,99.6
2025-02-24,Jaisalmer,26.9157,70.9083,0.0,24.56,31.12,2.22,99.62
2025-02-25,Jaisalmer,26.9157,70.9083,0.0,26.39,32.0,2.83,99.58
2025-02-26,Jaisalmer,26.9157,70.9083,0.0,26.96,27.04,2.53,99.56
2025-02-27,Jaisalmer,26.9157,70.9083,0.33,24.17,39.86,1.58,99.28
2025-02-28,Jaisalmer,26.9157,70.9083,0.14,23.93,47.09,2.69,99.05
2025-03-01,Jaisalmer,26.9157,70.9083,0.0,24.0,40.51,2.35,99.12
2025-03-02,Jaisalmer,26.9157,70.9083,0.0,24.13,34.35,2.2,99.18
2025-03-03,Jaisalmer,26.9157,70.9083,0.0,23.76,32.49,4.81,99.06
2025-03-04,Jaisalmer,26.9157,70.9083,0.0,18.79,13.45,3.61,99.65
2025-03-05,Jaisalmer,26.9157,70.9083,0.0,19.76,10.94,1.77,99.74
2025-03-06,Jaisalmer,26.9157,70.9083,0.0,23.61,13.14,3.36,99.35
2025-03-07,Jaisalmer,26.9157,70.9083,0.0,25.16,24.67,3.2,99.1
2025-03-08,Jaisalmer,26.9157,70.9083,0.0,25.99,26.91,2.17,98.84
2025-03-09,Jaisalmer,26.9157,70.9083,0.0,27.82,16.94,1.8,99.0
2025-03-10,Jaisalmer,26.9157,70.9083,0.0,31.45,15.34,1.6,99.25
2025-03-11,Jaisalmer,26.9157,70.9083,0.0,29.97,19.65,1.83,99.27
2025-03-12,Jaisalmer,26.9157,70.9083,0.0,27.88,23.67,1.76,99.04
2025-03-13,Jaisalmer,26.9157,70.9083,0.0,28.44,25.15,1.93,98.75
2025-03-14,Jaisalmer,26.9157,70.9083,0.09,28.26,24.27,2.48,98.69
2025-03-15,Jaisalmer,26.9157,70.9083,0.21,25.63,37.83,3.77,99.03
2025-03-16,Jaisalmer,26.9157,70.9083,0.0,25.79,28.77,2.21,99.25
2025-03-17,Jaisalmer,26.9157,70.9083,0.01,26.87,16.12,1.2,99.25
2025-03-18,Jaisalmer,26.9157,70.9083,0.0,26.75,15.51,1.65,99.17
2025-03-19,Jaisalmer,26.9157,70.9083,0.0,27.8,14.29,1.49,99.11
2025-03-20,Jaisalmer,26.9157,70.9083,0.0,27.78,18.54,1.5,99.26
2025-03-21,Jaisalmer,26.9157,70.9083,0.0,28.67,19.46,1.71,99.38
2025-03-22,Jaisalmer,26.9157,70.9083,0.0,30.32,15.04,1.79,99.21
2025-03-23,Jaisalmer,26.9157,70.9083,0.0,29.65,16.92,2.28,99.22
2025-03-24,Jaisalmer,26.9157,70.9083,0.0,29.44,17.61,2.65,99.15
2025-03-25,Jaisalmer,26.9157,70.9083,0.0,28.65,17.1,4.72,98.84
2025-03-26,Jaisalmer,26.9157,70.9083,0.0,28.21,29.27,5.47,98.54
2025-03-27,Jaisalmer,26.9157,70.9083,0.0,25.12,14.83,5.29,98.86
2025-03-28,Jaisalmer,26.9157,70.9083,0.0,22.83,9.49,2.45,99.2
2025-03-29,Jaisalmer,26.9157,70.9083,0.0,25.31,7.48,1.54,99.16
2025-03-30,Jaisalmer,26.9157,70.9083,0.0,26.95,9.04,1.84,99.07
2025-03-31,Jaisalmer,26.9157,70.9083,0.0,29.81,9.09,1.37,99.03
2025-04-01,Jaisalmer,26.9157,70.9083,0.0,30.47,9.09,1.65,98.89
2025-04-02,Jaisalmer,26.9157,70.9083,0.0,31.39,8.49,1.32,98.83
2025-04-03,Jaisalmer,26.9157,70.9083,0.0,32.95,8.79,1.61,98.9
2025-04-04,Jaisalmer,26.9157,70.9083,0.0,30.6,13.11,2.1,99.1
2025-04-05,Jaisalmer,26.9157,70.9083,0.0,32.33,13.15,2.0,98.94
2025-04-06,Jaisalmer,26.9157,70.9083,0.0,33.67,13.67,2.72,98.61
2025-04-07,Jaisalmer,26.9157,70.9083,0.0,34.48,17.73,2.32,98.6
2025-04-08,Jaisalmer,26.9157,70.9083,0.0,34.32,20.91,4.27,98.81
2025-04-09,Jaisalmer,26.9157,70.9083,0.0,33.72,16.58,4.32,98.8
2025-04-10,Jaisalmer,26.9157,70.9083,0.0,33.16,21.33,3.75,98.31
2025-04-11,Jaisalmer,26.9157,70.9083,0.01,33.01,22.67,3.33,98.11
2025-04-12,Jaisalmer,26.9157,70.9083,0.03,32.33,20.8,2.04,98.41
2025-04-13,Jaisalmer,26.9157,70.9083,0.0,32.87,27.9,1.86,98.64
2025-04-14,Jaisalmer,26.9157,70.9083,0.0,33.97,27.01,1.77,98.61
2025-04-15,Jaisalmer,26.9157,70.9083,0.0,36.65,18.58,1.19,98.52
2025-04-16,Jaisalmer,26.9157,70.9083,0.0,36.04,23.99,2.52,98.39
2025-04-17,Jaisalmer,26.9157,70.9083,0.0,35.74,28.53,2.37,98.27
2025-04-18,Jaisalmer,26.9157,70.9083,0.0,35.13,25.11,6.51,98.19
2025-04-19,Jaisalmer,26.9157,70.9083,0.0,32.52,27.42,5.43,98.11
2025-04-20,Jaisalmer,26.9157,70.9083,0.0,31.4,8.23,4.1,98.41
2025-04-21,Jaisalmer,26.9157,70.9083,0.0,30.4,7.64,3.3,98.77
2025-04-22,Jaisalmer,26.9157,70.9083,0.0,31.24,6.92,3.14,98.91
2025-04-23,Jaisalmer,26.9157,70.9083,0.0,32.21,7.6,3.58,98.69
2025-04-24,Jaisalmer,26.9157,70.9083,0.0,33.33,10.27,3.45,98.41
2025-04-25,Jaisalmer,26.9157,70.9083,0.0,33.82,12.9,3.85,98.39
2025-04-26,Jaisalmer,26.9157,70.9083,0.0,34.53,9.33,2.34,98.42
2025-04-27,Jaisalmer,26.9157,70.9083,0.0,35.74,11.56,1.92,98.47
2025-04-28,Jaisalmer,26.9157,70.9083,0.0,37.37,14.16,1.41,98.28
2025-04-29,Jaisalmer,26.9157,70.9083,0.0,37.39,14.59,1.69,98.22
2025-04-30,Jaisalmer,26.9157,70.9083,0.0,36.71,22.09,3.15,98.27
2025-05-01,Jaisalmer,26.9157,70.9083,4.55,34.94,30.35,3.93,98.37
2025-05-02,Jaisalmer,26.9157,70.9083,3.89,34.21,35.8,2.55,98.46
2025-05-03,Jaisalmer,26.9157,70.9083,0.25,34.56,32.55,2.3,98.35
2025-05-04,Jaisalmer,26.9157,70.9083,2.84,33.55,34.63,3.53,98.22
2025-05-05,Jaisalmer,26.9157,70.9083,1.64,31.41,43.23,2.26,98.39
2025-05-06,Jaisalmer,26.9157,70.9083,0.63,31.59,42.15,2.35,98.44
2025-05-07,Jaisalmer,26.9157,70.9083,0.01,33.15,35.3,1.68,98.35
2025-05-08,Jaisalmer,26.9157,70.9083,1.68,34.82,32.47,2.03,98.33
2025-05-09,Jaisalmer,26.9157,70.9083,7.82,31.81,51.63,2.12,98.67
2025-05-10,Jaisalmer,26.9157,70.9083,0.0,33.14,43.11,1.56,98.64
2025-05-11,Jaisalmer,26.9157,70.9083,0.0,35.34,32.89,3.51,98.43
2025-05-12,Jaisalmer,26.9157,70.9083,0.0,34.92,34.77,5.39,98.31
2025-05-13,Jaisalmer,26.9157,70.9083,0.0,34.95,32.87,5.47,98.32
2025-05-14,Jaisalmer,26.9157,70.9083,0.0,35.83,30.21,5.07,98.38
2025-05-15,Jaisalmer,26.9157,70.9083,0.0,36.51,26.85,5.26,98.4
2025-05-16,Jaisalmer,26.9157,70.9083,0.0,36.49,26.94,6.07,98.3
2025-05-17,Jaisalmer,26.9157,70.9083,0.0,36.45,33.47,6.65,98.26
2025-05-18,Jaisalmer,26.9157,70.9083,0.61,35.94,37.65,6.79,98.24
2025-05-19,Jaisalmer,26.9157,70.9083,0.0,36.47,36.69,7.65,98.11
2025-05-20,Jaisalmer,26.9157,70.9083,0.0,35.87,35.21,5.3,98.12
2025-05-21,Jaisalmer,26.9157,70.9083,0.0,36.9,33.73,5.54,98.08
2025-05-22,Jaisalmer,26.9157,70.9083,0.0,36.86,32.14,5.93,97.99
2025-05-23,Jaisalmer,26.9157,70.9083,0.0,36.61,30.68,4.68,97.76
2025-05-24,Jaisalmer,26.9157,70.9083,0.0,37.81,26.02,3.65,97.71
2025-05-25,Jaisalmer,26.9157,70.9083,0.03,38.43,27.59,2.78,97.9
2025-05-26,Jaisalmer,26.9157,70.9083,0.0,38.07,32.13,4.02,98.0
2025-05-27,Jaisalmer,26.9157,70.9083,0.0,39.45,23.32,1.87,97.75
2025-05-28,Jaisalmer,26.9157,70.9083,0.02,39.28,25.55,2.64,97.67
2025-05-29,Jaisalmer,26.9157,70.9083,7.09,35.38,34.79,3.61,97.57
2025-05-30,Jaisalmer,26.9157,70.9083,0.24,33.95,29.4,3.64,97.42
2025-05-31,Jaisalmer,26.9157,70.9083,0.0,34.18,28.82,5.31,97.66
2025-06-01,Jaisalmer,26.9157,70.9083,0.0,33.42,45.98,4.83,97.85
2025-06-02,Jaisalmer,26.9157,70.9083,0.0,34.05,40.04,5.64,97.8
2025-06-03,Jaisalmer,26.9157,70.9083,0.01,33.93,40.63,6.24,97.92
2025-06-04,Jaisalmer,26.9157,70.9083,0.0,33.79,39.26,5.16,98.17
2025-06-05,Jaisalmer,26.9157,70.9083,0.0,34.83,38.99,5.6,98.47
2025-06-06,Jaisalmer,26.9157,70.9083,0.0,35.48,34.74,5.73,98.57
2025-06-07,Jaisalmer,26.9157,70.9083,0.0,35.35,38.84,6.47,98.44
2025-06-08,Jaisalmer,26.9157,70.9083,0.0,35.44,34.59,6.36,98.41
2025-06-09,Jaisalmer,26.9157,70.9083,0.0,35.43,33.45,5.75,98.35
2025-06-10,Jaisalmer,26.9157,70.9083,0.0,36.02,33.08,5.52,98.15
2025-06-11,Jaisalmer,26.9157,70.9083,0.0,35.9,35.43,4.06,98.09
2025-06-12,Jaisalmer,26.9157,70.9083,0.0,37.64,31.88,3.46,97.95
2025-06-13,Jaisalmer,26.9157,70.9083,0.0,38.83,26.86,3.27,97.82
2025-06-14,Jaisalmer,26.9157,70.9083,1.21,37.99,33.25,4.39,97.79
2025-06-15,Jaisalmer,26.9157,70.9083,1.65,35.9,37.5,2.96,97.76
2025-06-16,Jaisalmer,26.9157,70.9083,0.55,33.56,43.75,3.07,97.72
2025-06-17,Jaisalmer,26.9157,70.9083,0.3,35.53,43.45,3.16,97.71
2025-06-18,Jaisalmer,26.9157,70.9083,0.03,37.82,35.2,2.07,97.58
2025-06-19,Jaisalmer,26.9157,70.9083,0.01,37.85,39.72,4.87,97.44
2025-06-20,Jaisalmer,26.9157,70.9083,0.0,36.92,43.01,5.95,97.62
2025-06-21,Jaisalmer,26.9157,70.9083,0.24,35.09,48.69,6.36,97.83
2025-06-22,Jaisalmer,26.9157,70.9083,0.03,35.51,48.44,4.88,97.75
2025-06-23,Jaisalmer,26.9157,70.9083,0.0,35.4,47.21,4.98,97.66
2025-06-24,Jaisalmer,26.9157,70.9083,0.0,36.91,42.05,5.75,97.48
2025-06-25,Jaisalmer,26.9157,70.9083,0.48,34.7,47.68,5.23,97.68
2025-06-26,Jaisalmer,26.9157,70.9083,18.58,33.06,60.51,2.0,97.9
2025-06-27,Jaisalmer,26.9157,70.9083,66.56,31.0,80.92,2.45,97.81
2025-06-28,Jaisalmer,26.9157,70.9083,0.13,31.93,64.4,2.64,97.75
2025-06-29,Jaisalmer,26.9157,70.9083,0.03,33.34,58.99,4.7,97.6
2025-06-30,Jaisalmer,26.9157,70.9083,0.0,33.74,57.66,5.33,97.57
2025-07-01,Jaisalmer,26.9157,70.9083,0.01,34.2,56.24,5.92,97.7
2025-07-02,Jaisalmer,26.9157,70.9083,0.15,34.3,53.5,4.03,97.72
2025-07-03,Jaisalmer,26.9157,70.9083,5.34,33.66,58.46,3.0,97.77
2025-07-04,Jaisalmer,26.9157,70.9083,5.18,33.07,60.71,2.6,97.86
2025-07-05,Jaisalmer,26.9157,70.9083,0.0,33.14,59.48,4.55,97.8
2025-07-06,Jaisalmer,26.9157,70.9083,0.0,32.36,61.59,4.59,97.73
2025-07-07,Jaisalmer,26.9157,70.9083,0.15,30.66,67.53,4.23,97.83
2025-07-08,Jaisalmer,26.9157,70.9083,0.02,33.16,58.88,4.42,97.9
2025-07-09,Jaisalmer,26.9157,70.9083,0.08,32.93,57.28,5.4,97.9
2025-07-10,Jaisalmer,26.9157,70.9083,0.02,33.57,54.35,4.75,97.95
2025-07-11,Jaisalmer,26.9157,70.9083,2.2,33.61,55.22,4.02,98.06
2025-07-12,Jaisalmer,26.9157,70.9083,5.52,32.77,59.44,3.09,98.14
2025-07-13,Jaisalmer,26.9157,70.9083,1.77,34.08,54.4,2.92,98.03
2025-07-14,Jaisalmer,26.9157,70.9083,2.72,33.56,55.63,2.81,97.87
2025-07-15,Jaisalmer,26.9157,70.9083,2.53,33.24,56.01,2.43,97.82
2025-07-16,Jaisalmer,26.9157,70.9083,0.03,33.89,53.56,3.17,97.9
2025-07-17,Jaisalmer,26.9157,70.9083,0.01,33.65,50.71,4.27,98.04
2025-07-18,Jaisalmer,26.9157,70.9083,10.07,31.31,61.51,3.89,98.14
2025-07-19,Jaisalmer,26.9157,70.9083,13.42,29.49,72.15,3.07,97.78
2025-07-20,Jaisalmer,26.9157,70.9083,17.49,30.69,75.04,2.1,97.57
2025-07-21,Jaisalmer,26.9157,70.9083,0.25,32.34,65.23,3.7,97.8
2025-07-22,Jaisalmer,26.9157,70.9083,0.0,32.76,59.2,4.96,97.87
2025-07-23,Jaisalmer,26.9157,70.9083,0.0,32.75,60.82,6.56,97.57
2025-07-24,Jaisalmer,26.9157,70.9083,0.0,32.52,59.46,5.17,97.55
2025-07-25,Jaisalmer,26.9157,70.9083,0.0,33.55,57.47,4.13,97.57
2025-07-26,Jaisalmer,26.9157,70.9083,0.07,34.05,55.33,4.04,97.63
2025-07-27,Jaisalmer,26.9157,70.9083,7.3,32.42,59.9,4.08,97.67
2025-07-28,Jaisalmer,26.9157,70.9083,0.08,33.36,57.2,5.29,97.64
2025-07-29,Jaisalmer,26.9157,70.9083,0.0,33.6,55.11,5.98,97.59
2025-07-30,Jaisalmer,26.9157,70.9083,0.0,32.79,55.69,4.89,97.64
2025-07-31,Jaisalmer,26.9157,70.9083,0.0,31.69,59.95,4.52,97.89
2025-08-01,Jaisalmer,26.9157,70.9083,0.0,30.98,61.91,4.68,98.02
2025-08-02,Jaisalmer,26.9157,70.9083,0.0,31.51,57.3,5.64,98.03
2025-08-03,Jaisalmer,26.9157,70.9083,0.0,32.22,54.26,5.28,98.14
2025-08-04,Jaisalmer,26.9157,70.9083,0.0,32.7,54.32,6.02,98.22
2025-08-05,Jaisalmer,26.9157,70.9083,0.01,31.73,57.77,6.66,98.16
2025-08-06,Jaisalmer,26.9157,70.9083,0.0,31.54,58.29,5.63,98.24
2025-08-07,Jaisalmer,26.9157,70.9083,0.0,31.86,53.7,5.41,98.25
2025-08-08,Jaisalmer,26.9157,70.9083,0.0,31.61,54.34,5.72,98.26
2025-08-09,Jaisalmer,26.9157,70.9083,0.0,31.92,55.02,4.57,98.45
2025-08-10,Jaisalmer,26.9157,70.9083,0.0,32.41,51.79,4.9,98.33
2025-08-11,Jaisalmer,26.9157,70.9083,0.0,32.24,52.83,5.53,98.23
2025-08-12,Jaisalmer,26.9157,70.9083,0.0,32.29,53.92,5.65,98.09
2025-08-13,Jaisalmer,26.9157,70.9083,0.03,32.19,55.11,4.79,98.0
2025-08-14,Jaisalmer,26.9157,70.9083,0.01,32.02,55.67,4.07,98.21
2025-08-15,Jaisalmer,26.9157,70.9083,0.03,33.49,51.29,2.11,98.17
2025-08-16,Jaisalmer,26.9157,70.9083,0.66,34.72,48.7,1.43,97.95
2025-08-17,Jaisalmer,26.9157,70.9083,1.3,34.75,52.43,2.14,97.95
2025-08-18,Jaisalmer,26.9157,70.9083,1.81,33.85,56.2,2.42,98.12
2025-08-19,Jaisalmer,26.9157,70.9083,1.12,33.57,54.54,2.91,98.03
2025-08-20,Jaisalmer,26.9157,70.9083,1.15,33.0,54.09,3.34,97.99
2025-08-21,Jaisalmer,26.9157,70.9083,1.73,32.91,56.59,1.83,98.1
2025-08-22,Jaisalmer,26.9157,70.9083,0.88,32.11,63.42,4.57,98.01
2025-08-23,Jaisalmer,26.9157,70.9083,0.01,32.7,59.81,5.33,97.88
2025-08-24,Jaisalmer,26.9157,70.9083,1.71,32.26,58.84,3.85,97.99
2025-08-25,Jaisalmer,26.9157,70.9083,1.73,32.39,59.55,2.41,98.05
2025-08-26,Jaisalmer,26.9157,70.9083,3.18,32.08,61.88,3.73,98.15
2025-08-27,Jaisalmer,26.9157,70.9083,4.31,31.19,64.45,2.92,98.24
2025-08-28,Jaisalmer,26.9157,70.9083,0.01,32.6,57.49,2.76,98.13
2025-08-29,Jaisalmer,26.9157,70.9083,5.28,32.76,56.29,3.55,98.11
2025-08-30,Jaisalmer,26.9157,70.9083,17.0,31.86,65.6,3.31,98.25
2025-08-31,Jaisalmer,26.9157,70.9083,7.62,31.05,68.26,3.11,98.17
2025-09-01,Jaisalmer,26.9157,70.9083,0.47,31.28,63.14,2.53,97.92
2025-09-02,Jaisalmer,26.9157,70.9083,0.02,31.9,58.97,2.93,98.0
2025-09-03,Jaisalmer,26.9157,70.9083,0.07,32.8,54.97,2.5,98.2
2025-09-04,Jaisalmer,26.9157,70.9083,0.07,33.27,53.92,2.15,98.3
2025-09-05,Jaisalmer,26.9157,70.9083,0.26,32.88,54.1,3.22,98.3
2025-09-06,Jaisalmer,26.9157,70.9083,0.78,32.33,56.93,4.66,98.25
2025-09-07,Jaisalmer,26.9157,70.9083,5.37,28.86,70.81,4.45,98.01
2025-09-08,Jaisalmer,26.9157,70.9083,7.1,28.36,75.01,5.49,98.03
2025-09-09,Jaisalmer,26.9157,70.9083,9.74,26.98,73.4,5.7,98.63
2025-09-10,Jaisalmer,26.9157,70.9083,0.08,28.38,68.48,3.53,98.77
2025-09-11,Jaisalmer,26.9157,70.9083,0.0,29.31,65.09,4.83,98.63
2025-09-12,Jaisalmer,26.9157,70.9083,0.0,30.33,63.44,4.56,98.67
2025-09-13,Jaisalmer,26.9157,70.9083,0.0,30.37,61.14,4.01,98.7
2025-09-14,Jaisalmer,26.9157,70.9083,0.0,30.7,57.8,4.19,98.65
2025-09-15,Jaisalmer,26.9157,70.9083,0.0,30.59,62.38,4.38,98.42
2025-09-16,Jaisalmer,26.9157,70.9083,0.0,31.03,61.86,4.08,98.37
2025-09-17,Jaisalmer,26.9157,70.9083,0.0,31.99,57.93,3.28,98.47
2025-09-18,Jaisalmer,26.9157,70.9083,0.0,31.87,57.35,3.38,98.48
2025-09-19,Jaisalmer,26.9157,70.9083,0.0,31.77,53.96,3.15,98.59
2025-09-20,Jaisalmer,26.9157,70.9083,0.0,31.07,52.15,3.38,98.6
2025-09-21,Jaisalmer,26.9157,70.9083,0.0,30.28,52.9,3.5,98.58
2025-09-22,Jaisalmer,26.9157,70.9083,0.0,29.97,50.62,3.42,98.6
2025-09-23,Jaisalmer,26.9157,70.9083,0.0,30.23,55.43,3.86,98.53
2025-09-24,Jaisalmer,26.9157,70.9083,0.0,29.95,56.54,3.86,98.4
2025-09-25,Jaisalmer,26.9157,70.9083,0.0,30.63,53.58,3.56,98.46
2025-09-26,Jaisalmer,26.9157,70.9083,0.0,31.31,47.35,2.43,98.65
2025-09-27,Jaisalmer,26.9157,70.9083,0.0,32.94,36.92,1.23,98.72
2025-09-28,Jaisalmer,26.9157,70.9083,0.0,33.96,29.58,2.97,98.51
2025-09-29,Jaisalmer,26.9157,70.9083,0.24,34.09,46.07,3.34,98.27
2025-09-30,Jaisalmer,26.9157,70.9083,1.78,31.83,57.77,2.79,98.19
2025-10-01,Jaisalmer,26.9157,70.9083,0.15,31.15,55.47,2.55,98.25
2025-10-02,Jaisalmer,26.9157,70.9083,0.0,31.27,53.33,2.49,98.54
2025-10-03,Jaisalmer,26.9157,70.9083,0.14,31.22,53.5,2.06,98.86
2025-10-04,Jaisalmer,26.9157,70.9083,0.02,31.86,50.51,2.77,98.84
2025-10-05,Jaisalmer,26.9157,70.9083,0.26,31.11,55.6,4.82,98.62
2025-10-06,Jaisalmer,26.9157,70.9083,1.55,28.49,51.1,4.87,98.59
2025-10-07,Jaisalmer,26.9157,70.9083,0.01,26.28,55.78,2.18,98.95
2025-10-08,Jaisalmer,26.9157,70.9083,0.0,27.18,45.99,1.61,99.16
2025-10-09,Jaisalmer,26.9157,70.9083,0.0,27.71,37.08,1.32,99.26
2025-10-10,Jaisalmer,26.9157,70.9083,0.0,27.89,32.05,1.62,99.08
2025-10-11,Jaisalmer,26.9157,70.9083,0.0,27.79,40.2,1.58,99.13
2025-10-12,Jaisalmer,26.9157,70.9083,0.0,28.14,31.57,1.49,99.1
2025-10-13,Jaisalmer,26.9157,70.9083,0.0,27.8,29.83,1.5,99.15
2025-10-14,Jaisalmer,26.9157,70.9083,0.0,28.6,27.23,0.96,98.99
2025-10-15,Jaisalmer,26.9157,70.9083,0.0,28.79,23.85,1.15,98.94
2025-10-16,Jaisalmer,26.9157,70.9083,0.0,28.74,28.89,1.08,99.02
2025-10-17,Jaisalmer,26.9157,70.9083,0.0,29.56,22.63,1.16,99.14
2025-10-18,Jaisalmer,26.9157,70.9083,0.0,28.97,25.69,1.43,99.07
2025-10-19,Jaisalmer,26.9157,70.9083,0.0,28.01,25.89,2.08,98.97
2025-10-20,Jaisalmer,26.9157,70.9083,0.0,27.57,26.66,1.86,98.94
2025-10-21,Jaisalmer,26.9157,70.9083,0.0,27.64,29.62,2.03,99.13
2025-10-22,Jaisalmer,26.9157,70.9083,0.0,27.87,32.26,2.19,99.28
2025-10-23,Jaisalmer,26.9157,70.9083,0.0,28.27,26.88,1.45,99.16
2025-10-24,Jaisalmer,26.9157,70.9083,0.0,28.4,25.98,1.43,99.1
2025-10-25,Jaisalmer,26.9157,70.9083,0.0,28.14,22.7,1.57,99.02
2025-10-26,Jaisalmer,26.9157,70.9083,0.0,27.4,28.63,2.79,99.04
2025-10-27,Jaisalmer,26.9157,70.9083,0.0,27.0,34.43,3.57,99.09
2025-10-28,Jaisalmer,26.9157,70.9083,0.0,26.21,53.86,4.23,99.17
2025-10-29,Jaisalmer,26.9157,70.9083,0.0,25.99,51.7,3.61,99.12
2025-10-30,Jaisalmer,26.9157,70.9083,0.0,26.31,39.71,3.19,99.06
2025-10-31,Jaisalmer,26.9157,70.9083,0.0,26.22,41.75,1.35,99.09
2025-11-01,Jaisalmer,26.9157,70.9083,0.0,27.38,25.87,1.16,99.07
2025-11-02,Jaisalmer,26.9157,70.9083,0.0,28.05,22.17,1.33,99.09
2025-11-03,Jaisalmer,26.9157,70.9083,0.15,26.78,40.23,2.1,98.89
2025-11-04,Jaisalmer,26.9157,70.9083,0.15,24.86,18.86,3.03,98.79
2025-11-05,Jaisalmer,26.9157,70.9083,0.0,23.49,16.24,1.98,99.03
2025-11-06,Jaisalmer,26.9157,70.9083,0.0,23.19,21.68,1.92,99.24
2025-11-07,Jaisalmer,26.9157,70.9083,0.0,23.33,20.89,1.83,99.37
2025-11-08,Jaisalmer,26.9157,70.9083,0.0,24.26,16.03,1.61,99.44
2025-11-09,Jaisalmer,26.9157,70.9083,0.0,24.21,15.91,1.03,99.34
2025-11-10,Jaisalmer,26.9157,70.9083,0.0,23.57,15.82,1.35,99.26
2025-11-11,Jaisalmer,26.9157,70.9083,0.0,23.55,19.37,1.34,99.38
2025-11-12,Jaisalmer,26.9157,70.9083,0.0,23.64,16.09,1.31,99.51
2025-11-13,Jaisalmer,26.9157,70.9083,0.0,23.28,14.39,1.03,99.65
2025-11-14,Jaisalmer,26.9157,70.9083,0.0,23.02,16.06,1.08,99.6
2025-11-15,Jaisalmer,26.9157,70.9083,0.0,22.99,17.59,1.08,99.68
2025-11-16,Jaisalmer,26.9157,70.9083,0.0,22.99,18.58,1.18,99.87
2025-11-17,Jaisalmer,26.9157,70.9083,0.0,22.76,18.89,1.19,99.76
2025-11-18,Jaisalmer,26.9157,70.9083,0.0,22.8,17.54,1.19,99.61
2025-11-19,Jaisalmer,26.9157,70.9083,0.0,23.77,15.16,0.86,99.51
2025-11-20,Jaisalmer,26.9157,70.9083,0.0,23.23,17.37,1.0,99.59
2025-11-21,Jaisalmer,26.9157,70.9083,0.0,21.53,20.13,1.44,99.69
2025-11-22,Jaisalmer,26.9157,70.9083,0.0,19.84,25.58,1.97,99.62
2025-11-23,Jaisalmer,26.9157,70.9083,0.0,19.59,24.29,1.77,99.57
2025-11-24,Jaisalmer,26.9157,70.9083,0.0,19.4,26.59,1.95,99.62
2025-11-25,Jaisalmer,26.9157,70.9083,0.0,19.73,40.98,2.19,99.65
2025-11-26,Jaisalmer,26.9157,70.9083,0.0,19.25,26.85,2.56,99.59
2025-11-27,Jaisalmer,26.9157,70.9083,0.0,19.29,42.08,3.25,99.69
2025-11-28,Jaisalmer,26.9157,70.9083,0.0,18.43,30.65,3.34,99.73
2025-11-29,Jaisalmer,26.9157,70.9083,0.0,18.47,31.94,2.37,99.6
2025-11-30,Jaisalmer,26.9157,70.9083,0.0,18.7,26.33,1.47,99.5
2025-12-01,Jaisalmer,26.9157,70.9083,0.0,18.44,15.96,1.6,99.41
2025-12-02,Jaisalmer,26.9157,70.9083,0.0,18.03,13.67,1.26,99.47
2025-12-03,Jaisalmer,26.9157,70.9083,0.0,17.37,19.12,2.06,99.74
2025-12-04,Jaisalmer,26.9157,70.9083,0.0,17.93,20.22,1.63,99.84
2025-12-05,Jaisalmer,26.9157,70.9083,0.0,19.19,19.54,1.4,99.91
2025-12-06,Jaisalmer,26.9157,70.9083,0.0,17.89,18.69,1.66,99.94
2025-12-07,Jaisalmer,26.9157,70.9083,0.0,19.61,16.54,1.39,99.85
2025-12-08,Jaisalmer,26.9157,70.9083,0.0,21.0,18.82,1.08,99.88
2025-12-09,Jaisalmer,26.9157,70.9083,0.0,21.39,19.86,0.9,99.82
2025-12-10,Jaisalmer,26.9157,70.9083,0.0,21.16,17.76,1.26,99.76
2025-12-11,Jaisalmer,26.9157,70.9083,0.0,22.04,16.16,0.96,99.65
2025-12-12,Jaisalmer,26.9157,70.9083,0.0,22.02,15.37,1.23,99.5
2025-12-13,Jaisalmer,26.9157,70.9083,0.0,20.98,18.19,1.53,99.52
2025-12-14,Jaisalmer,26.9157,70.9083,0.0,19.39,23.36,1.15,99.69
2025-12-15,Jaisalmer,26.9157,70.9083,0.0,17.96,27.01,1.54,99.76
2025-12-16,Jaisalmer,26.9157,70.9083,0.0,17.93,24.64,1.93,99.74
2025-12-17,Jaisalmer,26.9157,70.9083,0.0,19.85,21.13,1.24,99.78
2025-12-18,Jaisalmer,26.9157,70.9083,0.0,20.43,19.9,1.36,99.77
2025-12-19,Jaisalmer,26.9157,70.9083,0.0,21.01,20.48,1.31,99.57
2025-12-20,Jaisalmer,26.9157,70.9083,0.0,23.46,24.84,1.23,99.31
2025-12-21,Jaisalmer,26.9157,70.9083,0.0,22.56,39.57,1.57,99.38
2025-12-22,Jaisalmer,26.9157,70.9083,0.0,20.06,43.07,1.91,99.6
2025-12-23,Jaisalmer,26.9157,70.9083,0.0,18.0,50.06,2.34,99.69
2025-12-24,Jaisalmer,26.9157,70.9083,0.0,17.74,34.57,1.1,99.63
2025-12-25,Jaisalmer,26.9157,70.9083,0.0,17.7,21.79,1.44,99.56
2025-12-26,Jaisalmer,26.9157,70.9083,0.0,18.29,20.7,1.57,99.54
2025-12-27,Jaisalmer,26.9157,70.9083,0.0,18.75,29.33,1.66,99.55
2025-12-28,Jaisalmer,26.9157,70.9083,0.0,18.35,32.99,1.42,99.57
2025-12-29,Jaisalmer,26.9157,70.9083,0.0,20.12,26.97,1.38,99.51
2025-12-30,Jaisalmer,26.9157,70.9083,0.0,20.34,26.03,1.38,99.28
2025-12-31,Jaisalmer,26.9157,70.9083,9.02,16.89,66.66,2.28,99.04
2025-01-01,Jalore,25.35,72.6167,0.0,18.67,29.92,1.65,99.78
2025-01-02,Jalore,25.35,72.6167,0.0,21.09,26.54,1.16,99.73
2025-01-03,Jalore,25.35,72.6167,0.0,22.07,28.48,1.55,99.65
2025-01-04,Jalore,25.35,72.6167,0.0,20.82,37.02,1.97,99.45
2025-01-05,Jalore,25.35,72.6167,0.0,17.95,40.87,1.63,99.48
2025-01-06,Jalore,25.35,72.6167,0.0,15.19,33.39,2.55,99.78
2025-01-07,Jalore,25.35,72.6167,0.0,13.93,31.03,2.14,99.94
2025-01-08,Jalore,25.35,72.6167,0.0,16.55,23.86,1.55,99.72
2025-01-09,Jalore,25.35,72.6167,0.0,18.63,18.94,1.42,99.6
2025-01-10,Jalore,25.35,72.6167,0.0,19.28,28.34,1.97,99.59
2025-01-11,Jalore,25.35,72.6167,0.59,19.18,39.79,1.37,99.6
2025-01-12,Jalore,25.35,72.6167,0.0,16.48,47.64,1.9,99.91
2025-01-13,Jalore,25.35,72.6167,0.0,14.15,52.82,2.31,99.97
2025-01-14,Jalore,25.35,72.6167,0.0,14.9,44.95,1.78,99.81
2025-01-15,Jalore,25.35,72.6167,0.01,16.08,41.93,1.99,99.77
2025-01-16,Jalore,25.35,72.6167,0.0,15.26,40.01,2.41,100.01
2025-01-17,Jalore,25.35,72.6167,0.0,15.25,39.25,2.7,99.93
2025-01-18,Jalore,25.35,72.6167,0.0,17.7,46.93,1.6,99.62
2025-01-19,Jalore,25.35,72.6167,0.0,20.27,38.71,1.85,99.62
2025-01-20,Jalore,25.35,72.6167,0.0,19.49,32.57,1.55,99.6
2025-01-21,Jalore,25.35,72.6167,0.0,18.64,33.57,1.47,99.47
2025-01-22,Jalore,25.35,72.6167,0.0,18.18,34.52,1.67,99.41
2025-01-23,Jalore,25.35,72.6167,0.0,17.32,36.69,2.42,99.63
2025-01-24,Jalore,25.35,72.6167,0.0,16.89,34.08,2.54,99.7
2025-01-25,Jalore,25.35,72.6167,0.0,16.94,25.97,1.73,99.68
2025-01-26,Jalore,25.35,72.6167,0.0,17.94,17.5,1.67,99.55
2025-01-27,Jalore,25.35,72.6167,0.0,19.02,16.41,1.51,99.37
2025-01-28,Jalore,25.35,72.6167,0.0,21.13,14.23,1.41,99.24
2025-01-29,Jalore,25.35,72.6167,0.0,22.53,14.12,1.89,99.31
2025-01-30,Jalore,25.35,72.6167,0.0,20.42,24.26,1.22,99.2
2025-01-31,Jalore,25.35,72.6167,0.0,18.81,26.43,1.57,99.15
2025-02-01,Jalore,25.35,72.6167,0.0,18.76,25.24,1.71,99.32
2025-02-02,Jalore,25.35,72.6167,0.0,17.68,32.9,2.2,99.51
2025-02-03,Jalore,25.35,72.6167,0.01,19.21,31.07,1.82,99.39
2025-02-04,Jalore,25.35,72.6167,0.04,19.36,22.04,1.97,99.52
2025-02-05,Jalore,25.35,72.6167,0.0,17.38,23.78,1.74,99.66
2025-02-06,Jalore,25.35,72.6167,0.0,17.64,21.04,2.25,99.75
2025-02-07,Jalore,25.35,72.6167,0.0,18.61,18.97,2.15,99.77
2025-02-08,Jalore,25.35,72.6167,0.0,20.95,13.29,1.55,99.57
2025-02-09,Jalore,25.35,72.6167,0.0,21.26,13.42,1.52,99.39
2025-02-10,Jalore,25.35,72.6167,0.0,22.54,14.53,1.9,99.42
2025-02-11,Jalore,25.35,72.6167,0.0,21.62,27.7,2.03,99.44
2025-02-12,Jalore,25.35,72.6167,0.0,21.97,25.51,1.47,99.64
2025-02-13,Jalore,25.35,72.6167,0.0,23.12,15.45,1.65,99.63
2025-02-14,Jalore,25.35,72.6167,0.0,24.29,18.03,2.15,99.44
2025-02-15,Jalore,25.35,72.6167,0.0,24.13,29.92,2.7,99.15
2025-02-16,Jalore,25.35,72.6167,0.0,24.72,30.24,2.29,99.21
2025-02-17,Jalore,25.35,72.6167,0.0,25.45,29.24,1.51,99.36
2025-02-18,Jalore,25.35,72.6167,0.0,25.32,27.17,1.79,99.4
2025-02-19,Jalore,25.35,72.6167,0.0,24.31,30.69,2.27,99.24
2025-02-20,Jalore,25.35,72.6167,0.0,23.6,35.21,2.61,99.31
2025-02-21,Jalore,25.35,72.6167,0.0,22.04,25.61,1.93,99.68
2025-02-22,Jalore,25.35,72.6167,0.0,22.57,22.99,1.84,99.72
2025-02-23,Jalore,25.35,72.6167,0.0,23.95,24.89,1.49,99.68
2025-02-24,Jalore,25.35,72.6167,0.0,24.7,25.49,1.38,99.75
2025-02-25,Jalore,25.35,72.6167,0.0,26.74,23.34,1.6,99.75
2025-02-26,Jalore,25.35,72.6167,0.0,28.56,21.42,1.32,99.72
2025-02-27,Jalore,25.35,72.6167,0.0,26.6,23.19,2.07,99.42
2025-02-28,Jalore,25.35,72.6167,0.0,25.08,40.54,2.57,99.23
2025-03-01,Jalore,25.35,72.6167,0.0,24.6,37.37,2.64,99.25
2025-03-02,Jalore,25.35,72.6167,0.0,25.57,34.34,1.14,99.22
2025-03-03,Jalore,25.35,72.6167,0.0,25.33,31.63,3.29,99.22
2025-03-04,Jalore,25.35,72.6167,0.0,20.83,14.03,2.91,99.66
2025-03-05,Jalore,25.35,72.6167,0.0,19.85,14.09,2.38,99.81
2025-03-06,Jalore,25.35,72.6167,0.0,24.63,10.98,2.02,99.49
2025-03-07,Jalore,25.35,72.6167,0.0,26.43,18.46,2.01,99.21
2025-03-08,Jalore,25.35,72.6167,0.0,27.95,22.79,1.33,98.94
2025-03-09,Jalore,25.35,72.6167,0.0,29.01,17.0,1.63,99.06
2025-03-10,Jalore,25.35,72.6167,0.0,30.26,15.97,1.49,99.36
2025-03-11,Jalore,25.35,72.6167,0.0,30.68,16.72,1.9,99.33
2025-03-12,Jalore,25.35,72.6167,0.0,29.56,20.46,2.4,99.07
2025-03-13,Jalore,25.35,72.6167,0.0,29.4,24.02,2.79,98.86
2025-03-14,Jalore,25.35,72.6167,0.0,28.94,27.99,3.49,98.86
2025-03-15,Jalore,25.35,72.6167,0.0,27.2,31.36,2.97,99.06
2025-03-16,Jalore,25.35,72.6167,0.0,26.6,30.19,1.97,99.25
2025-03-17,Jalore,25.35,72.6167,0.0,26.52,21.74,1.76,99.32
2025-03-18,Jalore,25.35,72.6167,0.0,27.0,17.31,1.57,99.23
2025-03-19,Jalore,25.35,72.6167,0.0,27.57,15.5,1.97,99.24
2025-03-20,Jalore,25.35,72.6167,0.0,26.94,20.5,1.53,99.38
2025-03-21,Jalore,25.35,72.6167,0.19,28.38,22.54,1.85,99.45
2025-03-22,Jalore,25.35,72.6167,0.0,29.64,18.49,1.66,99.33
2025-03-23,Jalore,25.35,72.6167,0.0,30.22,15.12,1.57,99.36
2025-03-24,Jalore,25.35,72.6167,0.0,29.75,16.01,1.95,99.33
2025-03-25,Jalore,25.35,72.6167,0.0,29.69,15.03,2.27,99.0
2025-03-26,Jalore,25.35,72.6167,0.0,28.83,22.93,3.61,98.8
2025-03-27,Jalore,25.35,72.6167,0.0,27.39,19.68,3.34,98.96
2025-03-28,Jalore,25.35,72.6167,0.0,24.3,7.7,2.46,99.22
2025-03-29,Jalore,25.35,72.6167,0.0,24.48,7.38,2.41,99.18
2025-03-30,Jalore,25.35,72.6167,0.0,27.03,8.05,1.81,99.15
2025-03-31,Jalore,25.35,72.6167,0.0,28.71,8.65,1.72,99.12
2025-04-01,Jalore,25.35,72.6167,0.0,29.86,9.61,1.76,98.98
2025-04-02,Jalore,25.35,72.6167,0.0,30.82,9.15,1.84,98.91
2025-04-03,Jalore,25.35,72.6167,0.0,31.51,9.07,2.02,99.03
2025-04-04,Jalore,25.35,72.6167,0.0,31.01,12.07,2.12,99.15
2025-04-05,Jalore,25.35,72.6167,0.0,31.66,13.67,2.12,99.04
2025-04-06,Jalore,25.35,72.6167,0.0,33.72,12.28,2.63,98.79
2025-04-07,Jalore,25.35,72.6167,0.0,33.23,17.04,3.07,98.83
2025-04-08,Jalore,25.35,72.6167,0.0,33.76,17.28,3.53,99.02
2025-04-09,Jalore,25.35,72.6167,0.0,33.77,13.75,3.69,98.97
2025-04-10,Jalore,25.35,72.6167,0.0,32.96,19.19,3.73,98.53
2025-04-11,Jalore,25.35,72.6167,0.02,31.78,26.35,4.29,98.36
2025-04-12,Jalore,25.35,72.6167,3.99,31.8,35.21,3.94,98.62
2025-04-13,Jalore,25.35,72.6167,0.0,32.82,24.11,4.33,98.82
2025-04-14,Jalore,25.35,72.6167,0.0,33.33,23.44,3.56,98.77
2025-04-15,Jalore,25.35,72.6167,0.0,34.34,29.49,2.67,98.66
2025-04-16,Jalore,25.35,72.6167,0.0,34.74,24.99,2.64,98.62
2025-04-17,Jalore,25.35,72.6167,0.0,34.63,25.76,4.22,98.51
2025-04-18,Jalore,25.35,72.6167,0.0,34.46,23.66,5.25,98.52
2025-04-19,Jalore,25.35,72.6167,0.0,32.86,22.86,5.6,98.44
2025-04-20,Jalore,25.35,72.6167,0.0,31.71,26.66,4.17,98.61
2025-04-21,Jalore,25.35,72.6167,0.0,31.28,14.75,3.0,98.92
2025-04-22,Jalore,25.35,72.6167,0.0,32.34,8.01,1.82,99.05
2025-04-23,Jalore,25.35,72.6167,0.0,32.84,8.16,2.35,98.84
2025-04-24,Jalore,25.35,72.6167,0.0,33.12,12.47,3.46,98.62
2025-04-25,Jalore,25.35,72.6167,0.0,33.59,18.24,3.77,98.63
2025-04-26,Jalore,25.35,72.6167,0.0,33.44,21.16,3.66,98.59
2025-04-27,Jalore,25.35,72.6167,0.0,34.04,17.4,2.71,98.65
2025-04-28,Jalore,25.35,72.6167,0.0,35.56,20.78,3.14,98.44
2025-04-29,Jalore,25.35,72.6167,0.0,36.01,18.22,3.06,98.38
2025-04-30,Jalore,25.35,72.6167,0.0,36.27,16.9,3.95,98.49
2025-05-01,Jalore,25.35,72.6167,0.0,34.94,18.73,4.05,98.63
2025-05-02,Jalore,25.35,72.6167,0.07,34.85,20.82,3.74,98.67
2025-05-03,Jalore,25.35,72.6167,0.0,34.08,26.47,3.27,98.56
2025-05-04,Jalore,25.35,72.6167,5.39,33.21,35.06,3.42,98.49
2025-05-05,Jalore,25.35,72.6167,9.11,31.17,47.99,2.41,98.52
2025-05-06,Jalore,25.35,72.6167,15.19,27.94,63.35,2.37,98.64
2025-05-07,Jalore,25.35,72.6167,1.11,28.37,60.02,1.9,98.55
2025-05-08,Jalore,25.35,72.6167,4.64,29.38,60.51,3.12,98.6
2025-05-09,Jalore,25.35,72.6167,0.11,30.43,57.36,2.12,98.77
2025-05-10,Jalore,25.35,72.6167,0.0,31.58,51.04,1.77,98.78
2025-05-11,Jalore,25.35,72.6167,0.0,33.01,48.41,2.66,98.65
2025-05-12,Jalore,25.35,72.6167,8.16,32.29,51.83,3.37,98.58
2025-05-13,Jalore,25.35,72.6167,0.43,32.62,51.2,2.84,98.59
2025-05-14,Jalore,25.35,72.6167,0.0,33.35,43.44,2.55,98.61
2025-05-15,Jalore,25.35,72.6167,0.0,33.71,39.2,2.84,98.63
2025-05-16,Jalore,25.35,72.6167,0.0,34.83,38.52,3.54,98.53
2025-05-17,Jalore,25.35,72.6167,0.0,35.58,38.26,4.42,98.49
2025-05-18,Jalore,25.35,72.6167,0.0,36.37,38.82,3.88,98.46
2025-05-19,Jalore,25.35,72.6167,0.0,37.06,36.58,3.98,98.38
2025-05-20,Jalore,25.35,72.6167,0.03,37.17,33.64,3.84,98.32
2025-05-21,Jalore,25.35,72.6167,0.44,36.97,33.85,3.64,98.29
2025-05-22,Jalore,25.35,72.6167,0.0,37.54,30.95,3.85,98.18
2025-05-23,Jalore,25.35,72.6167,0.0,37.71,25.33,3.53,97.95
2025-05-24,Jalore,25.35,72.6167,0.0,37.86,20.5,3.45,97.82
2025-05-25,Jalore,25.35,72.6167,2.03,37.32,27.31,2.49,98.02
2025-05-26,Jalore,25.35,72.6167,0.0,37.7,27.85,2.39,98.03
2025-05-27,Jalore,25.35,72.6167,0.0,38.07,27.05,2.66,97.84
2025-05-28,Jalore,25.35,72.6167,3.51,38.66,29.71,4.08,97.79
2025-05-29,Jalore,25.35,72.6167,2.65,33.51,47.18,3.82,97.83
2025-05-30,Jalore,25.35,72.6167,3.54,33.24,43.1,4.67,97.71
2025-05-31,Jalore,25.35,72.6167,0.13,32.97,47.15,6.29,98.02
2025-06-01,Jalore,25.35,72.6167,0.0,32.9,48.76,5.92,98.17
2025-06-02,Jalore,25.35,72.6167,0.2,33.71,45.76,4.9,98.08
2025-06-03,Jalore,25.35,72.6167,0.02,33.62,42.61,5.34,98.22
2025-06-04,Jalore,25.35,72.6167,0.06,33.64,38.95,4.4,98.46
2025-06-05,Jalore,25.35,72.6167,0.02,33.92,38.74,4.11,98.75
2025-06-06,Jalore,25.35,72.6167,0.01,34.94,34.93,4.22,98.79
2025-06-07,Jalore,25.35,72.6167,0.11,35.25,29.36,4.79,98.69
2025-06-08,Jalore,25.35,72.6167,0.0,35.57,28.89,4.87,98.62
2025-06-09,Jalore,25.35,72.6167,0.0,35.92,33.07,4.77,98.55
2025-06-10,Jalore,25.35,72.6167,0.0,36.52,33.64,4.34,98.36
2025-06-11,Jalore,25.35,72.6167,0.0,36.9,28.95,3.34,98.29
2025-06-12,Jalore,25.35,72.6167,0.0,37.64,29.55,2.96,98.11
2025-06-13,Jalore,25.35,72.6167,0.0,38.71,26.04,2.59,97.97
2025-06-14,Jalore,25.35,72.6167,0.73,35.76,41.18,4.14,98.02
2025-06-15,Jalore,25.35,72.6167,3.96,35.31,43.65,2.87,97.87
2025-06-16,Jalore,25.35,72.6167,8.52,31.04,65.26,1.75,97.78
2025-06-17,Jalore,25.35,72.6167,2.62,32.98,62.93,2.1,97.79
2025-06-18,Jalore,25.35,72.6167,6.04,32.71,63.1,3.67,97.77
2025-06-19,Jalore,25.35,72.6167,2.1,33.46,58.97,5.83,97.72
2025-06-20,Jalore,25.35,72.6167,5.89,31.39,64.27,5.24,98.0
2025-06-21,Jalore,25.35,72.6167,12.83,30.48,70.81,3.72,98.14
2025-06-22,Jalore,25.35,72.6167,5.38,30.97,68.96,3.78,98.06
2025-06-23,Jalore,25.35,72.6167,0.86,30.2,72.91,3.55,97.91
2025-06-24,Jalore,25.35,72.6167,1.42,31.73,68.15,3.05,97.78
2025-06-25,Jalore,25.35,72.6167,3.89,30.14,73.81,2.69,97.92
2025-06-26,Jalore,25.35,72.6167,3.56,32.3,66.96,1.63,98.0
2025-06-27,Jalore,25.35,72.6167,10.48,30.7,71.75,2.35,97.94
2025-06-28,Jalore,25.35,72.6167,1.59,31.03,67.22,3.36,97.92
2025-06-29,Jalore,25.35,72.6167,5.14,30.9,69.57,4.99,97.88
2025-06-30,Jalore,25.35,72.6167,0.52,31.17,67.89,5.05,97.9
2025-07-01,Jalore,25.35,72.6167,0.61,31.92,64.76,4.79,98.0
2025-07-02,Jalore,25.35,72.6167,8.28,29.43,72.11,3.87,97.98
2025-07-03,Jalore,25.35,72.6167,21.35,28.63,84.43,3.0,97.92
2025-07-04,Jalore,25.35,72.6167,5.98,29.42,79.19,3.96,98.07
2025-07-05,Jalore,25.35,72.6167,1.65,29.92,75.95,3.78,98.07
2025-07-06,Jalore,25.35,72.6167,1.86,29.73,75.36,3.3,97.98
2025-07-07,Jalore,25.35,72.6167,0.91,29.5,74.04,3.92,98.06
2025-07-08,Jalore,25.35,72.6167,0.09,30.82,67.94,3.84,98.17
2025-07-09,Jalore,25.35,72.6167,1.08,31.02,67.29,4.16,98.19
2025-07-10,Jalore,25.35,72.6167,0.08,30.98,66.45,3.96,98.24
2025-07-11,Jalore,25.35,72.6167,12.48,29.7,72.46,3.43,98.34
2025-07-12,Jalore,25.35,72.6167,19.34,28.32,79.15,3.07,98.37
2025-07-13,Jalore,25.35,72.6167,15.85,29.49,79.33,2.77,98.25
2025-07-14,Jalore,25.35,72.6167,15.48,29.27,77.79,3.85,98.06
2025-07-15,Jalore,25.35,72.6167,9.49,29.74,76.22,4.61,97.97
2025-07-16,Jalore,25.35,72.6167,1.66,30.16,71.65,3.96,98.15
2025-07-17,Jalore,25.35,72.6167,0.61,29.95,70.85,3.38,98.31
2025-07-18,Jalore,25.35,72.6167,34.66,27.45,83.98,3.71,98.34
2025-07-19,Jalore,25.35,72.6167,39.78,27.26,85.46,5.21,97.93
2025-07-20,Jalore,25.35,72.6167,13.63,28.45,80.36,4.54,97.88
2025-07-21,Jalore,25.35,72.6167,1.96,28.16,86.43,3.75,98.07
2025-07-22,Jalore,25.35,72.6167,1.66,29.57,78.33,3.56,98.16
2025-07-23,Jalore,25.35,72.6167,0.28,29.65,74.65,4.73,97.94
2025-07-24,Jalore,25.35,72.6167,0.16,29.35,75.97,4.02,97.86
2025-07-25,Jalore,25.35,72.6167,0.58,29.98,75.26,3.19,97.85
2025-07-26,Jalore,25.35,72.6167,14.02,29.86,78.62,3.11,97.86
2025-07-27,Jalore,25.35,72.6167,16.76,28.76,83.62,3.01,97.87
2025-07-28,Jalore,25.35,72.6167,1.22,29.7,77.8,3.93,97.9
2025-07-29,Jalore,25.35,72.6167,0.12,29.5,76.17,4.7,97.95
2025-07-30,Jalore,25.35,72.6167,0.04,28.21,78.56,4.47,98.0
2025-07-31,Jalore,25.35,72.6167,0.8,27.47,82.08,3.49,98.19
2025-08-01,Jalore,25.35,72.6167,0.2,28.66,76.24,4.06,98.28
2025-08-02,Jalore,25.35,72.6167,0.04,28.54,74.6,4.33,98.35
2025-08-03,Jalore,25.35,72.6167,0.01,28.87,74.01,3.88,98.47
2025-08-04,Jalore,25.35,72.6167,0.0,28.97,75.2,4.49,98.57
2025-08-05,Jalore,25.35,72.6167,0.01,28.01,78.36,4.1,98.54
2025-08-06,Jalore,25.35,72.6167,0.01,28.52,75.56,3.87,98.58
2025-08-07,Jalore,25.35,72.6167,0.0,28.81,72.28,3.84,98.57
2025-08-08,Jalore,25.35,72.6167,0.0,29.0,70.68,3.88,98.59
2025-08-09,Jalore,25.35,72.6167,0.0,28.85,70.2,3.23,98.77
2025-08-10,Jalore,25.35,72.6167,0.0,29.02,70.24,3.68,98.65
2025-08-11,Jalore,25.35,72.6167,0.0,28.76,71.52,3.97,98.58
2025-08-12,Jalore,25.35,72.6167,0.0,28.95,71.94,4.21,98.44
2025-08-13,Jalore,25.35,72.6167,0.0,27.85,77.2,3.17,98.33
2025-08-14,Jalore,25.35,72.6167,0.0,28.38,79.0,1.54,98.43
2025-08-15,Jalore,25.35,72.6167,15.22,29.95,74.39,1.13,98.34
2025-08-16,Jalore,25.35,72.6167,5.48,30.78,73.26,1.67,98.1
2025-08-17,Jalore,25.35,72.6167,0.72,31.4,74.14,1.81,98.1
2025-08-18,Jalore,25.35,72.6167,13.31,30.25,78.34,0.87,98.27
2025-08-19,Jalore,25.35,72.6167,0.62,31.12,72.97,1.89,98.13
2025-08-20,Jalore,25.35,72.6167,2.38,30.97,74.81,2.18,98.04
2025-08-21,Jalore,25.35,72.6167,32.47,28.35,85.84,2.62,98.28
2025-08-22,Jalore,25.35,72.6167,20.07,27.52,86.51,3.54,98.3
2025-08-23,Jalore,25.35,72.6167,7.52,28.54,80.54,3.95,98.2
2025-08-24,Jalore,25.35,72.6167,20.06,27.8,84.69,2.92,98.25
2025-08-25,Jalore,25.35,72.6167,19.05,27.67,86.6,3.54,98.25
2025-08-26,Jalore,25.35,72.6167,6.04,28.05,83.79,3.29,98.4
2025-08-27,Jalore,25.35,72.6167,14.98,28.47,81.86,2.29,98.44
2025-08-28,Jalore,25.35,72.6167,4.97,28.96,80.03,2.12,98.33
2025-08-29,Jalore,25.35,72.6167,6.83,28.29,83.61,2.13,98.34
2025-08-30,Jalore,25.35,72.6167,26.08,27.88,87.29,2.05,98.5
2025-08-31,Jalore,25.35,72.6167,31.57,26.53,91.75,3.17,98.41
2025-09-01,Jalore,25.35,72.6167,9.87,27.46,83.17,3.92,98.15
2025-09-02,Jalore,25.35,72.6167,0.2,27.6,81.34,3.33,98.26
2025-09-03,Jalore,25.35,72.6167,12.34,28.63,79.63,2.07,98.4
2025-09-04,Jalore,25.35,72.6167,4.32,28.17,82.85,1.85,98.42
2025-09-05,Jalore,25.35,72.6167,4.28,28.81,81.13,1.38,98.38
2025-09-06,Jalore,25.35,72.6167,14.15,27.71,87.21,1.42,98.2
2025-09-07,Jalore,25.35,72.6167,9.78,27.18,89.62,4.38,98.0
2025-09-08,Jalore,25.35,72.6167,4.22,26.73,86.79,4.92,98.33
2025-09-09,Jalore,25.35,72.6167,0.35,26.52,83.73,2.55,98.89
2025-09-10,Jalore,25.35,72.6167,0.0,25.77,82.39,2.29,99.0
2025-09-11,Jalore,25.35,72.6167,0.0,25.73,82.08,3.14,98.92
2025-09-12,Jalore,25.35,72.6167,0.0,26.64,81.08,2.6,98.97
2025-09-13,Jalore,25.35,72.6167,0.0,27.09,79.82,2.25,98.96
2025-09-14,Jalore,25.35,72.6167,0.0,27.46,77.81,2.14,98.9
2025-09-15,Jalore,25.35,72.6167,0.0,26.97,78.86,3.01,98.73
2025-09-16,Jalore,25.35,72.6167,0.0,27.68,80.39,2.95,98.68
2025-09-17,Jalore,25.35,72.6167,0.0,27.98,79.7,2.31,98.72
2025-09-18,Jalore,25.35,72.6167,0.48,28.11,79.37,2.0,98.73
2025-09-19,Jalore,25.35,72.6167,1.18,28.29,78.2,1.83,98.83
2025-09-20,Jalore,25.35,72.6167,1.35,28.28,76.66,2.01,98.81
2025-09-21,Jalore,25.35,72.6167,1.95,27.91,76.53,2.21,98.78
2025-09-22,Jalore,25.35,72.6167,0.01,27.49,76.46,2.14,98.8
2025-09-23,Jalore,25.35,72.6167,0.0,27.08,77.05,2.76,98.8
2025-09-24,Jalore,25.35,72.6167,0.0,26.86,78.37,2.79,98.69
2025-09-25,Jalore,25.35,72.6167,0.0,26.8,77.73,1.91,98.72
2025-09-26,Jalore,25.35,72.6167,0.0,27.96,70.59,1.17,98.82
2025-09-27,Jalore,25.35,72.6167,0.0,29.14,67.64,1.6,98.82
2025-09-28,Jalore,25.35,72.6167,1.36,29.2,76.14,2.61,98.54
2025-09-29,Jalore,25.35,72.6167,0.67,28.98,80.62,2.48,98.36
2025-09-30,Jalore,25.35,72.6167,0.25,27.31,82.92,1.82,98.37
2025-10-01,Jalore,25.35,72.6167,0.32,26.74,80.24,1.94,98.46
2025-10-02,Jalore,25.35,72.6167,0.49,26.41,81.13,1.41,98.76
2025-10-03,Jalore,25.35,72.6167,15.43,26.65,83.12,1.1,99.05
2025-10-04,Jalore,25.35,72.6167,2.88,26.58,83.05,2.31,99.07
2025-10-05,Jalore,25.35,72.6167,1.48,26.75,80.22,3.48,98.94
2025-10-06,Jalore,25.35,72.6167,3.81,26.36,81.24,4.31,98.93
2025-10-07,Jalore,25.35,72.6167,0.27,24.68,75.47,2.36,99.1
2025-10-08,Jalore,25.35,72.6167,0.0,23.82,70.68,1.6,99.3
2025-10-09,Jalore,25.35,72.6167,0.0,24.53,65.41,1.04,99.43
2025-10-10,Jalore,25.35,72.6167,0.0,23.96,63.74,1.53,99.29
2025-10-11,Jalore,25.35,72.6167,0.0,24.21,60.82,1.31,99.31
2025-10-12,Jalore,25.35,72.6167,0.0,24.42,58.86,1.14,99.26
2025-10-13,Jalore,25.35,72.6167,0.0,24.56,57.28,1.2,99.31
2025-10-14,Jalore,25.35,72.6167,0.0,25.44,50.32,0.81,99.16
2025-10-15,Jalore,25.35,72.6167,0.0,24.03,61.5,1.49,99.12
2025-10-16,Jalore,25.35,72.6167,0.0,25.14,56.91,1.45,99.18
2025-10-17,Jalore,25.35,72.6167,0.0,26.37,46.78,1.0,99.29
2025-10-18,Jalore,25.35,72.6167,0.0,26.13,46.26,0.82,99.21
2025-10-19,Jalore,25.35,72.6167,0.0,25.79,47.77,1.14,99.09
2025-10-20,Jalore,25.35,72.6167,0.0,26.11,46.13,0.85,99.08
2025-10-21,Jalore,25.35,72.6167,0.0,26.17,50.34,1.07,99.26
2025-10-22,Jalore,25.35,72.6167,0.0,26.64,56.08,1.38,99.35
2025-10-23,Jalore,25.35,72.6167,0.0,25.01,58.67,1.77,99.27
2025-10-24,Jalore,25.35,72.6167,0.0,25.08,54.96,1.66,99.23
2025-10-25,Jalore,25.35,72.6167,0.0,24.41,54.59,2.0,99.12
2025-10-26,Jalore,25.35,72.6167,0.02,24.48,64.2,2.37,99.13
2025-10-27,Jalore,25.35,72.6167,8.43,25.58,79.5,2.83,99.13
2025-10-28,Jalore,25.35,72.6167,6.25,23.98,79.37,3.9,99.18
2025-10-29,Jalore,25.35,72.6167,4.47,23.59,82.09,2.75,99.15
2025-10-30,Jalore,25.35,72.6167,2.67,24.19,82.44,3.1,99.11
2025-10-31,Jalore,25.35,72.6167,0.22,25.41,74.34,1.72,99.17
2025-11-01,Jalore,25.35,72.6167,0.0,26.19,62.84,0.72,99.2
2025-11-02,Jalore,25.35,72.6167,0.0,26.34,56.5,0.77,99.26
2025-11-03,Jalore,25.35,72.6167,7.81,25.98,82.09,2.31,99.06
2025-11-04,Jalore,25.35,72.6167,0.33,23.97,72.09,3.13,99.04
2025-11-05,Jalore,25.35,72.6167,0.0,22.8,59.24,1.31,99.2
2025-11-06,Jalore,25.35,72.6167,0.0,23.45,44.95,0.86,99.38
2025-11-07,Jalore,25.35,72.6167,0.0,22.74,41.91,1.01,99.54
2025-11-08,Jalore,25.35,72.6167,0.0,20.79,50.06,1.81,99.62
2025-11-09,Jalore,25.35,72.6167,0.0,19.68,53.25,1.85,99.51
2025-11-10,Jalore,25.35,72.6167,0.0,19.44,57.91,2.11,99.45
2025-11-11,Jalore,25.35,72.6167,0.0,20.47,55.21,1.48,99.56
2025-11-12,Jalore,25.35,72.6167,0.0,21.1,55.89,1.5,99.64
2025-11-13,Jalore,25.35,72.6167,0.0,21.78,45.33,1.04,99.77
2025-11-14,Jalore,25.35,72.6167,0.0,21.14,41.72,1.03,99.71
2025-11-15,Jalore,25.35,72.6167,0.0,19.96,46.89,1.31,99.81
2025-11-16,Jalore,25.35,72.6167,0.0,20.1,45.33,1.31,100.0
2025-11-17,Jalore,25.35,72.6167,0.0,20.05,45.23,1.1,99.91
2025-11-18,Jalore,25.35,72.6167,0.0,20.51,41.86,0.97,99.74
2025-11-19,Jalore,25.35,72.6167,0.0,20.84,41.63,0.86,99.66
2025-11-20,Jalore,25.35,72.6167,0.0,21.51,38.73,0.76,99.72
2025-11-21,Jalore,25.35,72.6167,0.0,21.11,44.57,1.09,99.79
2025-11-22,Jalore,25.35,72.6167,0.0,21.54,41.81,1.06,99.66
2025-11-23,Jalore,25.35,72.6167,0.0,21.11,40.99,1.0,99.61
2025-11-24,Jalore,25.35,72.6167,0.0,19.63,51.78,1.31,99.66
2025-11-25,Jalore,25.35,72.6167,0.0,18.96,66.75,2.19,99.68
2025-11-26,Jalore,25.35,72.6167,0.0,20.24,71.41,1.25,99.6
2025-11-27,Jalore,25.35,72.6167,0.0,21.9,73.26,1.36,99.68
2025-11-28,Jalore,25.35,72.6167,0.0,23.02,67.35,0.9,99.67
2025-11-29,Jalore,25.35,72.6167,0.0,22.55,66.35,1.0,99.57
2025-11-30,Jalore,25.35,72.6167,0.0,21.79,57.94,1.08,99.54
2025-12-01,Jalore,25.35,72.6167,0.0,20.8,54.09,1.69,99.48
2025-12-02,Jalore,25.35,72.6167,0.0,20.01,37.5,1.01,99.53
2025-12-03,Jalore,25.35,72.6167,0.0,18.06,52.2,1.63,99.78
2025-12-04,Jalore,25.35,72.6167,0.0,17.83,64.56,1.59,99.9
2025-12-05,Jalore,25.35,72.6167,0.0,18.12,59.22,1.54,100.0
2025-12-06,Jalore,25.35,72.6167,0.0,17.3,54.68,1.5,100.0
2025-12-07,Jalore,25.35,72.6167,0.0,18.69,47.66,1.21,99.91
2025-12-08,Jalore,25.35,72.6167,0.0,18.82,42.38,1.61,99.93
2025-12-09,Jalore,25.35,72.6167,0.0,19.27,41.08,1.36,99.89
2025-12-10,Jalore,25.35,72.6167,0.0,20.55,33.25,1.06,99.87
2025-12-11,Jalore,25.35,72.6167,0.0,20.38,34.39,1.11,99.79
2025-12-12,Jalore,25.35,72.6167,0.0,20.9,32.07,0.87,99.66
2025-12-13,Jalore,25.35,72.6167,0.0,20.28,39.44,1.08,99.67
2025-12-14,Jalore,25.35,72.6167,0.0,20.24,47.54,1.08,99.76
2025-12-15,Jalore,25.35,72.6167,0.0,19.47,51.65,1.25,99.81
2025-12-16,Jalore,25.35,72.6167,0.0,18.38,52.51,1.59,99.78
2025-12-17,Jalore,25.35,72.6167,0.0,19.13,50.45,1.19,99.86
2025-12-18,Jalore,25.35,72.6167,0.0,20.45,40.71,1.1,99.85
2025-12-19,Jalore,25.35,72.6167,0.0,21.56,39.53,1.09,99.65
2025-12-20,Jalore,25.35,72.6167,0.0,22.39,44.9,1.04,99.44
2025-12-21,Jalore,25.35,72.6167,0.0,22.1,53.2,1.23,99.52
2025-12-22,Jalore,25.35,72.6167,0.0,21.39,47.81,0.84,99.67
2025-12-23,Jalore,25.35,72.6167,0.0,19.04,55.67,1.55,99.69
2025-12-24,Jalore,25.35,72.6167,0.0,16.46,52.47,1.77,99.71
2025-12-25,Jalore,25.35,72.6167,0.0,16.35,49.25,1.34,99.64
2025-12-26,Jalore,25.35,72.6167,0.0,17.8,52.76,1.36,99.62
2025-12-27,Jalore,25.35,72.6167,0.0,17.69,54.06,1.38,99.64
2025-12-28,Jalore,25.35,72.6167,0.0,18.4,49.41,1.44,99.67
2025-12-29,Jalore,25.35,72.6167,0.0,20.06,44.57,1.12,99.62
2025-12-30,Jalore,25.35,72.6167,0.0,18.88,51.86,1.61,99.43
2025-12-31,Jalore,25.35,72.6167,1.31,17.39,71.13,2.0,99.22
2025-01-01,Jhalawar,24.5967,76.1647,0.0,14.98,56.35,1.4,97.75
2025-01-02,Jhalawar,24.5967,76.1647,0.0,16.05,52.74,1.33,97.74
2025-01-03,Jhalawar,24.5967,76.1647,0.0,17.55,53.8,1.27,97.68
2025-01-04,Jhalawar,24.5967,76.1647,0.0,18.79,50.87,1.59,97.45
2025-01-05,Jhalawar,24.5967,76.1647,11.24,17.77,59.97,1.98,97.35
2025-01-06,Jhalawar,24.5967,76.1647,0.0,15.99,67.56,1.37,97.49
2025-01-07,Jhalawar,24.5967,76.1647,0.0,13.73,66.83,1.55,97.72
2025-01-08,Jhalawar,24.5967,76.1647,0.0,14.08,52.5,1.0,97.62
2025-01-09,Jhalawar,24.5967,76.1647,0.0,15.14,52.74,1.82,97.64
2025-01-10,Jhalawar,24.5967,76.1647,0.0,15.47,53.49,2.33,97.67
2025-01-11,Jhalawar,24.5967,76.1647,0.71,17.32,60.27,2.36,97.49
2025-01-12,Jhalawar,24.5967,76.1647,0.04,15.26,65.89,1.84,97.71
2025-01-13,Jhalawar,24.5967,76.1647,0.0,12.72,64.89,1.32,97.79
2025-01-14,Jhalawar,24.5967,76.1647,0.0,13.84,59.65,1.46,97.72
2025-01-15,Jhalawar,24.5967,76.1647,0.66,16.47,66.35,1.59,97.67
2025-01-16,Jhalawar,24.5967,76.1647,2.06,17.24,76.49,1.77,97.77
2025-01-17,Jhalawar,24.5967,76.1647,0.0,14.51,70.36,1.81,97.85
2025-01-18,Jhalawar,24.5967,76.1647,0.0,15.83,65.29,1.28,97.65
2025-01-19,Jhalawar,24.5967,76.1647,0.0,19.56,59.85,1.46,97.57
2025-01-20,Jhalawar,24.5967,76.1647,0.0,19.84,56.76,1.41,97.49
2025-01-21,Jhalawar,24.5967,76.1647,0.0,20.23,55.39,1.28,97.33
2025-01-22,Jhalawar,24.5967,76.1647,0.0,20.21,51.06,1.62,97.23
2025-01-23,Jhalawar,24.5967,76.1647,0.0,18.48,49.27,2.05,97.36
2025-01-24,Jhalawar,24.5967,76.1647,0.0,17.17,52.87,1.99,97.53
2025-01-25,Jhalawar,24.5967,76.1647,0.0,17.06,37.07,1.33,97.55
2025-01-26,Jhalawar,24.5967,76.1647,0.0,17.68,35.16,1.38,97.46
2025-01-27,Jhalawar,24.5967,76.1647,0.0,18.26,33.35,1.58,97.29
2025-01-28,Jhalawar,24.5967,76.1647,0.0,19.58,31.03,1.31,97.22
2025-01-29,Jhalawar,24.5967,76.1647,0.0,22.25,31.55,1.66,97.25
2025-01-30,Jhalawar,24.5967,76.1647,0.0,20.8,27.29,2.25,97.07
2025-01-31,Jhalawar,24.5967,76.1647,0.0,19.83,29.69,2.51,97.02
2025-02-01,Jhalawar,24.5967,76.1647,0.0,19.68,31.02,1.93,97.21
2025-02-02,Jhalawar,24.5967,76.1647,0.0,19.22,32.14,1.55,97.35
2025-02-03,Jhalawar,24.5967,76.1647,0.0,22.72,36.83,1.96,97.25
2025-02-04,Jhalawar,24.5967,76.1647,0.0,22.84,36.93,1.82,97.28
2025-02-05,Jhalawar,24.5967,76.1647,0.0,18.28,31.48,2.36,97.47
2025-02-06,Jhalawar,24.5967,76.1647,0.0,17.25,26.95,1.94,97.63
2025-02-07,Jhalawar,24.5967,76.1647,0.0,17.79,25.39,1.38,97.68
2025-02-08,Jhalawar,24.5967,76.1647,0.0,19.7,19.34,1.15,97.52
2025-02-09,Jhalawar,24.5967,76.1647,0.0,21.68,22.9,1.54,97.31
2025-02-10,Jhalawar,24.5967,76.1647,0.0,23.0,21.19,1.72,97.31
2025-02-11,Jhalawar,24.5967,76.1647,0.0,22.6,22.68,1.74,97.31
2025-02-12,Jhalawar,24.5967,76.1647,0.0,21.46,31.85,2.3,97.45
2025-02-13,Jhalawar,24.5967,76.1647,0.0,20.27,27.26,1.51,97.57
2025-02-14,Jhalawar,24.5967,76.1647,0.0,22.72,20.94,1.7,97.4
2025-02-15,Jhalawar,24.5967,76.1647,0.0,24.17,25.28,3.11,97.09
2025-02-16,Jhalawar,24.5967,76.1647,0.0,24.1,30.55,2.05,97.15
2025-02-17,Jhalawar,24.5967,76.1647,0.0,24.38,31.58,1.3,97.32
2025-02-18,Jhalawar,24.5967,76.1647,0.0,24.67,32.38,2.12,97.29
2025-02-19,Jhalawar,24.5967,76.1647,0.0,24.99,32.17,1.23,97.16
2025-02-20,Jhalawar,24.5967,76.1647,0.0,24.59,30.61,1.71,97.25
2025-02-21,Jhalawar,24.5967,76.1647,0.0,23.12,30.88,1.83,97.51
2025-02-22,Jhalawar,24.5967,76.1647,0.0,21.96,28.87,1.64,97.61
2025-02-23,Jhalawar,24.5967,76.1647,0.0,22.64,26.86,1.31,97.62
2025-02-24,Jhalawar,24.5967,76.1647,0.0,22.66,30.73,1.68,97.72
2025-02-25,Jhalawar,24.5967,76.1647,0.0,23.67,27.28,1.83,97.81
2025-02-26,Jhalawar,24.5967,76.1647,0.0,25.16,25.97,1.75,97.79
2025-02-27,Jhalawar,24.5967,76.1647,0.0,26.63,27.05,2.46,97.4
2025-02-28,Jhalawar,24.5967,76.1647,0.0,27.03,27.55,3.24,97.15
2025-03-01,Jhalawar,24.5967,76.1647,0.0,26.44,31.66,2.4,97.17
2025-03-02,Jhalawar,24.5967,76.1647,0.0,25.03,32.25,1.71,97.14
2025-03-03,Jhalawar,24.5967,76.1647,0.0,26.26,28.76,1.84,97.14
2025-03-04,Jhalawar,24.5967,76.1647,0.0,23.51,24.74,3.11,97.37
2025-03-05,Jhalawar,24.5967,76.1647,0.0,19.33,17.28,2.66,97.57
2025-03-06,Jhalawar,24.5967,76.1647,0.0,22.96,12.53,1.76,97.4
2025-03-07,Jhalawar,24.5967,76.1647,0.0,25.42,14.81,1.99,97.12
2025-03-08,Jhalawar,24.5967,76.1647,0.0,25.12,19.6,2.06,96.95
2025-03-09,Jhalawar,24.5967,76.1647,0.0,26.67,17.45,2.08,97.14
2025-03-10,Jhalawar,24.5967,76.1647,0.0,28.01,20.63,2.42,97.41
2025-03-11,Jhalawar,24.5967,76.1647,0.0,28.98,18.78,2.14,97.33
2025-03-12,Jhalawar,24.5967,76.1647,0.0,29.16,19.6,2.61,96.99
2025-03-13,Jhalawar,24.5967,76.1647,0.0,29.0,17.92,3.48,96.8
2025-03-14,Jhalawar,24.5967,76.1647,0.0,29.74,21.89,3.56,96.86
2025-03-15,Jhalawar,24.5967,76.1647,0.0,29.46,23.54,3.06,97.0
2025-03-16,Jhalawar,24.5967,76.1647,0.0,28.0,26.38,2.24,97.08
2025-03-17,Jhalawar,24.5967,76.1647,0.0,26.5,28.54,1.84,97.19
2025-03-18,Jhalawar,24.5967,76.1647,0.0,26.02,22.13,1.53,97.23
2025-03-19,Jhalawar,24.5967,76.1647,0.0,27.55,17.99,1.68,97.18
2025-03-20,Jhalawar,24.5967,76.1647,0.0,27.5,19.49,1.42,97.24
2025-03-21,Jhalawar,24.5967,76.1647,0.0,27.0,22.02,2.24,97.32
2025-03-22,Jhalawar,24.5967,76.1647,0.0,28.79,19.07,1.69,97.27
2025-03-23,Jhalawar,24.5967,76.1647,0.0,27.4,16.53,1.82,97.36
2025-03-24,Jhalawar,24.5967,76.1647,0.0,28.15,14.8,1.84,97.32
2025-03-25,Jhalawar,24.5967,76.1647,0.0,29.8,14.06,2.07,96.97
2025-03-26,Jhalawar,24.5967,76.1647,0.0,30.4,19.74,2.49,96.76
2025-03-27,Jhalawar,24.5967,76.1647,0.0,31.0,24.62,3.25,96.79
2025-03-28,Jhalawar,24.5967,76.1647,0.0,27.74,11.31,2.74,96.99
2025-03-29,Jhalawar,24.5967,76.1647,0.0,25.5,7.01,2.06,97.06
2025-03-30,Jhalawar,24.5967,76.1647,0.0,26.57,8.38,1.75,97.06
2025-03-31,Jhalawar,24.5967,76.1647,0.0,28.57,8.91,1.72,97.04
2025-04-01,Jhalawar,24.5967,76.1647,0.0,28.64,10.66,1.69,96.95
2025-04-02,Jhalawar,24.5967,76.1647,1.36,29.98,15.8,2.21,96.95
2025-04-03,Jhalawar,24.5967,76.1647,0.2,30.53,19.84,2.72,97.05
2025-04-04,Jhalawar,24.5967,76.1647,0.0,30.59,14.79,2.47,97.09
2025-04-05,Jhalawar,24.5967,76.1647,0.0,30.61,16.53,2.08,96.94
2025-04-06,Jhalawar,24.5967,76.1647,0.0,32.74,16.23,1.67,96.79
2025-04-07,Jhalawar,24.5967,76.1647,0.0,32.81,14.66,1.89,96.8
2025-04-08,Jhalawar,24.5967,76.1647,0.0,33.78,14.38,1.48,96.95
2025-04-09,Jhalawar,24.5967,76.1647,0.0,33.87,15.61,2.18,96.82
2025-04-10,Jhalawar,24.5967,76.1647,0.0,34.25,13.29,4.26,96.48
2025-04-11,Jhalawar,24.5967,76.1647,0.0,32.68,16.12,4.27,96.39
2025-04-12,Jhalawar,24.5967,76.1647,0.1,31.78,24.32,2.94,96.64
2025-04-13,Jhalawar,24.5967,76.1647,0.13,32.94,26.37,2.77,96.78
2025-04-14,Jhalawar,24.5967,76.1647,0.0,32.91,23.1,2.28,96.73
2025-04-15,Jhalawar,24.5967,76.1647,0.0,32.91,24.15,2.38,96.74
2025-04-16,Jhalawar,24.5967,76.1647,0.0,33.29,22.57,2.11,96.73
2025-04-17,Jhalawar,24.5967,76.1647,0.0,35.2,20.68,2.84,96.54
2025-04-18,Jhalawar,24.5967,76.1647,0.0,36.64,15.17,4.28,96.42
2025-04-19,Jhalawar,24.5967,76.1647,0.0,34.41,16.07,4.36,96.53
2025-04-20,Jhalawar,24.5967,76.1647,0.0,32.93,17.81,4.22,96.61
2025-04-21,Jhalawar,24.5967,76.1647,0.0,33.01,14.49,2.93,96.87
2025-04-22,Jhalawar,24.5967,76.1647,0.0,33.06,13.75,2.47,96.95
2025-04-23,Jhalawar,24.5967,76.1647,0.0,32.48,8.84,2.38,96.75
2025-04-24,Jhalawar,24.5967,76.1647,0.0,33.05,9.58,2.58,96.58
2025-04-25,Jhalawar,24.5967,76.1647,0.0,34.05,13.22,3.48,96.6
2025-04-26,Jhalawar,24.5967,76.1647,0.03,34.22,16.19,4.0,96.56
2025-04-27,Jhalawar,24.5967,76.1647,0.0,33.9,17.89,2.45,96.67
2025-04-28,Jhalawar,24.5967,76.1647,0.0,34.63,16.89,2.33,96.46
2025-04-29,Jhalawar,24.5967,76.1647,0.0,35.15,15.21,3.63,96.35
2025-04-30,Jhalawar,24.5967,76.1647,0.0,34.65,15.71,1.73,96.55
2025-05-01,Jhalawar,24.5967,76.1647,0.0,35.17,16.53,1.57,96.61
2025-05-02,Jhalawar,24.5967,76.1647,0.01,34.82,22.05,1.97,96.69
2025-05-03,Jhalawar,24.5967,76.1647,0.0,35.12,19.3,2.85,96.56
2025-05-04,Jhalawar,24.5967,76.1647,2.45,33.57,24.08,2.28,96.51
2025-05-05,Jhalawar,24.5967,76.1647,0.61,33.08,31.91,2.91,96.55
2025-05-06,Jhalawar,24.5967,76.1647,4.6,29.78,45.15,4.6,96.64
2025-05-07,Jhalawar,24.5967,76.1647,0.78,26.41,60.18,3.45,96.56
2025-05-08,Jhalawar,24.5967,76.1647,0.58,26.29,64.1,3.7,96.69
2025-05-09,Jhalawar,24.5967,76.1647,0.06,29.13,55.39,3.12,96.79
2025-05-10,Jhalawar,24.5967,76.1647,0.69,31.77,45.97,3.14,96.77
2025-05-11,Jhalawar,24.5967,76.1647,2.66,32.61,45.0,3.7,96.65
2025-05-12,Jhalawar,24.5967,76.1647,0.01,33.28,42.17,3.13,96.53
2025-05-13,Jhalawar,24.5967,76.1647,0.41,33.91,41.28,3.11,96.58
2025-05-14,Jhalawar,24.5967,76.1647,0.09,34.39,37.91,2.47,96.6
2025-05-15,Jhalawar,24.5967,76.1647,0.07,35.28,34.17,3.03,96.56
2025-05-16,Jhalawar,24.5967,76.1647,0.12,36.01,34.63,3.13,96.47
2025-05-17,Jhalawar,24.5967,76.1647,0.14,36.32,35.33,3.02,96.44
2025-05-18,Jhalawar,24.5967,76.1647,0.4,36.89,37.02,3.06,96.4
2025-05-19,Jhalawar,24.5967,76.1647,3.65,37.83,36.0,3.33,96.3
2025-05-20,Jhalawar,24.5967,76.1647,0.31,37.43,37.9,3.9,96.25
2025-05-21,Jhalawar,24.5967,76.1647,0.02,37.0,36.4,4.08,96.27
2025-05-22,Jhalawar,24.5967,76.1647,0.21,36.13,40.49,4.22,96.23
2025-05-23,Jhalawar,24.5967,76.1647,0.93,36.1,40.03,3.15,96.04
2025-05-24,Jhalawar,24.5967,76.1647,0.05,36.7,37.38,4.15,95.95
2025-05-25,Jhalawar,24.5967,76.1647,0.11,36.16,36.08,3.53,96.21
2025-05-26,Jhalawar,24.5967,76.1647,0.08,36.97,32.56,2.35,96.09
2025-05-27,Jhalawar,24.5967,76.1647,3.49,37.11,33.15,1.98,95.9
2025-05-28,Jhalawar,24.5967,76.1647,4.47,34.86,48.21,3.15,95.88
2025-05-29,Jhalawar,24.5967,76.1647,5.29,34.12,47.32,2.66,95.81
2025-05-30,Jhalawar,24.5967,76.1647,12.45,32.41,52.65,3.96,95.83
2025-05-31,Jhalawar,24.5967,76.1647,1.0,31.8,49.79,5.55,96.15
2025-06-01,Jhalawar,24.5967,76.1647,0.0,31.38,51.1,6.33,96.27
2025-06-02,Jhalawar,24.5967,76.1647,0.14,30.83,54.47,4.95,96.22
2025-06-03,Jhalawar,24.5967,76.1647,1.35,30.66,57.24,4.16,96.34
2025-06-04,Jhalawar,24.5967,76.1647,0.3,31.07,49.09,2.67,96.55
2025-06-05,Jhalawar,24.5967,76.1647,0.0,32.79,38.84,1.71,96.76
2025-06-06,Jhalawar,24.5967,76.1647,1.18,33.53,40.99,2.49,96.74
2025-06-07,Jhalawar,24.5967,76.1647,0.06,35.99,32.42,4.09,96.56
2025-06-08,Jhalawar,24.5967,76.1647,0.0,36.06,27.56,4.97,96.44
2025-06-09,Jhalawar,24.5967,76.1647,0.0,37.08,23.52,5.29,96.29
2025-06-10,Jhalawar,24.5967,76.1647,0.0,37.58,23.79,4.78,96.14
2025-06-11,Jhalawar,24.5967,76.1647,0.0,38.19,22.56,4.21,96.09
2025-06-12,Jhalawar,24.5967,76.1647,0.06,39.13,24.52,2.6,95.99
2025-06-13,Jhalawar,24.5967,76.1647,7.85,37.78,36.5,2.06,96.0
2025-06-14,Jhalawar,24.5967,76.1647,3.82,35.83,45.39,1.97,95.97
2025-06-15,Jhalawar,24.5967,76.1647,10.96,33.78,54.27,2.48,95.85
2025-06-16,Jhalawar,24.5967,76.1647,7.31,31.97,64.54,1.55,95.77
2025-06-17,Jhalawar,24.5967,76.1647,4.88,31.07,63.27,4.21,95.91
2025-06-18,Jhalawar,24.5967,76.1647,3.72,30.32,66.91,5.18,95.84
2025-06-19,Jhalawar,24.5967,76.1647,3.43,29.24,75.47,5.05,95.78
2025-06-20,Jhalawar,24.5967,76.1647,34.96,27.59,78.32,5.22,96.12
2025-06-21,Jhalawar,24.5967,76.1647,30.55,27.89,82.54,4.02,96.16
2025-06-22,Jhalawar,24.5967,76.1647,40.19,27.53,86.25,4.07,96.07
2025-06-23,Jhalawar,24.5967,76.1647,13.84,26.8,85.99,4.14,95.93
2025-06-24,Jhalawar,24.5967,76.1647,17.38,29.2,80.95,2.08,95.81
2025-06-25,Jhalawar,24.5967,76.1647,10.45,28.86,82.66,2.88,95.88
2025-06-26,Jhalawar,24.5967,76.1647,9.24,28.6,83.28,1.72,96.07
2025-06-27,Jhalawar,24.5967,76.1647,8.58,29.03,79.58,2.53,95.98
2025-06-28,Jhalawar,24.5967,76.1647,0.24,28.09,75.66,3.85,96.16
2025-06-29,Jhalawar,24.5967,76.1647,3.65,28.12,79.47,4.67,95.95
2025-06-30,Jhalawar,24.5967,76.1647,5.33,28.69,76.65,4.95,96.0
2025-07-01,Jhalawar,24.5967,76.1647,24.15,27.25,85.76,3.62,96.05
2025-07-02,Jhalawar,24.5967,76.1647,40.5,26.32,88.99,4.07,95.91
2025-07-03,Jhalawar,24.5967,76.1647,15.64,28.09,84.0,2.26,95.92
2025-07-04,Jhalawar,24.5967,76.1647,14.97,27.76,84.19,4.14,96.12
2025-07-05,Jhalawar,24.5967,76.1647,12.71,27.09,88.38,3.63,96.11
2025-07-06,Jhalawar,24.5967,76.1647,7.51,27.01,87.88,2.36,96.02
2025-07-07,Jhalawar,24.5967,76.1647,4.63,28.24,80.98,3.1,96.07
2025-07-08,Jhalawar,24.5967,76.1647,1.25,28.16,80.59,3.45,96.19
2025-07-09,Jhalawar,24.5967,76.1647,3.4,28.22,80.13,3.26,96.26
2025-07-10,Jhalawar,24.5967,76.1647,1.13,28.12,79.5,2.69,96.34
2025-07-11,Jhalawar,24.5967,76.1647,3.1,27.14,83.78,3.67,96.32
2025-07-12,Jhalawar,24.5967,76.1647,9.95,26.71,87.32,3.34,96.28
2025-07-13,Jhalawar,24.5967,76.1647,40.83,27.72,87.17,3.0,96.11
2025-07-14,Jhalawar,24.5967,76.1647,13.05,27.03,87.06,4.93,95.89
2025-07-15,Jhalawar,24.5967,76.1647,8.44,27.68,83.58,3.9,96.06
2025-07-16,Jhalawar,24.5967,76.1647,1.27,27.79,83.37,1.78,96.23
2025-07-17,Jhalawar,24.5967,76.1647,13.46,26.71,89.32,3.23,96.27
2025-07-18,Jhalawar,24.5967,76.1647,34.4,25.89,91.88,5.45,96.14
2025-07-19,Jhalawar,24.5967,76.1647,2.33,27.23,81.34,4.51,96.02
2025-07-20,Jhalawar,24.5967,76.1647,0.01,27.55,80.87,2.62,96.05
2025-07-21,Jhalawar,24.5967,76.1647,0.4,28.9,76.79,1.11,96.22
2025-07-22,Jhalawar,24.5967,76.1647,4.94,28.82,81.95,2.1,96.15
2025-07-23,Jhalawar,24.5967,76.1647,33.83,27.3,91.8,2.56,95.96
2025-07-24,Jhalawar,24.5967,76.1647,10.92,27.54,85.53,3.17,95.87
2025-07-25,Jhalawar,24.5967,76.1647,18.67,27.26,87.97,2.83,95.85
2025-07-26,Jhalawar,24.5967,76.1647,24.24,27.65,90.4,2.98,95.72
2025-07-27,Jhalawar,24.5967,76.1647,13.96,27.42,90.89,1.81,95.65
2025-07-28,Jhalawar,24.5967,76.1647,17.52,27.38,91.92,3.46,95.81
2025-07-29,Jhalawar,24.5967,76.1647,103.13,27.7,90.92,3.03,95.88
2025-07-30,Jhalawar,24.5967,76.1647,16.35,25.49,91.65,4.61,96.02
2025-07-31,Jhalawar,24.5967,76.1647,3.08,25.5,89.4,3.41,96.23
2025-08-01,Jhalawar,24.5967,76.1647,1.92,26.42,87.16,3.46,96.32
2025-08-02,Jhalawar,24.5967,76.1647,2.26,26.71,85.51,3.09,96.39
2025-08-03,Jhalawar,24.5967,76.1647,2.49,26.7,86.24,2.6,96.51
2025-08-04,Jhalawar,24.5967,76.1647,1.77,26.62,86.73,3.05,96.63
2025-08-05,Jhalawar,24.5967,76.1647,0.01,26.85,85.63,2.78,96.62
2025-08-06,Jhalawar,24.5967,76.1647,0.0,26.72,83.73,2.81,96.64
2025-08-07,Jhalawar,24.5967,76.1647,0.15,26.57,85.62,2.5,96.58
2025-08-08,Jhalawar,24.5967,76.1647,0.22,26.69,84.94,2.44,96.62
2025-08-09,Jhalawar,24.5967,76.1647,0.19,26.49,84.93,1.92,96.78
2025-08-10,Jhalawar,24.5967,76.1647,0.96,26.52,85.26,2.48,96.67
2025-08-11,Jhalawar,24.5967,76.1647,0.07,27.13,83.81,2.75,96.61
2025-08-12,Jhalawar,24.5967,76.1647,0.0,27.33,83.95,2.92,96.48
2025-08-13,Jhalawar,24.5967,76.1647,1.72,26.85,85.49,1.79,96.39
2025-08-14,Jhalawar,24.5967,76.1647,9.07,27.1,86.91,1.2,96.43
2025-08-15,Jhalawar,24.5967,76.1647,5.24,28.23,84.12,0.87,96.28
2025-08-16,Jhalawar,24.5967,76.1647,1.61,28.24,84.01,1.59,96.13
2025-08-17,Jhalawar,24.5967,76.1647,2.61,28.52,84.81,2.39,96.14
2025-08-18,Jhalawar,24.5967,76.1647,4.84,27.97,86.75,1.74,96.29
2025-08-19,Jhalawar,24.5967,76.1647,7.24,27.85,87.39,2.21,96.16
2025-08-20,Jhalawar,24.5967,76.1647,15.85,27.68,86.24,1.64,96.12
2025-08-21,Jhalawar,24.5967,76.1647,28.86,26.36,88.28,3.02,96.25
2025-08-22,Jhalawar,24.5967,76.1647,43.99,25.53,93.61,4.68,96.13
2025-08-23,Jhalawar,24.5967,76.1647,29.27,25.55,93.1,4.77,96.09
2025-08-24,Jhalawar,24.5967,76.1647,4.75,25.81,91.45,4.46,96.17
2025-08-25,Jhalawar,24.5967,76.1647,1.6,26.22,88.77,4.33,96.2
2025-08-26,Jhalawar,24.5967,76.1647,7.47,26.8,88.68,2.36,96.37
2025-08-27,Jhalawar,24.5967,76.1647,11.09,27.41,89.03,1.92,96.35
2025-08-28,Jhalawar,24.5967,76.1647,2.48,28.18,84.05,1.09,96.27
2025-08-29,Jhalawar,24.5967,76.1647,3.43,28.21,84.45,1.08,96.31
2025-08-30,Jhalawar,24.5967,76.1647,4.71,28.39,86.64,0.9,96.41
2025-08-31,Jhalawar,24.5967,76.1647,8.29,26.51,94.74,2.81,96.29
2025-09-01,Jhalawar,24.5967,76.1647,13.81,26.72,87.79,2.76,96.18
2025-09-02,Jhalawar,24.5967,76.1647,4.08,26.53,87.51,1.83,96.25
2025-09-03,Jhalawar,24.5967,76.1647,30.23,25.81,92.48,2.17,96.28
2025-09-04,Jhalawar,24.5967,76.1647,11.63,26.6,90.45,2.44,96.19
2025-09-05,Jhalawar,24.5967,76.1647,6.88,26.54,90.62,1.36,96.22
2025-09-06,Jhalawar,24.5967,76.1647,9.3,26.17,91.88,3.14,96.32
2025-09-07,Jhalawar,24.5967,76.1647,0.67,26.14,87.66,2.74,96.54
2025-09-08,Jhalawar,24.5967,76.1647,0.03,25.81,85.99,2.15,96.7
2025-09-09,Jhalawar,24.5967,76.1647,1.01,25.37,85.47,2.04,96.94
2025-09-10,Jhalawar,24.5967,76.1647,0.02,25.46,86.77,2.29,96.9
2025-09-11,Jhalawar,24.5967,76.1647,0.0,25.61,83.8,1.97,96.84
2025-09-12,Jhalawar,24.5967,76.1647,0.0,25.99,83.14,1.55,96.91
2025-09-13,Jhalawar,24.5967,76.1647,0.0,26.25,83.08,1.24,96.89
2025-09-14,Jhalawar,24.5967,76.1647,0.11,27.28,82.21,1.37,96.81
2025-09-15,Jhalawar,24.5967,76.1647,2.35,26.92,85.31,1.58,96.66
2025-09-16,Jhalawar,24.5967,76.1647,0.76,26.81,85.45,1.66,96.66
2025-09-17,Jhalawar,24.5967,76.1647,1.14,26.43,84.35,1.81,96.7
2025-09-18,Jhalawar,24.5967,76.1647,2.38,26.71,86.95,1.81,96.7
2025-09-19,Jhalawar,24.5967,76.1647,4.03,26.85,86.84,1.34,96.77
2025-09-20,Jhalawar,24.5967,76.1647,5.87,26.82,85.83,1.19,96.76
2025-09-21,Jhalawar,24.5967,76.1647,0.98,27.9,78.91,0.98,96.7
2025-09-22,Jhalawar,24.5967,76.1647,0.5,27.67,77.2,1.35,96.73
2025-09-23,Jhalawar,24.5967,76.1647,0.05,27.09,78.08,1.24,96.72
2025-09-24,Jhalawar,24.5967,76.1647,0.04,26.96,82.34,1.92,96.61
2025-09-25,Jhalawar,24.5967,76.1647,0.13,26.75,82.39,2.18,96.62
2025-09-26,Jhalawar,24.5967,76.1647,0.01,26.61,77.58,1.9,96.69
2025-09-27,Jhalawar,24.5967,76.1647,2.79,25.65,86.2,2.41,96.71
2025-09-28,Jhalawar,24.5967,76.1647,1.33,26.78,88.17,3.41,96.49
2025-09-29,Jhalawar,24.5967,76.1647,0.11,26.93,85.66,2.39,96.44
2025-09-30,Jhalawar,24.5967,76.1647,3.44,25.71,86.41,2.12,96.47
2025-10-01,Jhalawar,24.5967,76.1647,0.65,25.57,82.31,1.59,96.51
2025-10-02,Jhalawar,24.5967,76.1647,0.0,26.88,78.47,0.67,96.73
2025-10-03,Jhalawar,24.5967,76.1647,1.31,27.14,80.89,1.01,96.92
2025-10-04,Jhalawar,24.5967,76.1647,0.31,26.71,85.25,1.48,96.93
2025-10-05,Jhalawar,24.5967,76.1647,15.28,26.14,85.7,2.38,96.94
2025-10-06,Jhalawar,24.5967,76.1647,2.13,25.16,85.05,2.36,97.03
2025-10-07,Jhalawar,24.5967,76.1647,2.77,24.24,84.96,2.27,97.07
2025-10-08,Jhalawar,24.5967,76.1647,0.0,22.93,79.23,1.51,97.24
2025-10-09,Jhalawar,24.5967,76.1647,0.0,23.52,70.42,0.94,97.37
2025-10-10,Jhalawar,24.5967,76.1647,0.0,22.79,65.73,0.93,97.27
2025-10-11,Jhalawar,24.5967,76.1647,0.0,22.57,63.55,1.14,97.27
2025-10-12,Jhalawar,24.5967,76.1647,0.0,22.74,67.24,1.15,97.21
2025-10-13,Jhalawar,24.5967,76.1647,0.0,22.72,69.72,0.96,97.28
2025-10-14,Jhalawar,24.5967,76.1647,0.0,22.17,72.4,1.22,97.18
2025-10-15,Jhalawar,24.5967,76.1647,0.0,22.78,75.31,1.25,97.12
2025-10-16,Jhalawar,24.5967,76.1647,0.0,23.85,77.72,1.05,97.14
2025-10-17,Jhalawar,24.5967,76.1647,0.0,24.27,73.01,1.04,97.27
2025-10-18,Jhalawar,24.5967,76.1647,0.0,23.74,71.74,1.02,97.2
2025-10-19,Jhalawar,24.5967,76.1647,0.0,23.28,72.65,1.29,97.1
2025-10-20,Jhalawar,24.5967,76.1647,0.0,22.99,74.02,1.56,97.13
2025-10-21,Jhalawar,24.5967,76.1647,0.0,22.99,72.82,1.62,97.27
2025-10-22,Jhalawar,24.5967,76.1647,0.0,23.58,79.66,1.47,97.33
2025-10-23,Jhalawar,24.5967,76.1647,0.0,24.19,81.12,1.6,97.24
2025-10-24,Jhalawar,24.5967,76.1647,0.0,24.16,82.51,1.58,97.2
2025-10-25,Jhalawar,24.5967,76.1647,1.51,24.06,83.24,1.69,97.12
2025-10-26,Jhalawar,24.5967,76.1647,4.93,23.35,84.23,1.94,97.17
2025-10-27,Jhalawar,24.5967,76.1647,26.31,22.36,92.45,2.2,97.15
2025-10-28,Jhalawar,24.5967,76.1647,16.85,22.06,91.58,2.57,97.09
2025-10-29,Jhalawar,24.5967,76.1647,0.38,22.62,86.54,3.04,97.04
2025-10-30,Jhalawar,24.5967,76.1647,4.75,23.44,88.08,3.15,96.96
2025-10-31,Jhalawar,24.5967,76.1647,0.88,22.87,87.39,1.71,97.09
2025-11-01,Jhalawar,24.5967,76.1647,0.01,24.03,83.38,0.91,97.17
2025-11-02,Jhalawar,24.5967,76.1647,0.01,24.65,79.56,1.14,97.22
2025-11-03,Jhalawar,24.5967,76.1647,2.55,24.43,77.46,1.15,97.12
2025-11-04,Jhalawar,24.5967,76.1647,1.33,23.88,82.58,2.5,97.03
2025-11-05,Jhalawar,24.5967,76.1647,0.14,22.28,71.73,1.77,97.11
2025-11-06,Jhalawar,24.5967,76.1647,0.0,18.37,64.47,1.42,97.33
2025-11-07,Jhalawar,24.5967,76.1647,0.0,18.46,51.42,1.21,97.5
2025-11-08,Jhalawar,24.5967,76.1647,0.0,17.39,53.16,1.26,97.57
2025-11-09,Jhalawar,24.5967,76.1647,0.0,18.2,57.83,1.28,97.44
2025-11-10,Jhalawar,24.5967,76.1647,0.0,19.34,54.64,1.02,97.39
2025-11-11,Jhalawar,24.5967,76.1647,0.0,19.25,57.08,1.04,97.48
2025-11-12,Jhalawar,24.5967,76.1647,0.0,19.5,56.65,0.96,97.59
2025-11-13,Jhalawar,24.5967,76.1647,0.0,19.06,59.74,1.22,97.69
2025-11-14,Jhalawar,24.5967,76.1647,0.0,17.97,60.19,1.16,97.67
2025-11-15,Jhalawar,24.5967,76.1647,0.0,16.79,56.74,1.34,97.78
2025-11-16,Jhalawar,24.5967,76.1647,0.0,16.76,57.56,1.42,97.94
2025-11-17,Jhalawar,24.5967,76.1647,0.0,16.15,58.44,1.34,97.85
2025-11-18,Jhalawar,24.5967,76.1647,0.0,15.86,61.57,1.32,97.67
2025-11-19,Jhalawar,24.5967,76.1647,0.0,16.06,65.76,1.27,97.61
2025-11-20,Jhalawar,24.5967,76.1647,0.0,16.56,73.05,1.29,97.68
2025-11-21,Jhalawar,24.5967,76.1647,0.0,16.83,74.05,1.23,97.77
2025-11-22,Jhalawar,24.5967,76.1647,0.0,17.52,68.54,1.13,97.63
2025-11-23,Jhalawar,24.5967,76.1647,0.0,17.76,65.47,1.29,97.58
2025-11-24,Jhalawar,24.5967,76.1647,0.0,18.13,75.64,1.59,97.63
2025-11-25,Jhalawar,24.5967,76.1647,0.0,18.26,76.34,1.56,97.64
2025-11-26,Jhalawar,24.5967,76.1647,0.0,19.04,80.77,1.56,97.63
2025-11-27,Jhalawar,24.5967,76.1647,0.0,19.64,79.76,1.82,97.7
2025-11-28,Jhalawar,24.5967,76.1647,0.0,18.66,73.83,1.58,97.67
2025-11-29,Jhalawar,24.5967,76.1647,0.0,18.25,69.85,1.38,97.55
2025-11-30,Jhalawar,24.5967,76.1647,0.0,19.08,69.22,1.23,97.5
2025-12-01,Jhalawar,24.5967,76.1647,0.0,18.59,75.83,1.18,97.45
2025-12-02,Jhalawar,24.5967,76.1647,0.0,18.53,73.04,1.27,97.44
2025-12-03,Jhalawar,24.5967,76.1647,0.0,17.86,72.93,1.7,97.7
2025-12-04,Jhalawar,24.5967,76.1647,0.0,16.49,69.82,1.33,97.82
2025-12-05,Jhalawar,24.5967,76.1647,0.0,15.85,65.24,1.52,97.95
2025-12-06,Jhalawar,24.5967,76.1647,0.0,15.87,56.08,1.23,97.93
2025-12-07,Jhalawar,24.5967,76.1647,0.0,17.56,51.42,0.9,97.84
2025-12-08,Jhalawar,24.5967,76.1647,0.0,17.41,51.39,1.23,97.85
2025-12-09,Jhalawar,24.5967,76.1647,0.0,17.73,48.44,1.12,97.82
2025-12-10,Jhalawar,24.5967,76.1647,0.0,17.48,49.46,1.06,97.8
2025-12-11,Jhalawar,24.5967,76.1647,0.0,17.72,50.53,1.09,97.71
2025-12-12,Jhalawar,24.5967,76.1647,0.0,17.71,52.03,1.15,97.6
2025-12-13,Jhalawar,24.5967,76.1647,0.0,16.9,58.2,1.51,97.63
2025-12-14,Jhalawar,24.5967,76.1647,0.0,16.26,67.29,1.75,97.73
2025-12-15,Jhalawar,24.5967,76.1647,0.0,16.0,71.25,1.4,97.74
2025-12-16,Jhalawar,24.5967,76.1647,0.0,16.34,64.04,1.23,97.73
2025-12-17,Jhalawar,24.5967,76.1647,0.0,16.6,60.61,1.14,97.81
2025-12-18,Jhalawar,24.5967,76.1647,0.0,16.53,59.44,1.26,97.82
2025-12-19,Jhalawar,24.5967,76.1647,0.0,16.27,58.23,1.4,97.61
2025-12-20,Jhalawar,24.5967,76.1647,0.0,16.28,59.29,1.4,97.46
2025-12-21,Jhalawar,24.5967,76.1647,0.0,15.77,63.16,1.45,97.57
2025-12-22,Jhalawar,24.5967,76.1647,0.0,17.2,63.58,1.29,97.62
2025-12-23,Jhalawar,24.5967,76.1647,0.0,18.7,60.15,1.29,97.55
2025-12-24,Jhalawar,24.5967,76.1647,0.0,16.04,66.43,1.41,97.57
2025-12-25,Jhalawar,24.5967,76.1647,0.0,15.31,61.47,1.4,97.58
2025-12-26,Jhalawar,24.5967,76.1647,0.0,14.13,61.35,1.63,97.62
2025-12-27,Jhalawar,24.5967,76.1647,0.0,14.07,61.07,1.36,97.63
2025-12-28,Jhalawar,24.5967,76.1647,0.0,14.69,61.66,1.41,97.66
2025-12-29,Jhalawar,24.5967,76.1647,0.0,15.67,58.1,1.41,97.61
2025-12-30,Jhalawar,24.5967,76.1647,0.0,16.73,57.66,1.72,97.4
2025-12-31,Jhalawar,24.5967,76.1647,0.0,16.95,61.16,1.36,97.19
2025-01-01,Jhunjhunu,28.1289,75.3997,0.0,13.71,35.05,0.91,97.5
2025-01-02,Jhunjhunu,28.1289,75.3997,0.0,15.47,32.01,0.87,97.45
2025-01-03,Jhunjhunu,28.1289,75.3997,0.0,17.23,41.15,1.15,97.38
2025-01-04,Jhunjhunu,28.1289,75.3997,0.0,17.89,44.47,2.07,97.11
2025-01-05,Jhunjhunu,28.1289,75.3997,0.0,16.83,54.16,2.18,97.05
2025-01-06,Jhunjhunu,28.1289,75.3997,0.02,14.45,57.16,1.52,97.31
2025-01-07,Jhunjhunu,28.1289,75.3997,0.0,11.54,45.35,1.99,97.47
2025-01-08,Jhunjhunu,28.1289,75.3997,0.0,13.39,28.72,2.04,97.27
2025-01-09,Jhunjhunu,28.1289,75.3997,0.0,15.17,28.48,1.24,97.37
2025-01-10,Jhunjhunu,28.1289,75.3997,0.0,13.84,43.08,2.43,97.46
2025-01-11,Jhunjhunu,28.1289,75.3997,7.98,11.42,66.53,1.9,97.36
2025-01-12,Jhunjhunu,28.1289,75.3997,0.07,11.75,70.27,1.67,97.51
2025-01-13,Jhunjhunu,28.1289,75.3997,0.02,11.52,74.09,1.31,97.57
2025-01-14,Jhunjhunu,28.1289,75.3997,0.0,13.12,56.53,1.13,97.5
2025-01-15,Jhunjhunu,28.1289,75.3997,0.33,13.09,55.55,1.79,97.54
2025-01-16,Jhunjhunu,28.1289,75.3997,0.75,13.04,71.15,1.48,97.62
2025-01-17,Jhunjhunu,28.1289,75.3997,0.0,11.98,59.15,1.49,97.68
2025-01-18,Jhunjhunu,28.1289,75.3997,0.0,13.41,43.3,1.17,97.41
2025-01-19,Jhunjhunu,28.1289,75.3997,0.0,16.57,53.71,2.04,97.29
2025-01-20,Jhunjhunu,28.1289,75.3997,0.0,15.49,50.23,1.53,97.25
2025-01-21,Jhunjhunu,28.1289,75.3997,0.0,15.27,43.19,1.52,97.11
2025-01-22,Jhunjhunu,28.1289,75.3997,0.0,16.9,49.81,1.1,97.02
2025-01-23,Jhunjhunu,28.1289,75.3997,0.0,15.74,48.26,1.77,97.22
2025-01-24,Jhunjhunu,28.1289,75.3997,0.0,14.25,39.65,2.11,97.3
2025-01-25,Jhunjhunu,28.1289,75.3997,0.0,13.75,27.52,2.02,97.25
2025-01-26,Jhunjhunu,28.1289,75.3997,0.0,14.7,20.85,1.73,97.19
2025-01-27,Jhunjhunu,28.1289,75.3997,0.0,16.56,17.21,1.35,97.04
2025-01-28,Jhunjhunu,28.1289,75.3997,0.0,16.87,20.73,1.27,96.94
2025-01-29,Jhunjhunu,28.1289,75.3997,0.0,17.62,31.46,2.13,96.96
2025-01-30,Jhunjhunu,28.1289,75.3997,0.0,16.56,37.2,2.14,96.72
2025-01-31,Jhunjhunu,28.1289,75.3997,0.0,17.67,32.07,1.45,96.71
2025-02-01,Jhunjhunu,28.1289,75.3997,0.0,17.2,39.17,1.11,96.95
2025-02-02,Jhunjhunu,28.1289,75.3997,0.0,15.67,47.19,1.27,97.18
2025-02-03,Jhunjhunu,28.1289,75.3997,0.0,17.52,36.65,1.5,97.07
2025-02-04,Jhunjhunu,28.1289,75.3997,0.02,17.08,43.44,1.55,97.09
2025-02-05,Jhunjhunu,28.1289,75.3997,0.0,14.6,33.03,2.09,97.26
2025-02-06,Jhunjhunu,28.1289,75.3997,0.0,14.55,30.83,1.72,97.44
2025-02-07,Jhunjhunu,28.1289,75.3997,0.0,13.76,28.61,2.09,97.42
2025-02-08,Jhunjhunu,28.1289,75.3997,0.0,16.5,22.69,1.56,97.26
2025-02-09,Jhunjhunu,28.1289,75.3997,0.0,20.07,17.85,0.58,97.08
2025-02-10,Jhunjhunu,28.1289,75.3997,0.0,20.25,25.15,1.45,97.03
2025-02-11,Jhunjhunu,28.1289,75.3997,0.0,19.89,29.48,1.65,96.99
2025-02-12,Jhunjhunu,28.1289,75.3997,0.0,17.23,36.68,2.06,97.21
2025-02-13,Jhunjhunu,28.1289,75.3997,0.0,17.38,27.57,1.81,97.27
2025-02-14,Jhunjhunu,28.1289,75.3997,0.0,20.03,23.05,1.78,97.03
2025-02-15,Jhunjhunu,28.1289,75.3997,0.0,21.14,30.68,1.92,96.7
2025-02-16,Jhunjhunu,28.1289,75.3997,0.0,19.48,36.41,1.6,96.93
2025-02-17,Jhunjhunu,28.1289,75.3997,0.01,21.07,33.42,1.61,97.16
2025-02-18,Jhunjhunu,28.1289,75.3997,0.14,21.19,37.22,1.4,97.12
2025-02-19,Jhunjhunu,28.1289,75.3997,1.37,21.73,36.19,1.08,96.96
2025-02-20,Jhunjhunu,28.1289,75.3997,0.03,21.28,44.62,3.52,96.92
2025-02-21,Jhunjhunu,28.1289,75.3997,0.0,17.86,48.92,2.03,97.37
2025-02-22,Jhunjhunu,28.1289,75.3997,0.0,17.77,45.63,2.2,97.37
2025-02-23,Jhunjhunu,28.1289,75.3997,0.0,19.48,39.04,1.26,97.41
2025-02-24,Jhunjhunu,28.1289,75.3997,0.0,19.99,37.96,1.4,97.52
2025-02-25,Jhunjhunu,28.1289,75.3997,0.0,22.77,36.08,1.54,97.47
2025-02-26,Jhunjhunu,28.1289,75.3997,0.0,23.38,34.4,1.92,97.47
2025-02-27,Jhunjhunu,28.1289,75.3997,0.01,22.43,38.21,2.0,97.11
2025-02-28,Jhunjhunu,28.1289,75.3997,3.76,20.79,56.61,1.4,96.85
2025-03-01,Jhunjhunu,28.1289,75.3997,0.92,21.07,58.53,1.91,96.92
2025-03-02,Jhunjhunu,28.1289,75.3997,0.12,19.88,46.23,1.97,96.98
2025-03-03,Jhunjhunu,28.1289,75.3997,0.0,22.06,31.0,3.03,96.75
2025-03-04,Jhunjhunu,28.1289,75.3997,0.0,18.18,30.83,3.58,97.1
2025-03-05,Jhunjhunu,28.1289,75.3997,0.0,16.14,27.65,3.56,97.27
2025-03-06,Jhunjhunu,28.1289,75.3997,0.0,19.84,17.98,2.51,97.01
2025-03-07,Jhunjhunu,28.1289,75.3997,0.0,22.58,18.53,1.77,96.78
2025-03-08,Jhunjhunu,28.1289,75.3997,0.0,23.64,20.26,1.68,96.67
2025-03-09,Jhunjhunu,28.1289,75.3997,0.0,24.72,22.27,2.08,96.83
2025-03-10,Jhunjhunu,28.1289,75.3997,0.0,24.95,26.89,2.09,97.15
2025-03-11,Jhunjhunu,28.1289,75.3997,0.0,26.68,24.4,1.83,97.02
2025-03-12,Jhunjhunu,28.1289,75.3997,0.0,26.46,31.12,1.85,96.7
2025-03-13,Jhunjhunu,28.1289,75.3997,1.21,27.8,34.35,1.6,96.45
2025-03-14,Jhunjhunu,28.1289,75.3997,1.61,27.21,31.17,1.36,96.51
2025-03-15,Jhunjhunu,28.1289,75.3997,0.0,24.84,39.52,2.87,96.69
2025-03-16,Jhunjhunu,28.1289,75.3997,0.0,23.06,36.39,2.25,96.96
2025-03-17,Jhunjhunu,28.1289,75.3997,0.02,23.0,33.36,1.85,97.01
2025-03-18,Jhunjhunu,28.1289,75.3997,0.0,23.84,25.87,1.55,97.0
2025-03-19,Jhunjhunu,28.1289,75.3997,0.0,24.89,21.69,1.54,97.03
2025-03-20,Jhunjhunu,28.1289,75.3997,0.0,25.1,23.2,1.87,97.17
2025-03-21,Jhunjhunu,28.1289,75.3997,0.0,25.1,24.61,1.82,97.15
2025-03-22,Jhunjhunu,28.1289,75.3997,0.0,25.2,21.7,2.13,97.01
2025-03-23,Jhunjhunu,28.1289,75.3997,0.0,25.4,18.25,1.57,97.11
2025-03-24,Jhunjhunu,28.1289,75.3997,0.0,26.69,15.59,1.96,97.01
2025-03-25,Jhunjhunu,28.1289,75.3997,0.0,28.09,17.22,1.79,96.64
2025-03-26,Jhunjhunu,28.1289,75.3997,0.0,28.59,20.26,2.28,96.41
2025-03-27,Jhunjhunu,28.1289,75.3997,0.0,27.72,20.23,3.56,96.44
2025-03-28,Jhunjhunu,28.1289,75.3997,0.0,22.84,10.77,3.17,96.76
2025-03-29,Jhunjhunu,28.1289,75.3997,0.0,20.33,12.9,2.66,96.83
2025-03-30,Jhunjhunu,28.1289,75.3997,0.0,23.81,12.56,2.06,96.81
2025-03-31,Jhunjhunu,28.1289,75.3997,0.0,25.58,12.72,1.86,96.83
2025-04-01,Jhunjhunu,28.1289,75.3997,0.0,26.62,13.76,1.71,96.72
2025-04-02,Jhunjhunu,28.1289,75.3997,0.0,28.41,10.68,1.08,96.74
2025-04-03,Jhunjhunu,28.1289,75.3997,0.0,28.88,13.11,2.67,96.78
2025-04-04,Jhunjhunu,28.1289,75.3997,0.0,29.32,15.65,2.4,96.81
2025-04-05,Jhunjhunu,28.1289,75.3997,0.0,28.28,21.12,2.32,96.67
2025-04-06,Jhunjhunu,28.1289,75.3997,0.0,31.33,18.57,1.99,96.45
2025-04-07,Jhunjhunu,28.1289,75.3997,0.0,32.5,17.2,1.73,96.48
2025-04-08,Jhunjhunu,28.1289,75.3997,0.0,32.91,17.04,2.33,96.63
2025-04-09,Jhunjhunu,28.1289,75.3997,0.0,33.49,16.82,1.82,96.46
2025-04-10,Jhunjhunu,28.1289,75.3997,0.02,32.83,19.45,1.64,96.08
2025-04-11,Jhunjhunu,28.1289,75.3997,0.26,31.08,24.32,4.04,95.97
2025-04-12,Jhunjhunu,28.1289,75.3997,0.22,30.64,29.79,2.23,96.3
2025-04-13,Jhunjhunu,28.1289,75.3997,0.01,30.69,27.13,2.02,96.53
2025-04-14,Jhunjhunu,28.1289,75.3997,0.0,31.7,22.98,2.08,96.49
2025-04-15,Jhunjhunu,28.1289,75.3997,0.0,31.78,26.19,2.79,96.52
2025-04-16,Jhunjhunu,28.1289,75.3997,0.0,33.13,24.39,1.82,96.4
2025-04-17,Jhunjhunu,28.1289,75.3997,0.0,34.12,22.3,2.81,96.14
2025-04-18,Jhunjhunu,28.1289,75.3997,0.01,35.11,19.68,2.64,95.99
2025-04-19,Jhunjhunu,28.1289,75.3997,0.06,33.05,16.92,3.64,96.01
2025-04-20,Jhunjhunu,28.1289,75.3997,0.0,32.78,18.22,3.59,96.09
2025-04-21,Jhunjhunu,28.1289,75.3997,0.0,31.25,8.63,2.91,96.48
2025-04-22,Jhunjhunu,28.1289,75.3997,0.0,30.59,7.75,2.38,96.61
2025-04-23,Jhunjhunu,28.1289,75.3997,0.0,31.08,6.44,2.39,96.4
2025-04-24,Jhunjhunu,28.1289,75.3997,0.0,32.04,9.52,2.68,96.13
2025-04-25,Jhunjhunu,28.1289,75.3997,0.0,33.53,10.66,2.59,96.17
2025-04-26,Jhunjhunu,28.1289,75.3997,0.0,33.26,11.52,1.58,96.16
2025-04-27,Jhunjhunu,28.1289,75.3997,0.0,33.81,12.5,1.08,96.32
2025-04-28,Jhunjhunu,28.1289,75.3997,0.0,33.38,13.06,1.75,96.15
2025-04-29,Jhunjhunu,28.1289,75.3997,0.0,32.56,15.81,3.09,96.21
2025-04-30,Jhunjhunu,28.1289,75.3997,0.0,33.12,20.9,3.53,96.31
2025-05-01,Jhunjhunu,28.1289,75.3997,0.19,33.32,28.29,4.01,96.42
2025-05-02,Jhunjhunu,28.1289,75.3997,11.28,29.65,44.95,3.78,96.53
2025-05-03,Jhunjhunu,28.1289,75.3997,0.65,31.9,41.67,3.59,96.2
2025-05-04,Jhunjhunu,28.1289,75.3997,4.49,31.86,37.12,2.62,96.09
2025-05-05,Jhunjhunu,28.1289,75.3997,0.41,30.1,43.5,2.18,96.26
2025-05-06,Jhunjhunu,28.1289,75.3997,0.12,28.08,44.03,3.2,96.27
2025-05-07,Jhunjhunu,28.1289,75.3997,1.37,28.93,45.99,2.06,96.23
2025-05-08,Jhunjhunu,28.1289,75.3997,0.65,29.56,45.47,2.99,96.28
2025-05-09,Jhunjhunu,28.1289,75.3997,1.48,31.31,40.32,1.42,96.36
2025-05-10,Jhunjhunu,28.1289,75.3997,0.24,32.67,37.34,1.06,96.32
2025-05-11,Jhunjhunu,28.1289,75.3997,0.6,33.93,34.99,1.89,96.2
2025-05-12,Jhunjhunu,28.1289,75.3997,1.97,34.29,30.57,2.27,96.13
2025-05-13,Jhunjhunu,28.1289,75.3997,7.32,32.53,47.07,3.35,96.2
2025-05-14,Jhunjhunu,28.1289,75.3997,0.07,34.72,32.0,2.66,96.18
2025-05-15,Jhunjhunu,28.1289,75.3997,0.0,35.26,24.6,2.89,96.16
2025-05-16,Jhunjhunu,28.1289,75.3997,0.0,36.12,21.26,4.0,96.03
2025-05-17,Jhunjhunu,28.1289,75.3997,0.01,36.5,25.89,5.4,96.01
2025-05-18,Jhunjhunu,28.1289,75.3997,0.03,37.29,25.95,4.86,96.0
2025-05-19,Jhunjhunu,28.1289,75.3997,0.0,37.33,27.65,4.0,95.95
2025-05-20,Jhunjhunu,28.1289,75.3997,0.0,37.69,22.77,4.74,95.82
2025-05-21,Jhunjhunu,28.1289,75.3997,0.0,37.9,20.4,3.39,95.82
2025-05-22,Jhunjhunu,28.1289,75.3997,0.47,36.45,25.62,2.79,95.83
2025-05-23,Jhunjhunu,28.1289,75.3997,0.0,36.35,30.2,3.67,95.63
2025-05-24,Jhunjhunu,28.1289,75.3997,0.73,36.77,29.39,4.74,95.65
2025-05-25,Jhunjhunu,28.1289,75.3997,27.55,31.59,52.7,4.09,96.02
2025-05-26,Jhunjhunu,28.1289,75.3997,0.0,32.61,48.44,3.17,95.9
2025-05-27,Jhunjhunu,28.1289,75.3997,0.0,33.66,41.48,2.83,95.71
2025-05-28,Jhunjhunu,28.1289,75.3997,0.0,35.15,38.94,2.77,95.59
2025-05-29,Jhunjhunu,28.1289,75.3997,0.0,35.36,39.4,2.82,95.4
2025-05-30,Jhunjhunu,28.1289,75.3997,0.48,34.59,35.81,2.9,95.36
2025-05-31,Jhunjhunu,28.1289,75.3997,0.29,35.01,27.63,3.91,95.55
2025-06-01,Jhunjhunu,28.1289,75.3997,3.67,33.19,40.66,3.95,95.73
2025-06-02,Jhunjhunu,28.1289,75.3997,3.52,32.61,42.45,3.48,95.68
2025-06-03,Jhunjhunu,28.1289,75.3997,7.84,29.51,59.02,2.74,95.92
2025-06-04,Jhunjhunu,28.1289,75.3997,0.25,30.77,47.6,3.38,96.16
2025-06-05,Jhunjhunu,28.1289,75.3997,0.13,32.65,37.54,2.2,96.41
2025-06-06,Jhunjhunu,28.1289,75.3997,1.07,34.18,35.68,2.08,96.32
2025-06-07,Jhunjhunu,28.1289,75.3997,0.0,35.73,30.25,2.08,96.17
2025-06-08,Jhunjhunu,28.1289,75.3997,0.0,37.07,26.0,2.97,96.05
2025-06-09,Jhunjhunu,28.1289,75.3997,0.0,36.94,19.19,4.95,95.94
2025-06-10,Jhunjhunu,28.1289,75.3997,0.0,37.24,21.55,4.39,95.84
2025-06-11,Jhunjhunu,28.1289,75.3997,0.0,37.95,21.61,2.91,95.84
2025-06-12,Jhunjhunu,28.1289,75.3997,0.0,38.92,18.77,1.4,95.76
2025-06-13,Jhunjhunu,28.1289,75.3997,0.0,39.1,24.97,3.6,95.73
2025-06-14,Jhunjhunu,28.1289,75.3997,0.26,38.9,25.9,3.24,95.62
2025-06-15,Jhunjhunu,28.1289,75.3997,0.82,37.18,32.73,3.94,95.52
2025-06-16,Jhunjhunu,28.1289,75.3997,10.88,33.2,53.43,3.3,95.59
2025-06-17,Jhunjhunu,28.1289,75.3997,29.65,29.64,74.25,2.51,95.73
2025-06-18,Jhunjhunu,28.1289,75.3997,4.45,30.83,67.1,2.21,95.51
2025-06-19,Jhunjhunu,28.1289,75.3997,0.41,31.75,59.98,3.39,95.42
2025-06-20,Jhunjhunu,28.1289,75.3997,3.39,31.12,65.76,2.61,95.67
2025-06-21,Jhunjhunu,28.1289,75.3997,3.56,32.64,58.17,1.78,95.75
2025-06-22,Jhunjhunu,28.1289,75.3997,4.18,33.52,57.25,1.61,95.67
2025-06-23,Jhunjhunu,28.1289,75.3997,10.95,32.64,63.95,1.55,95.47
2025-06-24,Jhunjhunu,28.1289,75.3997,6.68,32.46,65.69,1.67,95.43
2025-06-25,Jhunjhunu,28.1289,75.3997,2.17,32.52,64.95,3.08,95.64
2025-06-26,Jhunjhunu,28.1289,75.3997,5.25,32.55,61.39,3.69,95.84
2025-06-27,Jhunjhunu,28.1289,75.3997,7.38,31.78,64.33,3.0,95.76
2025-06-28,Jhunjhunu,28.1289,75.3997,1.33,32.51,60.77,2.64,95.64
2025-06-29,Jhunjhunu,28.1289,75.3997,3.7,32.62,60.17,2.8,95.46
2025-06-30,Jhunjhunu,28.1289,75.3997,15.35,29.52,75.04,2.98,95.51
2025-07-01,Jhunjhunu,28.1289,75.3997,2.53,30.51,67.98,2.14,95.65
2025-07-02,Jhunjhunu,28.1289,75.3997,4.2,31.43,63.97,3.14,95.61
2025-07-03,Jhunjhunu,28.1289,75.3997,0.52,31.76,65.56,3.32,95.67
2025-07-04,Jhunjhunu,28.1289,75.3997,5.45,31.73,65.97,2.49,95.72
2025-07-05,Jhunjhunu,28.1289,75.3997,9.48,32.36,66.07,1.31,95.64
2025-07-06,Jhunjhunu,28.1289,75.3997,16.67,30.41,77.76,1.39,95.6
2025-07-07,Jhunjhunu,28.1289,75.3997,7.46,28.75,84.35,1.64,95.67
2025-07-08,Jhunjhunu,28.1289,75.3997,2.46,30.57,69.61,2.28,95.75
2025-07-09,Jhunjhunu,28.1289,75.3997,19.69,29.75,74.73,2.4,95.81
2025-07-10,Jhunjhunu,28.1289,75.3997,30.78,27.96,83.35,2.1,95.93
2025-07-11,Jhunjhunu,28.1289,75.3997,1.99,28.48,78.59,1.27,95.96
2025-07-12,Jhunjhunu,28.1289,75.3997,3.97,28.94,75.68,1.09,95.93
2025-07-13,Jhunjhunu,28.1289,75.3997,4.27,29.33,73.52,1.94,95.89
2025-07-14,Jhunjhunu,28.1289,75.3997,11.5,27.66,85.13,3.65,95.64
2025-07-15,Jhunjhunu,28.1289,75.3997,15.85,28.22,82.94,3.22,95.49
2025-07-16,Jhunjhunu,28.1289,75.3997,1.64,29.05,78.38,2.22,95.75
2025-07-17,Jhunjhunu,28.1289,75.3997,6.03,28.35,80.41,0.76,95.96
2025-07-18,Jhunjhunu,28.1289,75.3997,9.68,28.23,81.86,3.6,95.84
2025-07-19,Jhunjhunu,28.1289,75.3997,5.99,28.33,81.48,3.97,95.46
2025-07-20,Jhunjhunu,28.1289,75.3997,0.03,29.36,75.63,3.1,95.6
2025-07-21,Jhunjhunu,28.1289,75.3997,0.12,29.11,76.03,1.88,95.85
2025-07-22,Jhunjhunu,28.1289,75.3997,10.64,29.45,80.01,2.31,95.75
2025-07-23,Jhunjhunu,28.1289,75.3997,8.84,29.61,76.7,2.9,95.5
2025-07-24,Jhunjhunu,28.1289,75.3997,0.74,30.42,70.34,2.65,95.42
2025-07-25,Jhunjhunu,28.1289,75.3997,3.04,31.06,68.0,2.6,95.42
2025-07-26,Jhunjhunu,28.1289,75.3997,6.65,30.54,75.6,1.12,95.47
2025-07-27,Jhunjhunu,28.1289,75.3997,1.17,31.32,69.32,1.42,95.45
2025-07-28,Jhunjhunu,28.1289,75.3997,9.37,29.88,75.59,1.57,95.45
2025-07-29,Jhunjhunu,28.1289,75.3997,1.67,30.24,73.8,2.57,95.5
2025-07-30,Jhunjhunu,28.1289,75.3997,8.42,28.86,78.99,1.15,95.61
2025-07-31,Jhunjhunu,28.1289,75.3997,26.15,26.59,91.78,1.72,95.73
2025-08-01,Jhunjhunu,28.1289,75.3997,12.74,27.2,86.46,2.89,95.85
2025-08-02,Jhunjhunu,28.1289,75.3997,1.68,28.77,77.41,2.97,95.89
2025-08-03,Jhunjhunu,28.1289,75.3997,0.08,29.45,72.12,3.52,96.01
2025-08-04,Jhunjhunu,28.1289,75.3997,0.03,29.8,69.88,3.83,96.07
2025-08-05,Jhunjhunu,28.1289,75.3997,0.04,28.85,74.18,3.86,96.08
2025-08-06,Jhunjhunu,28.1289,75.3997,0.0,28.94,70.47,2.88,96.15
2025-08-07,Jhunjhunu,28.1289,75.3997,0.0,29.79,68.45,3.24,96.08
2025-08-08,Jhunjhunu,28.1289,75.3997,4.15,30.07,65.6,3.02,96.13
2025-08-09,Jhunjhunu,28.1289,75.3997,3.6,29.88,64.99,2.13,96.33
2025-08-10,Jhunjhunu,28.1289,75.3997,2.8,29.69,68.92,2.03,96.2
2025-08-11,Jhunjhunu,28.1289,75.3997,0.78,30.04,67.63,3.06,96.12
2025-08-12,Jhunjhunu,28.1289,75.3997,0.11,30.27,66.07,2.82,96.01
2025-08-13,Jhunjhunu,28.1289,75.3997,1.23,29.52,70.95,2.29,95.93
2025-08-14,Jhunjhunu,28.1289,75.3997,13.74,27.1,85.55,1.14,96.18
2025-08-15,Jhunjhunu,28.1289,75.3997,0.05,28.2,77.26,1.33,96.08
2025-08-16,Jhunjhunu,28.1289,75.3997,0.13,29.06,76.08,1.95,95.9
2025-08-17,Jhunjhunu,28.1289,75.3997,0.02,29.69,74.86,3.23,96.0
2025-08-18,Jhunjhunu,28.1289,75.3997,0.01,29.03,77.82,3.09,96.16
2025-08-19,Jhunjhunu,28.1289,75.3997,2.01,29.19,75.72,2.67,96.04
2025-08-20,Jhunjhunu,28.1289,75.3997,1.4,29.23,75.57,3.03,95.97
2025-08-21,Jhunjhunu,28.1289,75.3997,2.71,28.76,77.35,2.23,95.97
2025-08-22,Jhunjhunu,28.1289,75.3997,4.78,29.61,73.02,1.05,95.78
2025-08-23,Jhunjhunu,28.1289,75.3997,16.39,27.72,85.49,1.35,95.82
2025-08-24,Jhunjhunu,28.1289,75.3997,24.09,27.99,84.08,1.31,95.85
2025-08-25,Jhunjhunu,28.1289,75.3997,15.11,28.0,85.29,1.42,95.73
2025-08-26,Jhunjhunu,28.1289,75.3997,4.54,28.15,83.61,1.9,95.95
2025-08-27,Jhunjhunu,28.1289,75.3997,1.55,29.03,77.24,0.9,96.02
2025-08-28,Jhunjhunu,28.1289,75.3997,1.81,29.53,77.13,1.58,95.96
2025-08-29,Jhunjhunu,28.1289,75.3997,3.73,28.09,85.0,2.74,96.07
2025-08-30,Jhunjhunu,28.1289,75.3997,10.0,27.79,85.79,2.32,96.22
2025-08-31,Jhunjhunu,28.1289,75.3997,50.93,27.23,90.62,1.77,95.99
2025-09-01,Jhunjhunu,28.1289,75.3997,20.46,26.39,90.67,1.47,95.66
2025-09-02,Jhunjhunu,28.1289,75.3997,9.51,26.99,84.96,2.12,95.79
2025-09-03,Jhunjhunu,28.1289,75.3997,5.66,27.08,83.12,1.64,96.11
2025-09-04,Jhunjhunu,28.1289,75.3997,14.12,26.35,88.12,2.0,96.21
2025-09-05,Jhunjhunu,28.1289,75.3997,8.11,26.41,87.48,3.88,96.15
2025-09-06,Jhunjhunu,28.1289,75.3997,2.5,27.25,85.17,4.1,96.12
2025-09-07,Jhunjhunu,28.1289,75.3997,1.59,27.28,83.08,3.26,96.15
2025-09-08,Jhunjhunu,28.1289,75.3997,0.39,27.13,81.06,2.51,96.31
2025-09-09,Jhunjhunu,28.1289,75.3997,0.0,27.78,76.9,1.68,96.54
2025-09-10,Jhunjhunu,28.1289,75.3997,0.0,27.43,73.86,3.18,96.48
2025-09-11,Jhunjhunu,28.1289,75.3997,0.0,27.02,75.36,3.31,96.39
2025-09-12,Jhunjhunu,28.1289,75.3997,0.0,27.29,75.44,2.49,96.53
2025-09-13,Jhunjhunu,28.1289,75.3997,0.0,27.93,70.27,1.6,96.53
2025-09-14,Jhunjhunu,28.1289,75.3997,0.01,28.76,70.99,1.94,96.47
2025-09-15,Jhunjhunu,28.1289,75.3997,0.0,28.24,70.1,2.51,96.28
2025-09-16,Jhunjhunu,28.1289,75.3997,0.01,28.55,70.91,1.62,96.28
2025-09-17,Jhunjhunu,28.1289,75.3997,0.32,29.39,69.1,1.66,96.3
2025-09-18,Jhunjhunu,28.1289,75.3997,1.37,29.21,69.71,1.46,96.31
2025-09-19,Jhunjhunu,28.1289,75.3997,0.03,29.54,64.17,1.39,96.41
2025-09-20,Jhunjhunu,28.1289,75.3997,0.11,28.9,62.86,1.89,96.4
2025-09-21,Jhunjhunu,28.1289,75.3997,0.0,28.7,56.88,1.89,96.33
2025-09-22,Jhunjhunu,28.1289,75.3997,0.0,28.2,55.69,1.98,96.38
2025-09-23,Jhunjhunu,28.1289,75.3997,0.0,27.96,60.05,2.3,96.34
2025-09-24,Jhunjhunu,28.1289,75.3997,0.0,28.15,62.59,2.43,96.22
2025-09-25,Jhunjhunu,28.1289,75.3997,0.0,28.55,59.6,1.99,96.27
2025-09-26,Jhunjhunu,28.1289,75.3997,0.0,28.6,54.96,1.95,96.41
2025-09-27,Jhunjhunu,28.1289,75.3997,0.0,29.21,60.43,1.69,96.56
2025-09-28,Jhunjhunu,28.1289,75.3997,0.0,29.42,68.15,3.04,96.43
2025-09-29,Jhunjhunu,28.1289,75.3997,0.65,29.06,70.79,2.7,96.27
2025-09-30,Jhunjhunu,28.1289,75.3997,5.31,27.32,79.54,2.12,96.15
2025-10-01,Jhunjhunu,28.1289,75.3997,3.66,27.12,74.8,1.58,96.15
2025-10-02,Jhunjhunu,28.1289,75.3997,2.2,27.42,73.75,1.92,96.45
2025-10-03,Jhunjhunu,28.1289,75.3997,0.08,26.53,76.81,1.83,96.74
2025-10-04,Jhunjhunu,28.1289,75.3997,0.0,28.37,63.73,1.54,96.58
2025-10-05,Jhunjhunu,28.1289,75.3997,1.5,27.48,68.48,2.54,96.49
2025-10-06,Jhunjhunu,28.1289,75.3997,32.71,25.2,83.88,1.99,96.58
2025-10-07,Jhunjhunu,28.1289,75.3997,11.75,23.76,78.97,1.81,96.66
2025-10-08,Jhunjhunu,28.1289,75.3997,0.02,21.54,70.32,1.61,96.94
2025-10-09,Jhunjhunu,28.1289,75.3997,0.01,22.91,57.05,1.44,97.07
2025-10-10,Jhunjhunu,28.1289,75.3997,0.0,23.65,51.85,1.32,96.93
2025-10-11,Jhunjhunu,28.1289,75.3997,0.0,23.94,52.64,1.55,96.92
2025-10-12,Jhunjhunu,28.1289,75.3997,0.0,24.57,50.61,1.15,96.89
2025-10-13,Jhunjhunu,28.1289,75.3997,0.0,24.88,43.22,0.87,96.96
2025-10-14,Jhunjhunu,28.1289,75.3997,0.0,23.98,49.71,0.97,96.85
2025-10-15,Jhunjhunu,28.1289,75.3997,0.0,23.91,53.55,1.04,96.83
2025-10-16,Jhunjhunu,28.1289,75.3997,0.0,24.36,46.99,1.16,96.84
2025-10-17,Jhunjhunu,28.1289,75.3997,0.0,25.17,40.67,0.9,96.98
2025-10-18,Jhunjhunu,28.1289,75.3997,0.0,24.79,45.07,1.04,96.91
2025-10-19,Jhunjhunu,28.1289,75.3997,0.0,23.97,50.95,1.72,96.83
2025-10-20,Jhunjhunu,28.1289,75.3997,0.0,23.75,53.04,1.89,96.87
2025-10-21,Jhunjhunu,28.1289,75.3997,0.0,24.62,54.09,0.97,97.01
2025-10-22,Jhunjhunu,28.1289,75.3997,0.0,25.8,48.6,1.06,97.06
2025-10-23,Jhunjhunu,28.1289,75.3997,0.0,24.91,41.44,1.22,96.99
2025-10-24,Jhunjhunu,28.1289,75.3997,0.0,24.35,42.56,1.35,96.95
2025-10-25,Jhunjhunu,28.1289,75.3997,0.0,24.31,41.97,1.36,96.88
2025-10-26,Jhunjhunu,28.1289,75.3997,0.0,23.1,52.76,1.78,96.96
2025-10-27,Jhunjhunu,28.1289,75.3997,0.67,23.07,66.82,2.15,97.04
2025-10-28,Jhunjhunu,28.1289,75.3997,0.07,21.42,72.49,2.43,97.1
2025-10-29,Jhunjhunu,28.1289,75.3997,0.02,22.93,63.57,1.64,96.96
2025-10-30,Jhunjhunu,28.1289,75.3997,0.16,22.85,71.51,1.84,96.91
2025-10-31,Jhunjhunu,28.1289,75.3997,0.0,24.21,61.5,1.44,96.84
2025-11-01,Jhunjhunu,28.1289,75.3997,0.0,24.35,43.84,1.1,96.87
2025-11-02,Jhunjhunu,28.1289,75.3997,0.0,24.29,38.26,1.42,96.89
2025-11-03,Jhunjhunu,28.1289,75.3997,0.0,23.53,35.16,2.09,96.69
2025-11-04,Jhunjhunu,28.1289,75.3997,0.42,22.31,58.09,1.77,96.66
2025-11-05,Jhunjhunu,28.1289,75.3997,0.01,20.69,50.22,2.42,96.75
2025-11-06,Jhunjhunu,28.1289,75.3997,0.0,18.35,39.87,1.97,97.02
2025-11-07,Jhunjhunu,28.1289,75.3997,0.0,18.73,27.01,1.82,97.17
2025-11-08,Jhunjhunu,28.1289,75.3997,0.0,19.7,26.39,1.67,97.2
2025-11-09,Jhunjhunu,28.1289,75.3997,0.0,20.07,27.47,1.24,97.08
2025-11-10,Jhunjhunu,28.1289,75.3997,0.0,20.55,26.9,1.16,97.02
2025-11-11,Jhunjhunu,28.1289,75.3997,0.0,20.15,28.53,1.13,97.15
2025-11-12,Jhunjhunu,28.1289,75.3997,0.0,20.24,29.72,1.33,97.23
2025-11-13,Jhunjhunu,28.1289,75.3997,0.0,19.59,28.3,1.43,97.38
2025-11-14,Jhunjhunu,28.1289,75.3997,0.0,19.95,25.92,1.28,97.36
2025-11-15,Jhunjhunu,28.1289,75.3997,0.0,20.0,23.94,1.07,97.47
2025-11-16,Jhunjhunu,28.1289,75.3997,0.0,19.45,24.22,1.21,97.65
2025-11-17,Jhunjhunu,28.1289,75.3997,0.0,19.07,27.17,1.37,97.54
2025-11-18,Jhunjhunu,28.1289,75.3997,0.0,18.67,33.16,1.52,97.35
2025-11-19,Jhunjhunu,28.1289,75.3997,0.0,19.65,31.57,1.08,97.3
2025-11-20,Jhunjhunu,28.1289,75.3997,0.0,19.17,45.0,0.97,97.33
2025-11-21,Jhunjhunu,28.1289,75.3997,0.0,19.36,48.66,1.46,97.43
2025-11-22,Jhunjhunu,28.1289,75.3997,0.0,18.53,42.6,1.35,97.32
2025-11-23,Jhunjhunu,28.1289,75.3997,0.0,18.72,37.2,1.06,97.32
2025-11-24,Jhunjhunu,28.1289,75.3997,0.0,17.59,38.13,1.46,97.45
2025-11-25,Jhunjhunu,28.1289,75.3997,0.0,17.29,35.03,1.29,97.46
2025-11-26,Jhunjhunu,28.1289,75.3997,0.0,16.83,32.73,1.41,97.45
2025-11-27,Jhunjhunu,28.1289,75.3997,0.0,17.06,41.49,1.44,97.52
2025-11-28,Jhunjhunu,28.1289,75.3997,0.01,19.1,47.33,0.59,97.43
2025-11-29,Jhunjhunu,28.1289,75.3997,0.0,18.32,44.22,1.26,97.28
2025-11-30,Jhunjhunu,28.1289,75.3997,0.0,17.3,34.97,1.46,97.22
2025-12-01,Jhunjhunu,28.1289,75.3997,0.0,18.53,34.98,1.23,97.12
2025-12-02,Jhunjhunu,28.1289,75.3997,0.0,16.85,54.69,1.64,97.12
2025-12-03,Jhunjhunu,28.1289,75.3997,0.0,15.45,31.22,1.26,97.5
2025-12-04,Jhunjhunu,28.1289,75.3997,0.0,16.11,26.41,1.23,97.57
2025-12-05,Jhunjhunu,28.1289,75.3997,0.0,16.11,24.88,1.37,97.69
2025-12-06,Jhunjhunu,28.1289,75.3997,0.0,15.75,28.74,1.75,97.63
2025-12-07,Jhunjhunu,28.1289,75.3997,0.0,16.85,27.4,1.45,97.54
2025-12-08,Jhunjhunu,28.1289,75.3997,0.0,17.66,29.49,1.8,97.54
2025-12-09,Jhunjhunu,28.1289,75.3997,0.0,17.09,29.51,2.02,97.51
2025-12-10,Jhunjhunu,28.1289,75.3997,0.0,16.89,30.5,1.7,97.46
2025-12-11,Jhunjhunu,28.1289,75.3997,0.0,18.44,25.75,1.73,97.36
2025-12-12,Jhunjhunu,28.1289,75.3997,0.0,18.28,25.28,1.5,97.27
2025-12-13,Jhunjhunu,28.1289,75.3997,0.0,19.16,27.69,0.94,97.33
2025-12-14,Jhunjhunu,28.1289,75.3997,0.0,18.81,32.95,1.11,97.44
2025-12-15,Jhunjhunu,28.1289,75.3997,0.0,18.62,32.7,1.27,97.44
2025-12-16,Jhunjhunu,28.1289,75.3997,0.0,16.71,35.01,1.63,97.42
2025-12-17,Jhunjhunu,28.1289,75.3997,0.0,17.19,35.19,1.83,97.48
2025-12-18,Jhunjhunu,28.1289,75.3997,0.0,17.94,32.58,1.4,97.52
2025-12-19,Jhunjhunu,28.1289,75.3997,0.0,18.2,27.86,1.53,97.3
2025-12-20,Jhunjhunu,28.1289,75.3997,0.0,18.38,27.74,1.37,97.1
2025-12-21,Jhunjhunu,28.1289,75.3997,0.0,18.64,37.57,1.45,97.25
2025-12-22,Jhunjhunu,28.1289,75.3997,0.0,19.23,43.18,1.19,97.31
2025-12-23,Jhunjhunu,28.1289,75.3997,0.0,17.6,49.41,1.91,97.26
2025-12-24,Jhunjhunu,28.1289,75.3997,0.0,13.85,45.01,2.31,97.26
2025-12-25,Jhunjhunu,28.1289,75.3997,0.0,14.96,32.5,1.38,97.29
2025-12-26,Jhunjhunu,28.1289,75.3997,0.0,15.95,28.14,1.13,97.34
2025-12-27,Jhunjhunu,28.1289,75.3997,0.0,15.98,25.47,1.3,97.34
2025-12-28,Jhunjhunu,28.1289,75.3997,0.0,15.71,29.01,1.04,97.38
2025-12-29,Jhunjhunu,28.1289,75.3997,0.0,15.84,31.65,1.24,97.32
2025-12-30,Jhunjhunu,28.1289,75.3997,0.0,16.6,32.79,1.12,97.09
2025-12-31,Jhunjhunu,28.1289,75.3997,0.0,15.3,55.56,1.85,96.82
2025-01-01,Jodhpur,26.2389,73.0243,0.0,17.36,36.13,1.75,99.25
2025-01-02,Jodhpur,26.2389,73.0243,0.0,20.09,29.96,1.21,99.18
2025-01-03,Jodhpur,26.2389,73.0243,0.0,21.55,26.71,1.48,99.1
2025-01-04,Jodhpur,26.2389,73.0243,0.0,20.85,34.29,1.95,98.89
2025-01-05,Jodhpur,26.2389,73.0243,0.0,18.13,39.64,1.67,98.9
2025-01-06,Jodhpur,26.2389,73.0243,0.0,14.93,34.31,2.42,99.21
2025-01-07,Jodhpur,26.2389,73.0243,0.0,13.57,31.74,1.92,99.37
2025-01-08,Jodhpur,26.2389,73.0243,0.0,16.08,25.13,1.46,99.15
2025-01-09,Jodhpur,26.2389,73.0243,0.0,17.72,22.63,1.55,99.06
2025-01-10,Jodhpur,26.2389,73.0243,0.0,18.17,32.41,2.22,99.07
2025-01-11,Jodhpur,26.2389,73.0243,1.08,18.07,44.13,1.3,99.05
2025-01-12,Jodhpur,26.2389,73.0243,0.0,16.28,53.74,1.71,99.34
2025-01-13,Jodhpur,26.2389,73.0243,0.0,13.44,57.81,2.04,99.41
2025-01-14,Jodhpur,26.2389,73.0243,0.0,14.56,49.11,2.04,99.28
2025-01-15,Jodhpur,26.2389,73.0243,0.01,15.91,48.56,1.9,99.22
2025-01-16,Jodhpur,26.2389,73.0243,0.0,15.08,44.82,2.33,99.44
2025-01-17,Jodhpur,26.2389,73.0243,0.0,14.44,47.47,2.73,99.41
2025-01-18,Jodhpur,26.2389,73.0243,0.0,16.98,49.53,1.76,99.09
2025-01-19,Jodhpur,26.2389,73.0243,0.0,19.71,40.02,2.05,99.06
2025-01-20,Jodhpur,26.2389,73.0243,0.0,18.94,34.55,1.54,99.04
2025-01-21,Jodhpur,26.2389,73.0243,0.0,18.23,34.92,1.47,98.9
2025-01-22,Jodhpur,26.2389,73.0243,0.0,17.62,37.53,1.75,98.83
2025-01-23,Jodhpur,26.2389,73.0243,0.0,17.06,36.53,2.35,99.05
2025-01-24,Jodhpur,26.2389,73.0243,0.0,16.61,34.28,2.22,99.15
2025-01-25,Jodhpur,26.2389,73.0243,0.0,16.45,25.99,1.52,99.12
2025-01-26,Jodhpur,26.2389,73.0243,0.0,17.22,18.53,1.55,99.0
2025-01-27,Jodhpur,26.2389,73.0243,0.0,18.1,19.94,1.52,98.81
2025-01-28,Jodhpur,26.2389,73.0243,0.0,20.21,18.9,1.55,98.68
2025-01-29,Jodhpur,26.2389,73.0243,0.0,22.05,13.7,1.84,98.74
2025-01-30,Jodhpur,26.2389,73.0243,0.0,19.87,24.26,1.47,98.61
2025-01-31,Jodhpur,26.2389,73.0243,0.0,18.1,26.49,1.6,98.57
2025-02-01,Jodhpur,26.2389,73.0243,0.0,18.25,26.0,1.64,98.75
2025-02-02,Jodhpur,26.2389,73.0243,0.0,17.44,34.98,2.31,98.96
2025-02-03,Jodhpur,26.2389,73.0243,0.01,18.99,33.76,1.94,98.84
2025-02-04,Jodhpur,26.2389,73.0243,0.06,18.99,22.31,2.03,98.94
2025-02-05,Jodhpur,26.2389,73.0243,0.0,17.14,23.08,1.62,99.09
2025-02-06,Jodhpur,26.2389,73.0243,0.0,17.13,22.74,2.1,99.21
2025-02-07,Jodhpur,26.2389,73.0243,0.0,17.71,19.21,2.06,99.24
2025-02-08,Jodhpur,26.2389,73.0243,0.0,20.03,14.27,1.6,99.03
2025-02-09,Jodhpur,26.2389,73.0243,0.0,20.86,15.4,1.5,98.82
2025-02-10,Jodhpur,26.2389,73.0243,0.0,22.07,15.84,1.95,98.83
2025-02-11,Jodhpur,26.2389,73.0243,0.0,21.7,25.0,1.97,98.85
2025-02-12,Jodhpur,26.2389,73.0243,0.0,21.18,24.71,1.79,99.05
2025-02-13,Jodhpur,26.2389,73.0243,0.0,21.94,18.34,1.73,99.07
2025-02-14,Jodhpur,26.2389,73.0243,0.0,23.68,17.93,2.19,98.85
2025-02-15,Jodhpur,26.2389,73.0243,0.0,23.88,28.13,2.79,98.54
2025-02-16,Jodhpur,26.2389,73.0243,0.0,24.2,28.12,1.96,98.64
2025-02-17,Jodhpur,26.2389,73.0243,0.0,24.45,32.38,1.76,98.79
2025-02-18,Jodhpur,26.2389,73.0243,0.0,24.71,29.03,1.86,98.82
2025-02-19,Jodhpur,26.2389,73.0243,0.01,24.3,30.77,2.32,98.66
2025-02-20,Jodhpur,26.2389,73.0243,0.0,23.23,34.28,2.77,98.72
2025-02-21,Jodhpur,26.2389,73.0243,0.0,21.24,28.17,2.04,99.13
2025-02-22,Jodhpur,26.2389,73.0243,0.0,21.54,26.32,1.91,99.17
2025-02-23,Jodhpur,26.2389,73.0243,0.0,22.86,29.16,1.59,99.13
2025-02-24,Jodhpur,26.2389,73.0243,0.0,23.8,27.14,1.55,99.21
2025-02-25,Jodhpur,26.2389,73.0243,0.0,25.88,25.18,1.67,99.2
2025-02-26,Jodhpur,26.2389,73.0243,0.0,27.93,22.12,1.33,99.18
2025-02-27,Jodhpur,26.2389,73.0243,0.0,25.85,24.89,2.09,98.87
2025-02-28,Jodhpur,26.2389,73.0243,0.05,24.67,37.39,2.57,98.64
2025-03-01,Jodhpur,26.2389,73.0243,0.0,24.52,38.19,2.36,98.67
2025-03-02,Jodhpur,26.2389,73.0243,0.0,24.75,37.26,1.53,98.67
2025-03-03,Jodhpur,26.2389,73.0243,0.0,25.14,31.14,3.38,98.62
2025-03-04,Jodhpur,26.2389,73.0243,0.0,20.4,15.21,3.1,99.07
2025-03-05,Jodhpur,26.2389,73.0243,0.0,19.04,17.4,2.29,99.23
2025-03-06,Jodhpur,26.2389,73.0243,0.0,23.4,12.69,2.19,98.9
2025-03-07,Jodhpur,26.2389,73.0243,0.0,25.75,19.15,2.29,98.62
2025-03-08,Jodhpur,26.2389,73.0243,0.0,27.47,22.69,1.26,98.39
2025-03-09,Jodhpur,26.2389,73.0243,0.0,28.8,18.31,1.81,98.5
2025-03-10,Jodhpur,26.2389,73.0243,0.0,29.89,16.65,1.45,98.82
2025-03-11,Jodhpur,26.2389,73.0243,0.0,30.29,16.96,1.93,98.76
2025-03-12,Jodhpur,26.2389,73.0243,0.0,29.18,21.97,2.37,98.5
2025-03-13,Jodhpur,26.2389,73.0243,0.0,29.16,24.66,2.52,98.28
2025-03-14,Jodhpur,26.2389,73.0243,0.0,29.0,26.64,3.39,98.28
2025-03-15,Jodhpur,26.2389,73.0243,0.0,26.95,29.8,2.99,98.47
2025-03-16,Jodhpur,26.2389,73.0243,0.02,26.18,31.17,2.25,98.7
2025-03-17,Jodhpur,26.2389,73.0243,0.01,26.2,21.96,2.02,98.77
2025-03-18,Jodhpur,26.2389,73.0243,0.0,26.5,18.74,1.58,98.71
2025-03-19,Jodhpur,26.2389,73.0243,0.0,26.9,17.17,2.12,98.68
2025-03-20,Jodhpur,26.2389,73.0243,0.0,27.25,19.28,1.25,98.82
2025-03-21,Jodhpur,26.2389,73.0243,0.3,28.13,23.08,2.08,98.9
2025-03-22,Jodhpur,26.2389,73.0243,0.0,28.92,18.17,1.9,98.77
2025-03-23,Jodhpur,26.2389,73.0243,0.0,29.42,16.63,1.92,98.81
2025-03-24,Jodhpur,26.2389,73.0243,0.0,29.82,14.63,2.15,98.76
2025-03-25,Jodhpur,26.2389,73.0243,0.0,29.57,14.19,2.49,98.43
2025-03-26,Jodhpur,26.2389,73.0243,0.0,28.86,21.56,3.62,98.23
2025-03-27,Jodhpur,26.2389,73.0243,0.0,27.54,18.13,3.74,98.36
2025-03-28,Jodhpur,26.2389,73.0243,0.0,24.11,7.77,2.59,98.65
2025-03-29,Jodhpur,26.2389,73.0243,0.0,24.34,7.73,2.29,98.64
2025-03-30,Jodhpur,26.2389,73.0243,0.0,26.76,8.68,1.62,98.6
2025-03-31,Jodhpur,26.2389,73.0243,0.0,27.98,9.5,1.71,98.58
2025-04-01,Jodhpur,26.2389,73.0243,0.0,29.19,10.9,1.8,98.44
2025-04-02,Jodhpur,26.2389,73.0243,0.0,29.91,10.17,2.0,98.38
2025-04-03,Jodhpur,26.2389,73.0243,0.0,30.94,10.28,1.94,98.48
2025-04-04,Jodhpur,26.2389,73.0243,0.0,30.59,11.81,2.55,98.6
2025-04-05,Jodhpur,26.2389,73.0243,0.0,31.12,14.64,2.18,98.48
2025-04-06,Jodhpur,26.2389,73.0243,0.0,33.53,12.67,2.52,98.21
2025-04-07,Jodhpur,26.2389,73.0243,0.0,33.22,15.18,2.76,98.26
2025-04-08,Jodhpur,26.2389,73.0243,0.0,34.13,16.07,3.72,98.44
2025-04-09,Jodhpur,26.2389,73.0243,0.0,33.9,13.31,3.87,98.37
2025-04-10,Jodhpur,26.2389,73.0243,0.01,32.97,18.76,3.61,97.95
2025-04-11,Jodhpur,26.2389,73.0243,0.22,31.86,24.08,4.22,97.78
2025-04-12,Jodhpur,26.2389,73.0243,5.07,31.65,33.35,3.95,98.06
2025-04-13,Jodhpur,26.2389,73.0243,0.0,32.84,24.8,3.13,98.23
2025-04-14,Jodhpur,26.2389,73.0243,0.0,33.45,23.82,2.31,98.17
2025-04-15,Jodhpur,26.2389,73.0243,0.0,33.87,26.52,2.11,98.1
2025-04-16,Jodhpur,26.2389,73.0243,0.0,34.8,22.06,2.35,98.07
2025-04-17,Jodhpur,26.2389,73.0243,0.0,34.7,22.76,3.99,97.94
2025-04-18,Jodhpur,26.2389,73.0243,0.01,34.68,19.89,5.33,97.92
2025-04-19,Jodhpur,26.2389,73.0243,0.0,32.92,20.4,5.45,97.85
2025-04-20,Jodhpur,26.2389,73.0243,0.0,31.99,22.84,4.5,98.02
2025-04-21,Jodhpur,26.2389,73.0243,0.0,30.93,12.23,2.88,98.34
2025-04-22,Jodhpur,26.2389,73.0243,0.0,31.58,8.23,2.1,98.48
2025-04-23,Jodhpur,26.2389,73.0243,0.0,32.13,8.36,2.56,98.26
2025-04-24,Jodhpur,26.2389,73.0243,0.0,32.84,11.39,3.57,98.04
2025-04-25,Jodhpur,26.2389,73.0243,0.0,33.44,15.84,3.83,98.06
2025-04-26,Jodhpur,26.2389,73.0243,0.0,33.5,17.77,3.59,98.01
2025-04-27,Jodhpur,26.2389,73.0243,0.0,33.98,13.12,2.12,98.09
2025-04-28,Jodhpur,26.2389,73.0243,0.0,35.18,18.21,2.25,97.88
2025-04-29,Jodhpur,26.2389,73.0243,0.0,35.74,15.76,1.58,97.83
2025-04-30,Jodhpur,26.2389,73.0243,0.0,36.13,16.37,2.99,97.91
2025-05-01,Jodhpur,26.2389,73.0243,0.0,35.17,18.22,3.56,98.06
2025-05-02,Jodhpur,26.2389,73.0243,0.23,35.09,19.58,2.93,98.11
2025-05-03,Jodhpur,26.2389,73.0243,0.01,34.24,25.03,3.89,98.02
2025-05-04,Jodhpur,26.2389,73.0243,5.77,33.08,33.62,3.01,97.93
2025-05-05,Jodhpur,26.2389,73.0243,13.32,30.61,52.64,2.07,97.99
2025-05-06,Jodhpur,26.2389,73.0243,8.62,28.1,63.14,1.82,98.07
2025-05-07,Jodhpur,26.2389,73.0243,1.19,27.39,63.39,1.6,98.01
2025-05-08,Jodhpur,26.2389,73.0243,2.86,29.15,60.73,2.65,98.03
2025-05-09,Jodhpur,26.2389,73.0243,0.26,30.28,57.94,2.15,98.19
2025-05-10,Jodhpur,26.2389,73.0243,0.0,31.47,49.9,2.17,98.18
2025-05-11,Jodhpur,26.2389,73.0243,0.0,32.94,46.64,3.24,98.08
2025-05-12,Jodhpur,26.2389,73.0243,4.93,32.49,49.19,4.03,98.02
2025-05-13,Jodhpur,26.2389,73.0243,0.3,32.66,49.98,3.26,98.04
2025-05-14,Jodhpur,26.2389,73.0243,0.0,33.3,41.21,3.13,98.05
2025-05-15,Jodhpur,26.2389,73.0243,0.0,34.04,34.84,3.24,98.07
2025-05-16,Jodhpur,26.2389,73.0243,0.0,35.49,33.87,4.2,97.96
2025-05-17,Jodhpur,26.2389,73.0243,0.0,35.9,35.99,4.78,97.92
2025-05-18,Jodhpur,26.2389,73.0243,0.0,36.81,36.3,4.18,97.89
2025-05-19,Jodhpur,26.2389,73.0243,0.0,37.58,32.85,4.36,97.81
2025-05-20,Jodhpur,26.2389,73.0243,0.0,37.35,29.93,4.32,97.74
2025-05-21,Jodhpur,26.2389,73.0243,0.29,37.27,30.34,3.83,97.72
2025-05-22,Jodhpur,26.2389,73.0243,0.0,38.05,28.32,4.19,97.6
2025-05-23,Jodhpur,26.2389,73.0243,0.0,37.98,23.42,3.65,97.38
2025-05-24,Jodhpur,26.2389,73.0243,0.0,38.19,19.42,2.9,97.24
2025-05-25,Jodhpur,26.2389,73.0243,3.18,37.56,27.4,2.31,97.46
2025-05-26,Jodhpur,26.2389,73.0243,0.0,37.38,29.8,2.54,97.47
2025-05-27,Jodhpur,26.2389,73.0243,0.0,38.0,29.31,2.34,97.29
2025-05-28,Jodhpur,26.2389,73.0243,3.59,39.01,26.54,2.93,97.19
2025-05-29,Jodhpur,26.2389,73.0243,0.09,35.04,40.43,4.02,97.25
2025-05-30,Jodhpur,26.2389,73.0243,4.95,33.43,40.86,4.38,97.16
2025-05-31,Jodhpur,26.2389,73.0243,0.2,32.91,43.78,5.66,97.45
2025-06-01,Jodhpur,26.2389,73.0243,0.0,32.88,46.56,5.43,97.61
2025-06-02,Jodhpur,26.2389,73.0243,0.31,33.85,43.99,4.96,97.52
2025-06-03,Jodhpur,26.2389,73.0243,0.03,33.64,39.47,5.09,97.65
2025-06-04,Jodhpur,26.2389,73.0243,0.06,33.44,38.2,4.28,97.91
2025-06-05,Jodhpur,26.2389,73.0243,0.04,33.9,36.19,4.09,98.18
2025-06-06,Jodhpur,26.2389,73.0243,0.02,35.34,32.88,4.84,98.19
2025-06-07,Jodhpur,26.2389,73.0243,0.06,35.79,26.49,5.04,98.09
2025-06-08,Jodhpur,26.2389,73.0243,0.0,36.11,25.32,5.19,98.02
2025-06-09,Jodhpur,26.2389,73.0243,0.0,36.34,27.52,5.08,97.95
2025-06-10,Jodhpur,26.2389,73.0243,0.0,36.83,31.06,4.39,97.78
2025-06-11,Jodhpur,26.2389,73.0243,0.0,37.17,27.16,3.18,97.72
2025-06-12,Jodhpur,26.2389,73.0243,0.0,37.99,26.01,2.73,97.55
2025-06-13,Jodhpur,26.2389,73.0243,0.0,39.34,21.38,2.05,97.41
2025-06-14,Jodhpur,26.2389,73.0243,0.41,37.69,33.43,4.61,97.4
2025-06-15,Jodhpur,26.2389,73.0243,2.51,36.15,39.27,2.84,97.28
2025-06-16,Jodhpur,26.2389,73.0243,9.56,32.49,58.11,2.56,97.23
2025-06-17,Jodhpur,26.2389,73.0243,2.17,32.95,61.9,2.55,97.27
2025-06-18,Jodhpur,26.2389,73.0243,3.24,33.01,62.11,2.3,97.2
2025-06-19,Jodhpur,26.2389,73.0243,2.04,33.68,58.51,5.23,97.13
2025-06-20,Jodhpur,26.2389,73.0243,5.81,30.97,66.19,4.86,97.43
2025-06-21,Jodhpur,26.2389,73.0243,13.56,30.62,70.73,3.53,97.58
2025-06-22,Jodhpur,26.2389,73.0243,1.52,31.29,67.65,3.5,97.5
2025-06-23,Jodhpur,26.2389,73.0243,0.53,30.12,73.27,3.48,97.35
2025-06-24,Jodhpur,26.2389,73.0243,1.76,30.81,72.4,2.73,97.24
2025-06-25,Jodhpur,26.2389,73.0243,2.65,30.86,73.5,1.92,97.35
2025-06-26,Jodhpur,26.2389,73.0243,3.64,32.39,68.59,1.88,97.47
2025-06-27,Jodhpur,26.2389,73.0243,15.72,31.32,71.51,2.31,97.41
2025-06-28,Jodhpur,26.2389,73.0243,0.74,31.3,65.38,2.91,97.41
2025-06-29,Jodhpur,26.2389,73.0243,2.86,31.0,70.07,4.41,97.31
2025-06-30,Jodhpur,26.2389,73.0243,0.09,31.25,66.69,4.86,97.34
2025-07-01,Jodhpur,26.2389,73.0243,0.55,31.72,65.71,4.55,97.43
2025-07-02,Jodhpur,26.2389,73.0243,3.35,29.47,71.78,3.7,97.4
2025-07-03,Jodhpur,26.2389,73.0243,20.17,29.39,80.34,2.3,97.36
2025-07-04,Jodhpur,26.2389,73.0243,3.76,29.43,77.91,3.08,97.54
2025-07-05,Jodhpur,26.2389,73.0243,0.29,30.13,74.64,3.63,97.51
2025-07-06,Jodhpur,26.2389,73.0243,0.99,29.6,75.76,2.91,97.43
2025-07-07,Jodhpur,26.2389,73.0243,0.71,29.47,73.56,3.53,97.51
2025-07-08,Jodhpur,26.2389,73.0243,0.05,30.96,66.69,3.71,97.61
2025-07-09,Jodhpur,26.2389,73.0243,1.59,31.17,66.09,4.12,97.63
2025-07-10,Jodhpur,26.2389,73.0243,0.06,30.99,66.05,3.67,97.69
2025-07-11,Jodhpur,26.2389,73.0243,13.67,29.77,72.12,3.46,97.77
2025-07-12,Jodhpur,26.2389,73.0243,13.48,28.81,77.47,3.07,97.78
2025-07-13,Jodhpur,26.2389,73.0243,21.11,29.38,80.08,2.52,97.69
2025-07-14,Jodhpur,26.2389,73.0243,9.52,29.13,79.21,3.45,97.47
2025-07-15,Jodhpur,26.2389,73.0243,6.15,30.17,71.35,4.93,97.35
2025-07-16,Jodhpur,26.2389,73.0243,2.14,30.0,72.3,3.7,97.58
2025-07-17,Jodhpur,26.2389,73.0243,1.27,28.9,75.09,3.01,97.77
2025-07-18,Jodhpur,26.2389,73.0243,37.54,27.52,84.95,4.53,97.72
2025-07-19,Jodhpur,26.2389,73.0243,33.93,27.67,83.76,5.22,97.29
2025-07-20,Jodhpur,26.2389,73.0243,17.32,28.49,79.07,4.14,97.35
2025-07-21,Jodhpur,26.2389,73.0243,0.36,28.22,85.61,3.69,97.56
2025-07-22,Jodhpur,26.2389,73.0243,0.86,29.69,77.8,3.52,97.6
2025-07-23,Jodhpur,26.2389,73.0243,0.07,29.65,74.06,4.61,97.38
2025-07-24,Jodhpur,26.2389,73.0243,0.12,29.32,75.67,3.88,97.32
2025-07-25,Jodhpur,26.2389,73.0243,0.72,29.89,75.47,3.19,97.29
2025-07-26,Jodhpur,26.2389,73.0243,12.61,29.75,80.13,3.0,97.29
2025-07-27,Jodhpur,26.2389,73.0243,6.64,29.02,81.42,2.43,97.31
2025-07-28,Jodhpur,26.2389,73.0243,1.22,29.85,76.9,3.73,97.32
2025-07-29,Jodhpur,26.2389,73.0243,0.08,29.71,75.51,4.32,97.38
2025-07-30,Jodhpur,26.2389,73.0243,0.05,28.28,78.02,4.1,97.45
2025-07-31,Jodhpur,26.2389,73.0243,0.75,26.89,83.78,3.62,97.64
2025-08-01,Jodhpur,26.2389,73.0243,0.25,28.33,77.21,3.82,97.73
2025-08-02,Jodhpur,26.2389,73.0243,0.01,28.66,73.88,4.33,97.79
2025-08-03,Jodhpur,26.2389,73.0243,0.0,28.95,73.34,3.86,97.91
2025-08-04,Jodhpur,26.2389,73.0243,0.0,29.15,73.52,4.46,98.01
2025-08-05,Jodhpur,26.2389,73.0243,0.0,28.18,76.92,4.05,97.98
2025-08-06,Jodhpur,26.2389,73.0243,0.0,28.51,74.79,3.82,98.03
2025-08-07,Jodhpur,26.2389,73.0243,0.0,28.86,72.51,3.82,98.01
2025-08-08,Jodhpur,26.2389,73.0243,0.0,29.02,70.37,3.82,98.03
2025-08-09,Jodhpur,26.2389,73.0243,0.0,28.95,69.49,3.22,98.22
2025-08-10,Jodhpur,26.2389,73.0243,0.0,28.97,70.4,3.47,98.09
2025-08-11,Jodhpur,26.2389,73.0243,0.0,28.65,70.36,3.86,98.03
2025-08-12,Jodhpur,26.2389,73.0243,0.0,28.85,71.57,4.05,97.89
2025-08-13,Jodhpur,26.2389,73.0243,0.0,28.0,75.93,3.18,97.79
2025-08-14,Jodhpur,26.2389,73.0243,0.0,28.91,75.93,1.27,97.89
2025-08-15,Jodhpur,26.2389,73.0243,9.09,30.64,70.99,0.87,97.77
2025-08-16,Jodhpur,26.2389,73.0243,2.28,30.84,73.48,1.32,97.56
2025-08-17,Jodhpur,26.2389,73.0243,0.53,31.59,72.75,2.1,97.58
2025-08-18,Jodhpur,26.2389,73.0243,3.37,29.7,80.31,1.18,97.75
2025-08-19,Jodhpur,26.2389,73.0243,0.25,30.85,72.44,2.32,97.63
2025-08-20,Jodhpur,26.2389,73.0243,0.49,31.08,72.91,2.59,97.54
2025-08-21,Jodhpur,26.2389,73.0243,21.24,28.89,82.76,1.82,97.7
2025-08-22,Jodhpur,26.2389,73.0243,16.11,27.21,87.36,3.64,97.72
2025-08-23,Jodhpur,26.2389,73.0243,4.14,28.86,78.31,3.4,97.63
2025-08-24,Jodhpur,26.2389,73.0243,14.62,28.22,80.81,2.66,97.68
2025-08-25,Jodhpur,26.2389,73.0243,11.87,28.06,82.86,3.08,97.65
2025-08-26,Jodhpur,26.2389,73.0243,5.93,28.36,82.57,3.29,97.82
2025-08-27,Jodhpur,26.2389,73.0243,16.5,28.8,80.56,2.35,97.86
2025-08-28,Jodhpur,26.2389,73.0243,8.05,29.32,78.44,1.89,97.76
2025-08-29,Jodhpur,26.2389,73.0243,8.21,28.43,83.29,2.15,97.78
2025-08-30,Jodhpur,26.2389,73.0243,12.41,28.08,87.13,1.73,97.93
2025-08-31,Jodhpur,26.2389,73.0243,35.53,26.57,91.39,3.33,97.82
2025-09-01,Jodhpur,26.2389,73.0243,9.81,26.7,86.96,3.39,97.57
2025-09-02,Jodhpur,26.2389,73.0243,0.2,27.65,82.03,3.32,97.68
2025-09-03,Jodhpur,26.2389,73.0243,14.25,28.37,81.62,2.47,97.83
2025-09-04,Jodhpur,26.2389,73.0243,3.78,28.01,83.57,1.55,97.88
2025-09-05,Jodhpur,26.2389,73.0243,3.84,28.1,84.15,1.93,97.82
2025-09-06,Jodhpur,26.2389,73.0243,8.26,27.39,87.8,1.25,97.67
2025-09-07,Jodhpur,26.2389,73.0243,6.06,27.35,86.76,4.51,97.48
2025-09-08,Jodhpur,26.2389,73.0243,3.27,26.85,83.75,4.18,97.89
2025-09-09,Jodhpur,26.2389,73.0243,0.22,26.53,82.36,2.12,98.38
2025-09-10,Jodhpur,26.2389,73.0243,0.0,25.82,82.16,2.26,98.43
2025-09-11,Jodhpur,26.2389,73.0243,0.0,25.54,81.92,3.22,98.35
2025-09-12,Jodhpur,26.2389,73.0243,0.0,26.49,80.98,2.67,98.41
2025-09-13,Jodhpur,26.2389,73.0243,0.0,27.01,80.09,2.12,98.39
2025-09-14,Jodhpur,26.2389,73.0243,0.0,27.41,78.02,2.06,98.34
2025-09-15,Jodhpur,26.2389,73.0243,0.0,26.77,79.07,2.89,98.17
2025-09-16,Jodhpur,26.2389,73.0243,0.0,27.55,79.97,2.81,98.13
2025-09-17,Jodhpur,26.2389,73.0243,0.0,28.12,79.57,2.2,98.15
2025-09-18,Jodhpur,26.2389,73.0243,0.28,28.06,78.86,1.91,98.18
2025-09-19,Jodhpur,26.2389,73.0243,0.48,28.38,76.73,1.77,98.27
2025-09-20,Jodhpur,26.2389,73.0243,0.85,28.35,76.23,1.78,98.25
2025-09-21,Jodhpur,26.2389,73.0243,1.08,28.26,74.63,2.24,98.21
2025-09-22,Jodhpur,26.2389,73.0243,0.01,27.89,75.14,2.16,98.25
2025-09-23,Jodhpur,26.2389,73.0243,0.0,27.29,75.64,2.64,98.23
2025-09-24,Jodhpur,26.2389,73.0243,0.0,27.05,77.05,2.84,98.13
2025-09-25,Jodhpur,26.2389,73.0243,0.0,27.06,74.86,1.94,98.15
2025-09-26,Jodhpur,26.2389,73.0243,0.0,28.16,67.96,1.14,98.25
2025-09-27,Jodhpur,26.2389,73.0243,0.0,28.87,66.95,1.8,98.28
2025-09-28,Jodhpur,26.2389,73.0243,0.16,29.43,74.38,2.89,98.04
2025-09-29,Jodhpur,26.2389,73.0243,0.78,28.93,79.39,2.64,97.88
2025-09-30,Jodhpur,26.2389,73.0243,0.67,27.46,81.72,1.41,97.85
2025-10-01,Jodhpur,26.2389,73.0243,0.4,27.09,78.29,1.59,97.92
2025-10-02,Jodhpur,26.2389,73.0243,0.54,26.95,79.52,1.29,98.2
2025-10-03,Jodhpur,26.2389,73.0243,11.42,26.61,82.58,1.26,98.49
2025-10-04,Jodhpur,26.2389,73.0243,2.53,27.19,79.55,2.46,98.48
2025-10-05,Jodhpur,26.2389,73.0243,1.45,26.77,78.98,3.42,98.37
2025-10-06,Jodhpur,26.2389,73.0243,5.18,26.21,81.08,4.13,98.36
2025-10-07,Jodhpur,26.2389,73.0243,0.33,24.4,73.57,2.32,98.52
2025-10-08,Jodhpur,26.2389,73.0243,0.01,24.41,65.69,1.1,98.74
2025-10-09,Jodhpur,26.2389,73.0243,0.0,24.75,61.36,0.94,98.87
2025-10-10,Jodhpur,26.2389,73.0243,0.0,24.2,59.4,1.23,98.73
2025-10-11,Jodhpur,26.2389,73.0243,0.0,24.32,58.55,1.18,98.74
2025-10-12,Jodhpur,26.2389,73.0243,0.0,24.9,54.5,0.91,98.7
2025-10-13,Jodhpur,26.2389,73.0243,0.0,24.73,54.48,1.0,98.75
2025-10-14,Jodhpur,26.2389,73.0243,0.0,24.94,53.46,0.99,98.61
2025-10-15,Jodhpur,26.2389,73.0243,0.0,23.82,61.76,1.75,98.59
2025-10-16,Jodhpur,26.2389,73.0243,0.0,24.61,60.05,1.43,98.63
2025-10-17,Jodhpur,26.2389,73.0243,0.0,26.01,50.71,1.03,98.74
2025-10-18,Jodhpur,26.2389,73.0243,0.0,25.33,51.89,0.93,98.67
2025-10-19,Jodhpur,26.2389,73.0243,0.0,24.56,53.9,1.35,98.55
2025-10-20,Jodhpur,26.2389,73.0243,0.0,25.24,52.79,1.06,98.55
2025-10-21,Jodhpur,26.2389,73.0243,0.0,25.75,54.65,0.97,98.73
2025-10-22,Jodhpur,26.2389,73.0243,0.0,26.18,58.73,1.32,98.82
2025-10-23,Jodhpur,26.2389,73.0243,0.0,24.83,56.77,1.63,98.74
2025-10-24,Jodhpur,26.2389,73.0243,0.0,24.69,54.48,1.51,98.7
2025-10-25,Jodhpur,26.2389,73.0243,0.0,24.19,53.6,1.82,98.6
2025-10-26,Jodhpur,26.2389,73.0243,0.0,24.17,64.25,2.39,98.62
2025-10-27,Jodhpur,26.2389,73.0243,6.42,24.89,80.56,3.1,98.65
2025-10-28,Jodhpur,26.2389,73.0243,2.33,23.12,80.09,3.73,98.71
2025-10-29,Jodhpur,26.2389,73.0243,1.28,23.45,78.82,2.66,98.64
2025-10-30,Jodhpur,26.2389,73.0243,1.26,23.72,82.69,2.91,98.61
2025-10-31,Jodhpur,26.2389,73.0243,0.24,25.04,73.49,1.38,98.63
2025-11-01,Jodhpur,26.2389,73.0243,0.0,25.78,61.19,0.83,98.65
2025-11-02,Jodhpur,26.2389,73.0243,0.0,26.31,44.05,0.78,98.71
2025-11-03,Jodhpur,26.2389,73.0243,6.11,25.02,75.56,1.87,98.52
2025-11-04,Jodhpur,26.2389,73.0243,0.07,24.45,70.62,3.08,98.44
2025-11-05,Jodhpur,26.2389,73.0243,0.0,22.61,55.35,1.18,98.64
2025-11-06,Jodhpur,26.2389,73.0243,0.0,21.6,42.46,1.28,98.83
2025-11-07,Jodhpur,26.2389,73.0243,0.0,21.85,40.34,0.96,98.99
2025-11-08,Jodhpur,26.2389,73.0243,0.0,20.45,47.92,1.83,99.05
2025-11-09,Jodhpur,26.2389,73.0243,0.0,19.23,53.44,1.81,98.93
2025-11-10,Jodhpur,26.2389,73.0243,0.0,19.04,57.12,2.01,98.87
2025-11-11,Jodhpur,26.2389,73.0243,0.0,19.97,55.32,1.52,98.99
2025-11-12,Jodhpur,26.2389,73.0243,0.0,20.78,54.89,1.53,99.07
2025-11-13,Jodhpur,26.2389,73.0243,0.0,21.28,41.3,0.91,99.21
2025-11-14,Jodhpur,26.2389,73.0243,0.0,20.15,42.66,1.09,99.17
2025-11-15,Jodhpur,26.2389,73.0243,0.0,19.2,48.29,1.3,99.27
2025-11-16,Jodhpur,26.2389,73.0243,0.0,19.4,46.88,1.26,99.46
2025-11-17,Jodhpur,26.2389,73.0243,0.0,19.21,48.7,1.15,99.35
2025-11-18,Jodhpur,26.2389,73.0243,0.0,19.98,43.94,0.99,99.18
2025-11-19,Jodhpur,26.2389,73.0243,0.0,20.53,41.84,0.86,99.1
2025-11-20,Jodhpur,26.2389,73.0243,0.0,21.45,38.37,0.56,99.15
2025-11-21,Jodhpur,26.2389,73.0243,0.0,20.61,46.11,1.16,99.23
2025-11-22,Jodhpur,26.2389,73.0243,0.0,20.68,44.69,1.22,99.09
2025-11-23,Jodhpur,26.2389,73.0243,0.0,20.28,41.37,1.01,99.05
2025-11-24,Jodhpur,26.2389,73.0243,0.0,18.7,59.16,1.89,99.13
2025-11-25,Jodhpur,26.2389,73.0243,0.0,18.6,62.73,2.41,99.16
2025-11-26,Jodhpur,26.2389,73.0243,0.0,19.4,66.96,2.06,99.09
2025-11-27,Jodhpur,26.2389,73.0243,0.01,21.19,69.61,1.78,99.16
2025-11-28,Jodhpur,26.2389,73.0243,0.0,21.67,73.52,1.3,99.13
2025-11-29,Jodhpur,26.2389,73.0243,0.0,21.76,69.2,1.16,99.02
2025-11-30,Jodhpur,26.2389,73.0243,0.0,21.47,56.01,1.16,98.99
2025-12-01,Jodhpur,26.2389,73.0243,0.0,20.33,51.73,1.73,98.91
2025-12-02,Jodhpur,26.2389,73.0243,0.0,19.83,37.32,0.98,98.97
2025-12-03,Jodhpur,26.2389,73.0243,0.0,17.83,46.69,1.58,99.24
2025-12-04,Jodhpur,26.2389,73.0243,0.0,17.3,55.72,1.57,99.36
2025-12-05,Jodhpur,26.2389,73.0243,0.0,17.35,55.9,1.64,99.47
2025-12-06,Jodhpur,26.2389,73.0243,0.0,16.75,47.77,1.57,99.46
2025-12-07,Jodhpur,26.2389,73.0243,0.0,17.92,44.09,1.39,99.36
2025-12-08,Jodhpur,26.2389,73.0243,0.0,18.73,37.88,1.56,99.38
2025-12-09,Jodhpur,26.2389,73.0243,0.0,19.14,35.59,1.26,99.34
2025-12-10,Jodhpur,26.2389,73.0243,0.0,20.22,30.7,1.05,99.31
2025-12-11,Jodhpur,26.2389,73.0243,0.0,19.99,32.08,1.25,99.23
2025-12-12,Jodhpur,26.2389,73.0243,0.0,20.39,31.37,0.85,99.1
2025-12-13,Jodhpur,26.2389,73.0243,0.0,20.12,37.22,1.09,99.12
2025-12-14,Jodhpur,26.2389,73.0243,0.0,19.73,46.53,1.18,99.21
2025-12-15,Jodhpur,26.2389,73.0243,0.0,19.52,48.52,1.18,99.25
2025-12-16,Jodhpur,26.2389,73.0243,0.0,18.42,44.8,1.5,99.24
2025-12-17,Jodhpur,26.2389,73.0243,0.0,18.96,44.45,1.22,99.31
2025-12-18,Jodhpur,26.2389,73.0243,0.0,19.62,37.38,1.25,99.3
2025-12-19,Jodhpur,26.2389,73.0243,0.0,20.88,35.08,1.19,99.09
2025-12-20,Jodhpur,26.2389,73.0243,0.0,21.73,40.37,1.22,98.88
2025-12-21,Jodhpur,26.2389,73.0243,0.0,22.0,45.76,1.33,98.97
2025-12-22,Jodhpur,26.2389,73.0243,0.0,21.12,45.59,1.09,99.1
2025-12-23,Jodhpur,26.2389,73.0243,0.0,19.25,48.56,1.65,99.12
2025-12-24,Jodhpur,26.2389,73.0243,0.0,16.54,41.68,1.61,99.15
2025-12-25,Jodhpur,26.2389,73.0243,0.0,16.29,35.68,1.46,99.09
2025-12-26,Jodhpur,26.2389,73.0243,0.0,17.44,45.93,1.63,99.09
2025-12-27,Jodhpur,26.2389,73.0243,0.0,17.44,43.31,1.95,99.11
2025-12-28,Jodhpur,26.2389,73.0243,0.0,18.01,42.15,1.71,99.13
2025-12-29,Jodhpur,26.2389,73.0243,0.0,19.31,42.63,1.22,99.06
2025-12-30,Jodhpur,26.2389,73.0243,0.0,18.5,47.06,1.7,98.86
2025-12-31,Jodhpur,26.2389,73.0243,1.58,17.35,65.41,2.04,98.65
2025-01-01,Karauli,26.4973,77.0276,0.0,14.57,46.62,0.76,98.58
2025-01-02,Karauli,26.4973,77.0276,0.0,15.03,49.55,1.21,98.55
2025-01-03,Karauli,26.4973,77.0276,0.0,16.39,52.09,1.07,98.51
2025-01-04,Karauli,26.4973,77.0276,0.0,16.36,54.08,1.35,98.28
2025-01-05,Karauli,26.4973,77.0276,0.25,15.9,64.86,2.07,98.19
2025-01-06,Karauli,26.4973,77.0276,0.0,14.27,72.68,1.04,98.33
2025-01-07,Karauli,26.4973,77.0276,0.0,13.0,58.84,1.49,98.52
2025-01-08,Karauli,26.4973,77.0276,0.0,13.68,42.53,1.49,98.38
2025-01-09,Karauli,26.4973,77.0276,0.0,14.12,46.2,1.26,98.5
2025-01-10,Karauli,26.4973,77.0276,0.0,13.57,55.9,1.99,98.59
2025-01-11,Karauli,26.4973,77.0276,3.17,13.83,65.57,1.66,98.42
2025-01-12,Karauli,26.4973,77.0276,0.41,13.67,70.8,1.33,98.55
2025-01-13,Karauli,26.4973,77.0276,0.0,12.95,65.07,0.98,98.61
2025-01-14,Karauli,26.4973,77.0276,0.0,13.53,63.51,1.13,98.59
2025-01-15,Karauli,26.4973,77.0276,0.49,13.7,66.6,1.6,98.63
2025-01-16,Karauli,26.4973,77.0276,1.3,14.49,79.52,1.22,98.67
2025-01-17,Karauli,26.4973,77.0276,0.0,12.92,73.25,1.26,98.73
2025-01-18,Karauli,26.4973,77.0276,0.0,13.26,59.2,0.92,98.53
2025-01-19,Karauli,26.4973,77.0276,0.0,17.84,63.17,1.38,98.4
2025-01-20,Karauli,26.4973,77.0276,0.0,19.12,61.12,1.14,98.29
2025-01-21,Karauli,26.4973,77.0276,0.0,18.22,54.64,0.96,98.16
2025-01-22,Karauli,26.4973,77.0276,0.0,17.67,60.17,1.38,98.08
2025-01-23,Karauli,26.4973,77.0276,0.0,16.96,68.75,1.56,98.19
2025-01-24,Karauli,26.4973,77.0276,0.0,15.53,46.37,1.73,98.35
2025-01-25,Karauli,26.4973,77.0276,0.0,15.81,36.88,1.47,98.33
2025-01-26,Karauli,26.4973,77.0276,0.0,16.9,28.57,0.99,98.26
2025-01-27,Karauli,26.4973,77.0276,0.0,17.39,26.19,1.01,98.11
2025-01-28,Karauli,26.4973,77.0276,0.0,17.37,29.88,0.96,98.07
2025-01-29,Karauli,26.4973,77.0276,0.0,17.79,44.08,1.61,98.11
2025-01-30,Karauli,26.4973,77.0276,0.0,18.18,45.87,1.62,97.85
2025-01-31,Karauli,26.4973,77.0276,0.0,18.43,40.38,1.12,97.8
2025-02-01,Karauli,26.4973,77.0276,0.0,18.34,42.66,1.25,97.98
2025-02-02,Karauli,26.4973,77.0276,0.0,17.52,45.42,1.1,98.2
2025-02-03,Karauli,26.4973,77.0276,0.0,17.71,51.15,1.55,98.16
2025-02-04,Karauli,26.4973,77.0276,0.05,18.15,57.09,1.48,98.13
2025-02-05,Karauli,26.4973,77.0276,0.0,15.93,42.53,2.12,98.29
2025-02-06,Karauli,26.4973,77.0276,0.0,15.24,39.25,1.53,98.48
2025-02-07,Karauli,26.4973,77.0276,0.0,14.81,36.76,1.83,98.48
2025-02-08,Karauli,26.4973,77.0276,0.0,18.02,28.53,1.09,98.32
2025-02-09,Karauli,26.4973,77.0276,0.0,19.15,28.26,0.98,98.17
2025-02-10,Karauli,26.4973,77.0276,0.0,20.19,35.45,1.28,98.12
2025-02-11,Karauli,26.4973,77.0276,0.0,20.26,37.4,1.69,98.08
2025-02-12,Karauli,26.4973,77.0276,0.0,18.8,39.63,1.89,98.22
2025-02-13,Karauli,26.4973,77.0276,0.0,18.29,32.27,1.93,98.33
2025-02-14,Karauli,26.4973,77.0276,0.0,20.59,27.01,1.63,98.13
2025-02-15,Karauli,26.4973,77.0276,0.0,21.81,35.59,2.19,97.77
2025-02-16,Karauli,26.4973,77.0276,0.0,20.38,41.8,1.38,97.94
2025-02-17,Karauli,26.4973,77.0276,0.0,21.0,41.2,1.98,98.23
2025-02-18,Karauli,26.4973,77.0276,0.21,22.57,38.2,1.51,98.15
2025-02-19,Karauli,26.4973,77.0276,0.15,22.06,41.15,1.14,98.03
2025-02-20,Karauli,26.4973,77.0276,2.19,22.09,48.3,2.14,98.05
2025-02-21,Karauli,26.4973,77.0276,0.0,20.39,45.79,1.78,98.33
2025-02-22,Karauli,26.4973,77.0276,0.0,19.35,38.97,1.92,98.4
2025-02-23,Karauli,26.4973,77.0276,0.0,21.1,39.19,1.11,98.46
2025-02-24,Karauli,26.4973,77.0276,0.0,21.4,35.64,1.11,98.58
2025-02-25,Karauli,26.4973,77.0276,0.0,22.05,33.94,1.18,98.61
2025-02-26,Karauli,26.4973,77.0276,0.0,24.1,31.48,1.39,98.57
2025-02-27,Karauli,26.4973,77.0276,0.0,22.93,36.53,1.56,98.24
2025-02-28,Karauli,26.4973,77.0276,0.27,23.92,37.42,2.14,97.89
2025-03-01,Karauli,26.4973,77.0276,0.08,23.32,42.76,1.92,97.94
2025-03-02,Karauli,26.4973,77.0276,0.0,22.68,47.68,1.8,97.96
2025-03-03,Karauli,26.4973,77.0276,0.0,23.06,32.3,1.98,97.89
2025-03-04,Karauli,26.4973,77.0276,0.0,21.64,26.38,3.61,98.12
2025-03-05,Karauli,26.4973,77.0276,0.0,18.37,19.27,3.19,98.28
2025-03-06,Karauli,26.4973,77.0276,0.0,21.26,16.72,2.21,98.12
2025-03-07,Karauli,26.4973,77.0276,0.0,23.48,17.13,1.56,97.84
2025-03-08,Karauli,26.4973,77.0276,0.0,23.92,20.21,1.32,97.72
2025-03-09,Karauli,26.4973,77.0276,0.0,24.68,20.78,2.12,97.96
2025-03-10,Karauli,26.4973,77.0276,0.0,26.79,24.9,2.51,98.21
2025-03-11,Karauli,26.4973,77.0276,0.0,27.58,23.62,2.02,98.06
2025-03-12,Karauli,26.4973,77.0276,0.0,27.45,28.2,1.94,97.69
2025-03-13,Karauli,26.4973,77.0276,0.0,28.2,29.94,1.87,97.5
2025-03-14,Karauli,26.4973,77.0276,0.54,29.16,26.93,0.99,97.56
2025-03-15,Karauli,26.4973,77.0276,0.1,27.78,30.03,2.13,97.71
2025-03-16,Karauli,26.4973,77.0276,0.0,26.44,32.7,2.52,97.89
2025-03-17,Karauli,26.4973,77.0276,0.0,25.88,26.08,2.58,98.02
2025-03-18,Karauli,26.4973,77.0276,0.0,24.51,26.5,1.62,98.03
2025-03-19,Karauli,26.4973,77.0276,0.0,25.1,19.98,1.38,98.08
2025-03-20,Karauli,26.4973,77.0276,0.0,26.26,18.79,2.38,98.16
2025-03-21,Karauli,26.4973,77.0276,0.0,26.34,22.17,1.89,98.16
2025-03-22,Karauli,26.4973,77.0276,0.0,26.88,19.37,2.61,98.03
2025-03-23,Karauli,26.4973,77.0276,0.06,25.95,17.2,1.22,98.16
2025-03-24,Karauli,26.4973,77.0276,0.0,27.11,17.01,1.72,98.1
2025-03-25,Karauli,26.4973,77.0276,0.0,28.75,15.79,1.82,97.71
2025-03-26,Karauli,26.4973,77.0276,0.0,30.48,15.26,1.64,97.45
2025-03-27,Karauli,26.4973,77.0276,0.0,30.33,19.55,3.33,97.48
2025-03-28,Karauli,26.4973,77.0276,0.0,26.59,7.52,3.05,97.72
2025-03-29,Karauli,26.4973,77.0276,0.0,23.95,8.15,2.43,97.81
2025-03-30,Karauli,26.4973,77.0276,0.0,26.02,9.17,1.73,97.83
2025-03-31,Karauli,26.4973,77.0276,0.0,26.66,11.27,1.67,97.84
2025-04-01,Karauli,26.4973,77.0276,0.0,27.7,12.4,1.52,97.74
2025-04-02,Karauli,26.4973,77.0276,0.0,28.2,11.64,1.45,97.81
2025-04-03,Karauli,26.4973,77.0276,0.04,29.38,17.69,1.79,97.84
2025-04-04,Karauli,26.4973,77.0276,2.12,30.33,19.77,1.87,97.8
2025-04-05,Karauli,26.4973,77.0276,0.0,29.82,16.71,2.08,97.67
2025-04-06,Karauli,26.4973,77.0276,0.0,32.45,16.81,1.6,97.49
2025-04-07,Karauli,26.4973,77.0276,0.0,32.91,18.0,1.71,97.54
2025-04-08,Karauli,26.4973,77.0276,0.0,32.85,17.41,2.12,97.71
2025-04-09,Karauli,26.4973,77.0276,0.0,33.32,17.38,1.79,97.53
2025-04-10,Karauli,26.4973,77.0276,0.0,32.95,20.83,1.93,97.15
2025-04-11,Karauli,26.4973,77.0276,0.03,32.46,23.12,2.64,97.04
2025-04-12,Karauli,26.4973,77.0276,1.06,30.33,29.5,1.48,97.41
2025-04-13,Karauli,26.4973,77.0276,0.01,31.46,25.44,1.83,97.56
2025-04-14,Karauli,26.4973,77.0276,0.0,31.35,25.2,2.79,97.58
2025-04-15,Karauli,26.4973,77.0276,0.0,31.38,27.86,2.83,97.62
2025-04-16,Karauli,26.4973,77.0276,0.0,32.43,25.95,1.97,97.5
2025-04-17,Karauli,26.4973,77.0276,0.0,34.93,21.54,2.51,97.21
2025-04-18,Karauli,26.4973,77.0276,0.0,36.58,17.88,0.85,97.06
2025-04-19,Karauli,26.4973,77.0276,0.0,34.39,15.12,2.72,97.15
2025-04-20,Karauli,26.4973,77.0276,0.0,33.7,17.21,3.37,97.19
2025-04-21,Karauli,26.4973,77.0276,0.0,33.05,9.72,2.98,97.52
2025-04-22,Karauli,26.4973,77.0276,0.0,32.06,8.04,2.41,97.62
2025-04-23,Karauli,26.4973,77.0276,0.0,31.82,5.4,2.7,97.41
2025-04-24,Karauli,26.4973,77.0276,0.0,32.83,7.3,2.8,97.21
2025-04-25,Karauli,26.4973,77.0276,0.0,34.43,10.54,2.76,97.23
2025-04-26,Karauli,26.4973,77.0276,0.0,34.7,10.8,1.2,97.22
2025-04-27,Karauli,26.4973,77.0276,0.0,33.66,18.94,2.7,97.4
2025-04-28,Karauli,26.4973,77.0276,0.0,34.13,13.72,2.29,97.2
2025-04-29,Karauli,26.4973,77.0276,0.0,32.75,14.81,3.13,97.22
2025-04-30,Karauli,26.4973,77.0276,0.0,33.11,21.26,2.84,97.39
2025-05-01,Karauli,26.4973,77.0276,0.0,33.4,27.11,3.5,97.49
2025-05-02,Karauli,26.4973,77.0276,0.42,32.25,31.84,2.87,97.56
2025-05-03,Karauli,26.4973,77.0276,0.71,33.17,32.56,2.19,97.34
2025-05-04,Karauli,26.4973,77.0276,0.08,32.1,30.72,1.42,97.26
2025-05-05,Karauli,26.4973,77.0276,0.72,33.63,25.97,2.35,97.22
2025-05-06,Karauli,26.4973,77.0276,0.69,29.0,47.57,2.31,97.35
2025-05-07,Karauli,26.4973,77.0276,0.39,30.08,42.82,3.03,97.25
2025-05-08,Karauli,26.4973,77.0276,1.05,28.32,54.27,2.78,97.37
2025-05-09,Karauli,26.4973,77.0276,0.07,31.04,44.64,2.73,97.44
2025-05-10,Karauli,26.4973,77.0276,0.24,33.16,39.06,2.94,97.4
2025-05-11,Karauli,26.4973,77.0276,0.32,34.99,33.9,1.85,97.24
2025-05-12,Karauli,26.4973,77.0276,0.5,35.04,26.54,1.84,97.21
2025-05-13,Karauli,26.4973,77.0276,0.17,34.93,35.47,2.82,97.25
2025-05-14,Karauli,26.4973,77.0276,0.03,36.32,28.96,2.33,97.22
2025-05-15,Karauli,26.4973,77.0276,0.0,37.37,19.41,1.8,97.18
2025-05-16,Karauli,26.4973,77.0276,0.01,38.18,18.12,1.69,97.08
2025-05-17,Karauli,26.4973,77.0276,0.0,38.13,23.79,3.0,97.06
2025-05-18,Karauli,26.4973,77.0276,0.0,38.7,24.32,2.86,97.02
2025-05-19,Karauli,26.4973,77.0276,2.51,38.9,23.15,2.25,96.97
2025-05-20,Karauli,26.4973,77.0276,0.05,38.62,24.74,3.5,96.85
2025-05-21,Karauli,26.4973,77.0276,5.05,38.31,25.72,2.01,96.84
2025-05-22,Karauli,26.4973,77.0276,0.02,35.1,36.57,2.93,96.92
2025-05-23,Karauli,26.4973,77.0276,0.02,35.56,36.25,2.98,96.76
2025-05-24,Karauli,26.4973,77.0276,0.0,36.86,31.64,4.49,96.71
2025-05-25,Karauli,26.4973,77.0276,4.99,34.92,40.28,3.51,97.0
2025-05-26,Karauli,26.4973,77.0276,1.44,34.47,40.51,3.52,96.94
2025-05-27,Karauli,26.4973,77.0276,0.12,34.74,38.01,2.69,96.73
2025-05-28,Karauli,26.4973,77.0276,0.02,36.05,37.23,2.94,96.61
2025-05-29,Karauli,26.4973,77.0276,1.33,36.44,35.0,1.43,96.47
2025-05-30,Karauli,26.4973,77.0276,1.07,34.94,38.32,2.64,96.44
2025-05-31,Karauli,26.4973,77.0276,0.21,34.16,31.21,4.12,96.69
2025-06-01,Karauli,26.4973,77.0276,0.66,33.52,34.75,4.49,96.81
2025-06-02,Karauli,26.4973,77.0276,3.04,32.83,42.16,3.17,96.81
2025-06-03,Karauli,26.4973,77.0276,0.55,31.83,46.57,2.68,96.98
2025-06-04,Karauli,26.4973,77.0276,0.02,32.91,38.41,2.46,97.22
2025-06-05,Karauli,26.4973,77.0276,0.02,33.77,33.29,1.49,97.46
2025-06-06,Karauli,26.4973,77.0276,2.69,33.58,36.74,2.1,97.42
2025-06-07,Karauli,26.4973,77.0276,0.0,36.71,32.81,1.88,97.16
2025-06-08,Karauli,26.4973,77.0276,0.0,37.93,25.03,2.1,97.05
2025-06-09,Karauli,26.4973,77.0276,0.0,37.98,19.19,3.76,96.92
2025-06-10,Karauli,26.4973,77.0276,0.0,38.09,18.94,3.53,96.81
2025-06-11,Karauli,26.4973,77.0276,0.0,38.75,19.63,3.24,96.81
2025-06-12,Karauli,26.4973,77.0276,0.0,39.49,21.85,2.23,96.78
2025-06-13,Karauli,26.4973,77.0276,0.0,39.62,26.67,3.06,96.75
2025-06-14,Karauli,26.4973,77.0276,3.47,38.3,29.18,1.99,96.7
2025-06-15,Karauli,26.4973,77.0276,3.84,36.08,42.08,3.09,96.6
2025-06-16,Karauli,26.4973,77.0276,11.34,32.86,60.74,2.91,96.59
2025-06-17,Karauli,26.4973,77.0276,15.0,31.78,63.18,2.41,96.71
2025-06-18,Karauli,26.4973,77.0276,17.61,29.62,74.97,3.07,96.54
2025-06-19,Karauli,26.4973,77.0276,12.05,28.51,84.18,2.01,96.33
2025-06-20,Karauli,26.4973,77.0276,25.4,27.58,88.71,4.19,96.58
2025-06-21,Karauli,26.4973,77.0276,7.25,29.95,76.12,1.48,96.82
2025-06-22,Karauli,26.4973,77.0276,5.63,31.0,72.35,1.39,96.74
2025-06-23,Karauli,26.4973,77.0276,24.95,30.6,75.38,1.77,96.55
2025-06-24,Karauli,26.4973,77.0276,7.48,31.47,71.35,1.85,96.52
2025-06-25,Karauli,26.4973,77.0276,5.53,30.9,72.96,2.77,96.69
2025-06-26,Karauli,26.4973,77.0276,7.99,30.75,73.64,3.1,96.87
2025-06-27,Karauli,26.4973,77.0276,4.72,30.65,73.05,2.6,96.78
2025-06-28,Karauli,26.4973,77.0276,7.34,29.7,75.52,2.81,96.78
2025-06-29,Karauli,26.4973,77.0276,5.33,30.67,71.77,2.14,96.58
2025-06-30,Karauli,26.4973,77.0276,44.58,29.09,81.32,3.19,96.61
2025-07-01,Karauli,26.4973,77.0276,18.82,27.82,86.99,2.17,96.69
2025-07-02,Karauli,26.4973,77.0276,15.28,28.63,83.03,2.63,96.65
2025-07-03,Karauli,26.4973,77.0276,6.14,28.68,85.09,2.68,96.71
2025-07-04,Karauli,26.4973,77.0276,26.04,29.59,83.4,1.59,96.78
2025-07-05,Karauli,26.4973,77.0276,29.62,29.22,85.36,0.94,96.74
2025-07-06,Karauli,26.4973,77.0276,6.57,29.46,84.06,0.99,96.67
2025-07-07,Karauli,26.4973,77.0276,1.42,29.85,82.52,1.25,96.73
2025-07-08,Karauli,26.4973,77.0276,3.09,28.36,85.59,1.81,96.84
2025-07-09,Karauli,26.4973,77.0276,8.88,29.25,82.03,2.28,96.9
2025-07-10,Karauli,26.4973,77.0276,30.05,28.62,83.79,1.28,97.01
2025-07-11,Karauli,26.4973,77.0276,6.32,28.91,81.6,0.81,97.0
2025-07-12,Karauli,26.4973,77.0276,5.26,28.74,81.64,0.7,96.98
2025-07-13,Karauli,26.4973,77.0276,31.21,28.07,87.47,2.48,96.85
2025-07-14,Karauli,26.4973,77.0276,9.46,28.24,86.63,2.67,96.57
2025-07-15,Karauli,26.4973,77.0276,14.83,28.03,87.04,4.07,96.6
2025-07-16,Karauli,26.4973,77.0276,12.86,28.01,86.68,1.74,96.92
2025-07-17,Karauli,26.4973,77.0276,4.37,28.02,85.92,2.19,96.99
2025-07-18,Karauli,26.4973,77.0276,40.71,27.82,89.84,2.99,96.64
2025-07-19,Karauli,26.4973,77.0276,2.27,27.85,86.27,3.74,96.61
2025-07-20,Karauli,26.4973,77.0276,0.02,28.14,83.98,2.23,96.75
2025-07-21,Karauli,26.4973,77.0276,0.0,28.83,82.77,1.13,96.94
2025-07-22,Karauli,26.4973,77.0276,8.7,29.24,83.26,1.55,96.83
2025-07-23,Karauli,26.4973,77.0276,11.45,28.44,87.98,2.43,96.61
2025-07-24,Karauli,26.4973,77.0276,16.5,28.23,86.68,2.6,96.5
2025-07-25,Karauli,26.4973,77.0276,46.2,29.12,84.54,2.28,96.48
2025-07-26,Karauli,26.4973,77.0276,24.35,28.26,88.64,1.54,96.51
2025-07-27,Karauli,26.4973,77.0276,3.11,28.61,86.86,2.64,96.41
2025-07-28,Karauli,26.4973,77.0276,16.45,28.87,88.87,1.56,96.48
2025-07-29,Karauli,26.4973,77.0276,26.89,28.9,88.1,2.23,96.56
2025-07-30,Karauli,26.4973,77.0276,43.1,27.68,92.79,2.1,96.56
2025-07-31,Karauli,26.4973,77.0276,8.29,26.47,93.37,3.45,96.72
2025-08-01,Karauli,26.4973,77.0276,3.93,26.46,90.37,2.91,96.95
2025-08-02,Karauli,26.4973,77.0276,0.58,27.59,88.72,3.02,97.01
2025-08-03,Karauli,26.4973,77.0276,10.01,27.04,90.45,2.65,97.15
2025-08-04,Karauli,26.4973,77.0276,5.4,27.63,88.14,2.97,97.23
2025-08-05,Karauli,26.4973,77.0276,0.93,27.18,88.27,2.77,97.26
2025-08-06,Karauli,26.4973,77.0276,0.01,27.26,85.45,2.34,97.29
2025-08-07,Karauli,26.4973,77.0276,0.01,27.76,85.4,2.58,97.21
2025-08-08,Karauli,26.4973,77.0276,0.31,27.6,85.13,2.44,97.26
2025-08-09,Karauli,26.4973,77.0276,3.68,27.39,85.54,2.0,97.43
2025-08-10,Karauli,26.4973,77.0276,3.79,27.65,85.56,2.48,97.29
2025-08-11,Karauli,26.4973,77.0276,0.9,27.36,87.3,2.64,97.24
2025-08-12,Karauli,26.4973,77.0276,2.89,28.24,84.09,2.32,97.12
2025-08-13,Karauli,26.4973,77.0276,11.0,26.98,89.39,1.65,97.07
2025-08-14,Karauli,26.4973,77.0276,14.03,27.12,90.89,1.45,97.21
2025-08-15,Karauli,26.4973,77.0276,1.28,27.69,86.34,2.13,97.1
2025-08-16,Karauli,26.4973,77.0276,0.04,27.89,86.2,2.01,96.95
2025-08-17,Karauli,26.4973,77.0276,0.97,28.24,87.53,2.59,97.02
2025-08-18,Karauli,26.4973,77.0276,1.75,27.79,89.19,2.71,97.16
2025-08-19,Karauli,26.4973,77.0276,0.04,28.1,86.84,2.7,97.04
2025-08-20,Karauli,26.4973,77.0276,5.36,27.99,86.91,2.91,96.96
2025-08-21,Karauli,26.4973,77.0276,13.01,27.78,86.85,1.53,96.97
2025-08-22,Karauli,26.4973,77.0276,31.04,28.29,85.17,1.14,96.8
2025-08-23,Karauli,26.4973,77.0276,28.39,27.86,87.97,1.7,96.79
2025-08-24,Karauli,26.4973,77.0276,6.74,27.95,85.93,1.18,96.85
2025-08-25,Karauli,26.4973,77.0276,12.63,27.47,87.97,2.26,96.81
2025-08-26,Karauli,26.4973,77.0276,2.53,27.62,90.14,2.01,96.99
2025-08-27,Karauli,26.4973,77.0276,10.33,28.06,90.13,1.8,97.04
2025-08-28,Karauli,26.4973,77.0276,0.44,28.17,88.46,1.76,97.0
2025-08-29,Karauli,26.4973,77.0276,0.7,27.95,88.15,2.19,97.12
2025-08-30,Karauli,26.4973,77.0276,15.14,27.61,88.9,2.16,97.25
2025-08-31,Karauli,26.4973,77.0276,9.58,27.3,91.37,1.57,97.06
2025-09-01,Karauli,26.4973,77.0276,26.72,26.97,89.27,2.61,96.82
2025-09-02,Karauli,26.4973,77.0276,18.38,27.35,86.23,1.88,96.92
2025-09-03,Karauli,26.4973,77.0276,16.12,26.37,91.32,2.28,97.13
2025-09-04,Karauli,26.4973,77.0276,25.82,26.96,90.36,2.9,97.11
2025-09-05,Karauli,26.4973,77.0276,58.31,26.94,90.7,2.84,97.05
2025-09-06,Karauli,26.4973,77.0276,4.71,26.94,90.49,3.41,97.16
2025-09-07,Karauli,26.4973,77.0276,5.77,26.75,88.65,2.15,97.28
2025-09-08,Karauli,26.4973,77.0276,2.08,26.4,87.8,1.92,97.43
2025-09-09,Karauli,26.4973,77.0276,0.0,26.62,86.11,2.09,97.62
2025-09-10,Karauli,26.4973,77.0276,0.0,26.79,86.79,2.73,97.54
2025-09-11,Karauli,26.4973,77.0276,0.0,26.11,86.21,2.55,97.5
2025-09-12,Karauli,26.4973,77.0276,0.0,26.77,85.15,1.72,97.6
2025-09-13,Karauli,26.4973,77.0276,0.0,27.69,79.74,1.17,97.59
2025-09-14,Karauli,26.4973,77.0276,0.0,28.33,79.88,1.21,97.51
2025-09-15,Karauli,26.4973,77.0276,0.01,27.75,83.66,1.61,97.35
2025-09-16,Karauli,26.4973,77.0276,3.04,27.92,83.54,1.17,97.35
2025-09-17,Karauli,26.4973,77.0276,0.68,27.28,88.33,1.37,97.38
2025-09-18,Karauli,26.4973,77.0276,5.87,27.64,83.37,0.72,97.4
2025-09-19,Karauli,26.4973,77.0276,0.97,28.28,80.02,1.15,97.48
2025-09-20,Karauli,26.4973,77.0276,2.64,28.16,78.65,1.53,97.45
2025-09-21,Karauli,26.4973,77.0276,0.03,27.92,76.9,1.75,97.39
2025-09-22,Karauli,26.4973,77.0276,0.0,27.01,76.38,1.83,97.43
2025-09-23,Karauli,26.4973,77.0276,0.0,26.67,78.9,2.11,97.39
2025-09-24,Karauli,26.4973,77.0276,0.0,26.89,79.56,2.48,97.27
2025-09-25,Karauli,26.4973,77.0276,0.0,27.19,74.55,1.79,97.31
2025-09-26,Karauli,26.4973,77.0276,0.0,26.86,71.65,1.64,97.43
2025-09-27,Karauli,26.4973,77.0276,0.9,26.92,83.78,2.07,97.55
2025-09-28,Karauli,26.4973,77.0276,0.01,26.92,89.09,2.86,97.43
2025-09-29,Karauli,26.4973,77.0276,0.33,27.15,88.03,2.31,97.3
2025-09-30,Karauli,26.4973,77.0276,13.97,26.09,92.27,1.28,97.19
2025-10-01,Karauli,26.4973,77.0276,4.94,26.39,88.17,0.91,97.2
2025-10-02,Karauli,26.4973,77.0276,0.28,26.62,86.39,1.62,97.49
2025-10-03,Karauli,26.4973,77.0276,0.0,26.0,87.8,1.91,97.75
2025-10-04,Karauli,26.4973,77.0276,0.05,26.44,83.72,1.35,97.64
2025-10-05,Karauli,26.4973,77.0276,8.55,26.25,82.63,1.98,97.61
2025-10-06,Karauli,26.4973,77.0276,12.8,25.5,84.32,1.43,97.72
2025-10-07,Karauli,26.4973,77.0276,7.74,24.09,82.79,2.03,97.77
2025-10-08,Karauli,26.4973,77.0276,0.0,22.53,76.92,1.28,97.97
2025-10-09,Karauli,26.4973,77.0276,0.0,22.99,69.36,0.98,98.13
2025-10-10,Karauli,26.4973,77.0276,0.0,22.58,66.3,1.0,98.02
2025-10-11,Karauli,26.4973,77.0276,0.0,22.69,66.25,1.1,97.99
2025-10-12,Karauli,26.4973,77.0276,0.0,22.91,67.1,0.94,97.96
2025-10-13,Karauli,26.4973,77.0276,0.0,22.92,67.71,0.9,98.04
2025-10-14,Karauli,26.4973,77.0276,0.0,22.85,66.67,0.94,97.96
2025-10-15,Karauli,26.4973,77.0276,0.0,22.75,65.43,0.95,97.94
2025-10-16,Karauli,26.4973,77.0276,0.0,23.73,58.04,0.74,97.94
2025-10-17,Karauli,26.4973,77.0276,0.0,23.52,61.87,0.75,98.04
2025-10-18,Karauli,26.4973,77.0276,0.0,23.07,62.54,0.85,97.99
2025-10-19,Karauli,26.4973,77.0276,0.0,22.77,62.62,1.08,97.92
2025-10-20,Karauli,26.4973,77.0276,0.0,22.49,66.08,1.31,97.96
2025-10-21,Karauli,26.4973,77.0276,0.0,23.49,66.95,1.03,98.08
2025-10-22,Karauli,26.4973,77.0276,0.0,24.09,64.43,0.78,98.13
2025-10-23,Karauli,26.4973,77.0276,0.0,24.19,63.26,0.73,98.03
2025-10-24,Karauli,26.4973,77.0276,0.0,23.77,64.04,0.84,98.02
2025-10-25,Karauli,26.4973,77.0276,0.83,22.6,71.59,1.11,97.96
2025-10-26,Karauli,26.4973,77.0276,0.72,22.31,76.45,1.82,98.03
2025-10-27,Karauli,26.4973,77.0276,29.52,20.74,91.97,2.51,98.1
2025-10-28,Karauli,26.4973,77.0276,20.72,18.74,92.39,3.3,98.11
2025-10-29,Karauli,26.4973,77.0276,0.18,20.45,90.51,2.11,97.99
2025-10-30,Karauli,26.4973,77.0276,2.67,21.73,92.19,2.43,97.91
2025-10-31,Karauli,26.4973,77.0276,0.21,21.95,87.39,1.55,97.92
2025-11-01,Karauli,26.4973,77.0276,0.0,22.92,82.65,1.07,97.94
2025-11-02,Karauli,26.4973,77.0276,0.0,22.28,73.82,1.46,97.96
2025-11-03,Karauli,26.4973,77.0276,0.01,20.89,63.86,1.82,97.83
2025-11-04,Karauli,26.4973,77.0276,2.13,21.99,84.25,1.89,97.71
2025-11-05,Karauli,26.4973,77.0276,0.07,20.6,73.26,1.79,97.81
2025-11-06,Karauli,26.4973,77.0276,0.0,18.14,57.38,1.77,98.06
2025-11-07,Karauli,26.4973,77.0276,0.0,17.54,45.8,1.2,98.24
2025-11-08,Karauli,26.4973,77.0276,0.0,17.22,48.8,1.47,98.3
2025-11-09,Karauli,26.4973,77.0276,0.0,17.04,56.58,1.52,98.17
2025-11-10,Karauli,26.4973,77.0276,0.0,17.27,63.67,1.54,98.14
2025-11-11,Karauli,26.4973,77.0276,0.0,18.35,55.31,1.13,98.22
2025-11-12,Karauli,26.4973,77.0276,0.0,18.0,58.97,1.22,98.33
2025-11-13,Karauli,26.4973,77.0276,0.0,18.08,55.58,1.14,98.45
2025-11-14,Karauli,26.4973,77.0276,0.0,17.94,47.59,1.04,98.44
2025-11-15,Karauli,26.4973,77.0276,0.0,16.59,54.19,1.29,98.55
2025-11-16,Karauli,26.4973,77.0276,0.0,16.64,53.27,1.39,98.72
2025-11-17,Karauli,26.4973,77.0276,0.0,15.79,57.4,1.3,98.64
2025-11-18,Karauli,26.4973,77.0276,0.0,16.03,59.28,1.21,98.44
2025-11-19,Karauli,26.4973,77.0276,0.0,15.59,68.09,1.16,98.42
2025-11-20,Karauli,26.4973,77.0276,0.0,16.84,69.7,1.0,98.49
2025-11-21,Karauli,26.4973,77.0276,0.0,16.69,72.55,1.13,98.58
2025-11-22,Karauli,26.4973,77.0276,0.0,16.93,73.29,1.32,98.44
2025-11-23,Karauli,26.4973,77.0276,0.0,17.12,70.02,1.1,98.43
2025-11-24,Karauli,26.4973,77.0276,0.0,16.0,75.42,1.31,98.54
2025-11-25,Karauli,26.4973,77.0276,0.0,16.25,64.09,1.18,98.53
2025-11-26,Karauli,26.4973,77.0276,0.0,16.07,59.67,1.24,98.54
2025-11-27,Karauli,26.4973,77.0276,0.0,15.62,66.3,1.44,98.63
2025-11-28,Karauli,26.4973,77.0276,0.01,17.1,63.45,0.82,98.52
2025-11-29,Karauli,26.4973,77.0276,0.0,18.32,67.09,0.89,98.34
2025-11-30,Karauli,26.4973,77.0276,0.0,18.14,72.57,1.23,98.29
2025-12-01,Karauli,26.4973,77.0276,0.0,17.62,77.6,1.08,98.25
2025-12-02,Karauli,26.4973,77.0276,0.0,17.39,77.82,1.55,98.24
2025-12-03,Karauli,26.4973,77.0276,0.0,16.1,58.89,1.15,98.55
2025-12-04,Karauli,26.4973,77.0276,0.0,14.57,50.94,1.17,98.66
2025-12-05,Karauli,26.4973,77.0276,0.0,15.38,43.03,0.97,98.77
2025-12-06,Karauli,26.4973,77.0276,0.0,14.17,52.51,1.38,98.71
2025-12-07,Karauli,26.4973,77.0276,0.0,14.98,52.82,1.32,98.62
2025-12-08,Karauli,26.4973,77.0276,0.0,15.98,50.65,1.44,98.61
2025-12-09,Karauli,26.4973,77.0276,0.0,15.92,49.67,1.68,98.57
2025-12-10,Karauli,26.4973,77.0276,0.0,15.22,51.73,1.56,98.56
2025-12-11,Karauli,26.4973,77.0276,0.0,15.55,53.0,1.46,98.46
2025-12-12,Karauli,26.4973,77.0276,0.0,16.8,46.98,1.17,98.36
2025-12-13,Karauli,26.4973,77.0276,0.0,17.09,49.4,0.84,98.44
2025-12-14,Karauli,26.4973,77.0276,0.0,16.75,57.92,0.88,98.54
2025-12-15,Karauli,26.4973,77.0276,0.0,16.04,62.97,1.32,98.52
2025-12-16,Karauli,26.4973,77.0276,0.0,15.57,54.74,1.22,98.49
2025-12-17,Karauli,26.4973,77.0276,0.0,15.39,54.93,1.36,98.57
2025-12-18,Karauli,26.4973,77.0276,0.0,16.3,53.4,1.33,98.59
2025-12-19,Karauli,26.4973,77.0276,0.0,16.3,50.62,1.14,98.38
2025-12-20,Karauli,26.4973,77.0276,0.0,15.11,54.99,1.11,98.24
2025-12-21,Karauli,26.4973,77.0276,0.0,14.99,64.66,1.02,98.39
2025-12-22,Karauli,26.4973,77.0276,0.0,16.59,64.03,0.81,98.42
2025-12-23,Karauli,26.4973,77.0276,0.0,17.07,67.56,1.49,98.3
2025-12-24,Karauli,26.4973,77.0276,0.0,14.68,55.28,1.87,98.33
2025-12-25,Karauli,26.4973,77.0276,0.0,13.92,47.56,1.13,98.4
2025-12-26,Karauli,26.4973,77.0276,0.0,13.83,52.62,1.16,98.45
2025-12-27,Karauli,26.4973,77.0276,0.0,13.66,52.08,1.34,98.44
2025-12-28,Karauli,26.4973,77.0276,0.0,14.09,48.7,1.19,98.49
2025-12-29,Karauli,26.4973,77.0276,0.0,14.22,55.0,1.22,98.45
2025-12-30,Karauli,26.4973,77.0276,0.0,14.51,62.21,1.46,98.22
2025-12-31,Karauli,26.4973,77.0276,0.0,15.03,69.74,1.22,98.01
2025-01-01,Khairthal-Tijara,27.8,76.7,0.0,12.57,46.65,1.56,98.9
2025-01-02,Khairthal-Tijara,27.8,76.7,0.0,13.72,45.66,1.71,98.86
2025-01-03,Khairthal-Tijara,27.8,76.7,0.0,15.88,45.62,1.0,98.82
2025-01-04,Khairthal-Tijara,27.8,76.7,0.0,16.2,49.63,1.32,98.59
2025-01-05,Khairthal-Tijara,27.8,76.7,0.0,14.56,62.5,2.08,98.55
2025-01-06,Khairthal-Tijara,27.8,76.7,0.11,14.17,67.22,1.12,98.7
2025-01-07,Khairthal-Tijara,27.8,76.7,0.02,12.03,57.14,2.35,98.83
2025-01-08,Khairthal-Tijara,27.8,76.7,0.0,12.61,38.16,2.46,98.65
2025-01-09,Khairthal-Tijara,27.8,76.7,0.0,14.48,33.66,1.03,98.82
2025-01-10,Khairthal-Tijara,27.8,76.7,0.0,12.61,43.37,1.57,98.97
2025-01-11,Khairthal-Tijara,27.8,76.7,2.65,11.48,56.9,1.63,98.85
2025-01-12,Khairthal-Tijara,27.8,76.7,0.02,12.0,73.23,1.23,98.93
2025-01-13,Khairthal-Tijara,27.8,76.7,0.0,12.53,73.25,1.81,98.93
2025-01-14,Khairthal-Tijara,27.8,76.7,0.0,13.6,54.4,1.16,98.91
2025-01-15,Khairthal-Tijara,27.8,76.7,0.4,13.86,50.85,1.28,99.01
2025-01-16,Khairthal-Tijara,27.8,76.7,1.9,13.49,79.22,0.96,99.07
2025-01-17,Khairthal-Tijara,27.8,76.7,0.06,12.02,66.18,1.63,99.08
2025-01-18,Khairthal-Tijara,27.8,76.7,0.0,13.16,43.27,0.9,98.86
2025-01-19,Khairthal-Tijara,27.8,76.7,0.0,17.22,48.31,1.13,98.72
2025-01-20,Khairthal-Tijara,27.8,76.7,0.0,15.4,52.57,2.0,98.63
2025-01-21,Khairthal-Tijara,27.8,76.7,0.0,15.48,49.09,2.04,98.47
2025-01-22,Khairthal-Tijara,27.8,76.7,0.03,16.75,55.3,0.96,98.42
2025-01-23,Khairthal-Tijara,27.8,76.7,0.07,16.57,51.87,1.66,98.58
2025-01-24,Khairthal-Tijara,27.8,76.7,0.0,14.25,45.08,2.53,98.65
2025-01-25,Khairthal-Tijara,27.8,76.7,0.0,13.87,35.24,2.38,98.61
2025-01-26,Khairthal-Tijara,27.8,76.7,0.0,14.0,30.08,2.01,98.57
2025-01-27,Khairthal-Tijara,27.8,76.7,0.0,14.15,30.56,1.79,98.42
2025-01-28,Khairthal-Tijara,27.8,76.7,0.0,15.36,29.8,1.51,98.36
2025-01-29,Khairthal-Tijara,27.8,76.7,0.0,15.58,38.04,1.94,98.47
2025-01-30,Khairthal-Tijara,27.8,76.7,0.0,15.76,46.1,1.56,98.16
2025-01-31,Khairthal-Tijara,27.8,76.7,0.0,17.15,43.27,1.13,98.12
2025-02-01,Khairthal-Tijara,27.8,76.7,0.0,17.07,45.1,1.51,98.36
2025-02-02,Khairthal-Tijara,27.8,76.7,0.0,16.17,51.17,1.28,98.55
2025-02-03,Khairthal-Tijara,27.8,76.7,0.0,17.02,43.73,1.22,98.5
2025-02-04,Khairthal-Tijara,27.8,76.7,0.19,17.84,47.53,1.34,98.5
2025-02-05,Khairthal-Tijara,27.8,76.7,0.0,14.87,38.57,2.51,98.62
2025-02-06,Khairthal-Tijara,27.8,76.7,0.0,14.05,34.79,2.34,98.81
2025-02-07,Khairthal-Tijara,27.8,76.7,0.0,14.52,32.0,2.77,98.76
2025-02-08,Khairthal-Tijara,27.8,76.7,0.0,16.51,26.28,2.19,98.62
2025-02-09,Khairthal-Tijara,27.8,76.7,0.0,18.98,23.51,0.98,98.48
2025-02-10,Khairthal-Tijara,27.8,76.7,0.0,20.49,25.73,1.04,98.44
2025-02-11,Khairthal-Tijara,27.8,76.7,0.0,19.76,31.79,1.39,98.39
2025-02-12,Khairthal-Tijara,27.8,76.7,0.0,17.98,37.41,2.34,98.56
2025-02-13,Khairthal-Tijara,27.8,76.7,0.0,17.24,28.18,2.84,98.61
2025-02-14,Khairthal-Tijara,27.8,76.7,0.0,18.82,24.11,2.51,98.41
2025-02-15,Khairthal-Tijara,27.8,76.7,0.0,21.09,28.56,1.94,98.13
2025-02-16,Khairthal-Tijara,27.8,76.7,0.0,19.13,38.33,1.05,98.34
2025-02-17,Khairthal-Tijara,27.8,76.7,0.0,21.23,33.49,0.96,98.59
2025-02-18,Khairthal-Tijara,27.8,76.7,0.02,21.51,34.31,1.03,98.53
2025-02-19,Khairthal-Tijara,27.8,76.7,1.62,21.72,33.52,1.05,98.36
2025-02-20,Khairthal-Tijara,27.8,76.7,0.24,21.05,51.56,2.99,98.41
2025-02-21,Khairthal-Tijara,27.8,76.7,0.0,19.69,47.52,1.54,98.7
2025-02-22,Khairthal-Tijara,27.8,76.7,0.0,18.21,44.76,2.52,98.73
2025-02-23,Khairthal-Tijara,27.8,76.7,0.0,19.04,41.21,1.4,98.79
2025-02-24,Khairthal-Tijara,27.8,76.7,0.0,20.01,38.0,1.57,98.92
2025-02-25,Khairthal-Tijara,27.8,76.7,0.0,22.06,36.97,1.19,98.91
2025-02-26,Khairthal-Tijara,27.8,76.7,0.0,22.69,37.47,1.08,98.89
2025-02-27,Khairthal-Tijara,27.8,76.7,0.05,21.63,40.16,1.55,98.58
2025-02-28,Khairthal-Tijara,27.8,76.7,5.16,20.25,56.75,1.79,98.31
2025-03-01,Khairthal-Tijara,27.8,76.7,0.63,21.09,61.89,1.95,98.33
2025-03-02,Khairthal-Tijara,27.8,76.7,0.0,20.86,46.07,2.06,98.33
2025-03-03,Khairthal-Tijara,27.8,76.7,0.0,21.81,32.45,1.48,98.15
2025-03-04,Khairthal-Tijara,27.8,76.7,0.0,20.4,32.32,3.72,98.41
2025-03-05,Khairthal-Tijara,27.8,76.7,0.0,17.46,25.57,4.52,98.53
2025-03-06,Khairthal-Tijara,27.8,76.7,0.0,19.64,20.32,2.96,98.36
2025-03-07,Khairthal-Tijara,27.8,76.7,0.0,21.51,20.73,1.75,98.16
2025-03-08,Khairthal-Tijara,27.8,76.7,0.0,22.48,25.12,2.03,98.03
2025-03-09,Khairthal-Tijara,27.8,76.7,0.0,23.94,25.47,1.95,98.29
2025-03-10,Khairthal-Tijara,27.8,76.7,0.0,24.57,29.11,2.29,98.58
2025-03-11,Khairthal-Tijara,27.8,76.7,0.0,25.67,30.16,1.63,98.39
2025-03-12,Khairthal-Tijara,27.8,76.7,0.0,26.46,33.36,1.93,98.02
2025-03-13,Khairthal-Tijara,27.8,76.7,0.98,28.14,36.21,1.22,97.81
2025-03-14,Khairthal-Tijara,27.8,76.7,0.94,27.97,36.71,1.45,97.91
2025-03-15,Khairthal-Tijara,27.8,76.7,0.0,26.06,35.44,2.95,98.06
2025-03-16,Khairthal-Tijara,27.8,76.7,0.0,24.62,35.0,2.9,98.27
2025-03-17,Khairthal-Tijara,27.8,76.7,0.0,23.32,35.07,1.92,98.37
2025-03-18,Khairthal-Tijara,27.8,76.7,0.0,23.3,30.44,1.78,98.35
2025-03-19,Khairthal-Tijara,27.8,76.7,0.0,24.86,22.61,1.31,98.42
2025-03-20,Khairthal-Tijara,27.8,76.7,0.0,25.16,24.25,1.43,98.53
2025-03-21,Khairthal-Tijara,27.8,76.7,0.0,25.05,25.7,2.16,98.48
2025-03-22,Khairthal-Tijara,27.8,76.7,0.0,25.15,22.31,1.76,98.37
2025-03-23,Khairthal-Tijara,27.8,76.7,0.16,25.27,19.19,1.14,98.5
2025-03-24,Khairthal-Tijara,27.8,76.7,0.0,26.41,16.48,1.55,98.43
2025-03-25,Khairthal-Tijara,27.8,76.7,0.0,27.63,17.42,1.32,98.04
2025-03-26,Khairthal-Tijara,27.8,76.7,0.0,29.8,18.66,1.48,97.78
2025-03-27,Khairthal-Tijara,27.8,76.7,0.0,29.42,19.37,2.69,97.75
2025-03-28,Khairthal-Tijara,27.8,76.7,0.0,25.3,10.74,3.43,98.04
2025-03-29,Khairthal-Tijara,27.8,76.7,0.0,22.13,10.24,3.34,98.11
2025-03-30,Khairthal-Tijara,27.8,76.7,0.0,24.8,11.25,2.68,98.13
2025-03-31,Khairthal-Tijara,27.8,76.7,0.0,25.65,12.53,2.2,98.15
2025-04-01,Khairthal-Tijara,27.8,76.7,0.0,26.24,14.28,1.92,98.06
2025-04-02,Khairthal-Tijara,27.8,76.7,0.0,27.99,10.65,1.09,98.13
2025-04-03,Khairthal-Tijara,27.8,76.7,0.0,28.57,10.5,1.86,98.2
2025-04-04,Khairthal-Tijara,27.8,76.7,0.02,29.94,13.4,1.83,98.14
2025-04-05,Khairthal-Tijara,27.8,76.7,0.0,28.63,18.77,2.18,97.98
2025-04-06,Khairthal-Tijara,27.8,76.7,0.0,31.05,18.0,1.92,97.78
2025-04-07,Khairthal-Tijara,27.8,76.7,0.0,31.89,16.29,1.91,97.88
2025-04-08,Khairthal-Tijara,27.8,76.7,0.0,31.92,16.4,2.69,98.07
2025-04-09,Khairthal-Tijara,27.8,76.7,0.0,32.32,21.24,2.4,97.88
2025-04-10,Khairthal-Tijara,27.8,76.7,0.0,32.96,22.87,1.35,97.45
2025-04-11,Khairthal-Tijara,27.8,76.7,0.99,31.47,30.19,2.82,97.35
2025-04-12,Khairthal-Tijara,27.8,76.7,0.03,30.41,31.41,1.55,97.72
2025-04-13,Khairthal-Tijara,27.8,76.7,0.0,30.75,26.4,1.52,97.91
2025-04-14,Khairthal-Tijara,27.8,76.7,0.0,30.78,24.47,2.41,97.92
2025-04-15,Khairthal-Tijara,27.8,76.7,0.0,31.1,28.91,2.58,97.96
2025-04-16,Khairthal-Tijara,27.8,76.7,0.0,32.25,26.44,2.2,97.81
2025-04-17,Khairthal-Tijara,27.8,76.7,0.0,33.51,24.48,2.32,97.54
2025-04-18,Khairthal-Tijara,27.8,76.7,0.0,34.34,23.49,1.88,97.38
2025-04-19,Khairthal-Tijara,27.8,76.7,0.09,33.15,21.94,3.35,97.43
2025-04-20,Khairthal-Tijara,27.8,76.7,0.0,33.43,19.92,1.2,97.42
2025-04-21,Khairthal-Tijara,27.8,76.7,0.0,32.96,9.18,2.83,97.78
2025-04-22,Khairthal-Tijara,27.8,76.7,0.0,31.59,7.86,2.37,97.9
2025-04-23,Khairthal-Tijara,27.8,76.7,0.0,31.39,8.33,2.6,97.69
2025-04-24,Khairthal-Tijara,27.8,76.7,0.0,33.04,6.81,2.07,97.46
2025-04-25,Khairthal-Tijara,27.8,76.7,0.0,33.58,9.21,2.34,97.48
2025-04-26,Khairthal-Tijara,27.8,76.7,0.0,33.78,9.24,1.53,97.55
2025-04-27,Khairthal-Tijara,27.8,76.7,0.0,33.36,13.31,1.16,97.67
2025-04-28,Khairthal-Tijara,27.8,76.7,0.0,33.24,14.86,2.68,97.53
2025-04-29,Khairthal-Tijara,27.8,76.7,0.0,31.22,20.8,2.97,97.65
2025-04-30,Khairthal-Tijara,27.8,76.7,0.0,31.73,27.05,3.17,97.78
2025-05-01,Khairthal-Tijara,27.8,76.7,0.12,32.29,31.79,3.52,97.88
2025-05-02,Khairthal-Tijara,27.8,76.7,17.84,28.49,51.69,2.75,97.98
2025-05-03,Khairthal-Tijara,27.8,76.7,4.9,29.41,51.2,3.02,97.69
2025-05-04,Khairthal-Tijara,27.8,76.7,1.62,30.52,43.96,3.05,97.47
2025-05-05,Khairthal-Tijara,27.8,76.7,0.3,30.19,41.34,2.52,97.65
2025-05-06,Khairthal-Tijara,27.8,76.7,0.62,27.63,48.79,2.21,97.69
2025-05-07,Khairthal-Tijara,27.8,76.7,0.41,29.87,46.56,2.12,97.59
2025-05-08,Khairthal-Tijara,27.8,76.7,0.42,28.76,53.05,2.46,97.68
2025-05-09,Khairthal-Tijara,27.8,76.7,1.3,30.54,45.94,1.9,97.75
2025-05-10,Khairthal-Tijara,27.8,76.7,1.82,31.64,46.36,1.31,97.68
2025-05-11,Khairthal-Tijara,27.8,76.7,0.02,33.03,41.51,1.7,97.56
2025-05-12,Khairthal-Tijara,27.8,76.7,0.09,34.23,32.16,1.88,97.48
2025-05-13,Khairthal-Tijara,27.8,76.7,2.41,34.24,39.7,3.55,97.5
2025-05-14,Khairthal-Tijara,27.8,76.7,0.09,34.79,32.99,2.5,97.49
2025-05-15,Khairthal-Tijara,27.8,76.7,0.0,35.63,25.2,2.03,97.46
2025-05-16,Khairthal-Tijara,27.8,76.7,0.01,37.05,21.78,2.64,97.34
2025-05-17,Khairthal-Tijara,27.8,76.7,0.14,36.74,24.79,3.69,97.31
2025-05-18,Khairthal-Tijara,27.8,76.7,0.1,37.84,24.75,3.63,97.29
2025-05-19,Khairthal-Tijara,27.8,76.7,0.0,36.74,25.45,2.07,97.29
2025-05-20,Khairthal-Tijara,27.8,76.7,0.0,38.09,22.69,2.53,97.11
2025-05-21,Khairthal-Tijara,27.8,76.7,0.0,37.9,21.02,1.74,97.15
2025-05-22,Khairthal-Tijara,27.8,76.7,5.67,33.49,33.94,3.73,97.29
2025-05-23,Khairthal-Tijara,27.8,76.7,0.0,34.06,35.35,4.14,97.12
2025-05-24,Khairthal-Tijara,27.8,76.7,0.02,35.12,32.14,4.34,97.11
2025-05-25,Khairthal-Tijara,27.8,76.7,32.5,31.22,54.12,3.27,97.45
2025-05-26,Khairthal-Tijara,27.8,76.7,0.0,31.72,51.02,3.03,97.32
2025-05-27,Khairthal-Tijara,27.8,76.7,0.0,32.5,45.29,1.72,97.11
2025-05-28,Khairthal-Tijara,27.8,76.7,0.0,33.76,48.62,1.77,96.96
2025-05-29,Khairthal-Tijara,27.8,76.7,0.01,34.53,46.19,1.88,96.75
2025-05-30,Khairthal-Tijara,27.8,76.7,0.24,33.94,45.42,2.07,96.7
2025-05-31,Khairthal-Tijara,27.8,76.7,0.29,34.41,35.21,1.28,96.9
2025-06-01,Khairthal-Tijara,27.8,76.7,6.5,32.9,44.31,3.45,97.07
2025-06-02,Khairthal-Tijara,27.8,76.7,0.97,32.05,48.13,1.98,97.02
2025-06-03,Khairthal-Tijara,27.8,76.7,0.25,31.36,47.38,1.51,97.27
2025-06-04,Khairthal-Tijara,27.8,76.7,0.09,31.36,42.78,2.03,97.53
2025-06-05,Khairthal-Tijara,27.8,76.7,0.13,32.24,40.0,1.32,97.78
2025-06-06,Khairthal-Tijara,27.8,76.7,0.37,33.58,34.01,1.79,97.7
2025-06-07,Khairthal-Tijara,27.8,76.7,0.0,35.15,31.48,1.52,97.52
2025-06-08,Khairthal-Tijara,27.8,76.7,0.0,37.33,27.45,1.97,97.34
2025-06-09,Khairthal-Tijara,27.8,76.7,0.0,37.69,21.15,3.42,97.19
2025-06-10,Khairthal-Tijara,27.8,76.7,0.0,37.94,19.25,3.7,97.1
2025-06-11,Khairthal-Tijara,27.8,76.7,0.0,38.06,20.95,2.95,97.13
2025-06-12,Khairthal-Tijara,27.8,76.7,0.0,38.45,22.75,2.02,97.11
2025-06-13,Khairthal-Tijara,27.8,76.7,0.0,38.48,29.82,2.95,97.12
2025-06-14,Khairthal-Tijara,27.8,76.7,4.3,37.42,30.86,2.3,97.02
2025-06-15,Khairthal-Tijara,27.8,76.7,1.88,35.53,39.24,2.97,96.93
2025-06-16,Khairthal-Tijara,27.8,76.7,5.44,33.44,52.68,3.21,96.97
2025-06-17,Khairthal-Tijara,27.8,76.7,7.59,31.83,62.33,2.25,97.07
2025-06-18,Khairthal-Tijara,27.8,76.7,15.39,30.52,70.02,2.49,96.91
2025-06-19,Khairthal-Tijara,27.8,76.7,0.48,30.82,67.02,3.63,96.8
2025-06-20,Khairthal-Tijara,27.8,76.7,4.16,31.27,68.1,2.39,97.02
2025-06-21,Khairthal-Tijara,27.8,76.7,0.24,33.07,59.04,2.51,97.12
2025-06-22,Khairthal-Tijara,27.8,76.7,1.42,33.64,56.11,1.95,97.02
2025-06-23,Khairthal-Tijara,27.8,76.7,2.77,33.46,55.86,2.03,96.82
2025-06-24,Khairthal-Tijara,27.8,76.7,1.18,33.35,56.8,1.36,96.8
2025-06-25,Khairthal-Tijara,27.8,76.7,0.85,33.27,58.11,3.19,97.03
2025-06-26,Khairthal-Tijara,27.8,76.7,1.3,33.34,56.76,3.56,97.21
2025-06-27,Khairthal-Tijara,27.8,76.7,4.81,33.01,58.47,3.17,97.13
2025-06-28,Khairthal-Tijara,27.8,76.7,4.27,33.04,58.64,2.47,97.0
2025-06-29,Khairthal-Tijara,27.8,76.7,13.97,32.11,64.09,2.14,96.82
2025-06-30,Khairthal-Tijara,27.8,76.7,31.34,29.2,80.52,2.94,96.85
2025-07-01,Khairthal-Tijara,27.8,76.7,4.9,30.25,68.69,2.58,97.02
2025-07-02,Khairthal-Tijara,27.8,76.7,7.06,30.86,69.56,2.77,97.0
2025-07-03,Khairthal-Tijara,27.8,76.7,1.73,31.18,70.05,3.22,97.06
2025-07-04,Khairthal-Tijara,27.8,76.7,7.92,31.65,69.8,2.44,97.07
2025-07-05,Khairthal-Tijara,27.8,76.7,2.19,32.19,67.33,2.04,97.0
2025-07-06,Khairthal-Tijara,27.8,76.7,12.46,31.01,74.73,1.66,96.94
2025-07-07,Khairthal-Tijara,27.8,76.7,1.69,31.64,71.61,1.76,96.99
2025-07-08,Khairthal-Tijara,27.8,76.7,4.57,31.55,69.85,1.89,97.05
2025-07-09,Khairthal-Tijara,27.8,76.7,14.76,31.25,70.2,1.86,97.12
2025-07-10,Khairthal-Tijara,27.8,76.7,20.87,28.3,83.75,1.56,97.31
2025-07-11,Khairthal-Tijara,27.8,76.7,4.54,29.66,74.45,1.36,97.32
2025-07-12,Khairthal-Tijara,27.8,76.7,2.03,30.44,71.21,1.68,97.28
2025-07-13,Khairthal-Tijara,27.8,76.7,10.84,29.21,76.4,2.19,97.24
2025-07-14,Khairthal-Tijara,27.8,76.7,5.74,28.43,83.07,4.36,97.02
2025-07-15,Khairthal-Tijara,27.8,76.7,7.26,29.24,80.07,3.84,96.88
2025-07-16,Khairthal-Tijara,27.8,76.7,5.35,28.28,81.28,3.49,97.19
2025-07-17,Khairthal-Tijara,27.8,76.7,4.91,28.41,81.52,2.88,97.34
2025-07-18,Khairthal-Tijara,27.8,76.7,6.05,28.44,79.33,4.44,97.15
2025-07-19,Khairthal-Tijara,27.8,76.7,1.92,29.0,78.67,4.45,96.9
2025-07-20,Khairthal-Tijara,27.8,76.7,0.0,30.48,72.44,2.59,96.96
2025-07-21,Khairthal-Tijara,27.8,76.7,0.0,29.28,77.3,2.01,97.24
2025-07-22,Khairthal-Tijara,27.8,76.7,4.59,29.57,79.83,1.44,97.1
2025-07-23,Khairthal-Tijara,27.8,76.7,16.41,29.93,80.31,2.13,96.82
2025-07-24,Khairthal-Tijara,27.8,76.7,1.34,31.03,72.5,2.28,96.71
2025-07-25,Khairthal-Tijara,27.8,76.7,4.12,31.61,70.92,1.97,96.72
2025-07-26,Khairthal-Tijara,27.8,76.7,0.75,31.35,72.71,1.27,96.8
2025-07-27,Khairthal-Tijara,27.8,76.7,0.04,31.42,70.46,2.06,96.77
2025-07-28,Khairthal-Tijara,27.8,76.7,8.86,30.03,78.87,1.02,96.79
2025-07-29,Khairthal-Tijara,27.8,76.7,9.85,29.0,83.71,1.48,96.87
2025-07-30,Khairthal-Tijara,27.8,76.7,11.68,29.02,83.26,1.61,96.93
2025-07-31,Khairthal-Tijara,27.8,76.7,10.03,29.15,82.52,1.32,97.03
2025-08-01,Khairthal-Tijara,27.8,76.7,19.66,28.88,82.64,1.95,97.17
2025-08-02,Khairthal-Tijara,27.8,76.7,3.11,29.56,79.76,2.28,97.21
2025-08-03,Khairthal-Tijara,27.8,76.7,9.65,29.56,78.64,2.79,97.33
2025-08-04,Khairthal-Tijara,27.8,76.7,6.84,29.67,78.0,2.96,97.39
2025-08-05,Khairthal-Tijara,27.8,76.7,11.75,28.84,81.61,2.75,97.43
2025-08-06,Khairthal-Tijara,27.8,76.7,0.51,28.96,76.05,1.69,97.5
2025-08-07,Khairthal-Tijara,27.8,76.7,0.13,29.79,73.41,3.0,97.39
2025-08-08,Khairthal-Tijara,27.8,76.7,17.11,30.05,72.37,2.65,97.46
2025-08-09,Khairthal-Tijara,27.8,76.7,14.65,28.83,78.74,2.08,97.67
2025-08-10,Khairthal-Tijara,27.8,76.7,10.51,29.28,77.99,1.62,97.53
2025-08-11,Khairthal-Tijara,27.8,76.7,4.79,29.85,77.21,2.12,97.43
2025-08-12,Khairthal-Tijara,27.8,76.7,4.06,29.85,78.07,1.73,97.35
2025-08-13,Khairthal-Tijara,27.8,76.7,3.57,28.53,80.71,1.92,97.29
2025-08-14,Khairthal-Tijara,27.8,76.7,36.36,27.45,89.21,1.77,97.55
2025-08-15,Khairthal-Tijara,27.8,76.7,1.16,27.76,84.08,1.17,97.45
2025-08-16,Khairthal-Tijara,27.8,76.7,0.5,28.61,82.34,1.91,97.28
2025-08-17,Khairthal-Tijara,27.8,76.7,1.61,28.74,84.33,2.16,97.39
2025-08-18,Khairthal-Tijara,27.8,76.7,0.18,28.12,87.22,2.49,97.55
2025-08-19,Khairthal-Tijara,27.8,76.7,2.47,28.83,82.32,2.31,97.43
2025-08-20,Khairthal-Tijara,27.8,76.7,0.29,28.68,82.21,2.7,97.36
2025-08-21,Khairthal-Tijara,27.8,76.7,6.27,28.68,83.04,2.11,97.33
2025-08-22,Khairthal-Tijara,27.8,76.7,1.88,29.75,77.88,0.92,97.11
2025-08-23,Khairthal-Tijara,27.8,76.7,16.08,28.65,83.78,1.13,97.15
2025-08-24,Khairthal-Tijara,27.8,76.7,4.13,28.41,84.77,2.17,97.2
2025-08-25,Khairthal-Tijara,27.8,76.7,22.89,27.3,91.12,2.43,97.1
2025-08-26,Khairthal-Tijara,27.8,76.7,3.94,27.77,87.16,2.83,97.36
2025-08-27,Khairthal-Tijara,27.8,76.7,6.29,28.54,85.17,1.61,97.4
2025-08-28,Khairthal-Tijara,27.8,76.7,1.97,28.62,84.29,1.8,97.35
2025-08-29,Khairthal-Tijara,27.8,76.7,9.36,27.63,88.29,2.81,97.49
2025-08-30,Khairthal-Tijara,27.8,76.7,24.34,27.8,88.33,2.3,97.61
2025-08-31,Khairthal-Tijara,27.8,76.7,18.52,27.4,90.91,2.18,97.4
2025-09-01,Khairthal-Tijara,27.8,76.7,38.64,26.61,90.77,3.2,97.09
2025-09-02,Khairthal-Tijara,27.8,76.7,22.31,26.7,90.49,2.46,97.17
2025-09-03,Khairthal-Tijara,27.8,76.7,23.59,26.76,89.36,1.96,97.5
2025-09-04,Khairthal-Tijara,27.8,76.7,28.97,26.99,87.96,1.7,97.55
2025-09-05,Khairthal-Tijara,27.8,76.7,17.65,26.66,90.02,3.91,97.52
2025-09-06,Khairthal-Tijara,27.8,76.7,1.11,27.31,88.35,3.35,97.57
2025-09-07,Khairthal-Tijara,27.8,76.7,2.07,27.31,87.77,2.51,97.57
2025-09-08,Khairthal-Tijara,27.8,76.7,1.43,27.33,85.19,1.7,97.7
2025-09-09,Khairthal-Tijara,27.8,76.7,0.23,28.05,81.9,1.65,97.86
2025-09-10,Khairthal-Tijara,27.8,76.7,0.0,27.35,82.62,2.92,97.76
2025-09-11,Khairthal-Tijara,27.8,76.7,0.0,26.96,82.07,2.89,97.7
2025-09-12,Khairthal-Tijara,27.8,76.7,0.0,27.57,80.35,2.14,97.84
2025-09-13,Khairthal-Tijara,27.8,76.7,0.01,27.99,76.13,1.45,97.86
2025-09-14,Khairthal-Tijara,27.8,76.7,0.02,28.6,77.17,1.36,97.79
2025-09-15,Khairthal-Tijara,27.8,76.7,0.17,28.21,78.89,2.12,97.61
2025-09-16,Khairthal-Tijara,27.8,76.7,0.69,28.23,78.5,1.16,97.63
2025-09-17,Khairthal-Tijara,27.8,76.7,15.21,28.39,80.95,1.28,97.66
2025-09-18,Khairthal-Tijara,27.8,76.7,3.52,28.26,81.27,0.72,97.68
2025-09-19,Khairthal-Tijara,27.8,76.7,0.17,29.03,73.64,1.1,97.75
2025-09-20,Khairthal-Tijara,27.8,76.7,0.03,28.21,73.18,1.64,97.72
2025-09-21,Khairthal-Tijara,27.8,76.7,0.0,27.71,70.3,1.83,97.65
2025-09-22,Khairthal-Tijara,27.8,76.7,0.0,26.82,67.97,1.93,97.69
2025-09-23,Khairthal-Tijara,27.8,76.7,0.0,26.87,68.05,2.1,97.64
2025-09-24,Khairthal-Tijara,27.8,76.7,0.0,27.46,67.53,2.17,97.52
2025-09-25,Khairthal-Tijara,27.8,76.7,0.0,27.35,67.0,1.99,97.59
2025-09-26,Khairthal-Tijara,27.8,76.7,0.0,27.28,67.15,1.95,97.72
2025-09-27,Khairthal-Tijara,27.8,76.7,0.0,28.09,76.02,1.25,97.91
2025-09-28,Khairthal-Tijara,27.8,76.7,0.0,28.07,81.13,2.45,97.82
2025-09-29,Khairthal-Tijara,27.8,76.7,0.08,27.86,82.02,2.03,97.67
2025-09-30,Khairthal-Tijara,27.8,76.7,10.5,26.14,89.34,1.49,97.54
2025-10-01,Khairthal-Tijara,27.8,76.7,1.16,26.58,79.44,1.06,97.54
2025-10-02,Khairthal-Tijara,27.8,76.7,3.0,26.22,81.48,1.54,97.85
2025-10-03,Khairthal-Tijara,27.8,76.7,0.01,26.13,83.89,1.5,98.12
2025-10-04,Khairthal-Tijara,27.8,76.7,0.0,27.85,70.59,1.24,97.91
2025-10-05,Khairthal-Tijara,27.8,76.7,1.52,27.2,71.59,1.55,97.83
2025-10-06,Khairthal-Tijara,27.8,76.7,16.4,25.37,83.1,1.52,97.99
2025-10-07,Khairthal-Tijara,27.8,76.7,17.67,24.41,82.81,1.85,98.04
2025-10-08,Khairthal-Tijara,27.8,76.7,0.09,22.05,78.41,1.54,98.28
2025-10-09,Khairthal-Tijara,27.8,76.7,0.0,22.12,68.97,1.62,98.43
2025-10-10,Khairthal-Tijara,27.8,76.7,0.0,22.44,63.59,1.24,98.31
2025-10-11,Khairthal-Tijara,27.8,76.7,0.0,23.06,61.5,1.18,98.29
2025-10-12,Khairthal-Tijara,27.8,76.7,0.0,24.08,61.29,1.1,98.24
2025-10-13,Khairthal-Tijara,27.8,76.7,0.0,23.98,56.63,0.98,98.34
2025-10-14,Khairthal-Tijara,27.8,76.7,0.0,23.32,59.16,1.05,98.25
2025-10-15,Khairthal-Tijara,27.8,76.7,0.0,22.92,61.42,1.23,98.23
2025-10-16,Khairthal-Tijara,27.8,76.7,0.0,23.34,57.11,1.1,98.22
2025-10-17,Khairthal-Tijara,27.8,76.7,0.0,24.31,52.56,0.88,98.36
2025-10-18,Khairthal-Tijara,27.8,76.7,0.0,23.51,59.99,1.18,98.3
2025-10-19,Khairthal-Tijara,27.8,76.7,0.0,23.39,63.3,1.55,98.23
2025-10-20,Khairthal-Tijara,27.8,76.7,0.0,23.61,64.66,1.77,98.28
2025-10-21,Khairthal-Tijara,27.8,76.7,0.0,24.11,69.97,1.15,98.4
2025-10-22,Khairthal-Tijara,27.8,76.7,0.0,25.42,60.45,0.9,98.42
2025-10-23,Khairthal-Tijara,27.8,76.7,0.0,24.81,50.74,1.01,98.35
2025-10-24,Khairthal-Tijara,27.8,76.7,0.0,23.73,53.78,1.12,98.33
2025-10-25,Khairthal-Tijara,27.8,76.7,0.0,23.03,54.75,1.13,98.28
2025-10-26,Khairthal-Tijara,27.8,76.7,0.0,22.62,61.2,1.28,98.38
2025-10-27,Khairthal-Tijara,27.8,76.7,1.2,21.71,74.1,1.56,98.48
2025-10-28,Khairthal-Tijara,27.8,76.7,0.08,20.33,78.03,1.51,98.53
2025-10-29,Khairthal-Tijara,27.8,76.7,0.07,22.55,71.74,1.18,98.35
2025-10-30,Khairthal-Tijara,27.8,76.7,0.78,22.37,81.54,1.25,98.31
2025-10-31,Khairthal-Tijara,27.8,76.7,0.01,23.93,72.15,1.21,98.2
2025-11-01,Khairthal-Tijara,27.8,76.7,0.0,23.89,58.97,1.34,98.22
2025-11-02,Khairthal-Tijara,27.8,76.7,0.0,23.22,50.97,1.58,98.24
2025-11-03,Khairthal-Tijara,27.8,76.7,0.0,22.69,44.99,2.2,98.05
2025-11-04,Khairthal-Tijara,27.8,76.7,0.02,20.87,58.39,1.18,98.07
2025-11-05,Khairthal-Tijara,27.8,76.7,0.0,21.47,56.95,1.53,98.09
2025-11-06,Khairthal-Tijara,27.8,76.7,0.0,18.11,52.33,2.31,98.36
2025-11-07,Khairthal-Tijara,27.8,76.7,0.0,17.29,43.02,2.2,98.52
2025-11-08,Khairthal-Tijara,27.8,76.7,0.0,17.6,42.56,1.78,98.57
2025-11-09,Khairthal-Tijara,27.8,76.7,0.0,18.35,41.66,1.63,98.45
2025-11-10,Khairthal-Tijara,27.8,76.7,0.0,18.9,40.99,1.29,98.42
2025-11-11,Khairthal-Tijara,27.8,76.7,0.0,18.6,41.52,1.4,98.53
2025-11-12,Khairthal-Tijara,27.8,76.7,0.0,18.38,44.38,1.72,98.61
2025-11-13,Khairthal-Tijara,27.8,76.7,0.0,17.73,44.57,1.51,98.75
2025-11-14,Khairthal-Tijara,27.8,76.7,0.0,18.41,39.08,1.35,98.74
2025-11-15,Khairthal-Tijara,27.8,76.7,0.0,18.41,37.3,1.44,98.85
2025-11-16,Khairthal-Tijara,27.8,76.7,0.0,17.26,40.22,1.84,99.03
2025-11-17,Khairthal-Tijara,27.8,76.7,0.0,17.32,40.68,1.57,98.94
2025-11-18,Khairthal-Tijara,27.8,76.7,0.0,17.69,43.89,1.49,98.74
2025-11-19,Khairthal-Tijara,27.8,76.7,0.0,17.73,49.01,1.17,98.73
2025-11-20,Khairthal-Tijara,27.8,76.7,0.0,17.39,61.92,1.46,98.78
2025-11-21,Khairthal-Tijara,27.8,76.7,0.0,17.55,64.88,1.46,98.88
2025-11-22,Khairthal-Tijara,27.8,76.7,0.0,18.7,52.45,1.18,98.71
2025-11-23,Khairthal-Tijara,27.8,76.7,0.0,18.87,41.9,0.83,98.72
2025-11-24,Khairthal-Tijara,27.8,76.7,0.0,18.41,42.34,0.83,98.86
2025-11-25,Khairthal-Tijara,27.8,76.7,0.0,17.21,40.59,1.2,98.86
2025-11-26,Khairthal-Tijara,27.8,76.7,0.0,16.32,41.92,1.04,98.87
2025-11-27,Khairthal-Tijara,27.8,76.7,0.0,16.94,42.72,1.0,98.97
2025-11-28,Khairthal-Tijara,27.8,76.7,0.0,17.93,48.27,1.21,98.84
2025-11-29,Khairthal-Tijara,27.8,76.7,0.0,17.36,53.79,1.67,98.66
2025-11-30,Khairthal-Tijara,27.8,76.7,0.0,15.53,47.13,1.94,98.6
2025-12-01,Khairthal-Tijara,27.8,76.7,0.0,17.49,40.27,1.15,98.54
2025-12-02,Khairthal-Tijara,27.8,76.7,0.0,17.69,59.86,1.11,98.52
2025-12-03,Khairthal-Tijara,27.8,76.7,0.0,14.8,46.59,1.51,98.9
2025-12-04,Khairthal-Tijara,27.8,76.7,0.0,14.11,44.47,1.73,98.97
2025-12-05,Khairthal-Tijara,27.8,76.7,0.0,14.01,40.29,1.59,99.09
2025-12-06,Khairthal-Tijara,27.8,76.7,0.0,14.31,46.47,2.21,98.99
2025-12-07,Khairthal-Tijara,27.8,76.7,0.0,15.21,40.45,2.03,98.91
2025-12-08,Khairthal-Tijara,27.8,76.7,0.0,16.41,42.05,2.29,98.89
2025-12-09,Khairthal-Tijara,27.8,76.7,0.0,15.48,42.53,2.57,98.86
2025-12-10,Khairthal-Tijara,27.8,76.7,0.0,15.65,42.14,1.92,98.83
2025-12-11,Khairthal-Tijara,27.8,76.7,0.0,16.87,38.79,1.71,98.74
2025-12-12,Khairthal-Tijara,27.8,76.7,0.0,16.71,38.91,1.48,98.67
2025-12-13,Khairthal-Tijara,27.8,76.7,0.0,17.03,43.63,0.91,98.77
2025-12-14,Khairthal-Tijara,27.8,76.7,0.0,17.35,45.39,0.95,98.86
2025-12-15,Khairthal-Tijara,27.8,76.7,0.0,16.99,46.51,1.47,98.82
2025-12-16,Khairthal-Tijara,27.8,76.7,0.0,14.88,48.94,2.03,98.79
2025-12-17,Khairthal-Tijara,27.8,76.7,0.0,15.81,47.55,2.12,98.84
2025-12-18,Khairthal-Tijara,27.8,76.7,0.0,15.47,54.49,1.75,98.91
2025-12-19,Khairthal-Tijara,27.8,76.7,0.0,16.22,47.95,1.75,98.67
2025-12-20,Khairthal-Tijara,27.8,76.7,0.0,15.88,42.12,1.3,98.52
2025-12-21,Khairthal-Tijara,27.8,76.7,0.0,15.71,52.41,1.05,98.71
2025-12-22,Khairthal-Tijara,27.8,76.7,0.0,16.48,59.88,0.86,98.75
2025-12-23,Khairthal-Tijara,27.8,76.7,0.0,16.76,56.92,1.99,98.62
2025-12-24,Khairthal-Tijara,27.8,76.7,0.0,14.0,52.9,2.64,98.62
2025-12-25,Khairthal-Tijara,27.8,76.7,0.0,14.41,43.28,1.47,98.69
2025-12-26,Khairthal-Tijara,27.8,76.7,0.0,15.28,40.3,1.09,98.75
2025-12-27,Khairthal-Tijara,27.8,76.7,0.0,14.8,37.31,1.41,98.74
2025-12-28,Khairthal-Tijara,27.8,76.7,0.0,13.59,42.36,1.33,98.8
2025-12-29,Khairthal-Tijara,27.8,76.7,0.0,15.38,40.12,1.16,98.74
2025-12-30,Khairthal-Tijara,27.8,76.7,0.0,15.64,39.32,1.18,98.51
2025-12-31,Khairthal-Tijara,27.8,76.7,0.0,14.23,57.29,1.59,98.3
2025-01-01,Kota,25.2138,75.8648,0.0,14.2,56.58,1.25,97.43
2025-01-02,Kota,25.2138,75.8648,0.0,15.98,52.39,1.24,97.39
2025-01-03,Kota,25.2138,75.8648,0.0,17.17,52.13,1.35,97.34
2025-01-04,Kota,25.2138,75.8648,0.0,18.43,49.96,1.68,97.1
2025-01-05,Kota,25.2138,75.8648,2.95,17.98,56.59,1.88,96.99
2025-01-06,Kota,25.2138,75.8648,0.0,15.25,63.25,1.85,97.17
2025-01-07,Kota,25.2138,75.8648,0.0,13.0,57.95,1.78,97.4
2025-01-08,Kota,25.2138,75.8648,0.0,13.78,48.09,1.19,97.28
2025-01-09,Kota,25.2138,75.8648,0.0,14.71,50.55,1.76,97.3
2025-01-10,Kota,25.2138,75.8648,0.0,14.96,54.88,2.17,97.32
2025-01-11,Kota,25.2138,75.8648,0.6,16.42,60.21,2.07,97.15
2025-01-12,Kota,25.2138,75.8648,0.04,14.58,62.5,1.64,97.39
2025-01-13,Kota,25.2138,75.8648,0.0,11.84,67.67,1.34,97.47
2025-01-14,Kota,25.2138,75.8648,0.0,13.12,58.6,1.38,97.39
2025-01-15,Kota,25.2138,75.8648,3.27,13.48,69.74,1.58,97.39
2025-01-16,Kota,25.2138,75.8648,2.89,15.08,69.88,1.7,97.47
2025-01-17,Kota,25.2138,75.8648,0.0,13.09,70.7,1.68,97.54
2025-01-18,Kota,25.2138,75.8648,0.0,14.54,65.97,1.33,97.32
2025-01-19,Kota,25.2138,75.8648,0.0,19.26,60.97,1.59,97.22
2025-01-20,Kota,25.2138,75.8648,0.0,19.63,57.67,1.34,97.15
2025-01-21,Kota,25.2138,75.8648,0.0,19.59,58.28,1.05,96.99
2025-01-22,Kota,25.2138,75.8648,0.0,19.44,51.42,1.66,96.89
2025-01-23,Kota,25.2138,75.8648,0.0,16.97,54.61,2.02,97.05
2025-01-24,Kota,25.2138,75.8648,0.0,15.84,53.08,1.67,97.22
2025-01-25,Kota,25.2138,75.8648,0.0,16.55,37.52,1.22,97.22
2025-01-26,Kota,25.2138,75.8648,0.0,17.19,35.73,0.91,97.13
2025-01-27,Kota,25.2138,75.8648,0.0,17.71,34.59,1.21,96.96
2025-01-28,Kota,25.2138,75.8648,0.0,18.67,34.36,1.22,96.89
2025-01-29,Kota,25.2138,75.8648,0.0,21.29,36.29,1.52,96.9
2025-01-30,Kota,25.2138,75.8648,0.0,19.96,29.29,1.97,96.72
2025-01-31,Kota,25.2138,75.8648,0.0,18.5,32.83,2.03,96.67
2025-02-01,Kota,25.2138,75.8648,0.0,18.43,33.17,1.92,96.86
2025-02-02,Kota,25.2138,75.8648,0.0,17.47,37.53,1.52,97.03
2025-02-03,Kota,25.2138,75.8648,0.06,20.53,42.26,1.96,96.94
2025-02-04,Kota,25.2138,75.8648,0.03,21.0,37.48,2.23,96.97
2025-02-05,Kota,25.2138,75.8648,0.0,16.84,29.93,2.23,97.16
2025-02-06,Kota,25.2138,75.8648,0.0,15.87,34.07,1.65,97.33
2025-02-07,Kota,25.2138,75.8648,0.0,16.9,30.5,1.17,97.36
2025-02-08,Kota,25.2138,75.8648,0.0,18.6,24.57,0.95,97.19
2025-02-09,Kota,25.2138,75.8648,0.0,20.3,26.03,1.27,96.98
2025-02-10,Kota,25.2138,75.8648,0.0,21.94,22.85,1.46,96.97
2025-02-11,Kota,25.2138,75.8648,0.0,21.63,26.28,1.72,96.97
2025-02-12,Kota,25.2138,75.8648,0.0,20.57,35.14,2.3,97.12
2025-02-13,Kota,25.2138,75.8648,0.0,19.61,30.74,1.17,97.24
2025-02-14,Kota,25.2138,75.8648,0.0,21.96,27.24,1.71,97.04
2025-02-15,Kota,25.2138,75.8648,0.0,23.49,29.22,2.98,96.71
2025-02-16,Kota,25.2138,75.8648,0.0,23.48,31.33,2.08,96.81
2025-02-17,Kota,25.2138,75.8648,0.0,23.83,32.77,1.0,96.98
2025-02-18,Kota,25.2138,75.8648,0.04,24.12,36.24,1.57,96.94
2025-02-19,Kota,25.2138,75.8648,0.0,23.45,38.9,1.28,96.85
2025-02-20,Kota,25.2138,75.8648,0.0,23.94,33.55,1.87,96.89
2025-02-21,Kota,25.2138,75.8648,0.0,21.68,33.42,1.67,97.21
2025-02-22,Kota,25.2138,75.8648,0.0,20.85,30.3,1.35,97.28
2025-02-23,Kota,25.2138,75.8648,0.0,21.64,33.08,1.15,97.3
2025-02-24,Kota,25.2138,75.8648,0.0,21.59,35.89,1.44,97.4
2025-02-25,Kota,25.2138,75.8648,0.0,22.8,31.77,1.56,97.46
2025-02-26,Kota,25.2138,75.8648,0.0,24.34,28.48,1.8,97.44
2025-02-27,Kota,25.2138,75.8648,0.0,24.87,31.2,2.05,97.07
2025-02-28,Kota,25.2138,75.8648,0.0,25.63,29.01,3.08,96.8
2025-03-01,Kota,25.2138,75.8648,0.0,25.15,35.77,2.5,96.83
2025-03-02,Kota,25.2138,75.8648,0.0,24.05,35.6,1.34,96.82
2025-03-03,Kota,25.2138,75.8648,0.0,25.66,31.19,2.12,96.8
2025-03-04,Kota,25.2138,75.8648,0.0,22.3,23.8,3.56,97.06
2025-03-05,Kota,25.2138,75.8648,0.0,18.47,17.76,2.55,97.26
2025-03-06,Kota,25.2138,75.8648,0.0,22.17,14.76,2.08,97.06
2025-03-07,Kota,25.2138,75.8648,0.0,24.16,18.64,2.15,96.78
2025-03-08,Kota,25.2138,75.8648,0.0,24.74,20.66,1.85,96.61
2025-03-09,Kota,25.2138,75.8648,0.0,26.12,20.05,2.18,96.78
2025-03-10,Kota,25.2138,75.8648,0.0,27.53,22.48,2.11,97.05
2025-03-11,Kota,25.2138,75.8648,0.0,27.82,22.57,2.27,96.98
2025-03-12,Kota,25.2138,75.8648,0.0,28.56,20.88,2.87,96.64
2025-03-13,Kota,25.2138,75.8648,0.0,28.49,19.6,3.22,96.45
2025-03-14,Kota,25.2138,75.8648,0.0,29.24,24.69,3.41,96.5
2025-03-15,Kota,25.2138,75.8648,0.02,28.86,26.55,3.27,96.65
2025-03-16,Kota,25.2138,75.8648,0.0,26.92,28.73,2.27,96.77
2025-03-17,Kota,25.2138,75.8648,0.0,25.76,26.92,1.72,96.88
2025-03-18,Kota,25.2138,75.8648,0.0,25.38,22.81,1.29,96.91
2025-03-19,Kota,25.2138,75.8648,0.0,26.52,19.62,1.4,96.87
2025-03-20,Kota,25.2138,75.8648,0.0,26.22,21.09,1.46,96.96
2025-03-21,Kota,25.2138,75.8648,0.0,25.91,23.33,2.22,97.04
2025-03-22,Kota,25.2138,75.8648,0.0,28.05,20.59,1.69,96.94
2025-03-23,Kota,25.2138,75.8648,0.0,26.73,17.43,1.74,97.03
2025-03-24,Kota,25.2138,75.8648,0.0,28.01,15.96,1.63,96.97
2025-03-25,Kota,25.2138,75.8648,0.0,29.39,17.47,1.8,96.62
2025-03-26,Kota,25.2138,75.8648,0.0,30.12,17.66,2.93,96.43
2025-03-27,Kota,25.2138,75.8648,0.0,30.24,21.75,3.33,96.46
2025-03-28,Kota,25.2138,75.8648,0.0,26.24,8.09,3.04,96.69
2025-03-29,Kota,25.2138,75.8648,0.0,24.25,8.35,1.88,96.74
2025-03-30,Kota,25.2138,75.8648,0.0,26.27,9.61,1.42,96.73
2025-03-31,Kota,25.2138,75.8648,0.0,27.79,9.87,1.34,96.73
2025-04-01,Kota,25.2138,75.8648,0.0,27.34,12.51,1.46,96.65
2025-04-02,Kota,25.2138,75.8648,0.31,29.11,17.09,1.84,96.64
2025-04-03,Kota,25.2138,75.8648,0.04,30.0,21.27,2.53,96.7
2025-04-04,Kota,25.2138,75.8648,0.0,30.06,13.38,2.19,96.75
2025-04-05,Kota,25.2138,75.8648,0.0,29.76,16.55,1.99,96.63
2025-04-06,Kota,25.2138,75.8648,0.0,32.3,16.01,1.8,96.45
2025-04-07,Kota,25.2138,75.8648,0.0,32.72,13.54,2.07,96.46
2025-04-08,Kota,25.2138,75.8648,0.0,33.29,15.22,1.96,96.63
2025-04-09,Kota,25.2138,75.8648,0.0,33.42,14.45,2.84,96.51
2025-04-10,Kota,25.2138,75.8648,0.0,33.77,13.55,4.28,96.15
2025-04-11,Kota,25.2138,75.8648,0.0,32.43,17.64,3.96,96.03
2025-04-12,Kota,25.2138,75.8648,0.18,31.87,23.75,2.7,96.29
2025-04-13,Kota,25.2138,75.8648,0.01,32.54,24.74,2.99,96.44
2025-04-14,Kota,25.2138,75.8648,0.0,32.5,22.3,2.44,96.39
2025-04-15,Kota,25.2138,75.8648,0.0,32.5,25.48,2.34,96.42
2025-04-16,Kota,25.2138,75.8648,0.0,32.93,23.77,1.89,96.4
2025-04-17,Kota,25.2138,75.8648,0.0,35.08,20.47,2.79,96.19
2025-04-18,Kota,25.2138,75.8648,0.0,36.04,14.97,4.71,96.08
2025-04-19,Kota,25.2138,75.8648,0.0,33.72,15.91,4.77,96.17
2025-04-20,Kota,25.2138,75.8648,0.0,32.42,18.46,3.8,96.25
2025-04-21,Kota,25.2138,75.8648,0.0,32.17,12.39,2.83,96.54
2025-04-22,Kota,25.2138,75.8648,0.0,32.24,10.66,2.64,96.63
2025-04-23,Kota,25.2138,75.8648,0.0,31.86,7.4,2.81,96.44
2025-04-24,Kota,25.2138,75.8648,0.0,32.84,9.26,2.88,96.24
2025-04-25,Kota,25.2138,75.8648,0.0,33.83,12.5,3.13,96.24
2025-04-26,Kota,25.2138,75.8648,0.13,33.59,17.15,3.1,96.25
2025-04-27,Kota,25.2138,75.8648,0.0,33.38,17.7,2.38,96.33
2025-04-28,Kota,25.2138,75.8648,0.0,34.04,16.57,1.93,96.12
2025-04-29,Kota,25.2138,75.8648,0.0,34.51,13.48,3.12,96.05
2025-04-30,Kota,25.2138,75.8648,0.0,34.42,16.33,1.54,96.22
2025-05-01,Kota,25.2138,75.8648,0.0,34.97,16.94,0.99,96.29
2025-05-02,Kota,25.2138,75.8648,0.18,34.87,20.91,1.69,96.37
2025-05-03,Kota,25.2138,75.8648,0.0,34.96,19.85,2.62,96.23
2025-05-04,Kota,25.2138,75.8648,1.93,33.32,24.26,2.37,96.18
2025-05-05,Kota,25.2138,75.8648,4.12,32.63,33.77,2.83,96.23
2025-05-06,Kota,25.2138,75.8648,6.56,28.26,55.64,3.15,96.29
2025-05-07,Kota,25.2138,75.8648,0.9,27.14,57.71,2.14,96.17
2025-05-08,Kota,25.2138,75.8648,2.38,26.61,63.52,3.17,96.28
2025-05-09,Kota,25.2138,75.8648,0.11,29.41,54.43,3.01,96.41
2025-05-10,Kota,25.2138,75.8648,1.49,31.18,48.66,3.02,96.42
2025-05-11,Kota,25.2138,75.8648,4.55,32.13,47.17,3.68,96.29
2025-05-12,Kota,25.2138,75.8648,1.62,32.08,47.23,2.44,96.22
2025-05-13,Kota,25.2138,75.8648,0.15,32.77,45.55,2.3,96.25
2025-05-14,Kota,25.2138,75.8648,0.16,33.48,41.9,2.85,96.27
2025-05-15,Kota,25.2138,75.8648,0.0,35.1,34.1,2.93,96.22
2025-05-16,Kota,25.2138,75.8648,0.04,35.63,34.63,3.42,96.15
2025-05-17,Kota,25.2138,75.8648,0.52,35.96,35.97,3.56,96.12
2025-05-18,Kota,25.2138,75.8648,0.05,36.91,36.09,3.42,96.08
2025-05-19,Kota,25.2138,75.8648,1.55,37.31,35.03,3.11,96.0
2025-05-20,Kota,25.2138,75.8648,0.28,37.44,35.7,4.69,95.93
2025-05-21,Kota,25.2138,75.8648,0.0,36.93,35.74,4.51,95.93
2025-05-22,Kota,25.2138,75.8648,0.05,35.85,40.18,4.02,95.88
2025-05-23,Kota,25.2138,75.8648,0.25,36.43,38.59,3.73,95.66
2025-05-24,Kota,25.2138,75.8648,0.0,37.07,36.03,4.02,95.55
2025-05-25,Kota,25.2138,75.8648,0.24,36.12,37.65,3.28,95.86
2025-05-26,Kota,25.2138,75.8648,0.0,36.88,32.48,2.17,95.75
2025-05-27,Kota,25.2138,75.8648,1.01,37.41,32.01,2.49,95.54
2025-05-28,Kota,25.2138,75.8648,2.23,37.02,37.73,2.75,95.51
2025-05-29,Kota,25.2138,75.8648,36.68,32.99,55.02,2.39,95.49
2025-05-30,Kota,25.2138,75.8648,6.54,31.89,53.76,4.12,95.47
2025-05-31,Kota,25.2138,75.8648,0.53,31.97,47.42,5.99,95.78
2025-06-01,Kota,25.2138,75.8648,0.01,31.19,50.82,6.45,95.9
2025-06-02,Kota,25.2138,75.8648,0.97,31.15,53.65,4.57,95.83
2025-06-03,Kota,25.2138,75.8648,3.75,30.32,58.62,4.15,95.98
2025-06-04,Kota,25.2138,75.8648,0.87,30.35,53.69,2.97,96.2
2025-06-05,Kota,25.2138,75.8648,0.0,31.87,45.54,2.0,96.43
2025-06-06,Kota,25.2138,75.8648,0.45,33.16,45.39,2.42,96.39
2025-06-07,Kota,25.2138,75.8648,0.03,34.97,35.28,3.62,96.23
2025-06-08,Kota,25.2138,75.8648,0.0,35.04,28.1,4.96,96.13
2025-06-09,Kota,25.2138,75.8648,0.0,36.03,25.55,5.5,96.0
2025-06-10,Kota,25.2138,75.8648,0.0,36.71,26.29,5.0,95.87
2025-06-11,Kota,25.2138,75.8648,0.0,37.54,25.72,3.78,95.82
2025-06-12,Kota,25.2138,75.8648,0.0,37.78,25.96,2.71,95.72
2025-06-13,Kota,25.2138,75.8648,1.83,37.82,34.56,1.92,95.67
2025-06-14,Kota,25.2138,75.8648,2.22,37.04,38.24,2.27,95.63
2025-06-15,Kota,25.2138,75.8648,6.58,34.61,49.12,3.37,95.5
2025-06-16,Kota,25.2138,75.8648,29.9,30.09,72.45,1.78,95.48
2025-06-17,Kota,25.2138,75.8648,9.44,29.98,71.08,4.22,95.55
2025-06-18,Kota,25.2138,75.8648,6.92,29.69,71.84,5.71,95.43
2025-06-19,Kota,25.2138,75.8648,5.21,30.19,71.09,4.86,95.41
2025-06-20,Kota,25.2138,75.8648,66.48,26.96,83.69,5.12,95.75
2025-06-21,Kota,25.2138,75.8648,51.1,27.51,87.77,2.78,95.79
2025-06-22,Kota,25.2138,75.8648,21.11,27.77,85.84,3.09,95.74
2025-06-23,Kota,25.2138,75.8648,11.02,27.19,86.73,3.51,95.58
2025-06-24,Kota,25.2138,75.8648,11.86,29.28,80.04,1.93,95.49
2025-06-25,Kota,25.2138,75.8648,20.36,29.07,83.01,2.61,95.57
2025-06-26,Kota,25.2138,75.8648,8.48,28.72,84.86,1.75,95.74
2025-06-27,Kota,25.2138,75.8648,7.69,28.81,81.05,2.5,95.68
2025-06-28,Kota,25.2138,75.8648,0.42,27.62,78.84,4.03,95.79
2025-06-29,Kota,25.2138,75.8648,1.4,28.13,80.93,4.42,95.59
2025-06-30,Kota,25.2138,75.8648,7.25,28.4,78.85,4.68,95.64
2025-07-01,Kota,25.2138,75.8648,30.33,27.19,87.02,3.42,95.69
2025-07-02,Kota,25.2138,75.8648,57.95,26.89,88.82,2.87,95.57
2025-07-03,Kota,25.2138,75.8648,11.43,28.44,84.5,1.96,95.59
2025-07-04,Kota,25.2138,75.8648,18.87,27.52,86.86,3.79,95.77
2025-07-05,Kota,25.2138,75.8648,12.46,27.2,89.24,3.36,95.76
2025-07-06,Kota,25.2138,75.8648,3.79,27.15,87.94,2.12,95.67
2025-07-07,Kota,25.2138,75.8648,2.69,27.98,83.47,2.8,95.73
2025-07-08,Kota,25.2138,75.8648,0.26,28.09,81.38,3.24,95.85
2025-07-09,Kota,25.2138,75.8648,1.78,27.93,82.64,3.36,95.91
2025-07-10,Kota,25.2138,75.8648,0.33,27.85,81.4,2.91,95.98
2025-07-11,Kota,25.2138,75.8648,5.77,26.27,90.56,3.32,95.96
2025-07-12,Kota,25.2138,75.8648,3.88,26.51,88.85,2.34,95.94
2025-07-13,Kota,25.2138,75.8648,69.31,27.64,87.76,2.49,95.8
2025-07-14,Kota,25.2138,75.8648,13.73,27.24,88.72,4.09,95.57
2025-07-15,Kota,25.2138,75.8648,20.28,27.4,85.36,4.77,95.66
2025-07-16,Kota,25.2138,75.8648,1.25,27.52,85.43,2.16,95.87
2025-07-17,Kota,25.2138,75.8648,15.59,26.75,89.65,2.99,95.95
2025-07-18,Kota,25.2138,75.8648,29.4,25.9,92.71,4.93,95.76
2025-07-19,Kota,25.2138,75.8648,19.93,26.58,85.76,4.92,95.62
2025-07-20,Kota,25.2138,75.8648,0.01,27.1,84.22,2.85,95.7
2025-07-21,Kota,25.2138,75.8648,0.1,28.11,82.01,1.85,95.88
2025-07-22,Kota,25.2138,75.8648,2.6,28.47,83.93,2.07,95.82
2025-07-23,Kota,25.2138,75.8648,33.28,27.16,89.72,2.77,95.63
2025-07-24,Kota,25.2138,75.8648,2.08,27.5,85.83,3.15,95.54
2025-07-25,Kota,25.2138,75.8648,16.61,27.55,86.88,2.57,95.52
2025-07-26,Kota,25.2138,75.8648,15.98,27.63,91.52,2.77,95.43
2025-07-27,Kota,25.2138,75.8648,23.26,27.17,91.99,2.48,95.37
2025-07-28,Kota,25.2138,75.8648,14.48,27.08,91.93,3.18,95.52
2025-07-29,Kota,25.2138,75.8648,32.67,28.06,87.92,3.08,95.57
2025-07-30,Kota,25.2138,75.8648,21.86,25.69,91.18,4.33,95.67
2025-07-31,Kota,25.2138,75.8648,7.89,25.28,90.87,3.78,95.86
2025-08-01,Kota,25.2138,75.8648,1.94,26.43,87.45,3.3,95.96
2025-08-02,Kota,25.2138,75.8648,4.27,26.55,86.4,3.16,96.04
2025-08-03,Kota,25.2138,75.8648,5.23,26.66,86.9,2.8,96.15
2025-08-04,Kota,25.2138,75.8648,1.31,26.66,87.24,3.47,96.27
2025-08-05,Kota,25.2138,75.8648,0.01,26.73,85.85,3.08,96.25
2025-08-06,Kota,25.2138,75.8648,0.0,26.46,85.34,3.31,96.28
2025-08-07,Kota,25.2138,75.8648,0.11,26.78,85.16,2.7,96.23
2025-08-08,Kota,25.2138,75.8648,0.06,26.91,84.38,2.67,96.26
2025-08-09,Kota,25.2138,75.8648,0.13,26.68,83.87,1.98,96.43
2025-08-10,Kota,25.2138,75.8648,0.77,26.65,84.91,2.52,96.31
2025-08-11,Kota,25.2138,75.8648,0.06,26.77,84.51,2.91,96.26
2025-08-12,Kota,25.2138,75.8648,0.0,27.21,84.28,3.09,96.13
2025-08-13,Kota,25.2138,75.8648,0.58,26.74,86.28,1.97,96.04
2025-08-14,Kota,25.2138,75.8648,2.52,27.08,86.34,1.32,96.11
2025-08-15,Kota,25.2138,75.8648,6.66,27.95,84.53,0.99,95.97
2025-08-16,Kota,25.2138,75.8648,1.07,28.08,84.95,1.76,95.82
2025-08-17,Kota,25.2138,75.8648,2.55,28.28,86.31,2.52,95.84
2025-08-18,Kota,25.2138,75.8648,6.7,27.77,88.25,1.8,95.99
2025-08-19,Kota,25.2138,75.8648,1.75,27.75,87.4,2.43,95.86
2025-08-20,Kota,25.2138,75.8648,15.9,27.87,86.41,1.96,95.79
2025-08-21,Kota,25.2138,75.8648,45.01,26.68,89.39,2.35,95.87
2025-08-22,Kota,25.2138,75.8648,70.7,25.75,94.63,3.67,95.81
2025-08-23,Kota,25.2138,75.8648,36.31,25.76,92.76,3.9,95.77
2025-08-24,Kota,25.2138,75.8648,13.64,25.98,92.21,3.05,95.81
2025-08-25,Kota,25.2138,75.8648,2.37,26.16,90.33,3.37,95.82
2025-08-26,Kota,25.2138,75.8648,5.05,26.54,90.53,2.66,96.0
2025-08-27,Kota,25.2138,75.8648,4.37,27.16,88.64,1.95,96.04
2025-08-28,Kota,25.2138,75.8648,2.85,27.94,85.87,1.42,95.94
2025-08-29,Kota,25.2138,75.8648,11.47,28.19,83.53,0.86,95.99
2025-08-30,Kota,25.2138,75.8648,5.94,27.6,89.3,0.82,96.11
2025-08-31,Kota,25.2138,75.8648,13.95,26.46,93.92,2.35,96.0
2025-09-01,Kota,25.2138,75.8648,16.29,26.59,88.84,3.01,95.81
2025-09-02,Kota,25.2138,75.8648,4.26,26.89,86.93,2.31,95.89
2025-09-03,Kota,25.2138,75.8648,16.82,25.51,93.83,2.41,95.99
2025-09-04,Kota,25.2138,75.8648,21.39,25.54,94.98,2.75,95.94
2025-09-05,Kota,25.2138,75.8648,15.4,26.17,91.13,1.55,95.93
2025-09-06,Kota,25.2138,75.8648,16.96,26.0,92.85,2.6,95.93
2025-09-07,Kota,25.2138,75.8648,1.84,25.48,90.13,3.63,96.15
2025-09-08,Kota,25.2138,75.8648,0.12,25.27,88.3,2.72,96.34
2025-09-09,Kota,25.2138,75.8648,0.01,25.11,86.52,2.17,96.6
2025-09-10,Kota,25.2138,75.8648,0.0,25.25,86.84,2.3,96.57
2025-09-11,Kota,25.2138,75.8648,0.0,25.17,85.27,2.05,96.51
2025-09-12,Kota,25.2138,75.8648,0.0,25.49,83.7,1.52,96.59
2025-09-13,Kota,25.2138,75.8648,0.0,26.37,81.05,1.32,96.56
2025-09-14,Kota,25.2138,75.8648,0.0,27.0,82.3,1.48,96.5
2025-09-15,Kota,25.2138,75.8648,0.57,26.41,84.94,1.78,96.34
2025-09-16,Kota,25.2138,75.8648,0.11,26.08,85.74,1.96,96.34
2025-09-17,Kota,25.2138,75.8648,0.29,25.04,89.02,1.81,96.38
2025-09-18,Kota,25.2138,75.8648,1.22,26.22,89.78,0.68,96.33
2025-09-19,Kota,25.2138,75.8648,3.44,26.6,86.94,1.19,96.46
2025-09-20,Kota,25.2138,75.8648,5.76,26.72,86.15,1.37,96.43
2025-09-21,Kota,25.2138,75.8648,1.39,27.48,81.45,1.2,96.38
2025-09-22,Kota,25.2138,75.8648,0.29,27.5,77.66,1.39,96.42
2025-09-23,Kota,25.2138,75.8648,0.08,27.02,80.15,1.3,96.4
2025-09-24,Kota,25.2138,75.8648,0.3,26.74,81.72,1.88,96.29
2025-09-25,Kota,25.2138,75.8648,0.02,26.53,81.44,2.0,96.31
2025-09-26,Kota,25.2138,75.8648,0.0,26.34,77.64,2.02,96.39
2025-09-27,Kota,25.2138,75.8648,1.29,25.18,85.75,2.08,96.43
2025-09-28,Kota,25.2138,75.8648,0.59,26.31,89.47,3.38,96.22
2025-09-29,Kota,25.2138,75.8648,0.27,26.67,87.28,2.45,96.12
2025-09-30,Kota,25.2138,75.8648,7.4,25.75,87.15,2.33,96.12
2025-10-01,Kota,25.2138,75.8648,0.84,25.09,84.31,1.88,96.17
2025-10-02,Kota,25.2138,75.8648,0.12,26.58,78.96,0.76,96.4
2025-10-03,Kota,25.2138,75.8648,4.08,26.88,82.06,1.03,96.6
2025-10-04,Kota,25.2138,75.8648,1.98,26.5,86.42,1.36,96.61
2025-10-05,Kota,25.2138,75.8648,16.59,25.83,86.03,2.31,96.59
2025-10-06,Kota,25.2138,75.8648,4.14,24.9,86.45,2.7,96.67
2025-10-07,Kota,25.2138,75.8648,1.67,23.72,84.18,2.37,96.72
2025-10-08,Kota,25.2138,75.8648,0.01,22.49,78.88,1.73,96.91
2025-10-09,Kota,25.2138,75.8648,0.0,23.25,71.73,1.04,97.03
2025-10-10,Kota,25.2138,75.8648,0.0,22.85,66.08,0.94,96.93
2025-10-11,Kota,25.2138,75.8648,0.0,22.81,63.05,1.08,96.93
2025-10-12,Kota,25.2138,75.8648,0.0,22.94,65.72,1.21,96.87
2025-10-13,Kota,25.2138,75.8648,0.0,22.93,67.93,0.97,96.94
2025-10-14,Kota,25.2138,75.8648,0.0,22.19,71.63,1.29,96.85
2025-10-15,Kota,25.2138,75.8648,0.0,22.24,73.13,1.14,96.8
2025-10-16,Kota,25.2138,75.8648,0.0,23.24,72.53,0.93,96.83
2025-10-17,Kota,25.2138,75.8648,0.0,24.07,67.43,0.8,96.94
2025-10-18,Kota,25.2138,75.8648,0.0,23.83,61.11,0.85,96.87
2025-10-19,Kota,25.2138,75.8648,0.0,22.54,70.91,1.2,96.78
2025-10-20,Kota,25.2138,75.8648,0.0,22.5,75.44,1.42,96.81
2025-10-21,Kota,25.2138,75.8648,0.0,23.09,73.22,1.3,96.95
2025-10-22,Kota,25.2138,75.8648,0.0,23.45,69.24,1.14,97.02
2025-10-23,Kota,25.2138,75.8648,0.0,23.13,75.64,1.32,96.94
2025-10-24,Kota,25.2138,75.8648,0.0,23.04,80.72,1.34,96.89
2025-10-25,Kota,25.2138,75.8648,0.93,22.93,83.5,1.64,96.81
2025-10-26,Kota,25.2138,75.8648,2.93,23.06,86.28,1.94,96.83
2025-10-27,Kota,25.2138,75.8648,64.84,21.63,94.18,2.47,96.86
2025-10-28,Kota,25.2138,75.8648,21.89,20.04,94.14,3.37,96.84
2025-10-29,Kota,25.2138,75.8648,2.74,20.77,91.76,2.88,96.78
2025-10-30,Kota,25.2138,75.8648,3.56,22.3,91.58,3.2,96.68
2025-10-31,Kota,25.2138,75.8648,0.14,22.3,89.19,1.72,96.79
2025-11-01,Kota,25.2138,75.8648,0.0,23.7,82.9,0.71,96.84
2025-11-02,Kota,25.2138,75.8648,0.01,24.25,77.06,1.1,96.9
2025-11-03,Kota,25.2138,75.8648,7.53,23.63,79.0,1.31,96.76
2025-11-04,Kota,25.2138,75.8648,1.33,23.45,84.08,2.82,96.66
2025-11-05,Kota,25.2138,75.8648,0.02,20.99,73.68,1.84,96.78
2025-11-06,Kota,25.2138,75.8648,0.0,18.22,60.08,1.24,97.0
2025-11-07,Kota,25.2138,75.8648,0.0,18.33,51.32,1.19,97.17
2025-11-08,Kota,25.2138,75.8648,0.0,17.85,51.88,1.26,97.22
2025-11-09,Kota,25.2138,75.8648,0.0,18.21,58.48,1.38,97.09
2025-11-10,Kota,25.2138,75.8648,0.0,18.65,57.96,1.3,97.04
2025-11-11,Kota,25.2138,75.8648,0.0,18.64,60.44,1.1,97.15
2025-11-12,Kota,25.2138,75.8648,0.0,19.41,57.62,1.0,97.24
2025-11-13,Kota,25.2138,75.8648,0.0,18.92,60.64,1.28,97.35
2025-11-14,Kota,25.2138,75.8648,0.0,18.57,55.36,0.81,97.33
2025-11-15,Kota,25.2138,75.8648,0.0,17.27,54.39,1.11,97.44
2025-11-16,Kota,25.2138,75.8648,0.0,17.43,53.85,0.94,97.61
2025-11-17,Kota,25.2138,75.8648,0.0,16.83,56.48,1.06,97.52
2025-11-18,Kota,25.2138,75.8648,0.0,16.45,57.83,0.97,97.34
2025-11-19,Kota,25.2138,75.8648,0.0,16.54,61.5,1.09,97.28
2025-11-20,Kota,25.2138,75.8648,0.0,16.51,69.88,1.17,97.35
2025-11-21,Kota,25.2138,75.8648,0.0,16.31,74.49,1.2,97.43
2025-11-22,Kota,25.2138,75.8648,0.0,17.02,71.49,1.15,97.3
2025-11-23,Kota,25.2138,75.8648,0.0,16.92,69.69,1.27,97.25
2025-11-24,Kota,25.2138,75.8648,0.0,16.17,81.5,1.6,97.33
2025-11-25,Kota,25.2138,75.8648,0.0,16.29,80.75,1.6,97.34
2025-11-26,Kota,25.2138,75.8648,0.0,17.28,83.25,1.54,97.31
2025-11-27,Kota,25.2138,75.8648,0.01,17.84,85.37,1.75,97.39
2025-11-28,Kota,25.2138,75.8648,0.0,17.53,82.74,1.27,97.35
2025-11-29,Kota,25.2138,75.8648,0.0,18.24,77.47,1.03,97.22
2025-11-30,Kota,25.2138,75.8648,0.0,18.9,73.61,1.05,97.16
2025-12-01,Kota,25.2138,75.8648,0.0,18.22,80.36,1.03,97.11
2025-12-02,Kota,25.2138,75.8648,0.0,18.3,76.0,1.11,97.1
2025-12-03,Kota,25.2138,75.8648,0.0,16.63,77.4,1.41,97.39
2025-12-04,Kota,25.2138,75.8648,0.0,15.61,69.8,1.05,97.51
2025-12-05,Kota,25.2138,75.8648,0.0,15.37,67.03,1.25,97.63
2025-12-06,Kota,25.2138,75.8648,0.0,16.08,53.0,0.77,97.6
2025-12-07,Kota,25.2138,75.8648,0.0,17.69,47.55,0.71,97.51
2025-12-08,Kota,25.2138,75.8648,0.0,18.13,47.3,0.72,97.51
2025-12-09,Kota,25.2138,75.8648,0.0,17.59,46.74,0.98,97.5
2025-12-10,Kota,25.2138,75.8648,0.0,17.63,48.59,1.04,97.46
2025-12-11,Kota,25.2138,75.8648,0.0,17.95,49.15,0.89,97.37
2025-12-12,Kota,25.2138,75.8648,0.0,17.49,51.04,1.11,97.26
2025-12-13,Kota,25.2138,75.8648,0.0,17.19,55.9,1.18,97.3
2025-12-14,Kota,25.2138,75.8648,0.0,16.03,68.52,1.38,97.4
2025-12-15,Kota,25.2138,75.8648,0.0,16.64,68.89,1.14,97.41
2025-12-16,Kota,25.2138,75.8648,0.0,17.06,60.22,0.74,97.39
2025-12-17,Kota,25.2138,75.8648,0.0,16.97,58.44,0.9,97.47
2025-12-18,Kota,25.2138,75.8648,0.0,16.98,55.86,0.82,97.49
2025-12-19,Kota,25.2138,75.8648,0.0,16.47,55.58,1.29,97.27
2025-12-20,Kota,25.2138,75.8648,0.0,16.36,59.86,1.23,97.12
2025-12-21,Kota,25.2138,75.8648,0.0,15.52,66.26,1.37,97.24
2025-12-22,Kota,25.2138,75.8648,0.0,17.13,65.02,1.02,97.29
2025-12-23,Kota,25.2138,75.8648,0.0,18.31,62.32,1.35,97.21
2025-12-24,Kota,25.2138,75.8648,0.0,14.9,68.12,1.37,97.24
2025-12-25,Kota,25.2138,75.8648,0.0,14.33,62.93,1.08,97.25
2025-12-26,Kota,25.2138,75.8648,0.0,13.17,66.65,1.35,97.29
2025-12-27,Kota,25.2138,75.8648,0.0,13.17,62.86,1.17,97.3
2025-12-28,Kota,25.2138,75.8648,0.0,13.68,66.52,1.32,97.33
2025-12-29,Kota,25.2138,75.8648,0.0,14.92,63.67,1.24,97.27
2025-12-30,Kota,25.2138,75.8648,0.0,16.24,61.62,1.43,97.06
2025-12-31,Kota,25.2138,75.8648,0.1,16.21,65.43,1.25,96.85
2025-01-01,Kotputli-Behror,27.7,76.2,0.0,13.55,42.74,1.03,97.02
2025-01-02,Kotputli-Behror,27.7,76.2,0.0,15.2,39.71,1.16,96.99
2025-01-03,Kotputli-Behror,27.7,76.2,0.0,17.3,45.43,0.97,96.94
2025-01-04,Kotputli-Behror,27.7,76.2,0.0,17.04,49.25,1.64,96.71
2025-01-05,Kotputli-Behror,27.7,76.2,0.0,15.17,61.68,2.18,96.64
2025-01-06,Kotputli-Behror,27.7,76.2,0.04,14.17,65.63,1.17,96.82
2025-01-07,Kotputli-Behror,27.7,76.2,0.0,11.43,54.63,2.02,96.98
2025-01-08,Kotputli-Behror,27.7,76.2,0.0,13.12,35.88,2.0,96.81
2025-01-09,Kotputli-Behror,27.7,76.2,0.0,15.07,34.0,1.13,96.93
2025-01-10,Kotputli-Behror,27.7,76.2,0.0,12.45,51.1,2.07,97.05
2025-01-11,Kotputli-Behror,27.7,76.2,4.5,11.2,66.44,1.65,96.91
2025-01-12,Kotputli-Behror,27.7,76.2,0.06,11.99,69.48,1.34,97.03
2025-01-13,Kotputli-Behror,27.7,76.2,0.0,11.63,72.98,1.32,97.07
2025-01-14,Kotputli-Behror,27.7,76.2,0.0,12.89,61.27,1.26,97.03
2025-01-15,Kotputli-Behror,27.7,76.2,0.82,13.01,62.63,1.57,97.1
2025-01-16,Kotputli-Behror,27.7,76.2,1.36,13.5,75.93,1.08,97.14
2025-01-17,Kotputli-Behror,27.7,76.2,0.0,11.75,65.97,1.48,97.2
2025-01-18,Kotputli-Behror,27.7,76.2,0.0,13.13,46.99,0.92,96.96
2025-01-19,Kotputli-Behror,27.7,76.2,0.0,16.51,59.23,1.78,96.85
2025-01-20,Kotputli-Behror,27.7,76.2,0.0,16.08,58.42,1.68,96.77
2025-01-21,Kotputli-Behror,27.7,76.2,0.0,15.74,50.31,1.54,96.63
2025-01-22,Kotputli-Behror,27.7,76.2,0.02,16.75,57.63,1.25,96.56
2025-01-23,Kotputli-Behror,27.7,76.2,0.01,15.64,56.72,1.73,96.72
2025-01-24,Kotputli-Behror,27.7,76.2,0.0,13.97,45.46,2.17,96.82
2025-01-25,Kotputli-Behror,27.7,76.2,0.0,13.7,36.43,2.01,96.78
2025-01-26,Kotputli-Behror,27.7,76.2,0.0,14.35,30.44,1.73,96.72
2025-01-27,Kotputli-Behror,27.7,76.2,0.0,15.83,25.83,1.39,96.57
2025-01-28,Kotputli-Behror,27.7,76.2,0.0,16.5,27.91,1.25,96.5
2025-01-29,Kotputli-Behror,27.7,76.2,0.0,16.25,41.29,1.98,96.57
2025-01-30,Kotputli-Behror,27.7,76.2,0.0,15.84,44.99,1.86,96.29
2025-01-31,Kotputli-Behror,27.7,76.2,0.0,17.58,37.26,1.37,96.27
2025-02-01,Kotputli-Behror,27.7,76.2,0.0,17.79,40.3,0.97,96.48
2025-02-02,Kotputli-Behror,27.7,76.2,0.0,15.9,50.27,1.15,96.69
2025-02-03,Kotputli-Behror,27.7,76.2,0.0,17.09,43.53,1.53,96.63
2025-02-04,Kotputli-Behror,27.7,76.2,0.06,16.86,48.38,1.63,96.64
2025-02-05,Kotputli-Behror,27.7,76.2,0.0,14.74,32.65,2.58,96.78
2025-02-06,Kotputli-Behror,27.7,76.2,0.0,14.31,31.6,1.94,96.96
2025-02-07,Kotputli-Behror,27.7,76.2,0.0,14.36,26.72,2.34,96.94
2025-02-08,Kotputli-Behror,27.7,76.2,0.0,16.82,22.36,1.76,96.79
2025-02-09,Kotputli-Behror,27.7,76.2,0.0,19.64,20.14,1.02,96.63
2025-02-10,Kotputli-Behror,27.7,76.2,0.0,20.98,23.86,1.21,96.59
2025-02-11,Kotputli-Behror,27.7,76.2,0.0,20.4,27.4,1.61,96.53
2025-02-12,Kotputli-Behror,27.7,76.2,0.0,17.75,33.54,2.25,96.73
2025-02-13,Kotputli-Behror,27.7,76.2,0.0,17.55,24.83,2.31,96.8
2025-02-14,Kotputli-Behror,27.7,76.2,0.0,19.99,21.07,2.03,96.58
2025-02-15,Kotputli-Behror,27.7,76.2,0.0,21.89,27.68,2.11,96.25
2025-02-16,Kotputli-Behror,27.7,76.2,0.0,19.68,33.23,1.24,96.46
2025-02-17,Kotputli-Behror,27.7,76.2,0.0,20.51,33.14,1.66,96.74
2025-02-18,Kotputli-Behror,27.7,76.2,0.29,21.49,35.8,1.21,96.67
2025-02-19,Kotputli-Behror,27.7,76.2,0.71,21.79,34.84,1.07,96.52
2025-02-20,Kotputli-Behror,27.7,76.2,0.34,21.17,47.49,2.66,96.51
2025-02-21,Kotputli-Behror,27.7,76.2,0.0,19.21,41.11,2.31,96.86
2025-02-22,Kotputli-Behror,27.7,76.2,0.0,18.16,41.22,2.48,96.89
2025-02-23,Kotputli-Behror,27.7,76.2,0.0,19.48,37.73,1.44,96.94
2025-02-24,Kotputli-Behror,27.7,76.2,0.0,20.04,34.93,1.41,97.06
2025-02-25,Kotputli-Behror,27.7,76.2,0.0,22.32,33.55,1.22,97.05
2025-02-26,Kotputli-Behror,27.7,76.2,0.0,23.7,30.41,1.47,97.04
2025-02-27,Kotputli-Behror,27.7,76.2,0.0,21.84,35.43,1.8,96.72
2025-02-28,Kotputli-Behror,27.7,76.2,1.27,21.54,43.82,1.12,96.42
2025-03-01,Kotputli-Behror,27.7,76.2,0.26,21.78,51.63,2.19,96.45
2025-03-02,Kotputli-Behror,27.7,76.2,0.1,21.14,44.54,2.12,96.49
2025-03-03,Kotputli-Behror,27.7,76.2,0.0,22.53,28.37,2.6,96.33
2025-03-04,Kotputli-Behror,27.7,76.2,0.0,19.84,25.13,4.08,96.61
2025-03-05,Kotputli-Behror,27.7,76.2,0.0,17.13,21.9,4.18,96.75
2025-03-06,Kotputli-Behror,27.7,76.2,0.0,20.3,15.53,2.82,96.56
2025-03-07,Kotputli-Behror,27.7,76.2,0.0,22.57,16.92,1.86,96.33
2025-03-08,Kotputli-Behror,27.7,76.2,0.0,23.16,19.22,1.9,96.22
2025-03-09,Kotputli-Behror,27.7,76.2,0.0,24.0,21.48,2.23,96.43
2025-03-10,Kotputli-Behror,27.7,76.2,0.0,25.27,26.6,2.19,96.72
2025-03-11,Kotputli-Behror,27.7,76.2,0.0,26.88,23.89,2.08,96.57
2025-03-12,Kotputli-Behror,27.7,76.2,0.0,26.96,28.07,2.18,96.22
2025-03-13,Kotputli-Behror,27.7,76.2,0.72,27.79,33.84,1.81,96.01
2025-03-14,Kotputli-Behror,27.7,76.2,0.65,27.39,35.08,1.47,96.08
2025-03-15,Kotputli-Behror,27.7,76.2,0.07,25.22,36.67,2.76,96.24
2025-03-16,Kotputli-Behror,27.7,76.2,0.0,24.05,33.87,2.93,96.46
2025-03-17,Kotputli-Behror,27.7,76.2,0.0,23.29,30.69,2.22,96.54
2025-03-18,Kotputli-Behror,27.7,76.2,0.0,23.13,26.93,1.79,96.54
2025-03-19,Kotputli-Behror,27.7,76.2,0.0,24.39,20.16,1.3,96.59
2025-03-20,Kotputli-Behror,27.7,76.2,0.0,25.12,21.24,1.71,96.71
2025-03-21,Kotputli-Behror,27.7,76.2,0.0,24.72,23.72,1.86,96.69
2025-03-22,Kotputli-Behror,27.7,76.2,0.0,25.25,20.43,2.35,96.55
2025-03-23,Kotputli-Behror,27.7,76.2,0.04,25.27,17.22,1.17,96.67
2025-03-24,Kotputli-Behror,27.7,76.2,0.0,26.55,15.52,1.76,96.59
2025-03-25,Kotputli-Behror,27.7,76.2,0.0,28.09,16.78,1.38,96.21
2025-03-26,Kotputli-Behror,27.7,76.2,0.0,28.94,18.0,1.76,95.98
2025-03-27,Kotputli-Behror,27.7,76.2,0.0,28.5,19.34,3.34,96.01
2025-03-28,Kotputli-Behror,27.7,76.2,0.0,24.27,8.33,3.44,96.26
2025-03-29,Kotputli-Behror,27.7,76.2,0.0,21.78,9.84,3.14,96.34
2025-03-30,Kotputli-Behror,27.7,76.2,0.0,24.66,10.62,2.23,96.34
2025-03-31,Kotputli-Behror,27.7,76.2,0.0,25.56,12.05,2.06,96.36
2025-04-01,Kotputli-Behror,27.7,76.2,0.0,26.37,13.03,1.89,96.27
2025-04-02,Kotputli-Behror,27.7,76.2,0.0,28.08,10.07,1.0,96.31
2025-04-03,Kotputli-Behror,27.7,76.2,0.0,28.23,11.87,2.3,96.39
2025-04-04,Kotputli-Behror,27.7,76.2,0.06,29.41,14.88,2.31,96.35
2025-04-05,Kotputli-Behror,27.7,76.2,0.0,28.61,18.54,2.43,96.21
2025-04-06,Kotputli-Behror,27.7,76.2,0.0,31.26,17.84,2.03,96.01
2025-04-07,Kotputli-Behror,27.7,76.2,0.0,31.98,16.35,1.66,96.08
2025-04-08,Kotputli-Behror,27.7,76.2,0.0,32.02,17.08,2.4,96.25
2025-04-09,Kotputli-Behror,27.7,76.2,0.0,32.51,17.38,2.05,96.07
2025-04-10,Kotputli-Behror,27.7,76.2,0.0,32.38,20.52,1.7,95.69
2025-04-11,Kotputli-Behror,27.7,76.2,0.22,30.77,27.79,3.2,95.57
2025-04-12,Kotputli-Behror,27.7,76.2,0.23,30.01,30.62,1.81,95.9
2025-04-13,Kotputli-Behror,27.7,76.2,0.07,30.24,27.25,1.56,96.1
2025-04-14,Kotputli-Behror,27.7,76.2,0.0,30.66,24.57,2.47,96.1
2025-04-15,Kotputli-Behror,27.7,76.2,0.0,30.75,28.12,2.7,96.14
2025-04-16,Kotputli-Behror,27.7,76.2,0.0,31.97,25.59,1.81,96.02
2025-04-17,Kotputli-Behror,27.7,76.2,0.0,33.53,23.24,2.8,95.75
2025-04-18,Kotputli-Behror,27.7,76.2,0.0,34.9,19.63,1.91,95.59
2025-04-19,Kotputli-Behror,27.7,76.2,0.02,32.99,16.03,3.21,95.65
2025-04-20,Kotputli-Behror,27.7,76.2,0.0,33.21,19.07,3.35,95.68
2025-04-21,Kotputli-Behror,27.7,76.2,0.0,31.97,7.86,3.18,96.05
2025-04-22,Kotputli-Behror,27.7,76.2,0.0,30.97,7.13,2.56,96.16
2025-04-23,Kotputli-Behror,27.7,76.2,0.0,31.02,5.53,2.74,95.95
2025-04-24,Kotputli-Behror,27.7,76.2,0.0,32.29,7.9,2.76,95.72
2025-04-25,Kotputli-Behror,27.7,76.2,0.0,33.52,9.92,3.0,95.75
2025-04-26,Kotputli-Behror,27.7,76.2,0.0,32.94,10.98,1.54,95.79
2025-04-27,Kotputli-Behror,27.7,76.2,0.0,32.56,17.24,1.51,95.91
2025-04-28,Kotputli-Behror,27.7,76.2,0.0,32.95,14.41,2.08,95.73
2025-04-29,Kotputli-Behror,27.7,76.2,0.0,31.42,16.58,2.91,95.82
2025-04-30,Kotputli-Behror,27.7,76.2,0.0,31.97,22.84,3.17,95.94
2025-05-01,Kotputli-Behror,27.7,76.2,0.42,32.24,29.61,3.59,96.04
2025-05-02,Kotputli-Behror,27.7,76.2,7.03,30.04,40.96,3.54,96.13
2025-05-03,Kotputli-Behror,27.7,76.2,0.78,31.34,41.74,3.31,95.87
2025-05-04,Kotputli-Behror,27.7,76.2,1.09,32.13,35.33,2.43,95.67
2025-05-05,Kotputli-Behror,27.7,76.2,0.58,30.99,34.62,2.72,95.81
2025-05-06,Kotputli-Behror,27.7,76.2,0.18,27.26,47.41,2.53,95.88
2025-05-07,Kotputli-Behror,27.7,76.2,0.42,29.05,44.64,2.06,95.79
2025-05-08,Kotputli-Behror,27.7,76.2,0.76,27.82,53.15,2.85,95.89
2025-05-09,Kotputli-Behror,27.7,76.2,0.73,30.43,42.36,1.78,95.95
2025-05-10,Kotputli-Behror,27.7,76.2,0.53,32.03,40.08,1.15,95.9
2025-05-11,Kotputli-Behror,27.7,76.2,0.16,33.32,36.69,1.93,95.78
2025-05-12,Kotputli-Behror,27.7,76.2,1.99,33.45,31.65,2.09,95.74
2025-05-13,Kotputli-Behror,27.7,76.2,1.46,33.41,41.62,3.55,95.78
2025-05-14,Kotputli-Behror,27.7,76.2,0.0,34.82,31.08,3.0,95.76
2025-05-15,Kotputli-Behror,27.7,76.2,0.0,35.34,23.7,2.54,95.74
2025-05-16,Kotputli-Behror,27.7,76.2,0.0,36.69,20.59,3.11,95.62
2025-05-17,Kotputli-Behror,27.7,76.2,0.03,36.46,25.49,4.56,95.6
2025-05-18,Kotputli-Behror,27.7,76.2,0.04,37.5,25.22,4.36,95.58
2025-05-19,Kotputli-Behror,27.7,76.2,0.01,36.97,26.6,2.96,95.54
2025-05-20,Kotputli-Behror,27.7,76.2,0.0,37.6,22.39,4.05,95.4
2025-05-21,Kotputli-Behror,27.7,76.2,0.06,37.83,20.16,3.08,95.4
2025-05-22,Kotputli-Behror,27.7,76.2,1.44,35.06,28.61,3.19,95.47
2025-05-23,Kotputli-Behror,27.7,76.2,0.0,35.09,33.95,3.97,95.28
2025-05-24,Kotputli-Behror,27.7,76.2,0.01,35.69,31.15,4.78,95.28
2025-05-25,Kotputli-Behror,27.7,76.2,22.89,31.51,51.74,3.84,95.62
2025-05-26,Kotputli-Behror,27.7,76.2,0.02,31.59,51.96,3.19,95.51
2025-05-27,Kotputli-Behror,27.7,76.2,0.0,32.06,48.02,2.15,95.32
2025-05-28,Kotputli-Behror,27.7,76.2,0.0,33.27,48.2,2.31,95.2
2025-05-29,Kotputli-Behror,27.7,76.2,0.14,33.22,47.52,2.17,95.06
2025-05-30,Kotputli-Behror,27.7,76.2,0.57,33.21,42.71,2.46,94.96
2025-05-31,Kotputli-Behror,27.7,76.2,0.23,33.83,30.0,3.38,95.17
2025-06-01,Kotputli-Behror,27.7,76.2,1.33,32.96,38.77,3.93,95.31
2025-06-02,Kotputli-Behror,27.7,76.2,1.48,31.71,45.48,3.26,95.31
2025-06-03,Kotputli-Behror,27.7,76.2,3.32,30.13,52.34,2.86,95.51
2025-06-04,Kotputli-Behror,27.7,76.2,0.12,30.92,45.86,2.96,95.75
2025-06-05,Kotputli-Behror,27.7,76.2,0.13,32.27,38.15,1.62,96.0
2025-06-06,Kotputli-Behror,27.7,76.2,2.7,33.19,39.18,1.89,95.92
2025-06-07,Kotputli-Behror,27.7,76.2,0.0,35.3,32.47,2.0,95.75
2025-06-08,Kotputli-Behror,27.7,76.2,0.0,36.67,26.26,2.68,95.63
2025-06-09,Kotputli-Behror,27.7,76.2,0.0,36.82,18.86,4.63,95.51
2025-06-10,Kotputli-Behror,27.7,76.2,0.0,37.34,19.75,4.34,95.41
2025-06-11,Kotputli-Behror,27.7,76.2,0.0,38.33,20.07,2.94,95.41
2025-06-12,Kotputli-Behror,27.7,76.2,0.0,38.94,19.47,1.73,95.35
2025-06-13,Kotputli-Behror,27.7,76.2,0.0,38.51,26.93,3.3,95.35
2025-06-14,Kotputli-Behror,27.7,76.2,0.09,38.1,26.45,2.78,95.26
2025-06-15,Kotputli-Behror,27.7,76.2,1.92,36.38,35.1,3.31,95.15
2025-06-16,Kotputli-Behror,27.7,76.2,9.34,32.69,54.93,3.26,95.18
2025-06-17,Kotputli-Behror,27.7,76.2,19.7,29.98,69.34,2.51,95.3
2025-06-18,Kotputli-Behror,27.7,76.2,6.7,29.31,70.05,2.93,95.13
2025-06-19,Kotputli-Behror,27.7,76.2,0.63,29.29,72.43,3.67,95.03
2025-06-20,Kotputli-Behror,27.7,76.2,9.04,28.97,75.86,1.4,95.27
2025-06-21,Kotputli-Behror,27.7,76.2,3.62,31.15,65.74,1.97,95.37
2025-06-22,Kotputli-Behror,27.7,76.2,2.92,32.0,63.01,1.92,95.28
2025-06-23,Kotputli-Behror,27.7,76.2,9.78,31.46,65.23,1.47,95.09
2025-06-24,Kotputli-Behror,27.7,76.2,13.06,31.11,69.88,0.93,95.06
2025-06-25,Kotputli-Behror,27.7,76.2,2.18,31.46,67.58,2.91,95.25
2025-06-26,Kotputli-Behror,27.7,76.2,4.87,31.23,66.58,3.35,95.44
2025-06-27,Kotputli-Behror,27.7,76.2,12.98,30.67,69.43,2.83,95.36
2025-06-28,Kotputli-Behror,27.7,76.2,4.71,30.76,68.66,2.53,95.26
2025-06-29,Kotputli-Behror,27.7,76.2,5.52,30.74,68.92,2.19,95.09
2025-06-30,Kotputli-Behror,27.7,76.2,11.26,29.03,76.69,2.85,95.11
2025-07-01,Kotputli-Behror,27.7,76.2,4.15,29.61,72.57,1.89,95.24
2025-07-02,Kotputli-Behror,27.7,76.2,12.26,29.5,74.56,2.85,95.22
2025-07-03,Kotputli-Behror,27.7,76.2,2.39,29.89,74.76,3.15,95.28
2025-07-04,Kotputli-Behror,27.7,76.2,5.27,30.11,74.56,1.89,95.32
2025-07-05,Kotputli-Behror,27.7,76.2,10.78,30.9,73.5,1.16,95.25
2025-07-06,Kotputli-Behror,27.7,76.2,5.8,30.22,77.1,1.19,95.19
2025-07-07,Kotputli-Behror,27.7,76.2,2.16,29.32,81.02,1.63,95.24
2025-07-08,Kotputli-Behror,27.7,76.2,1.73,29.44,75.67,1.92,95.34
2025-07-09,Kotputli-Behror,27.7,76.2,17.57,29.44,75.87,2.17,95.4
2025-07-10,Kotputli-Behror,27.7,76.2,25.1,27.52,84.3,1.49,95.54
2025-07-11,Kotputli-Behror,27.7,76.2,3.27,28.07,80.19,0.88,95.55
2025-07-12,Kotputli-Behror,27.7,76.2,2.61,28.76,77.28,1.32,95.52
2025-07-13,Kotputli-Behror,27.7,76.2,9.15,28.56,78.64,2.16,95.45
2025-07-14,Kotputli-Behror,27.7,76.2,8.64,27.58,85.16,3.97,95.18
2025-07-15,Kotputli-Behror,27.7,76.2,13.36,28.14,82.37,3.27,95.1
2025-07-16,Kotputli-Behror,27.7,76.2,2.98,28.26,83.26,2.15,95.37
2025-07-17,Kotputli-Behror,27.7,76.2,4.87,27.82,84.26,1.31,95.55
2025-07-18,Kotputli-Behror,27.7,76.2,11.51,27.43,83.94,3.96,95.35
2025-07-19,Kotputli-Behror,27.7,76.2,3.98,27.73,83.45,4.18,95.07
2025-07-20,Kotputli-Behror,27.7,76.2,0.04,28.53,78.77,2.67,95.22
2025-07-21,Kotputli-Behror,27.7,76.2,0.01,28.64,79.17,1.02,95.45
2025-07-22,Kotputli-Behror,27.7,76.2,15.95,28.56,83.23,1.74,95.35
2025-07-23,Kotputli-Behror,27.7,76.2,16.06,28.68,82.61,2.64,95.11
2025-07-24,Kotputli-Behror,27.7,76.2,0.58,28.95,78.23,2.71,95.01
2025-07-25,Kotputli-Behror,27.7,76.2,10.74,29.55,77.25,2.38,95.02
2025-07-26,Kotputli-Behror,27.7,76.2,6.66,29.38,81.1,1.04,95.07
2025-07-27,Kotputli-Behror,27.7,76.2,0.28,29.76,76.62,1.9,95.03
2025-07-28,Kotputli-Behror,27.7,76.2,21.92,28.64,84.51,1.21,95.06
2025-07-29,Kotputli-Behror,27.7,76.2,5.52,28.32,84.58,2.18,95.11
2025-07-30,Kotputli-Behror,27.7,76.2,10.43,27.53,87.61,1.6,95.17
2025-07-31,Kotputli-Behror,27.7,76.2,12.33,26.79,90.77,1.83,95.28
2025-08-01,Kotputli-Behror,27.7,76.2,12.4,26.86,86.66,2.73,95.43
2025-08-02,Kotputli-Behror,27.7,76.2,0.85,27.93,82.59,2.97,95.48
2025-08-03,Kotputli-Behror,27.7,76.2,2.41,27.87,82.32,3.24,95.62
2025-08-04,Kotputli-Behror,27.7,76.2,0.86,28.1,80.85,3.29,95.69
2025-08-05,Kotputli-Behror,27.7,76.2,0.46,27.5,82.72,3.32,95.71
2025-08-06,Kotputli-Behror,27.7,76.2,0.01,27.48,79.42,2.51,95.76
2025-08-07,Kotputli-Behror,27.7,76.2,0.0,28.05,78.19,3.21,95.69
2025-08-08,Kotputli-Behror,27.7,76.2,9.63,28.36,76.03,2.97,95.74
2025-08-09,Kotputli-Behror,27.7,76.2,10.21,28.17,76.57,2.3,95.93
2025-08-10,Kotputli-Behror,27.7,76.2,3.75,28.03,79.42,2.16,95.79
2025-08-11,Kotputli-Behror,27.7,76.2,1.07,28.23,78.98,2.79,95.72
2025-08-12,Kotputli-Behror,27.7,76.2,0.92,28.41,77.39,2.53,95.62
2025-08-13,Kotputli-Behror,27.7,76.2,3.54,27.33,82.55,2.25,95.55
2025-08-14,Kotputli-Behror,27.7,76.2,17.16,26.46,90.03,1.64,95.76
2025-08-15,Kotputli-Behror,27.7,76.2,0.43,27.35,83.45,1.52,95.66
2025-08-16,Kotputli-Behror,27.7,76.2,0.07,27.99,82.12,1.99,95.5
2025-08-17,Kotputli-Behror,27.7,76.2,0.2,28.15,83.1,2.68,95.6
2025-08-18,Kotputli-Behror,27.7,76.2,0.12,27.81,84.48,2.91,95.74
2025-08-19,Kotputli-Behror,27.7,76.2,1.26,28.06,82.01,2.53,95.62
2025-08-20,Kotputli-Behror,27.7,76.2,3.1,27.99,82.04,2.83,95.55
2025-08-21,Kotputli-Behror,27.7,76.2,7.18,27.2,85.91,2.09,95.56
2025-08-22,Kotputli-Behror,27.7,76.2,9.05,28.55,79.6,1.08,95.36
2025-08-23,Kotputli-Behror,27.7,76.2,21.96,27.72,85.15,1.65,95.38
2025-08-24,Kotputli-Behror,27.7,76.2,17.06,27.76,83.57,1.28,95.41
2025-08-25,Kotputli-Behror,27.7,76.2,12.41,27.35,86.68,1.23,95.31
2025-08-26,Kotputli-Behror,27.7,76.2,5.81,27.38,86.9,2.06,95.55
2025-08-27,Kotputli-Behror,27.7,76.2,2.87,27.84,85.31,1.18,95.62
2025-08-28,Kotputli-Behror,27.7,76.2,2.18,27.63,86.95,1.5,95.57
2025-08-29,Kotputli-Behror,27.7,76.2,0.83,27.21,87.75,2.52,95.68
2025-08-30,Kotputli-Behror,27.7,76.2,12.29,27.36,87.69,2.35,95.8
2025-08-31,Kotputli-Behror,27.7,76.2,20.19,26.82,90.2,1.92,95.59
2025-09-01,Kotputli-Behror,27.7,76.2,22.88,26.06,90.34,2.12,95.24
2025-09-02,Kotputli-Behror,27.7,76.2,20.4,26.71,86.08,1.95,95.38
2025-09-03,Kotputli-Behror,27.7,76.2,16.9,26.01,89.14,1.87,95.69
2025-09-04,Kotputli-Behror,27.7,76.2,14.35,26.0,89.45,2.16,95.75
2025-09-05,Kotputli-Behror,27.7,76.2,16.41,26.34,90.03,3.79,95.66
2025-09-06,Kotputli-Behror,27.7,76.2,5.65,26.61,88.91,3.92,95.71
2025-09-07,Kotputli-Behror,27.7,76.2,2.17,26.49,87.1,2.83,95.76
2025-09-08,Kotputli-Behror,27.7,76.2,1.08,26.19,86.04,2.19,95.92
2025-09-09,Kotputli-Behror,27.7,76.2,0.0,26.87,82.34,1.67,96.12
2025-09-10,Kotputli-Behror,27.7,76.2,0.0,26.45,81.92,3.22,96.04
2025-09-11,Kotputli-Behror,27.7,76.2,0.0,25.88,82.57,3.19,95.98
2025-09-12,Kotputli-Behror,27.7,76.2,0.0,26.35,82.11,2.29,96.11
2025-09-13,Kotputli-Behror,27.7,76.2,0.0,27.18,74.99,1.47,96.1
2025-09-14,Kotputli-Behror,27.7,76.2,0.01,27.64,78.85,1.72,96.04
2025-09-15,Kotputli-Behror,27.7,76.2,0.03,27.11,78.62,2.23,95.87
2025-09-16,Kotputli-Behror,27.7,76.2,0.83,27.44,79.47,1.23,95.87
2025-09-17,Kotputli-Behror,27.7,76.2,2.11,27.91,79.58,1.58,95.89
2025-09-18,Kotputli-Behror,27.7,76.2,4.04,27.9,78.33,1.16,95.91
2025-09-19,Kotputli-Behror,27.7,76.2,0.14,28.29,72.67,1.31,95.99
2025-09-20,Kotputli-Behror,27.7,76.2,0.31,27.67,72.02,1.86,95.97
2025-09-21,Kotputli-Behror,27.7,76.2,0.0,27.41,67.49,1.87,95.91
2025-09-22,Kotputli-Behror,27.7,76.2,0.0,26.58,66.91,1.98,95.95
2025-09-23,Kotputli-Behror,27.7,76.2,0.0,26.7,69.99,2.44,95.91
2025-09-24,Kotputli-Behror,27.7,76.2,0.0,27.04,71.12,2.64,95.79
2025-09-25,Kotputli-Behror,27.7,76.2,0.0,27.44,65.82,2.08,95.84
2025-09-26,Kotputli-Behror,27.7,76.2,0.0,27.23,62.56,1.95,95.97
2025-09-27,Kotputli-Behror,27.7,76.2,0.05,27.6,71.19,1.71,96.13
2025-09-28,Kotputli-Behror,27.7,76.2,0.0,27.34,79.81,2.83,96.02
2025-09-29,Kotputli-Behror,27.7,76.2,0.16,27.35,80.48,2.41,95.87
2025-09-30,Kotputli-Behror,27.7,76.2,6.95,25.68,90.09,1.65,95.74
2025-10-01,Kotputli-Behror,27.7,76.2,6.21,25.86,82.38,1.42,95.75
2025-10-02,Kotputli-Behror,27.7,76.2,1.57,25.98,80.71,1.54,96.04
2025-10-03,Kotputli-Behror,27.7,76.2,0.01,25.51,83.83,1.77,96.31
2025-10-04,Kotputli-Behror,27.7,76.2,0.0,27.48,70.99,1.33,96.15
2025-10-05,Kotputli-Behror,27.7,76.2,1.13,26.62,73.96,2.39,96.08
2025-10-06,Kotputli-Behror,27.7,76.2,32.43,24.83,83.68,1.82,96.18
2025-10-07,Kotputli-Behror,27.7,76.2,11.25,23.76,79.88,1.79,96.22
2025-10-08,Kotputli-Behror,27.7,76.2,0.0,21.46,76.07,1.65,96.48
2025-10-09,Kotputli-Behror,27.7,76.2,0.0,22.08,64.3,1.5,96.62
2025-10-10,Kotputli-Behror,27.7,76.2,0.0,22.56,59.17,1.22,96.49
2025-10-11,Kotputli-Behror,27.7,76.2,0.0,22.67,61.51,1.46,96.48
2025-10-12,Kotputli-Behror,27.7,76.2,0.0,23.54,59.68,1.09,96.45
2025-10-13,Kotputli-Behror,27.7,76.2,0.0,23.26,59.58,0.91,96.53
2025-10-14,Kotputli-Behror,27.7,76.2,0.0,22.74,60.7,1.06,96.43
2025-10-15,Kotputli-Behror,27.7,76.2,0.0,22.33,62.69,1.24,96.42
2025-10-16,Kotputli-Behror,27.7,76.2,0.0,23.36,55.06,0.91,96.41
2025-10-17,Kotputli-Behror,27.7,76.2,0.0,23.82,50.01,0.98,96.54
2025-10-18,Kotputli-Behror,27.7,76.2,0.0,23.48,52.67,1.03,96.48
2025-10-19,Kotputli-Behror,27.7,76.2,0.0,22.82,59.78,1.62,96.42
2025-10-20,Kotputli-Behror,27.7,76.2,0.0,22.95,60.36,1.57,96.46
2025-10-21,Kotputli-Behror,27.7,76.2,0.0,23.52,64.26,1.07,96.58
2025-10-22,Kotputli-Behror,27.7,76.2,0.0,25.04,55.87,0.78,96.62
2025-10-23,Kotputli-Behror,27.7,76.2,0.0,24.18,50.91,1.0,96.54
2025-10-24,Kotputli-Behror,27.7,76.2,0.0,24.03,49.01,1.05,96.51
2025-10-25,Kotputli-Behror,27.7,76.2,0.0,23.29,49.81,0.75,96.45
2025-10-26,Kotputli-Behror,27.7,76.2,0.17,22.32,65.49,1.55,96.54
2025-10-27,Kotputli-Behror,27.7,76.2,4.95,21.2,79.26,2.11,96.63
2025-10-28,Kotputli-Behror,27.7,76.2,0.53,19.2,83.38,2.19,96.67
2025-10-29,Kotputli-Behror,27.7,76.2,0.06,21.44,75.95,1.69,96.51
2025-10-30,Kotputli-Behror,27.7,76.2,0.51,21.17,85.42,1.64,96.48
2025-10-31,Kotputli-Behror,27.7,76.2,0.0,23.13,72.56,0.87,96.4
2025-11-01,Kotputli-Behror,27.7,76.2,0.0,23.21,65.25,1.36,96.42
2025-11-02,Kotputli-Behror,27.7,76.2,0.0,22.8,49.43,1.53,96.45
2025-11-03,Kotputli-Behror,27.7,76.2,0.0,22.42,44.67,2.06,96.27
2025-11-04,Kotputli-Behror,27.7,76.2,0.47,20.13,69.91,1.7,96.23
2025-11-05,Kotputli-Behror,27.7,76.2,0.0,20.51,56.07,2.1,96.29
2025-11-06,Kotputli-Behror,27.7,76.2,0.0,17.62,47.04,2.19,96.55
2025-11-07,Kotputli-Behror,27.7,76.2,0.0,17.13,38.58,1.97,96.71
2025-11-08,Kotputli-Behror,27.7,76.2,0.0,18.3,36.89,1.72,96.75
2025-11-09,Kotputli-Behror,27.7,76.2,0.0,19.55,33.77,1.25,96.62
2025-11-10,Kotputli-Behror,27.7,76.2,0.0,20.19,33.52,0.8,96.58
2025-11-11,Kotputli-Behror,27.7,76.2,0.0,18.74,40.69,1.35,96.69
2025-11-12,Kotputli-Behror,27.7,76.2,0.0,19.66,36.95,1.23,96.78
2025-11-13,Kotputli-Behror,27.7,76.2,0.0,18.24,40.31,1.56,96.92
2025-11-14,Kotputli-Behror,27.7,76.2,0.0,18.85,35.35,1.21,96.91
2025-11-15,Kotputli-Behror,27.7,76.2,0.0,18.87,33.5,1.09,97.01
2025-11-16,Kotputli-Behror,27.7,76.2,0.0,18.12,35.13,1.53,97.19
2025-11-17,Kotputli-Behror,27.7,76.2,0.0,17.96,36.6,1.35,97.09
2025-11-18,Kotputli-Behror,27.7,76.2,0.0,17.64,43.9,1.47,96.9
2025-11-19,Kotputli-Behror,27.7,76.2,0.0,18.15,43.73,1.11,96.87
2025-11-20,Kotputli-Behror,27.7,76.2,0.0,17.52,60.26,1.37,96.91
2025-11-21,Kotputli-Behror,27.7,76.2,0.0,17.65,63.2,1.41,97.01
2025-11-22,Kotputli-Behror,27.7,76.2,0.0,18.44,54.57,1.1,96.86
2025-11-23,Kotputli-Behror,27.7,76.2,0.0,19.09,47.93,0.59,96.86
2025-11-24,Kotputli-Behror,27.7,76.2,0.0,18.01,48.64,0.97,97.0
2025-11-25,Kotputli-Behror,27.7,76.2,0.0,17.35,42.41,0.91,96.99
2025-11-26,Kotputli-Behror,27.7,76.2,0.0,16.38,40.28,1.11,97.0
2025-11-27,Kotputli-Behror,27.7,76.2,0.0,16.3,50.47,1.26,97.09
2025-11-28,Kotputli-Behror,27.7,76.2,0.03,18.7,50.76,0.65,96.97
2025-11-29,Kotputli-Behror,27.7,76.2,0.0,18.52,54.68,1.19,96.81
2025-11-30,Kotputli-Behror,27.7,76.2,0.0,16.78,49.43,1.54,96.76
2025-12-01,Kotputli-Behror,27.7,76.2,0.0,17.71,49.88,1.2,96.68
2025-12-02,Kotputli-Behror,27.7,76.2,0.0,16.77,64.16,1.78,96.67
2025-12-03,Kotputli-Behror,27.7,76.2,0.0,14.73,45.78,1.25,97.03
2025-12-04,Kotputli-Behror,27.7,76.2,0.0,15.05,36.44,1.45,97.1
2025-12-05,Kotputli-Behror,27.7,76.2,0.0,14.89,35.17,1.38,97.22
2025-12-06,Kotputli-Behror,27.7,76.2,0.0,14.85,40.44,1.81,97.15
2025-12-07,Kotputli-Behror,27.7,76.2,0.0,16.2,37.53,1.6,97.06
2025-12-08,Kotputli-Behror,27.7,76.2,0.0,16.77,40.15,1.83,97.07
2025-12-09,Kotputli-Behror,27.7,76.2,0.0,16.11,38.68,2.22,97.03
2025-12-10,Kotputli-Behror,27.7,76.2,0.0,16.15,39.81,1.69,97.0
2025-12-11,Kotputli-Behror,27.7,76.2,0.0,17.6,35.37,1.63,96.9
2025-12-12,Kotputli-Behror,27.7,76.2,0.0,17.39,36.51,1.53,96.82
2025-12-13,Kotputli-Behror,27.7,76.2,0.0,18.01,37.51,0.92,96.9
2025-12-14,Kotputli-Behror,27.7,76.2,0.0,18.29,41.56,0.95,96.98
2025-12-15,Kotputli-Behror,27.7,76.2,0.0,17.55,42.85,1.41,96.97
2025-12-16,Kotputli-Behror,27.7,76.2,0.0,15.87,43.23,1.69,96.95
2025-12-17,Kotputli-Behror,27.7,76.2,0.0,16.37,42.83,1.87,97.01
2025-12-18,Kotputli-Behror,27.7,76.2,0.0,16.7,42.39,1.68,97.06
2025-12-19,Kotputli-Behror,27.7,76.2,0.0,17.03,35.61,1.75,96.83
2025-12-20,Kotputli-Behror,27.7,76.2,0.0,17.51,34.46,1.34,96.66
2025-12-21,Kotputli-Behror,27.7,76.2,0.0,17.7,43.95,1.27,96.81
2025-12-22,Kotputli-Behror,27.7,76.2,0.0,18.65,46.83,1.09,96.87
2025-12-23,Kotputli-Behror,27.7,76.2,0.0,17.7,49.3,2.02,96.78
2025-12-24,Kotputli-Behror,27.7,76.2,0.0,14.25,43.98,2.46,96.79
2025-12-25,Kotputli-Behror,27.7,76.2,0.0,14.76,35.45,1.29,96.83
2025-12-26,Kotputli-Behror,27.7,76.2,0.0,15.65,31.84,1.02,96.88
2025-12-27,Kotputli-Behror,27.7,76.2,0.0,15.48,29.22,1.34,96.88
2025-12-28,Kotputli-Behror,27.7,76.2,0.0,15.54,29.47,0.96,96.92
2025-12-29,Kotputli-Behror,27.7,76.2,0.0,16.24,31.84,0.94,96.86
2025-12-30,Kotputli-Behror,27.7,76.2,0.0,16.81,35.49,0.98,96.63
2025-12-31,Kotputli-Behror,27.7,76.2,0.0,15.28,58.79,1.48,96.41
2025-01-01,Nagaur,27.202,73.7339,0.0,14.87,40.82,1.47,98.11
2025-01-02,Nagaur,27.202,73.7339,0.0,17.27,40.24,1.22,98.03
2025-01-03,Nagaur,27.202,73.7339,0.0,18.99,39.06,1.66,97.95
2025-01-04,Nagaur,27.202,73.7339,0.0,19.17,39.62,2.27,97.69
2025-01-05,Nagaur,27.202,73.7339,0.0,17.76,40.53,1.81,97.68
2025-01-06,Nagaur,27.202,73.7339,0.0,13.88,38.89,2.47,98.01
2025-01-07,Nagaur,27.202,73.7339,0.0,12.56,33.73,1.86,98.17
2025-01-08,Nagaur,27.202,73.7339,0.0,16.17,20.8,1.13,97.95
2025-01-09,Nagaur,27.202,73.7339,0.0,15.94,29.98,1.8,97.92
2025-01-10,Nagaur,27.202,73.7339,0.0,16.05,41.27,3.06,97.94
2025-01-11,Nagaur,27.202,73.7339,2.64,13.55,65.71,1.17,97.91
2025-01-12,Nagaur,27.202,73.7339,0.02,13.8,66.87,1.8,98.17
2025-01-13,Nagaur,27.202,73.7339,0.0,11.79,68.69,1.83,98.24
2025-01-14,Nagaur,27.202,73.7339,0.0,13.34,62.34,1.78,98.12
2025-01-15,Nagaur,27.202,73.7339,0.07,14.39,57.69,1.99,98.08
2025-01-16,Nagaur,27.202,73.7339,0.01,14.0,51.53,1.97,98.26
2025-01-17,Nagaur,27.202,73.7339,0.0,12.84,53.58,2.49,98.28
2025-01-18,Nagaur,27.202,73.7339,0.0,15.4,49.42,1.7,97.95
2025-01-19,Nagaur,27.202,73.7339,0.0,17.8,48.87,2.49,97.88
2025-01-20,Nagaur,27.202,73.7339,0.0,17.03,44.76,1.65,97.87
2025-01-21,Nagaur,27.202,73.7339,0.0,16.5,37.34,1.65,97.74
2025-01-22,Nagaur,27.202,73.7339,0.0,16.43,41.01,1.81,97.65
2025-01-23,Nagaur,27.202,73.7339,0.0,15.88,41.67,2.28,97.88
2025-01-24,Nagaur,27.202,73.7339,0.0,15.5,36.15,1.82,97.98
2025-01-25,Nagaur,27.202,73.7339,0.0,15.8,20.56,1.43,97.94
2025-01-26,Nagaur,27.202,73.7339,0.0,16.53,15.23,1.14,97.83
2025-01-27,Nagaur,27.202,73.7339,0.0,16.48,17.88,1.5,97.66
2025-01-28,Nagaur,27.202,73.7339,0.0,18.83,20.47,1.2,97.53
2025-01-29,Nagaur,27.202,73.7339,0.0,20.83,15.71,1.86,97.54
2025-01-30,Nagaur,27.202,73.7339,0.0,18.41,24.75,2.08,97.39
2025-01-31,Nagaur,27.202,73.7339,0.0,17.07,27.06,1.65,97.37
2025-02-01,Nagaur,27.202,73.7339,0.0,16.69,31.3,1.61,97.58
2025-02-02,Nagaur,27.202,73.7339,0.0,16.56,35.66,2.34,97.82
2025-02-03,Nagaur,27.202,73.7339,0.02,17.74,33.85,1.98,97.66
2025-02-04,Nagaur,27.202,73.7339,0.56,18.0,25.54,2.22,97.75
2025-02-05,Nagaur,27.202,73.7339,0.0,16.31,26.27,1.62,97.9
2025-02-06,Nagaur,27.202,73.7339,0.0,15.87,24.77,2.02,98.06
2025-02-07,Nagaur,27.202,73.7339,0.0,16.0,19.95,1.82,98.09
2025-02-08,Nagaur,27.202,73.7339,0.0,18.19,16.41,1.29,97.89
2025-02-09,Nagaur,27.202,73.7339,0.0,19.67,18.97,1.42,97.67
2025-02-10,Nagaur,27.202,73.7339,0.0,21.49,19.37,1.72,97.63
2025-02-11,Nagaur,27.202,73.7339,0.0,21.86,23.28,1.84,97.63
2025-02-12,Nagaur,27.202,73.7339,0.0,19.66,25.51,2.17,97.87
2025-02-13,Nagaur,27.202,73.7339,0.0,20.26,22.35,1.6,97.89
2025-02-14,Nagaur,27.202,73.7339,0.0,22.78,19.92,2.02,97.65
2025-02-15,Nagaur,27.202,73.7339,0.0,23.19,28.99,2.7,97.32
2025-02-16,Nagaur,27.202,73.7339,0.0,22.67,25.44,1.67,97.47
2025-02-17,Nagaur,27.202,73.7339,0.0,23.04,32.36,2.27,97.68
2025-02-18,Nagaur,27.202,73.7339,0.01,22.6,36.59,1.99,97.68
2025-02-19,Nagaur,27.202,73.7339,0.53,23.17,33.21,2.04,97.49
2025-02-20,Nagaur,27.202,73.7339,0.0,22.02,35.42,2.98,97.51
2025-02-21,Nagaur,27.202,73.7339,0.0,19.78,33.34,2.43,97.99
2025-02-22,Nagaur,27.202,73.7339,0.0,19.87,33.55,2.03,98.02
2025-02-23,Nagaur,27.202,73.7339,0.0,21.22,36.85,1.41,97.99
2025-02-24,Nagaur,27.202,73.7339,0.0,21.82,32.21,1.78,98.09
2025-02-25,Nagaur,27.202,73.7339,0.0,23.84,30.42,2.1,98.05
2025-02-26,Nagaur,27.202,73.7339,0.0,25.85,26.71,1.54,98.03
2025-02-27,Nagaur,27.202,73.7339,0.0,25.0,31.9,2.88,97.69
2025-02-28,Nagaur,27.202,73.7339,2.32,23.15,44.49,2.4,97.44
2025-03-01,Nagaur,27.202,73.7339,0.04,23.57,41.88,2.39,97.49
2025-03-02,Nagaur,27.202,73.7339,0.22,22.53,43.13,2.56,97.55
2025-03-03,Nagaur,27.202,73.7339,0.0,23.7,33.43,4.09,97.39
2025-03-04,Nagaur,27.202,73.7339,0.0,18.91,19.82,3.71,97.85
2025-03-05,Nagaur,27.202,73.7339,0.0,17.52,23.37,2.64,98.03
2025-03-06,Nagaur,27.202,73.7339,0.0,21.51,15.19,2.7,97.68
2025-03-07,Nagaur,27.202,73.7339,0.0,24.08,19.12,2.68,97.42
2025-03-08,Nagaur,27.202,73.7339,0.0,25.62,20.21,1.43,97.24
2025-03-09,Nagaur,27.202,73.7339,0.0,26.69,19.23,2.26,97.35
2025-03-10,Nagaur,27.202,73.7339,0.0,28.17,20.16,1.71,97.68
2025-03-11,Nagaur,27.202,73.7339,0.0,28.16,21.45,2.16,97.61
2025-03-12,Nagaur,27.202,73.7339,0.0,27.91,25.38,2.33,97.34
2025-03-13,Nagaur,27.202,73.7339,0.28,28.27,28.44,2.14,97.09
2025-03-14,Nagaur,27.202,73.7339,0.05,27.98,29.01,3.47,97.08
2025-03-15,Nagaur,27.202,73.7339,0.01,25.71,34.12,2.59,97.3
2025-03-16,Nagaur,27.202,73.7339,0.44,24.87,32.29,2.57,97.58
2025-03-17,Nagaur,27.202,73.7339,0.57,24.55,27.11,2.26,97.64
2025-03-18,Nagaur,27.202,73.7339,0.0,25.13,22.57,1.81,97.59
2025-03-19,Nagaur,27.202,73.7339,0.0,26.18,19.54,2.62,97.54
2025-03-20,Nagaur,27.202,73.7339,0.02,26.35,20.44,2.48,97.7
2025-03-21,Nagaur,27.202,73.7339,0.15,27.4,23.03,2.27,97.77
2025-03-22,Nagaur,27.202,73.7339,0.0,27.65,19.45,2.4,97.61
2025-03-23,Nagaur,27.202,73.7339,0.0,27.4,16.23,2.06,97.68
2025-03-24,Nagaur,27.202,73.7339,0.0,28.67,15.53,2.38,97.57
2025-03-25,Nagaur,27.202,73.7339,0.0,29.07,15.15,2.47,97.24
2025-03-26,Nagaur,27.202,73.7339,0.0,28.79,21.0,3.93,97.03
2025-03-27,Nagaur,27.202,73.7339,0.0,27.28,17.14,4.33,97.14
2025-03-28,Nagaur,27.202,73.7339,0.0,22.9,8.78,3.0,97.48
2025-03-29,Nagaur,27.202,73.7339,0.0,22.86,9.51,2.47,97.5
2025-03-30,Nagaur,27.202,73.7339,0.0,25.79,9.89,1.54,97.44
2025-03-31,Nagaur,27.202,73.7339,0.0,27.1,11.09,1.78,97.44
2025-04-01,Nagaur,27.202,73.7339,0.0,27.85,13.01,1.7,97.29
2025-04-02,Nagaur,27.202,73.7339,0.0,28.79,12.19,2.51,97.27
2025-04-03,Nagaur,27.202,73.7339,0.0,29.91,12.77,2.55,97.32
2025-04-04,Nagaur,27.202,73.7339,0.0,30.33,11.78,2.32,97.43
2025-04-05,Nagaur,27.202,73.7339,0.0,29.77,16.88,2.35,97.32
2025-04-06,Nagaur,27.202,73.7339,0.0,33.34,14.03,2.15,97.04
2025-04-07,Nagaur,27.202,73.7339,0.0,33.95,14.68,1.76,97.05
2025-04-08,Nagaur,27.202,73.7339,0.0,33.76,16.43,2.58,97.24
2025-04-09,Nagaur,27.202,73.7339,0.0,34.24,13.64,4.35,97.15
2025-04-10,Nagaur,27.202,73.7339,0.44,32.63,17.08,3.04,96.75
2025-04-11,Nagaur,27.202,73.7339,2.39,31.51,24.32,3.02,96.58
2025-04-12,Nagaur,27.202,73.7339,0.17,31.03,28.82,3.36,96.87
2025-04-13,Nagaur,27.202,73.7339,0.01,32.34,24.04,1.51,97.08
2025-04-14,Nagaur,27.202,73.7339,0.0,32.85,22.92,1.82,97.03
2025-04-15,Nagaur,27.202,73.7339,0.0,33.06,23.3,2.52,97.01
2025-04-16,Nagaur,27.202,73.7339,0.0,34.16,23.14,1.96,96.93
2025-04-17,Nagaur,27.202,73.7339,0.0,35.27,19.85,3.4,96.72
2025-04-18,Nagaur,27.202,73.7339,0.63,35.24,17.44,5.59,96.67
2025-04-19,Nagaur,27.202,73.7339,0.0,32.86,18.92,5.56,96.62
2025-04-20,Nagaur,27.202,73.7339,0.0,32.06,18.78,4.68,96.78
2025-04-21,Nagaur,27.202,73.7339,0.0,30.81,9.36,2.87,97.15
2025-04-22,Nagaur,27.202,73.7339,0.0,30.82,7.32,2.52,97.28
2025-04-23,Nagaur,27.202,73.7339,0.0,31.34,7.45,2.86,97.07
2025-04-24,Nagaur,27.202,73.7339,0.0,32.71,9.77,3.46,96.82
2025-04-25,Nagaur,27.202,73.7339,0.0,33.28,13.27,3.77,96.84
2025-04-26,Nagaur,27.202,73.7339,0.0,33.07,14.01,2.84,96.8
2025-04-27,Nagaur,27.202,73.7339,0.0,34.32,9.74,1.52,96.93
2025-04-28,Nagaur,27.202,73.7339,0.0,34.72,11.26,1.89,96.75
2025-04-29,Nagaur,27.202,73.7339,0.0,34.53,11.63,2.03,96.7
2025-04-30,Nagaur,27.202,73.7339,0.0,35.19,14.48,2.72,96.77
2025-05-01,Nagaur,27.202,73.7339,0.0,35.45,17.48,2.72,96.85
2025-05-02,Nagaur,27.202,73.7339,0.09,35.22,21.09,1.77,96.95
2025-05-03,Nagaur,27.202,73.7339,0.54,34.38,27.84,4.16,96.78
2025-05-04,Nagaur,27.202,73.7339,15.15,31.15,41.4,2.9,96.77
2025-05-05,Nagaur,27.202,73.7339,1.46,29.65,53.69,2.64,96.86
2025-05-06,Nagaur,27.202,73.7339,1.06,28.84,52.05,1.48,96.87
2025-05-07,Nagaur,27.202,73.7339,0.58,28.34,55.45,1.98,96.82
2025-05-08,Nagaur,27.202,73.7339,3.46,29.89,51.8,1.68,96.83
2025-05-09,Nagaur,27.202,73.7339,1.11,31.13,49.75,1.53,96.98
2025-05-10,Nagaur,27.202,73.7339,0.09,32.46,41.76,1.64,96.98
2025-05-11,Nagaur,27.202,73.7339,0.0,34.36,35.41,2.1,96.84
2025-05-12,Nagaur,27.202,73.7339,1.34,34.31,37.84,4.62,96.78
2025-05-13,Nagaur,27.202,73.7339,1.39,34.24,39.09,4.17,96.82
2025-05-14,Nagaur,27.202,73.7339,0.0,35.36,29.73,3.76,96.82
2025-05-15,Nagaur,27.202,73.7339,0.0,35.78,23.5,4.01,96.84
2025-05-16,Nagaur,27.202,73.7339,0.0,36.66,24.7,5.11,96.73
2025-05-17,Nagaur,27.202,73.7339,0.0,36.63,30.22,5.5,96.71
2025-05-18,Nagaur,27.202,73.7339,0.0,37.31,31.41,4.98,96.7
2025-05-19,Nagaur,27.202,73.7339,0.0,37.63,29.62,5.19,96.63
2025-05-20,Nagaur,27.202,73.7339,0.0,37.29,24.53,4.69,96.53
2025-05-21,Nagaur,27.202,73.7339,0.0,37.78,23.63,4.18,96.51
2025-05-22,Nagaur,27.202,73.7339,0.0,38.43,24.5,4.37,96.41
2025-05-23,Nagaur,27.202,73.7339,0.0,37.73,19.87,3.58,96.2
2025-05-24,Nagaur,27.202,73.7339,0.0,38.52,21.51,1.94,96.09
2025-05-25,Nagaur,27.202,73.7339,2.94,37.01,30.59,3.99,96.36
2025-05-26,Nagaur,27.202,73.7339,0.0,36.31,33.87,4.21,96.37
2025-05-27,Nagaur,27.202,73.7339,0.0,37.33,31.33,1.77,96.2
2025-05-28,Nagaur,27.202,73.7339,0.55,39.0,26.81,2.06,96.06
2025-05-29,Nagaur,27.202,73.7339,0.09,37.12,31.71,3.68,96.01
2025-05-30,Nagaur,27.202,73.7339,2.33,35.28,32.69,4.34,95.97
2025-05-31,Nagaur,27.202,73.7339,2.74,33.3,36.08,5.39,96.24
2025-06-01,Nagaur,27.202,73.7339,0.2,33.09,42.26,5.52,96.39
2025-06-02,Nagaur,27.202,73.7339,4.66,33.3,44.0,4.5,96.3
2025-06-03,Nagaur,27.202,73.7339,3.09,32.47,40.96,4.47,96.45
2025-06-04,Nagaur,27.202,73.7339,0.32,32.35,39.53,3.97,96.72
2025-06-05,Nagaur,27.202,73.7339,0.04,33.16,36.97,3.64,96.99
2025-06-06,Nagaur,27.202,73.7339,0.0,35.44,32.13,5.11,96.94
2025-06-07,Nagaur,27.202,73.7339,0.0,36.69,24.24,4.88,96.84
2025-06-08,Nagaur,27.202,73.7339,0.0,36.89,22.16,5.36,96.78
2025-06-09,Nagaur,27.202,73.7339,0.0,36.93,20.55,5.73,96.7
2025-06-10,Nagaur,27.202,73.7339,0.0,37.16,25.56,4.99,96.57
2025-06-11,Nagaur,27.202,73.7339,0.0,37.41,24.74,3.15,96.53
2025-06-12,Nagaur,27.202,73.7339,0.0,38.63,21.52,2.84,96.37
2025-06-13,Nagaur,27.202,73.7339,0.0,40.08,17.9,1.06,96.24
2025-06-14,Nagaur,27.202,73.7339,0.23,39.79,22.48,2.79,96.16
2025-06-15,Nagaur,27.202,73.7339,1.83,37.29,33.3,4.37,96.1
2025-06-16,Nagaur,27.202,73.7339,12.46,33.09,51.11,3.49,96.12
2025-06-17,Nagaur,27.202,73.7339,4.53,31.28,67.12,2.6,96.22
2025-06-18,Nagaur,27.202,73.7339,0.7,32.68,61.13,2.01,96.06
2025-06-19,Nagaur,27.202,73.7339,2.73,34.8,52.91,2.55,95.92
2025-06-20,Nagaur,27.202,73.7339,6.24,31.54,62.77,4.76,96.21
2025-06-21,Nagaur,27.202,73.7339,8.26,31.36,66.28,2.6,96.37
2025-06-22,Nagaur,27.202,73.7339,0.2,32.45,62.61,3.06,96.3
2025-06-23,Nagaur,27.202,73.7339,1.4,32.42,62.75,3.47,96.12
2025-06-24,Nagaur,27.202,73.7339,5.37,32.4,63.12,3.75,96.04
2025-06-25,Nagaur,27.202,73.7339,1.33,32.07,65.74,2.89,96.2
2025-06-26,Nagaur,27.202,73.7339,2.81,32.58,65.31,3.14,96.37
2025-06-27,Nagaur,27.202,73.7339,8.32,32.17,65.77,3.07,96.28
2025-06-28,Nagaur,27.202,73.7339,0.91,31.44,63.42,2.88,96.26
2025-06-29,Nagaur,27.202,73.7339,1.78,31.98,64.67,3.83,96.11
2025-06-30,Nagaur,27.202,73.7339,0.16,32.04,60.42,4.99,96.12
2025-07-01,Nagaur,27.202,73.7339,2.27,32.39,61.59,3.95,96.21
2025-07-02,Nagaur,27.202,73.7339,12.39,30.85,68.96,2.53,96.18
2025-07-03,Nagaur,27.202,73.7339,9.45,30.94,71.42,2.11,96.22
2025-07-04,Nagaur,27.202,73.7339,2.78,29.99,74.03,2.61,96.35
2025-07-05,Nagaur,27.202,73.7339,0.22,30.87,70.17,3.24,96.3
2025-07-06,Nagaur,27.202,73.7339,7.13,29.89,72.8,2.8,96.24
2025-07-07,Nagaur,27.202,73.7339,2.87,29.48,71.64,3.02,96.32
2025-07-08,Nagaur,27.202,73.7339,0.8,31.26,63.94,3.32,96.41
2025-07-09,Nagaur,27.202,73.7339,21.93,30.83,67.67,3.78,96.43
2025-07-10,Nagaur,27.202,73.7339,2.29,30.5,67.44,3.17,96.51
2025-07-11,Nagaur,27.202,73.7339,13.86,30.12,72.13,2.8,96.56
2025-07-12,Nagaur,27.202,73.7339,22.18,29.06,77.05,3.12,96.56
2025-07-13,Nagaur,27.202,73.7339,26.18,29.31,81.18,1.8,96.49
2025-07-14,Nagaur,27.202,73.7339,5.81,28.92,79.39,2.24,96.25
2025-07-15,Nagaur,27.202,73.7339,11.18,28.49,81.86,4.07,96.08
2025-07-16,Nagaur,27.202,73.7339,1.71,30.28,70.52,3.23,96.37
2025-07-17,Nagaur,27.202,73.7339,3.5,29.72,71.48,2.89,96.56
2025-07-18,Nagaur,27.202,73.7339,29.11,28.48,81.84,3.89,96.48
2025-07-19,Nagaur,27.202,73.7339,26.52,28.36,81.75,2.98,96.04
2025-07-20,Nagaur,27.202,73.7339,7.57,28.49,78.54,4.2,96.18
2025-07-21,Nagaur,27.202,73.7339,0.84,28.73,80.05,3.68,96.41
2025-07-22,Nagaur,27.202,73.7339,0.39,29.87,75.82,3.74,96.39
2025-07-23,Nagaur,27.202,73.7339,0.07,29.95,71.44,4.72,96.16
2025-07-24,Nagaur,27.202,73.7339,0.03,29.79,71.58,4.05,96.1
2025-07-25,Nagaur,27.202,73.7339,5.39,30.26,72.66,3.34,96.09
2025-07-26,Nagaur,27.202,73.7339,13.9,29.96,78.43,2.51,96.1
2025-07-27,Nagaur,27.202,73.7339,1.47,30.1,73.66,1.9,96.11
2025-07-28,Nagaur,27.202,73.7339,1.39,30.43,71.4,3.63,96.11
2025-07-29,Nagaur,27.202,73.7339,0.17,30.12,71.02,4.12,96.17
2025-07-30,Nagaur,27.202,73.7339,0.11,28.88,74.07,3.74,96.24
2025-07-31,Nagaur,27.202,73.7339,4.24,27.04,82.12,4.21,96.4
2025-08-01,Nagaur,27.202,73.7339,1.75,28.41,74.64,3.98,96.51
2025-08-02,Nagaur,27.202,73.7339,0.37,29.01,71.99,4.42,96.56
2025-08-03,Nagaur,27.202,73.7339,0.0,29.31,70.46,4.18,96.69
2025-08-04,Nagaur,27.202,73.7339,0.0,29.4,70.48,4.66,96.77
2025-08-05,Nagaur,27.202,73.7339,0.0,28.68,72.22,4.72,96.75
2025-08-06,Nagaur,27.202,73.7339,0.0,28.82,70.09,4.09,96.82
2025-08-07,Nagaur,27.202,73.7339,0.0,29.3,69.52,4.04,96.78
2025-08-08,Nagaur,27.202,73.7339,0.0,29.38,67.26,3.84,96.81
2025-08-09,Nagaur,27.202,73.7339,0.07,29.44,66.42,3.36,97.0
2025-08-10,Nagaur,27.202,73.7339,0.0,29.61,66.13,3.32,96.86
2025-08-11,Nagaur,27.202,73.7339,0.0,29.54,65.3,4.32,96.79
2025-08-12,Nagaur,27.202,73.7339,0.0,29.58,66.57,4.31,96.67
2025-08-13,Nagaur,27.202,73.7339,0.0,29.07,70.55,3.49,96.58
2025-08-14,Nagaur,27.202,73.7339,0.03,28.66,73.05,1.37,96.75
2025-08-15,Nagaur,27.202,73.7339,1.41,29.81,71.83,1.18,96.64
2025-08-16,Nagaur,27.202,73.7339,2.02,30.67,72.77,1.85,96.43
2025-08-17,Nagaur,27.202,73.7339,0.52,31.09,70.64,3.07,96.5
2025-08-18,Nagaur,27.202,73.7339,0.05,30.19,75.97,3.15,96.65
2025-08-19,Nagaur,27.202,73.7339,0.03,30.69,70.53,2.85,96.54
2025-08-20,Nagaur,27.202,73.7339,1.01,30.54,71.33,2.81,96.47
2025-08-21,Nagaur,27.202,73.7339,9.3,29.41,76.01,1.41,96.54
2025-08-22,Nagaur,27.202,73.7339,7.37,27.84,84.72,3.66,96.48
2025-08-23,Nagaur,27.202,73.7339,13.71,27.56,83.05,2.77,96.45
2025-08-24,Nagaur,27.202,73.7339,33.91,27.66,84.01,2.01,96.49
2025-08-25,Nagaur,27.202,73.7339,3.11,28.14,79.73,2.75,96.41
2025-08-26,Nagaur,27.202,73.7339,2.1,29.08,74.36,2.73,96.59
2025-08-27,Nagaur,27.202,73.7339,7.23,29.46,75.09,2.02,96.66
2025-08-28,Nagaur,27.202,73.7339,5.84,29.38,76.23,1.67,96.59
2025-08-29,Nagaur,27.202,73.7339,12.94,29.25,78.3,1.33,96.6
2025-08-30,Nagaur,27.202,73.7339,8.86,27.74,89.9,0.89,96.76
2025-08-31,Nagaur,27.202,73.7339,34.76,27.07,90.66,2.05,96.59
2025-09-01,Nagaur,27.202,73.7339,23.56,26.65,87.28,2.38,96.35
2025-09-02,Nagaur,27.202,73.7339,4.68,27.85,82.03,2.29,96.47
2025-09-03,Nagaur,27.202,73.7339,8.42,28.23,80.49,1.98,96.68
2025-09-04,Nagaur,27.202,73.7339,8.72,27.52,82.64,1.64,96.76
2025-09-05,Nagaur,27.202,73.7339,7.29,27.57,83.62,2.95,96.71
2025-09-06,Nagaur,27.202,73.7339,13.04,26.98,89.38,2.89,96.55
2025-09-07,Nagaur,27.202,73.7339,6.13,26.91,86.18,5.13,96.51
2025-09-08,Nagaur,27.202,73.7339,0.37,26.88,81.56,3.61,96.8
2025-09-09,Nagaur,27.202,73.7339,0.04,26.78,79.2,2.24,97.21
2025-09-10,Nagaur,27.202,73.7339,0.0,26.5,76.94,2.83,97.21
2025-09-11,Nagaur,27.202,73.7339,0.0,26.09,77.93,3.68,97.11
2025-09-12,Nagaur,27.202,73.7339,0.0,26.8,77.21,2.99,97.19
2025-09-13,Nagaur,27.202,73.7339,0.0,27.4,76.04,2.15,97.19
2025-09-14,Nagaur,27.202,73.7339,0.0,28.06,73.16,2.41,97.13
2025-09-15,Nagaur,27.202,73.7339,0.0,27.22,74.4,2.98,96.96
2025-09-16,Nagaur,27.202,73.7339,0.0,27.83,76.39,2.77,96.92
2025-09-17,Nagaur,27.202,73.7339,0.0,28.82,74.09,2.06,96.95
2025-09-18,Nagaur,27.202,73.7339,0.0,28.5,72.82,2.12,96.98
2025-09-19,Nagaur,27.202,73.7339,0.0,28.84,70.53,1.9,97.07
2025-09-20,Nagaur,27.202,73.7339,0.03,28.89,69.46,1.72,97.06
2025-09-21,Nagaur,27.202,73.7339,0.0,29.06,65.85,1.93,96.99
2025-09-22,Nagaur,27.202,73.7339,0.0,28.62,66.31,2.32,97.04
2025-09-23,Nagaur,27.202,73.7339,0.0,27.98,66.74,2.53,97.01
2025-09-24,Nagaur,27.202,73.7339,0.0,27.7,69.96,2.84,96.9
2025-09-25,Nagaur,27.202,73.7339,0.0,27.5,67.89,2.17,96.95
2025-09-26,Nagaur,27.202,73.7339,0.0,28.89,59.23,1.18,97.07
2025-09-27,Nagaur,27.202,73.7339,0.0,29.28,54.31,2.03,97.14
2025-09-28,Nagaur,27.202,73.7339,0.0,29.39,71.55,3.0,96.96
2025-09-29,Nagaur,27.202,73.7339,1.45,28.62,78.04,2.62,96.8
2025-09-30,Nagaur,27.202,73.7339,2.53,27.25,85.11,1.11,96.69
2025-10-01,Nagaur,27.202,73.7339,2.3,26.61,79.51,1.45,96.74
2025-10-02,Nagaur,27.202,73.7339,0.5,27.54,74.17,1.08,97.02
2025-10-03,Nagaur,27.202,73.7339,3.22,27.36,77.52,0.77,97.31
2025-10-04,Nagaur,27.202,73.7339,1.16,28.44,70.98,1.75,97.24
2025-10-05,Nagaur,27.202,73.7339,2.01,27.15,74.53,3.25,97.15
2025-10-06,Nagaur,27.202,73.7339,15.27,25.51,82.81,3.69,97.15
2025-10-07,Nagaur,27.202,73.7339,1.78,23.37,76.05,2.4,97.31
2025-10-08,Nagaur,27.202,73.7339,0.08,23.12,66.75,1.24,97.57
2025-10-09,Nagaur,27.202,73.7339,0.0,23.49,59.32,1.1,97.7
2025-10-10,Nagaur,27.202,73.7339,0.0,24.13,52.45,0.9,97.55
2025-10-11,Nagaur,27.202,73.7339,0.0,24.43,51.54,1.0,97.56
2025-10-12,Nagaur,27.202,73.7339,0.0,24.76,49.07,1.23,97.51
2025-10-13,Nagaur,27.202,73.7339,0.0,24.77,49.42,1.05,97.57
2025-10-14,Nagaur,27.202,73.7339,0.0,24.31,50.79,1.13,97.45
2025-10-15,Nagaur,27.202,73.7339,0.0,23.22,59.28,1.87,97.45
2025-10-16,Nagaur,27.202,73.7339,0.0,24.45,52.47,1.16,97.47
2025-10-17,Nagaur,27.202,73.7339,0.0,25.31,47.9,0.95,97.58
2025-10-18,Nagaur,27.202,73.7339,0.0,24.64,46.06,1.26,97.52
2025-10-19,Nagaur,27.202,73.7339,0.0,23.97,50.36,1.54,97.42
2025-10-20,Nagaur,27.202,73.7339,0.0,23.96,56.46,1.73,97.43
2025-10-21,Nagaur,27.202,73.7339,0.0,25.21,59.11,1.19,97.6
2025-10-22,Nagaur,27.202,73.7339,0.0,25.9,49.66,1.22,97.68
2025-10-23,Nagaur,27.202,73.7339,0.0,24.44,49.49,1.41,97.6
2025-10-24,Nagaur,27.202,73.7339,0.0,24.22,47.48,1.36,97.56
2025-10-25,Nagaur,27.202,73.7339,0.0,23.67,49.28,1.67,97.47
2025-10-26,Nagaur,27.202,73.7339,0.0,23.03,57.96,2.09,97.52
2025-10-27,Nagaur,27.202,73.7339,3.74,23.44,77.79,3.09,97.58
2025-10-28,Nagaur,27.202,73.7339,1.89,21.89,79.92,3.15,97.64
2025-10-29,Nagaur,27.202,73.7339,0.05,22.64,71.29,2.43,97.54
2025-10-30,Nagaur,27.202,73.7339,0.47,23.17,78.29,2.52,97.49
2025-10-31,Nagaur,27.202,73.7339,0.09,24.63,64.86,0.89,97.48
2025-11-01,Nagaur,27.202,73.7339,0.0,24.89,52.07,0.83,97.49
2025-11-02,Nagaur,27.202,73.7339,0.0,25.56,36.46,0.74,97.54
2025-11-03,Nagaur,27.202,73.7339,4.66,24.29,53.9,1.79,97.34
2025-11-04,Nagaur,27.202,73.7339,0.9,24.32,66.09,1.85,97.22
2025-11-05,Nagaur,27.202,73.7339,0.0,20.51,53.22,2.01,97.46
2025-11-06,Nagaur,27.202,73.7339,0.0,19.09,40.83,1.68,97.67
2025-11-07,Nagaur,27.202,73.7339,0.0,20.08,31.69,1.23,97.81
2025-11-08,Nagaur,27.202,73.7339,0.0,19.88,39.92,1.63,97.84
2025-11-09,Nagaur,27.202,73.7339,0.0,20.03,39.29,1.17,97.71
2025-11-10,Nagaur,27.202,73.7339,0.0,18.91,47.53,1.78,97.66
2025-11-11,Nagaur,27.202,73.7339,0.0,19.58,48.7,1.31,97.78
2025-11-12,Nagaur,27.202,73.7339,0.0,20.79,39.59,1.21,97.87
2025-11-13,Nagaur,27.202,73.7339,0.0,20.07,31.82,1.31,98.03
2025-11-14,Nagaur,27.202,73.7339,0.0,19.58,33.99,1.11,97.99
2025-11-15,Nagaur,27.202,73.7339,0.0,18.92,38.17,1.2,98.1
2025-11-16,Nagaur,27.202,73.7339,0.0,18.96,38.61,1.28,98.28
2025-11-17,Nagaur,27.202,73.7339,0.0,18.38,40.78,1.24,98.17
2025-11-18,Nagaur,27.202,73.7339,0.0,18.82,42.62,1.21,97.99
2025-11-19,Nagaur,27.202,73.7339,0.0,20.17,36.29,1.11,97.92
2025-11-20,Nagaur,27.202,73.7339,0.0,20.75,39.04,0.84,97.96
2025-11-21,Nagaur,27.202,73.7339,0.0,19.59,47.73,1.31,98.05
2025-11-22,Nagaur,27.202,73.7339,0.0,18.54,52.64,1.2,97.92
2025-11-23,Nagaur,27.202,73.7339,0.0,18.23,53.69,1.21,97.89
2025-11-24,Nagaur,27.202,73.7339,0.0,17.4,66.51,2.12,98.02
2025-11-25,Nagaur,27.202,73.7339,0.0,17.09,58.43,1.83,98.04
2025-11-26,Nagaur,27.202,73.7339,0.0,16.96,53.99,2.19,97.99
2025-11-27,Nagaur,27.202,73.7339,0.06,18.69,68.52,2.26,98.06
2025-11-28,Nagaur,27.202,73.7339,0.06,18.62,72.03,1.6,98.04
2025-11-29,Nagaur,27.202,73.7339,0.0,19.33,66.77,1.24,97.89
2025-11-30,Nagaur,27.202,73.7339,0.0,18.49,53.12,1.37,97.84
2025-12-01,Nagaur,27.202,73.7339,0.0,18.69,50.66,1.6,97.72
2025-12-02,Nagaur,27.202,73.7339,0.0,18.35,38.76,1.28,97.77
2025-12-03,Nagaur,27.202,73.7339,0.0,15.59,39.26,1.57,98.1
2025-12-04,Nagaur,27.202,73.7339,0.0,15.71,35.79,1.32,98.21
2025-12-05,Nagaur,27.202,73.7339,0.0,15.69,38.9,1.51,98.32
2025-12-06,Nagaur,27.202,73.7339,0.0,16.51,31.86,1.3,98.3
2025-12-07,Nagaur,27.202,73.7339,0.0,17.63,29.55,1.31,98.2
2025-12-08,Nagaur,27.202,73.7339,0.0,18.14,32.48,1.41,98.21
2025-12-09,Nagaur,27.202,73.7339,0.0,18.53,30.86,1.27,98.16
2025-12-10,Nagaur,27.202,73.7339,0.0,18.98,28.03,1.24,98.12
2025-12-11,Nagaur,27.202,73.7339,0.0,19.51,26.74,1.21,98.02
2025-12-12,Nagaur,27.202,73.7339,0.0,20.32,23.61,0.74,97.9
2025-12-13,Nagaur,27.202,73.7339,0.0,19.09,32.78,1.27,97.94
2025-12-14,Nagaur,27.202,73.7339,0.0,18.75,43.33,1.19,98.05
2025-12-15,Nagaur,27.202,73.7339,0.0,19.08,39.01,1.02,98.09
2025-12-16,Nagaur,27.202,73.7339,0.0,18.02,30.31,1.29,98.07
2025-12-17,Nagaur,27.202,73.7339,0.0,18.67,28.6,1.15,98.13
2025-12-18,Nagaur,27.202,73.7339,0.0,17.73,34.99,1.33,98.14
2025-12-19,Nagaur,27.202,73.7339,0.0,18.83,31.99,1.22,97.93
2025-12-20,Nagaur,27.202,73.7339,0.0,19.54,37.14,1.27,97.72
2025-12-21,Nagaur,27.202,73.7339,0.0,20.18,48.77,1.82,97.82
2025-12-22,Nagaur,27.202,73.7339,0.0,20.21,49.03,1.35,97.92
2025-12-23,Nagaur,27.202,73.7339,0.0,17.62,51.67,2.1,97.95
2025-12-24,Nagaur,27.202,73.7339,0.0,15.03,37.62,1.62,97.96
2025-12-25,Nagaur,27.202,73.7339,0.0,15.02,30.61,1.24,97.93
2025-12-26,Nagaur,27.202,73.7339,0.0,15.77,35.1,1.57,97.94
2025-12-27,Nagaur,27.202,73.7339,0.0,16.07,35.79,1.65,97.97
2025-12-28,Nagaur,27.202,73.7339,0.0,16.05,39.81,1.68,97.98
2025-12-29,Nagaur,27.202,73.7339,0.0,16.89,45.03,1.6,97.92
2025-12-30,Nagaur,27.202,73.7339,0.0,17.15,48.95,1.9,97.67
2025-12-31,Nagaur,27.202,73.7339,1.56,16.62,60.56,2.26,97.43
2025-01-01,Pali,25.7711,73.3234,0.0,17.36,36.13,1.75,99.25
2025-01-02,Pali,25.7711,73.3234,0.0,20.09,29.96,1.21,99.18
2025-01-03,Pali,25.7711,73.3234,0.0,21.55,26.71,1.48,99.1
2025-01-04,Pali,25.7711,73.3234,0.0,20.85,34.29,1.95,98.89
2025-01-05,Pali,25.7711,73.3234,0.0,18.13,39.64,1.67,98.9
2025-01-06,Pali,25.7711,73.3234,0.0,14.93,34.31,2.42,99.21
2025-01-07,Pali,25.7711,73.3234,0.0,13.57,31.74,1.92,99.37
2025-01-08,Pali,25.7711,73.3234,0.0,16.08,25.13,1.46,99.15
2025-01-09,Pali,25.7711,73.3234,0.0,17.72,22.63,1.55,99.06
2025-01-10,Pali,25.7711,73.3234,0.0,18.17,32.41,2.22,99.07
2025-01-11,Pali,25.7711,73.3234,1.08,18.07,44.13,1.3,99.05
2025-01-12,Pali,25.7711,73.3234,0.0,16.28,53.74,1.71,99.34
2025-01-13,Pali,25.7711,73.3234,0.0,13.44,57.81,2.04,99.41
2025-01-14,Pali,25.7711,73.3234,0.0,14.56,49.11,2.04,99.28
2025-01-15,Pali,25.7711,73.3234,0.01,15.91,48.56,1.9,99.22
2025-01-16,Pali,25.7711,73.3234,0.0,15.08,44.82,2.33,99.44
2025-01-17,Pali,25.7711,73.3234,0.0,14.44,47.47,2.73,99.41
2025-01-18,Pali,25.7711,73.3234,0.0,16.98,49.53,1.76,99.09
2025-01-19,Pali,25.7711,73.3234,0.0,19.71,40.02,2.05,99.06
2025-01-20,Pali,25.7711,73.3234,0.0,18.94,34.55,1.54,99.04
2025-01-21,Pali,25.7711,73.3234,0.0,18.23,34.92,1.47,98.9
2025-01-22,Pali,25.7711,73.3234,0.0,17.62,37.53,1.75,98.83
2025-01-23,Pali,25.7711,73.3234,0.0,17.06,36.53,2.35,99.05
2025-01-24,Pali,25.7711,73.3234,0.0,16.61,34.28,2.22,99.15
2025-01-25,Pali,25.7711,73.3234,0.0,16.45,25.99,1.52,99.12
2025-01-26,Pali,25.7711,73.3234,0.0,17.22,18.53,1.55,99.0
2025-01-27,Pali,25.7711,73.3234,0.0,18.1,19.94,1.52,98.81
2025-01-28,Pali,25.7711,73.3234,0.0,20.21,18.9,1.55,98.68
2025-01-29,Pali,25.7711,73.3234,0.0,22.05,13.7,1.84,98.74
2025-01-30,Pali,25.7711,73.3234,0.0,19.87,24.26,1.47,98.61
2025-01-31,Pali,25.7711,73.3234,0.0,18.1,26.49,1.6,98.57
2025-02-01,Pali,25.7711,73.3234,0.0,18.25,26.0,1.64,98.75
2025-02-02,Pali,25.7711,73.3234,0.0,17.44,34.98,2.31,98.96
2025-02-03,Pali,25.7711,73.3234,0.01,18.99,33.76,1.94,98.84
2025-02-04,Pali,25.7711,73.3234,0.06,18.99,22.31,2.03,98.94
2025-02-05,Pali,25.7711,73.3234,0.0,17.14,23.08,1.62,99.09
2025-02-06,Pali,25.7711,73.3234,0.0,17.13,22.74,2.1,99.21
2025-02-07,Pali,25.7711,73.3234,0.0,17.71,19.21,2.06,99.24
2025-02-08,Pali,25.7711,73.3234,0.0,20.03,14.27,1.6,99.03
2025-02-09,Pali,25.7711,73.3234,0.0,20.86,15.4,1.5,98.82
2025-02-10,Pali,25.7711,73.3234,0.0,22.07,15.84,1.95,98.83
2025-02-11,Pali,25.7711,73.3234,0.0,21.7,25.0,1.97,98.85
2025-02-12,Pali,25.7711,73.3234,0.0,21.18,24.71,1.79,99.05
2025-02-13,Pali,25.7711,73.3234,0.0,21.94,18.34,1.73,99.07
2025-02-14,Pali,25.7711,73.3234,0.0,23.68,17.93,2.19,98.85
2025-02-15,Pali,25.7711,73.3234,0.0,23.88,28.13,2.79,98.54
2025-02-16,Pali,25.7711,73.3234,0.0,24.2,28.12,1.96,98.64
2025-02-17,Pali,25.7711,73.3234,0.0,24.45,32.38,1.76,98.79
2025-02-18,Pali,25.7711,73.3234,0.0,24.71,29.03,1.86,98.82
2025-02-19,Pali,25.7711,73.3234,0.01,24.3,30.77,2.32,98.66
2025-02-20,Pali,25.7711,73.3234,0.0,23.23,34.28,2.77,98.72
2025-02-21,Pali,25.7711,73.3234,0.0,21.24,28.17,2.04,99.13
2025-02-22,Pali,25.7711,73.3234,0.0,21.54,26.32,1.91,99.17
2025-02-23,Pali,25.7711,73.3234,0.0,22.86,29.16,1.59,99.13
2025-02-24,Pali,25.7711,73.3234,0.0,23.8,27.14,1.55,99.21
2025-02-25,Pali,25.7711,73.3234,0.0,25.88,25.18,1.67,99.2
2025-02-26,Pali,25.7711,73.3234,0.0,27.93,22.12,1.33,99.18
2025-02-27,Pali,25.7711,73.3234,0.0,25.85,24.89,2.09,98.87
2025-02-28,Pali,25.7711,73.3234,0.05,24.67,37.39,2.57,98.64
2025-03-01,Pali,25.7711,73.3234,0.0,24.52,38.19,2.36,98.67
2025-03-02,Pali,25.7711,73.3234,0.0,24.75,37.26,1.53,98.67
2025-03-03,Pali,25.7711,73.3234,0.0,25.14,31.14,3.38,98.62
2025-03-04,Pali,25.7711,73.3234,0.0,20.4,15.21,3.1,99.07
2025-03-05,Pali,25.7711,73.3234,0.0,19.04,17.4,2.29,99.23
2025-03-06,Pali,25.7711,73.3234,0.0,23.4,12.69,2.19,98.9
2025-03-07,Pali,25.7711,73.3234,0.0,25.75,19.15,2.29,98.62
2025-03-08,Pali,25.7711,73.3234,0.0,27.47,22.69,1.26,98.39
2025-03-09,Pali,25.7711,73.3234,0.0,28.8,18.31,1.81,98.5
2025-03-10,Pali,25.7711,73.3234,0.0,29.89,16.65,1.45,98.82
2025-03-11,Pali,25.7711,73.3234,0.0,30.29,16.96,1.93,98.76
2025-03-12,Pali,25.7711,73.3234,0.0,29.18,21.97,2.37,98.5
2025-03-13,Pali,25.7711,73.3234,0.0,29.16,24.66,2.52,98.28
2025-03-14,Pali,25.7711,73.3234,0.0,29.0,26.64,3.39,98.28
2025-03-15,Pali,25.7711,73.3234,0.0,26.95,29.8,2.99,98.47
2025-03-16,Pali,25.7711,73.3234,0.02,26.18,31.17,2.25,98.7
2025-03-17,Pali,25.7711,73.3234,0.01,26.2,21.96,2.02,98.77
2025-03-18,Pali,25.7711,73.3234,0.0,26.5,18.74,1.58,98.71
2025-03-19,Pali,25.7711,73.3234,0.0,26.9,17.17,2.12,98.68
2025-03-20,Pali,25.7711,73.3234,0.0,27.25,19.28,1.25,98.82
2025-03-21,Pali,25.7711,73.3234,0.3,28.13,23.08,2.08,98.9
2025-03-22,Pali,25.7711,73.3234,0.0,28.92,18.17,1.9,98.77
2025-03-23,Pali,25.7711,73.3234,0.0,29.42,16.63,1.92,98.81
2025-03-24,Pali,25.7711,73.3234,0.0,29.82,14.63,2.15,98.76
2025-03-25,Pali,25.7711,73.3234,0.0,29.57,14.19,2.49,98.43
2025-03-26,Pali,25.7711,73.3234,0.0,28.86,21.56,3.62,98.23
2025-03-27,Pali,25.7711,73.3234,0.0,27.54,18.13,3.74,98.36
2025-03-28,Pali,25.7711,73.3234,0.0,24.11,7.77,2.59,98.65
2025-03-29,Pali,25.7711,73.3234,0.0,24.34,7.73,2.29,98.64
2025-03-30,Pali,25.7711,73.3234,0.0,26.76,8.68,1.62,98.6
2025-03-31,Pali,25.7711,73.3234,0.0,27.98,9.5,1.71,98.58
2025-04-01,Pali,25.7711,73.3234,0.0,29.19,10.9,1.8,98.44
2025-04-02,Pali,25.7711,73.3234,0.0,29.91,10.17,2.0,98.38
2025-04-03,Pali,25.7711,73.3234,0.0,30.94,10.28,1.94,98.48
2025-04-04,Pali,25.7711,73.3234,0.0,30.59,11.81,2.55,98.6
2025-04-05,Pali,25.7711,73.3234,0.0,31.12,14.64,2.18,98.48
2025-04-06,Pali,25.7711,73.3234,0.0,33.53,12.67,2.52,98.21
2025-04-07,Pali,25.7711,73.3234,0.0,33.22,15.18,2.76,98.26
2025-04-08,Pali,25.7711,73.3234,0.0,34.13,16.07,3.72,98.44
2025-04-09,Pali,25.7711,73.3234,0.0,33.9,13.31,3.87,98.37
2025-04-10,Pali,25.7711,73.3234,0.01,32.97,18.76,3.61,97.95
2025-04-11,Pali,25.7711,73.3234,0.22,31.86,24.08,4.22,97.78
2025-04-12,Pali,25.7711,73.3234,5.07,31.65,33.35,3.95,98.06
2025-04-13,Pali,25.7711,73.3234,0.0,32.84,24.8,3.13,98.23
2025-04-14,Pali,25.7711,73.3234,0.0,33.45,23.82,2.31,98.17
2025-04-15,Pali,25.7711,73.3234,0.0,33.87,26.52,2.11,98.1
2025-04-16,Pali,25.7711,73.3234,0.0,34.8,22.06,2.35,98.07
2025-04-17,Pali,25.7711,73.3234,0.0,34.7,22.76,3.99,97.94
2025-04-18,Pali,25.7711,73.3234,0.01,34.68,19.89,5.33,97.92
2025-04-19,Pali,25.7711,73.3234,0.0,32.92,20.4,5.45,97.85
2025-04-20,Pali,25.7711,73.3234,0.0,31.99,22.84,4.5,98.02
2025-04-21,Pali,25.7711,73.3234,0.0,30.93,12.23,2.88,98.34
2025-04-22,Pali,25.7711,73.3234,0.0,31.58,8.23,2.1,98.48
2025-04-23,Pali,25.7711,73.3234,0.0,32.13,8.36,2.56,98.26
2025-04-24,Pali,25.7711,73.3234,0.0,32.84,11.39,3.57,98.04
2025-04-25,Pali,25.7711,73.3234,0.0,33.44,15.84,3.83,98.06
2025-04-26,Pali,25.7711,73.3234,0.0,33.5,17.77,3.59,98.01
2025-04-27,Pali,25.7711,73.3234,0.0,33.98,13.12,2.12,98.09
2025-04-28,Pali,25.7711,73.3234,0.0,35.18,18.21,2.25,97.88
2025-04-29,Pali,25.7711,73.3234,0.0,35.74,15.76,1.58,97.83
2025-04-30,Pali,25.7711,73.3234,0.0,36.13,16.37,2.99,97.91
2025-05-01,Pali,25.7711,73.3234,0.0,35.17,18.22,3.56,98.06
2025-05-02,Pali,25.7711,73.3234,0.23,35.09,19.58,2.93,98.11
2025-05-03,Pali,25.7711,73.3234,0.01,34.24,25.03,3.89,98.02
2025-05-04,Pali,25.7711,73.3234,5.77,33.08,33.62,3.01,97.93
2025-05-05,Pali,25.7711,73.3234,13.32,30.61,52.64,2.07,97.99
2025-05-06,Pali,25.7711,73.3234,8.62,28.1,63.14,1.82,98.07
2025-05-07,Pali,25.7711,73.3234,1.19,27.39,63.39,1.6,98.01
2025-05-08,Pali,25.7711,73.3234,2.86,29.15,60.73,2.65,98.03
2025-05-09,Pali,25.7711,73.3234,0.26,30.28,57.94,2.15,98.19
2025-05-10,Pali,25.7711,73.3234,0.0,31.47,49.9,2.17,98.18
2025-05-11,Pali,25.7711,73.3234,0.0,32.94,46.64,3.24,98.08
2025-05-12,Pali,25.7711,73.3234,4.93,32.49,49.19,4.03,98.02
2025-05-13,Pali,25.7711,73.3234,0.3,32.66,49.98,3.26,98.04
2025-05-14,Pali,25.7711,73.3234,0.0,33.3,41.21,3.13,98.05
2025-05-15,Pali,25.7711,73.3234,0.0,34.04,34.84,3.24,98.07
2025-05-16,Pali,25.7711,73.3234,0.0,35.49,33.87,4.2,97.96
2025-05-17,Pali,25.7711,73.3234,0.0,35.9,35.99,4.78,97.92
2025-05-18,Pali,25.7711,73.3234,0.0,36.81,36.3,4.18,97.89
2025-05-19,Pali,25.7711,73.3234,0.0,37.58,32.85,4.36,97.81
2025-05-20,Pali,25.7711,73.3234,0.0,37.35,29.93,4.32,97.74
2025-05-21,Pali,25.7711,73.3234,0.29,37.27,30.34,3.83,97.72
2025-05-22,Pali,25.7711,73.3234,0.0,38.05,28.32,4.19,97.6
2025-05-23,Pali,25.7711,73.3234,0.0,37.98,23.42,3.65,97.38
2025-05-24,Pali,25.7711,73.3234,0.0,38.19,19.42,2.9,97.24
2025-05-25,Pali,25.7711,73.3234,3.18,37.56,27.4,2.31,97.46
2025-05-26,Pali,25.7711,73.3234,0.0,37.38,29.8,2.54,97.47
2025-05-27,Pali,25.7711,73.3234,0.0,38.0,29.31,2.34,97.29
2025-05-28,Pali,25.7711,73.3234,3.59,39.01,26.54,2.93,97.19
2025-05-29,Pali,25.7711,73.3234,0.09,35.04,40.43,4.02,97.25
2025-05-30,Pali,25.7711,73.3234,4.95,33.43,40.86,4.38,97.16
2025-05-31,Pali,25.7711,73.3234,0.2,32.91,43.78,5.66,97.45
2025-06-01,Pali,25.7711,73.3234,0.0,32.88,46.56,5.43,97.61
2025-06-02,Pali,25.7711,73.3234,0.31,33.85,43.99,4.96,97.52
2025-06-03,Pali,25.7711,73.3234,0.03,33.64,39.47,5.09,97.65
2025-06-04,Pali,25.7711,73.3234,0.06,33.44,38.2,4.28,97.91
2025-06-05,Pali,25.7711,73.3234,0.04,33.9,36.19,4.09,98.18
2025-06-06,Pali,25.7711,73.3234,0.02,35.34,32.88,4.84,98.19
2025-06-07,Pali,25.7711,73.3234,0.06,35.79,26.49,5.04,98.09
2025-06-08,Pali,25.7711,73.3234,0.0,36.11,25.32,5.19,98.02
2025-06-09,Pali,25.7711,73.3234,0.0,36.34,27.52,5.08,97.95
2025-06-10,Pali,25.7711,73.3234,0.0,36.83,31.06,4.39,97.78
2025-06-11,Pali,25.7711,73.3234,0.0,37.17,27.16,3.18,97.72
2025-06-12,Pali,25.7711,73.3234,0.0,37.99,26.01,2.73,97.55
2025-06-13,Pali,25.7711,73.3234,0.0,39.34,21.38,2.05,97.41
2025-06-14,Pali,25.7711,73.3234,0.41,37.69,33.43,4.61,97.4
2025-06-15,Pali,25.7711,73.3234,2.51,36.15,39.27,2.84,97.28
2025-06-16,Pali,25.7711,73.3234,9.56,32.49,58.11,2.56,97.23
2025-06-17,Pali,25.7711,73.3234,2.17,32.95,61.9,2.55,97.27
2025-06-18,Pali,25.7711,73.3234,3.24,33.01,62.11,2.3,97.2
2025-06-19,Pali,25.7711,73.3234,2.04,33.68,58.51,5.23,97.13
2025-06-20,Pali,25.7711,73.3234,5.81,30.97,66.19,4.86,97.43
2025-06-21,Pali,25.7711,73.3234,13.56,30.62,70.73,3.53,97.58
2025-06-22,Pali,25.7711,73.3234,1.52,31.29,67.65,3.5,97.5
2025-06-23,Pali,25.7711,73.3234,0.53,30.12,73.27,3.48,97.35
2025-06-24,Pali,25.7711,73.3234,1.76,30.81,72.4,2.73,97.24
2025-06-25,Pali,25.7711,73.3234,2.65,30.86,73.5,1.92,97.35
2025-06-26,Pali,25.7711,73.3234,3.64,32.39,68.59,1.88,97.47
2025-06-27,Pali,25.7711,73.3234,15.72,31.32,71.51,2.31,97.41
2025-06-28,Pali,25.7711,73.3234,0.74,31.3,65.38,2.91,97.41
2025-06-29,Pali,25.7711,73.3234,2.86,31.0,70.07,4.41,97.31
2025-06-30,Pali,25.7711,73.3234,0.09,31.25,66.69,4.86,97.34
2025-07-01,Pali,25.7711,73.3234,0.55,31.72,65.71,4.55,97.43
2025-07-02,Pali,25.7711,73.3234,3.35,29.47,71.78,3.7,97.4
2025-07-03,Pali,25.7711,73.3234,20.17,29.39,80.34,2.3,97.36
2025-07-04,Pali,25.7711,73.3234,3.76,29.43,77.91,3.08,97.54
2025-07-05,Pali,25.7711,73.3234,0.29,30.13,74.64,3.63,97.51
2025-07-06,Pali,25.7711,73.3234,0.99,29.6,75.76,2.91,97.43
2025-07-07,Pali,25.7711,73.3234,0.71,29.47,73.56,3.53,97.51
2025-07-08,Pali,25.7711,73.3234,0.05,30.96,66.69,3.71,97.61
2025-07-09,Pali,25.7711,73.3234,1.59,31.17,66.09,4.12,97.63
2025-07-10,Pali,25.7711,73.3234,0.06,30.99,66.05,3.67,97.69
2025-07-11,Pali,25.7711,73.3234,13.67,29.77,72.12,3.46,97.77
2025-07-12,Pali,25.7711,73.3234,13.48,28.81,77.47,3.07,97.78
2025-07-13,Pali,25.7711,73.3234,21.11,29.38,80.08,2.52,97.69
2025-07-14,Pali,25.7711,73.3234,9.52,29.13,79.21,3.45,97.47
2025-07-15,Pali,25.7711,73.3234,6.15,30.17,71.35,4.93,97.35
2025-07-16,Pali,25.7711,73.3234,2.14,30.0,72.3,3.7,97.58
2025-07-17,Pali,25.7711,73.3234,1.27,28.9,75.09,3.01,97.77
2025-07-18,Pali,25.7711,73.3234,37.54,27.52,84.95,4.53,97.72
2025-07-19,Pali,25.7711,73.3234,33.93,27.67,83.76,5.22,97.29
2025-07-20,Pali,25.7711,73.3234,17.32,28.49,79.07,4.14,97.35
2025-07-21,Pali,25.7711,73.3234,0.36,28.22,85.61,3.69,97.56
2025-07-22,Pali,25.7711,73.3234,0.86,29.69,77.8,3.52,97.6
2025-07-23,Pali,25.7711,73.3234,0.07,29.65,74.06,4.61,97.38
2025-07-24,Pali,25.7711,73.3234,0.12,29.32,75.67,3.88,97.32
2025-07-25,Pali,25.7711,73.3234,0.72,29.89,75.47,3.19,97.29
2025-07-26,Pali,25.7711,73.3234,12.61,29.75,80.13,3.0,97.29
2025-07-27,Pali,25.7711,73.3234,6.64,29.02,81.42,2.43,97.31
2025-07-28,Pali,25.7711,73.3234,1.22,29.85,76.9,3.73,97.32
2025-07-29,Pali,25.7711,73.3234,0.08,29.71,75.51,4.32,97.38
2025-07-30,Pali,25.7711,73.3234,0.05,28.28,78.02,4.1,97.45
2025-07-31,Pali,25.7711,73.3234,0.75,26.89,83.78,3.62,97.64
2025-08-01,Pali,25.7711,73.3234,0.25,28.33,77.21,3.82,97.73
2025-08-02,Pali,25.7711,73.3234,0.01,28.66,73.88,4.33,97.79
2025-08-03,Pali,25.7711,73.3234,0.0,28.95,73.34,3.86,97.91
2025-08-04,Pali,25.7711,73.3234,0.0,29.15,73.52,4.46,98.01
2025-08-05,Pali,25.7711,73.3234,0.0,28.18,76.92,4.05,97.98
2025-08-06,Pali,25.7711,73.3234,0.0,28.51,74.79,3.82,98.03
2025-08-07,Pali,25.7711,73.3234,0.0,28.86,72.51,3.82,98.01
2025-08-08,Pali,25.7711,73.3234,0.0,29.02,70.37,3.82,98.03
2025-08-09,Pali,25.7711,73.3234,0.0,28.95,69.49,3.22,98.22
2025-08-10,Pali,25.7711,73.3234,0.0,28.97,70.4,3.47,98.09
2025-08-11,Pali,25.7711,73.3234,0.0,28.65,70.36,3.86,98.03
2025-08-12,Pali,25.7711,73.3234,0.0,28.85,71.57,4.05,97.89
2025-08-13,Pali,25.7711,73.3234,0.0,28.0,75.93,3.18,97.79
2025-08-14,Pali,25.7711,73.3234,0.0,28.91,75.93,1.27,97.89
2025-08-15,Pali,25.7711,73.3234,9.09,30.64,70.99,0.87,97.77
2025-08-16,Pali,25.7711,73.3234,2.28,30.84,73.48,1.32,97.56
2025-08-17,Pali,25.7711,73.3234,0.53,31.59,72.75,2.1,97.58
2025-08-18,Pali,25.7711,73.3234,3.37,29.7,80.31,1.18,97.75
2025-08-19,Pali,25.7711,73.3234,0.25,30.85,72.44,2.32,97.63
2025-08-20,Pali,25.7711,73.3234,0.49,31.08,72.91,2.59,97.54
2025-08-21,Pali,25.7711,73.3234,21.24,28.89,82.76,1.82,97.7
2025-08-22,Pali,25.7711,73.3234,16.11,27.21,87.36,3.64,97.72
2025-08-23,Pali,25.7711,73.3234,4.14,28.86,78.31,3.4,97.63
2025-08-24,Pali,25.7711,73.3234,14.62,28.22,80.81,2.66,97.68
2025-08-25,Pali,25.7711,73.3234,11.87,28.06,82.86,3.08,97.65
2025-08-26,Pali,25.7711,73.3234,5.93,28.36,82.57,3.29,97.82
2025-08-27,Pali,25.7711,73.3234,16.5,28.8,80.56,2.35,97.86
2025-08-28,Pali,25.7711,73.3234,8.05,29.32,78.44,1.89,97.76
2025-08-29,Pali,25.7711,73.3234,8.21,28.43,83.29,2.15,97.78
2025-08-30,Pali,25.7711,73.3234,12.41,28.08,87.13,1.73,97.93
2025-08-31,Pali,25.7711,73.3234,35.53,26.57,91.39,3.33,97.82
2025-09-01,Pali,25.7711,73.3234,9.81,26.7,86.96,3.39,97.57
2025-09-02,Pali,25.7711,73.3234,0.2,27.65,82.03,3.32,97.68
2025-09-03,Pali,25.7711,73.3234,14.25,28.37,81.62,2.47,97.83
2025-09-04,Pali,25.7711,73.3234,3.78,28.01,83.57,1.55,97.88
2025-09-05,Pali,25.7711,73.3234,3.84,28.1,84.15,1.93,97.82
2025-09-06,Pali,25.7711,73.3234,8.26,27.39,87.8,1.25,97.67
2025-09-07,Pali,25.7711,73.3234,6.06,27.35,86.76,4.51,97.48
2025-09-08,Pali,25.7711,73.3234,3.27,26.85,83.75,4.18,97.89
2025-09-09,Pali,25.7711,73.3234,0.22,26.53,82.36,2.12,98.38
2025-09-10,Pali,25.7711,73.3234,0.0,25.82,82.16,2.26,98.43
2025-09-11,Pali,25.7711,73.3234,0.0,25.54,81.92,3.22,98.35
2025-09-12,Pali,25.7711,73.3234,0.0,26.49,80.98,2.67,98.41
2025-09-13,Pali,25.7711,73.3234,0.0,27.01,80.09,2.12,98.39
2025-09-14,Pali,25.7711,73.3234,0.0,27.41,78.02,2.06,98.34
2025-09-15,Pali,25.7711,73.3234,0.0,26.77,79.07,2.89,98.17
2025-09-16,Pali,25.7711,73.3234,0.0,27.55,79.97,2.81,98.13
2025-09-17,Pali,25.7711,73.3234,0.0,28.12,79.57,2.2,98.15
2025-09-18,Pali,25.7711,73.3234,0.28,28.06,78.86,1.91,98.18
2025-09-19,Pali,25.7711,73.3234,0.48,28.38,76.73,1.77,98.27
2025-09-20,Pali,25.7711,73.3234,0.85,28.35,76.23,1.78,98.25
2025-09-21,Pali,25.7711,73.3234,1.08,28.26,74.63,2.24,98.21
2025-09-22,Pali,25.7711,73.3234,0.01,27.89,75.14,2.16,98.25
2025-09-23,Pali,25.7711,73.3234,0.0,27.29,75.64,2.64,98.23
2025-09-24,Pali,25.7711,73.3234,0.0,27.05,77.05,2.84,98.13
2025-09-25,Pali,25.7711,73.3234,0.0,27.06,74.86,1.94,98.15
2025-09-26,Pali,25.7711,73.3234,0.0,28.16,67.96,1.14,98.25
2025-09-27,Pali,25.7711,73.3234,0.0,28.87,66.95,1.8,98.28
2025-09-28,Pali,25.7711,73.3234,0.16,29.43,74.38,2.89,98.04
2025-09-29,Pali,25.7711,73.3234,0.78,28.93,79.39,2.64,97.88
2025-09-30,Pali,25.7711,73.3234,0.67,27.46,81.72,1.41,97.85
2025-10-01,Pali,25.7711,73.3234,0.4,27.09,78.29,1.59,97.92
2025-10-02,Pali,25.7711,73.3234,0.54,26.95,79.52,1.29,98.2
2025-10-03,Pali,25.7711,73.3234,11.42,26.61,82.58,1.26,98.49
2025-10-04,Pali,25.7711,73.3234,2.53,27.19,79.55,2.46,98.48
2025-10-05,Pali,25.7711,73.3234,1.45,26.77,78.98,3.42,98.37
2025-10-06,Pali,25.7711,73.3234,5.18,26.21,81.08,4.13,98.36
2025-10-07,Pali,25.7711,73.3234,0.33,24.4,73.57,2.32,98.52
2025-10-08,Pali,25.7711,73.3234,0.01,24.41,65.69,1.1,98.74
2025-10-09,Pali,25.7711,73.3234,0.0,24.75,61.36,0.94,98.87
2025-10-10,Pali,25.7711,73.3234,0.0,24.2,59.4,1.23,98.73
2025-10-11,Pali,25.7711,73.3234,0.0,24.32,58.55,1.18,98.74
2025-10-12,Pali,25.7711,73.3234,0.0,24.9,54.5,0.91,98.7
2025-10-13,Pali,25.7711,73.3234,0.0,24.73,54.48,1.0,98.75
2025-10-14,Pali,25.7711,73.3234,0.0,24.94,53.46,0.99,98.61
2025-10-15,Pali,25.7711,73.3234,0.0,23.82,61.76,1.75,98.59
2025-10-16,Pali,25.7711,73.3234,0.0,24.61,60.05,1.43,98.63
2025-10-17,Pali,25.7711,73.3234,0.0,26.01,50.71,1.03,98.74
2025-10-18,Pali,25.7711,73.3234,0.0,25.33,51.89,0.93,98.67
2025-10-19,Pali,25.7711,73.3234,0.0,24.56,53.9,1.35,98.55
2025-10-20,Pali,25.7711,73.3234,0.0,25.24,52.79,1.06,98.55
2025-10-21,Pali,25.7711,73.3234,0.0,25.75,54.65,0.97,98.73
2025-10-22,Pali,25.7711,73.3234,0.0,26.18,58.73,1.32,98.82
2025-10-23,Pali,25.7711,73.3234,0.0,24.83,56.77,1.63,98.74
2025-10-24,Pali,25.7711,73.3234,0.0,24.69,54.48,1.51,98.7
2025-10-25,Pali,25.7711,73.3234,0.0,24.19,53.6,1.82,98.6
2025-10-26,Pali,25.7711,73.3234,0.0,24.17,64.25,2.39,98.62
2025-10-27,Pali,25.7711,73.3234,6.42,24.89,80.56,3.1,98.65
2025-10-28,Pali,25.7711,73.3234,2.33,23.12,80.09,3.73,98.71
2025-10-29,Pali,25.7711,73.3234,1.28,23.45,78.82,2.66,98.64
2025-10-30,Pali,25.7711,73.3234,1.26,23.72,82.69,2.91,98.61
2025-10-31,Pali,25.7711,73.3234,0.24,25.04,73.49,1.38,98.63
2025-11-01,Pali,25.7711,73.3234,0.0,25.78,61.19,0.83,98.65
2025-11-02,Pali,25.7711,73.3234,0.0,26.31,44.05,0.78,98.71
2025-11-03,Pali,25.7711,73.3234,6.11,25.02,75.56,1.87,98.52
2025-11-04,Pali,25.7711,73.3234,0.07,24.45,70.62,3.08,98.44
2025-11-05,Pali,25.7711,73.3234,0.0,22.61,55.35,1.18,98.64
2025-11-06,Pali,25.7711,73.3234,0.0,21.6,42.46,1.28,98.83
2025-11-07,Pali,25.7711,73.3234,0.0,21.85,40.34,0.96,98.99
2025-11-08,Pali,25.7711,73.3234,0.0,20.45,47.92,1.83,99.05
2025-11-09,Pali,25.7711,73.3234,0.0,19.23,53.44,1.81,98.93
2025-11-10,Pali,25.7711,73.3234,0.0,19.04,57.12,2.01,98.87
2025-11-11,Pali,25.7711,73.3234,0.0,19.97,55.32,1.52,98.99
2025-11-12,Pali,25.7711,73.3234,0.0,20.78,54.89,1.53,99.07
2025-11-13,Pali,25.7711,73.3234,0.0,21.28,41.3,0.91,99.21
2025-11-14,Pali,25.7711,73.3234,0.0,20.15,42.66,1.09,99.17
2025-11-15,Pali,25.7711,73.3234,0.0,19.2,48.29,1.3,99.27
2025-11-16,Pali,25.7711,73.3234,0.0,19.4,46.88,1.26,99.46
2025-11-17,Pali,25.7711,73.3234,0.0,19.21,48.7,1.15,99.35
2025-11-18,Pali,25.7711,73.3234,0.0,19.98,43.94,0.99,99.18
2025-11-19,Pali,25.7711,73.3234,0.0,20.53,41.84,0.86,99.1
2025-11-20,Pali,25.7711,73.3234,0.0,21.45,38.37,0.56,99.15
2025-11-21,Pali,25.7711,73.3234,0.0,20.61,46.11,1.16,99.23
2025-11-22,Pali,25.7711,73.3234,0.0,20.68,44.69,1.22,99.09
2025-11-23,Pali,25.7711,73.3234,0.0,20.28,41.37,1.01,99.05
2025-11-24,Pali,25.7711,73.3234,0.0,18.7,59.16,1.89,99.13
2025-11-25,Pali,25.7711,73.3234,0.0,18.6,62.73,2.41,99.16
2025-11-26,Pali,25.7711,73.3234,0.0,19.4,66.96,2.06,99.09
2025-11-27,Pali,25.7711,73.3234,0.01,21.19,69.61,1.78,99.16
2025-11-28,Pali,25.7711,73.3234,0.0,21.67,73.52,1.3,99.13
2025-11-29,Pali,25.7711,73.3234,0.0,21.76,69.2,1.16,99.02
2025-11-30,Pali,25.7711,73.3234,0.0,21.47,56.01,1.16,98.99
2025-12-01,Pali,25.7711,73.3234,0.0,20.33,51.73,1.73,98.91
2025-12-02,Pali,25.7711,73.3234,0.0,19.83,37.32,0.98,98.97
2025-12-03,Pali,25.7711,73.3234,0.0,17.83,46.69,1.58,99.24
2025-12-04,Pali,25.7711,73.3234,0.0,17.3,55.72,1.57,99.36
2025-12-05,Pali,25.7711,73.3234,0.0,17.35,55.9,1.64,99.47
2025-12-06,Pali,25.7711,73.3234,0.0,16.75,47.77,1.57,99.46
2025-12-07,Pali,25.7711,73.3234,0.0,17.92,44.09,1.39,99.36
2025-12-08,Pali,25.7711,73.3234,0.0,18.73,37.88,1.56,99.38
2025-12-09,Pali,25.7711,73.3234,0.0,19.14,35.59,1.26,99.34
2025-12-10,Pali,25.7711,73.3234,0.0,20.22,30.7,1.05,99.31
2025-12-11,Pali,25.7711,73.3234,0.0,19.99,32.08,1.25,99.23
2025-12-12,Pali,25.7711,73.3234,0.0,20.39,31.37,0.85,99.1
2025-12-13,Pali,25.7711,73.3234,0.0,20.12,37.22,1.09,99.12
2025-12-14,Pali,25.7711,73.3234,0.0,19.73,46.53,1.18,99.21
2025-12-15,Pali,25.7711,73.3234,0.0,19.52,48.52,1.18,99.25
2025-12-16,Pali,25.7711,73.3234,0.0,18.42,44.8,1.5,99.24
2025-12-17,Pali,25.7711,73.3234,0.0,18.96,44.45,1.22,99.31
2025-12-18,Pali,25.7711,73.3234,0.0,19.62,37.38,1.25,99.3
2025-12-19,Pali,25.7711,73.3234,0.0,20.88,35.08,1.19,99.09
2025-12-20,Pali,25.7711,73.3234,0.0,21.73,40.37,1.22,98.88
2025-12-21,Pali,25.7711,73.3234,0.0,22.0,45.76,1.33,98.97
2025-12-22,Pali,25.7711,73.3234,0.0,21.12,45.59,1.09,99.1
2025-12-23,Pali,25.7711,73.3234,0.0,19.25,48.56,1.65,99.12
2025-12-24,Pali,25.7711,73.3234,0.0,16.54,41.68,1.61,99.15
2025-12-25,Pali,25.7711,73.3234,0.0,16.29,35.68,1.46,99.09
2025-12-26,Pali,25.7711,73.3234,0.0,17.44,45.93,1.63,99.09
2025-12-27,Pali,25.7711,73.3234,0.0,17.44,43.31,1.95,99.11
2025-12-28,Pali,25.7711,73.3234,0.0,18.01,42.15,1.71,99.13
2025-12-29,Pali,25.7711,73.3234,0.0,19.31,42.63,1.22,99.06
2025-12-30,Pali,25.7711,73.3234,0.0,18.5,47.06,1.7,98.86
2025-12-31,Pali,25.7711,73.3234,1.58,17.35,65.41,2.04,98.65
2025-01-01,Phalodi,27.131,72.3683,0.0,15.5,34.9,1.94,98.78
2025-01-02,Phalodi,27.131,72.3683,0.0,18.38,31.98,1.29,98.68
2025-01-03,Phalodi,27.131,72.3683,0.0,20.74,30.2,1.36,98.58
2025-01-04,Phalodi,27.131,72.3683,0.0,19.52,37.11,2.4,98.35
2025-01-05,Phalodi,27.131,72.3683,0.0,16.25,41.33,1.85,98.41
2025-01-06,Phalodi,27.131,72.3683,0.0,13.87,33.87,2.45,98.74
2025-01-07,Phalodi,27.131,72.3683,0.0,13.2,29.41,1.87,98.88
2025-01-08,Phalodi,27.131,72.3683,0.0,17.03,17.71,1.1,98.63
2025-01-09,Phalodi,27.131,72.3683,0.0,17.11,20.79,1.65,98.56
2025-01-10,Phalodi,27.131,72.3683,0.0,17.59,33.99,2.79,98.55
2025-01-11,Phalodi,27.131,72.3683,2.06,17.35,35.4,1.73,98.51
2025-01-12,Phalodi,27.131,72.3683,0.0,14.62,54.7,2.03,98.86
2025-01-13,Phalodi,27.131,72.3683,0.0,12.46,64.88,2.13,98.94
2025-01-14,Phalodi,27.131,72.3683,0.0,13.95,58.3,1.98,98.79
2025-01-15,Phalodi,27.131,72.3683,0.0,14.76,51.27,2.2,98.77
2025-01-16,Phalodi,27.131,72.3683,0.0,14.54,38.4,2.07,98.95
2025-01-17,Phalodi,27.131,72.3683,0.0,13.71,43.16,3.16,98.94
2025-01-18,Phalodi,27.131,72.3683,0.0,15.9,41.82,1.98,98.6
2025-01-19,Phalodi,27.131,72.3683,0.0,17.82,37.84,2.29,98.55
2025-01-20,Phalodi,27.131,72.3683,0.0,16.61,42.22,1.95,98.57
2025-01-21,Phalodi,27.131,72.3683,0.0,16.3,36.5,2.14,98.44
2025-01-22,Phalodi,27.131,72.3683,0.0,16.41,41.2,1.84,98.36
2025-01-23,Phalodi,27.131,72.3683,0.0,16.22,42.14,2.36,98.6
2025-01-24,Phalodi,27.131,72.3683,0.0,15.72,36.58,2.11,98.68
2025-01-25,Phalodi,27.131,72.3683,0.0,15.89,17.24,1.56,98.64
2025-01-26,Phalodi,27.131,72.3683,0.0,16.91,12.71,1.21,98.52
2025-01-27,Phalodi,27.131,72.3683,0.0,16.95,15.19,1.56,98.34
2025-01-28,Phalodi,27.131,72.3683,0.0,19.14,15.29,1.35,98.19
2025-01-29,Phalodi,27.131,72.3683,0.0,20.96,15.71,2.31,98.18
2025-01-30,Phalodi,27.131,72.3683,0.0,18.35,25.96,2.17,98.08
2025-01-31,Phalodi,27.131,72.3683,0.0,16.74,28.98,1.55,98.07
2025-02-01,Phalodi,27.131,72.3683,0.0,16.78,32.0,1.86,98.27
2025-02-02,Phalodi,27.131,72.3683,0.0,16.66,30.55,2.81,98.51
2025-02-03,Phalodi,27.131,72.3683,0.0,16.84,27.63,1.79,98.35
2025-02-04,Phalodi,27.131,72.3683,0.11,16.86,24.99,1.97,98.45
2025-02-05,Phalodi,27.131,72.3683,0.0,16.84,24.01,1.32,98.58
2025-02-06,Phalodi,27.131,72.3683,0.0,16.22,18.37,2.12,98.74
2025-02-07,Phalodi,27.131,72.3683,0.0,16.54,18.71,2.03,98.77
2025-02-08,Phalodi,27.131,72.3683,0.0,18.59,15.88,1.44,98.56
2025-02-09,Phalodi,27.131,72.3683,0.0,19.69,16.04,1.53,98.34
2025-02-10,Phalodi,27.131,72.3683,0.0,21.37,17.77,1.88,98.3
2025-02-11,Phalodi,27.131,72.3683,0.0,22.22,24.2,1.9,98.31
2025-02-12,Phalodi,27.131,72.3683,0.0,20.41,24.96,1.79,98.55
2025-02-13,Phalodi,27.131,72.3683,0.0,20.81,21.68,1.89,98.56
2025-02-14,Phalodi,27.131,72.3683,0.0,23.41,21.02,2.09,98.31
2025-02-15,Phalodi,27.131,72.3683,0.0,23.48,29.76,2.73,98.0
2025-02-16,Phalodi,27.131,72.3683,0.0,23.9,26.35,1.61,98.1
2025-02-17,Phalodi,27.131,72.3683,0.0,23.04,30.43,2.18,98.33
2025-02-18,Phalodi,27.131,72.3683,0.0,23.13,31.45,2.04,98.36
2025-02-19,Phalodi,27.131,72.3683,0.33,23.17,33.83,2.68,98.12
2025-02-20,Phalodi,27.131,72.3683,0.0,21.36,38.02,2.5,98.21
2025-02-21,Phalodi,27.131,72.3683,0.0,20.22,29.92,2.48,98.66
2025-02-22,Phalodi,27.131,72.3683,0.0,20.52,33.16,2.11,98.69
2025-02-23,Phalodi,27.131,72.3683,0.0,21.87,34.54,1.61,98.64
2025-02-24,Phalodi,27.131,72.3683,0.0,23.13,30.33,1.78,98.72
2025-02-25,Phalodi,27.131,72.3683,0.0,25.09,29.86,2.52,98.65
2025-02-26,Phalodi,27.131,72.3683,0.0,26.68,27.9,1.95,98.66
2025-02-27,Phalodi,27.131,72.3683,0.0,25.61,31.47,2.89,98.31
2025-02-28,Phalodi,27.131,72.3683,1.56,23.42,47.94,2.83,98.08
2025-03-01,Phalodi,27.131,72.3683,0.02,23.98,40.29,2.2,98.14
2025-03-02,Phalodi,27.131,72.3683,0.0,23.17,39.13,2.64,98.21
2025-03-03,Phalodi,27.131,72.3683,0.0,24.03,31.98,4.42,98.05
2025-03-04,Phalodi,27.131,72.3683,0.0,18.66,18.36,3.84,98.58
2025-03-05,Phalodi,27.131,72.3683,0.0,18.39,19.55,2.39,98.74
2025-03-06,Phalodi,27.131,72.3683,0.0,22.74,13.74,2.95,98.35
2025-03-07,Phalodi,27.131,72.3683,0.0,25.26,20.64,2.68,98.09
2025-03-08,Phalodi,27.131,72.3683,0.0,26.9,23.88,1.39,97.85
2025-03-09,Phalodi,27.131,72.3683,0.0,27.66,20.33,1.61,97.99
2025-03-10,Phalodi,27.131,72.3683,0.0,29.62,17.36,1.39,98.32
2025-03-11,Phalodi,27.131,72.3683,0.0,29.9,18.5,1.83,98.27
2025-03-12,Phalodi,27.131,72.3683,0.0,27.72,25.32,2.17,98.03
2025-03-13,Phalodi,27.131,72.3683,0.0,28.42,26.78,2.42,97.76
2025-03-14,Phalodi,27.131,72.3683,0.01,28.05,26.34,3.78,97.72
2025-03-15,Phalodi,27.131,72.3683,0.0,24.9,39.02,2.84,97.99
2025-03-16,Phalodi,27.131,72.3683,0.64,25.3,30.78,2.46,98.25
2025-03-17,Phalodi,27.131,72.3683,0.28,25.36,22.85,1.94,98.3
2025-03-18,Phalodi,27.131,72.3683,0.0,26.2,20.15,1.39,98.22
2025-03-19,Phalodi,27.131,72.3683,0.0,26.56,19.1,2.42,98.16
2025-03-20,Phalodi,27.131,72.3683,0.0,27.12,20.3,1.61,98.31
2025-03-21,Phalodi,27.131,72.3683,0.2,27.72,23.72,2.06,98.41
2025-03-22,Phalodi,27.131,72.3683,0.0,28.69,17.95,2.07,98.26
2025-03-23,Phalodi,27.131,72.3683,0.0,28.67,17.68,1.98,98.3
2025-03-24,Phalodi,27.131,72.3683,0.0,29.18,15.59,2.48,98.22
2025-03-25,Phalodi,27.131,72.3683,0.0,28.93,15.63,3.14,97.9
2025-03-26,Phalodi,27.131,72.3683,0.0,28.65,23.67,4.76,97.65
2025-03-27,Phalodi,27.131,72.3683,0.0,26.45,16.64,4.69,97.81
2025-03-28,Phalodi,27.131,72.3683,0.0,22.37,9.64,2.68,98.18
2025-03-29,Phalodi,27.131,72.3683,0.0,23.26,9.48,2.53,98.19
2025-03-30,Phalodi,27.131,72.3683,0.0,26.46,9.73,1.49,98.1
2025-03-31,Phalodi,27.131,72.3683,0.0,28.14,10.75,1.49,98.09
2025-04-01,Phalodi,27.131,72.3683,0.0,28.84,11.79,1.7,97.93
2025-04-02,Phalodi,27.131,72.3683,0.0,29.86,11.02,1.94,97.9
2025-04-03,Phalodi,27.131,72.3683,0.0,31.56,9.41,1.69,97.96
2025-04-04,Phalodi,27.131,72.3683,0.0,30.77,12.58,2.22,98.11
2025-04-05,Phalodi,27.131,72.3683,0.0,30.63,15.73,2.13,97.98
2025-04-06,Phalodi,27.131,72.3683,0.0,33.54,13.87,2.58,97.67
2025-04-07,Phalodi,27.131,72.3683,0.0,34.24,14.66,1.82,97.68
2025-04-08,Phalodi,27.131,72.3683,0.0,34.26,17.19,3.09,97.87
2025-04-09,Phalodi,27.131,72.3683,0.0,33.96,14.12,4.28,97.83
2025-04-10,Phalodi,27.131,72.3683,0.39,32.61,19.4,3.21,97.37
2025-04-11,Phalodi,27.131,72.3683,1.04,32.67,23.08,3.47,97.17
2025-04-12,Phalodi,27.131,72.3683,1.8,31.83,22.19,2.53,97.48
2025-04-13,Phalodi,27.131,72.3683,0.0,33.23,20.06,1.23,97.69
2025-04-14,Phalodi,27.131,72.3683,0.0,33.72,22.18,1.33,97.66
2025-04-15,Phalodi,27.131,72.3683,0.0,34.47,19.61,2.5,97.61
2025-04-16,Phalodi,27.131,72.3683,0.0,35.18,20.91,2.89,97.52
2025-04-17,Phalodi,27.131,72.3683,0.0,35.39,21.95,2.7,97.35
2025-04-18,Phalodi,27.131,72.3683,0.56,35.36,19.27,5.9,97.29
2025-04-19,Phalodi,27.131,72.3683,0.0,32.39,23.1,5.79,97.21
2025-04-20,Phalodi,27.131,72.3683,0.0,31.88,12.81,4.24,97.42
2025-04-21,Phalodi,27.131,72.3683,0.0,30.96,8.67,3.0,97.79
2025-04-22,Phalodi,27.131,72.3683,0.0,30.87,7.54,2.78,97.94
2025-04-23,Phalodi,27.131,72.3683,0.0,31.64,7.58,3.49,97.72
2025-04-24,Phalodi,27.131,72.3683,0.0,33.06,10.26,3.83,97.46
2025-04-25,Phalodi,27.131,72.3683,0.0,33.54,13.41,4.13,97.46
2025-04-26,Phalodi,27.131,72.3683,0.0,33.68,14.05,2.5,97.45
2025-04-27,Phalodi,27.131,72.3683,0.0,35.43,8.58,1.3,97.56
2025-04-28,Phalodi,27.131,72.3683,0.0,36.03,10.08,1.67,97.37
2025-04-29,Phalodi,27.131,72.3683,0.0,35.76,11.06,1.79,97.31
2025-04-30,Phalodi,27.131,72.3683,0.0,36.66,13.63,1.63,97.35
2025-05-01,Phalodi,27.131,72.3683,0.08,35.74,19.57,2.07,97.47
2025-05-02,Phalodi,27.131,72.3683,0.28,35.33,23.25,2.21,97.56
2025-05-03,Phalodi,27.131,72.3683,0.0,35.03,26.69,3.78,97.41
2025-05-04,Phalodi,27.131,72.3683,9.99,31.71,39.19,3.05,97.4
2025-05-05,Phalodi,27.131,72.3683,8.01,28.61,60.69,2.57,97.51
2025-05-06,Phalodi,27.131,72.3683,0.54,29.37,47.47,1.31,97.51
2025-05-07,Phalodi,27.131,72.3683,0.59,31.14,42.31,2.14,97.39
2025-05-08,Phalodi,27.131,72.3683,0.67,33.06,37.62,2.2,97.41
2025-05-09,Phalodi,27.131,72.3683,0.64,33.71,36.63,3.07,97.62
2025-05-10,Phalodi,27.131,72.3683,0.08,33.73,34.83,2.49,97.65
2025-05-11,Phalodi,27.131,72.3683,0.0,35.82,30.04,2.81,97.49
2025-05-12,Phalodi,27.131,72.3683,0.2,35.19,33.87,5.01,97.4
2025-05-13,Phalodi,27.131,72.3683,0.44,35.03,32.6,4.79,97.44
2025-05-14,Phalodi,27.131,72.3683,0.0,36.0,25.48,4.1,97.46
2025-05-15,Phalodi,27.131,72.3683,0.0,36.18,23.06,4.24,97.49
2025-05-16,Phalodi,27.131,72.3683,0.0,36.89,25.15,5.32,97.37
2025-05-17,Phalodi,27.131,72.3683,0.0,36.7,31.15,5.67,97.35
2025-05-18,Phalodi,27.131,72.3683,0.0,36.76,33.17,5.27,97.34
2025-05-19,Phalodi,27.131,72.3683,0.0,37.01,32.32,5.67,97.25
2025-05-20,Phalodi,27.131,72.3683,0.0,36.95,27.24,4.69,97.18
2025-05-21,Phalodi,27.131,72.3683,0.0,37.59,27.72,4.64,97.15
2025-05-22,Phalodi,27.131,72.3683,0.0,37.83,26.21,4.95,97.06
2025-05-23,Phalodi,27.131,72.3683,0.0,37.83,22.12,4.17,96.83
2025-05-24,Phalodi,27.131,72.3683,0.0,38.68,20.24,2.87,96.74
2025-05-25,Phalodi,27.131,72.3683,2.09,38.25,26.76,2.31,96.95
2025-05-26,Phalodi,27.131,72.3683,0.0,36.52,34.0,4.56,97.06
2025-05-27,Phalodi,27.131,72.3683,0.0,37.58,28.06,2.67,96.83
2025-05-28,Phalodi,27.131,72.3683,0.93,38.97,25.54,2.39,96.72
2025-05-29,Phalodi,27.131,72.3683,0.25,35.99,36.42,4.46,96.68
2025-05-30,Phalodi,27.131,72.3683,3.51,34.0,36.26,4.52,96.57
2025-05-31,Phalodi,27.131,72.3683,0.89,33.79,33.53,5.77,96.82
2025-06-01,Phalodi,27.131,72.3683,0.01,33.25,45.37,5.57,97.0
2025-06-02,Phalodi,27.131,72.3683,1.77,34.26,39.5,5.23,96.91
2025-06-03,Phalodi,27.131,72.3683,1.23,33.43,37.37,5.27,97.05
2025-06-04,Phalodi,27.131,72.3683,0.06,33.46,35.9,4.68,97.32
2025-06-05,Phalodi,27.131,72.3683,0.06,34.17,36.14,4.93,97.59
2025-06-06,Phalodi,27.131,72.3683,0.0,35.47,31.82,5.18,97.62
2025-06-07,Phalodi,27.131,72.3683,0.0,36.25,27.28,5.17,97.51
2025-06-08,Phalodi,27.131,72.3683,0.0,36.39,24.12,5.56,97.46
2025-06-09,Phalodi,27.131,72.3683,0.0,36.31,24.68,5.48,97.39
2025-06-10,Phalodi,27.131,72.3683,0.0,36.64,29.55,4.97,97.22
2025-06-11,Phalodi,27.131,72.3683,0.0,36.9,27.9,3.77,97.17
2025-06-12,Phalodi,27.131,72.3683,0.0,38.4,23.62,2.04,97.01
2025-06-13,Phalodi,27.131,72.3683,0.0,39.73,19.27,2.27,96.87
2025-06-14,Phalodi,27.131,72.3683,0.15,38.85,26.28,3.93,96.83
2025-06-15,Phalodi,27.131,72.3683,0.15,36.53,34.51,4.44,96.79
2025-06-16,Phalodi,27.131,72.3683,5.48,33.02,48.52,2.76,96.77
2025-06-17,Phalodi,27.131,72.3683,1.77,33.79,52.69,2.44,96.8
2025-06-18,Phalodi,27.131,72.3683,0.11,35.56,46.84,2.42,96.67
2025-06-19,Phalodi,27.131,72.3683,0.59,37.59,38.12,2.97,96.51
2025-06-20,Phalodi,27.131,72.3683,2.3,34.8,47.78,5.2,96.78
2025-06-21,Phalodi,27.131,72.3683,5.33,31.19,64.55,4.38,97.01
2025-06-22,Phalodi,27.131,72.3683,0.02,33.37,56.25,3.95,96.9
2025-06-23,Phalodi,27.131,72.3683,0.68,33.51,55.75,4.59,96.76
2025-06-24,Phalodi,27.131,72.3683,1.53,35.59,47.28,4.62,96.59
2025-06-25,Phalodi,27.131,72.3683,1.93,34.45,50.94,3.59,96.78
2025-06-26,Phalodi,27.131,72.3683,2.37,34.17,54.69,2.24,96.96
2025-06-27,Phalodi,27.131,72.3683,18.41,31.8,70.23,2.84,96.88
2025-06-28,Phalodi,27.131,72.3683,0.27,31.88,60.03,3.16,96.86
2025-06-29,Phalodi,27.131,72.3683,0.18,33.33,57.05,4.42,96.71
2025-06-30,Phalodi,27.131,72.3683,0.0,33.9,53.11,5.62,96.7
2025-07-01,Phalodi,27.131,72.3683,1.32,34.57,52.4,5.25,96.82
2025-07-02,Phalodi,27.131,72.3683,4.26,32.57,58.87,4.1,96.82
2025-07-03,Phalodi,27.131,72.3683,9.32,31.36,67.59,2.6,96.85
2025-07-04,Phalodi,27.131,72.3683,2.23,31.04,69.48,2.75,96.97
2025-07-05,Phalodi,27.131,72.3683,0.06,31.99,63.38,3.78,96.92
2025-07-06,Phalodi,27.131,72.3683,1.5,30.8,65.8,3.51,96.86
2025-07-07,Phalodi,27.131,72.3683,2.41,31.09,61.6,3.67,96.93
2025-07-08,Phalodi,27.131,72.3683,0.59,32.69,57.22,4.29,97.01
2025-07-09,Phalodi,27.131,72.3683,4.58,33.26,54.65,5.09,97.01
2025-07-10,Phalodi,27.131,72.3683,0.35,32.18,56.34,4.31,97.1
2025-07-11,Phalodi,27.131,72.3683,20.45,31.21,67.74,3.26,97.18
2025-07-12,Phalodi,27.131,72.3683,23.12,29.73,74.88,2.87,97.23
2025-07-13,Phalodi,27.131,72.3683,25.68,30.86,74.88,2.17,97.13
2025-07-14,Phalodi,27.131,72.3683,4.0,30.39,72.91,2.4,96.94
2025-07-15,Phalodi,27.131,72.3683,6.13,28.79,79.1,4.65,96.82
2025-07-16,Phalodi,27.131,72.3683,1.49,31.76,62.16,2.81,96.99
2025-07-17,Phalodi,27.131,72.3683,2.36,32.46,56.55,3.44,97.15
2025-07-18,Phalodi,27.131,72.3683,24.0,28.86,79.02,3.4,97.2
2025-07-19,Phalodi,27.131,72.3683,20.8,28.18,84.37,3.75,96.72
2025-07-20,Phalodi,27.131,72.3683,14.14,28.75,80.28,5.12,96.72
2025-07-21,Phalodi,27.131,72.3683,0.26,30.6,72.75,4.19,96.94
2025-07-22,Phalodi,27.131,72.3683,0.04,31.54,65.9,4.68,96.99
2025-07-23,Phalodi,27.131,72.3683,0.0,32.15,59.54,5.53,96.73
2025-07-24,Phalodi,27.131,72.3683,0.0,31.87,60.18,4.71,96.69
2025-07-25,Phalodi,27.131,72.3683,0.8,32.67,60.06,3.79,96.69
2025-07-26,Phalodi,27.131,72.3683,7.34,32.12,64.78,3.15,96.73
2025-07-27,Phalodi,27.131,72.3683,1.74,31.03,66.49,2.36,96.76
2025-07-28,Phalodi,27.131,72.3683,0.55,31.88,61.33,4.47,96.75
2025-07-29,Phalodi,27.131,72.3683,0.01,32.44,56.79,5.06,96.75
2025-07-30,Phalodi,27.131,72.3683,0.0,31.04,62.77,4.63,96.82
2025-07-31,Phalodi,27.131,72.3683,0.72,29.23,69.49,4.43,97.03
2025-08-01,Phalodi,27.131,72.3683,0.51,29.51,66.61,4.15,97.13
2025-08-02,Phalodi,27.131,72.3683,0.09,30.96,60.32,4.9,97.15
2025-08-03,Phalodi,27.131,72.3683,0.0,31.41,58.48,4.94,97.28
2025-08-04,Phalodi,27.131,72.3683,0.0,31.56,59.98,5.47,97.36
2025-08-05,Phalodi,27.131,72.3683,0.0,30.86,61.6,5.72,97.32
2025-08-06,Phalodi,27.131,72.3683,0.0,30.64,60.82,4.92,97.4
2025-08-07,Phalodi,27.131,72.3683,0.0,31.3,57.38,4.73,97.38
2025-08-08,Phalodi,27.131,72.3683,0.0,31.23,55.68,4.67,97.4
2025-08-09,Phalodi,27.131,72.3683,0.0,31.3,55.41,4.32,97.6
2025-08-10,Phalodi,27.131,72.3683,0.0,31.34,56.71,4.23,97.47
2025-08-11,Phalodi,27.131,72.3683,0.0,31.27,56.88,5.03,97.38
2025-08-12,Phalodi,27.131,72.3683,0.0,31.32,58.12,5.13,97.24
2025-08-13,Phalodi,27.131,72.3683,0.0,30.77,61.72,4.48,97.16
2025-08-14,Phalodi,27.131,72.3683,0.0,30.55,62.77,2.82,97.34
2025-08-15,Phalodi,27.131,72.3683,1.38,32.13,56.12,1.13,97.26
2025-08-16,Phalodi,27.131,72.3683,1.64,33.35,53.94,1.29,97.02
2025-08-17,Phalodi,27.131,72.3683,0.85,33.14,60.22,2.52,97.06
2025-08-18,Phalodi,27.131,72.3683,0.11,32.23,65.21,3.09,97.23
2025-08-19,Phalodi,27.131,72.3683,0.05,32.84,60.23,3.09,97.12
2025-08-20,Phalodi,27.131,72.3683,0.17,32.1,62.4,2.97,97.07
2025-08-21,Phalodi,27.131,72.3683,9.08,30.81,69.16,1.32,97.17
2025-08-22,Phalodi,27.131,72.3683,8.82,28.49,81.97,3.98,97.12
2025-08-23,Phalodi,27.131,72.3683,3.86,29.18,72.02,3.6,97.05
2025-08-24,Phalodi,27.131,72.3683,18.31,28.11,79.93,1.85,97.14
2025-08-25,Phalodi,27.131,72.3683,2.0,29.12,72.5,2.32,97.11
2025-08-26,Phalodi,27.131,72.3683,2.23,30.1,69.84,3.04,97.23
2025-08-27,Phalodi,27.131,72.3683,8.96,30.07,70.25,2.36,97.31
2025-08-28,Phalodi,27.131,72.3683,5.6,30.47,69.49,1.76,97.21
2025-08-29,Phalodi,27.131,72.3683,13.64,30.31,70.6,2.36,97.22
2025-08-30,Phalodi,27.131,72.3683,8.05,27.79,85.02,1.87,97.39
2025-08-31,Phalodi,27.131,72.3683,22.29,28.11,85.04,2.28,97.24
2025-09-01,Phalodi,27.131,72.3683,12.72,27.95,80.88,2.37,97.0
2025-09-02,Phalodi,27.131,72.3683,4.26,29.52,70.76,2.31,97.1
2025-09-03,Phalodi,27.131,72.3683,7.82,29.52,73.65,2.34,97.31
2025-09-04,Phalodi,27.131,72.3683,1.7,30.14,65.5,2.25,97.38
2025-09-05,Phalodi,27.131,72.3683,2.11,29.91,68.59,3.08,97.37
2025-09-06,Phalodi,27.131,72.3683,3.0,27.81,80.38,4.27,97.21
2025-09-07,Phalodi,27.131,72.3683,6.94,28.06,81.33,4.88,96.98
2025-09-08,Phalodi,27.131,72.3683,2.69,27.4,79.55,5.15,97.3
2025-09-09,Phalodi,27.131,72.3683,0.16,27.99,71.04,3.22,97.81
2025-09-10,Phalodi,27.131,72.3683,0.0,28.17,67.04,3.03,97.84
2025-09-11,Phalodi,27.131,72.3683,0.0,28.41,65.35,4.13,97.72
2025-09-12,Phalodi,27.131,72.3683,0.0,29.21,65.39,3.54,97.78
2025-09-13,Phalodi,27.131,72.3683,0.0,29.83,62.19,2.76,97.79
2025-09-14,Phalodi,27.131,72.3683,0.0,30.31,59.0,3.02,97.74
2025-09-15,Phalodi,27.131,72.3683,0.0,29.56,60.05,3.72,97.55
2025-09-16,Phalodi,27.131,72.3683,0.0,30.14,63.82,3.78,97.51
2025-09-17,Phalodi,27.131,72.3683,0.0,31.05,62.86,2.63,97.56
2025-09-18,Phalodi,27.131,72.3683,0.0,30.73,60.67,2.87,97.58
2025-09-19,Phalodi,27.131,72.3683,0.0,30.99,58.79,2.56,97.68
2025-09-20,Phalodi,27.131,72.3683,0.0,30.95,56.63,2.35,97.67
2025-09-21,Phalodi,27.131,72.3683,0.0,30.5,52.15,2.26,97.63
2025-09-22,Phalodi,27.131,72.3683,0.0,30.04,50.44,2.55,97.66
2025-09-23,Phalodi,27.131,72.3683,0.0,29.4,51.92,2.83,97.62
2025-09-24,Phalodi,27.131,72.3683,0.0,29.21,58.44,3.46,97.51
2025-09-25,Phalodi,27.131,72.3683,0.0,29.27,57.87,2.8,97.57
2025-09-26,Phalodi,27.131,72.3683,0.0,30.65,48.48,1.33,97.71
2025-09-27,Phalodi,27.131,72.3683,0.0,31.52,40.05,1.95,97.78
2025-09-28,Phalodi,27.131,72.3683,0.0,31.77,54.19,3.33,97.56
2025-09-29,Phalodi,27.131,72.3683,1.77,31.22,64.39,3.03,97.39
2025-09-30,Phalodi,27.131,72.3683,1.89,29.12,72.5,1.79,97.3
2025-10-01,Phalodi,27.131,72.3683,0.96,28.54,68.24,1.73,97.35
2025-10-02,Phalodi,27.131,72.3683,0.25,28.95,64.89,1.78,97.64
2025-10-03,Phalodi,27.131,72.3683,3.39,28.99,65.26,1.26,97.93
2025-10-04,Phalodi,27.131,72.3683,0.67,30.08,59.7,2.12,97.89
2025-10-05,Phalodi,27.131,72.3683,2.06,29.04,64.03,3.86,97.74
2025-10-06,Phalodi,27.131,72.3683,10.98,26.26,75.73,4.06,97.72
2025-10-07,Phalodi,27.131,72.3683,0.58,23.86,68.74,1.81,97.97
2025-10-08,Phalodi,27.131,72.3683,0.0,24.7,56.41,1.44,98.23
2025-10-09,Phalodi,27.131,72.3683,0.0,24.98,48.84,1.3,98.34
2025-10-10,Phalodi,27.131,72.3683,0.0,25.82,42.52,1.14,98.17
2025-10-11,Phalodi,27.131,72.3683,0.0,26.42,38.86,1.07,98.18
2025-10-12,Phalodi,27.131,72.3683,0.0,26.93,35.95,1.26,98.15
2025-10-13,Phalodi,27.131,72.3683,0.0,26.82,34.45,1.12,98.2
2025-10-14,Phalodi,27.131,72.3683,0.0,26.99,32.24,0.88,98.06
2025-10-15,Phalodi,27.131,72.3683,0.0,25.16,48.0,1.9,98.05
2025-10-16,Phalodi,27.131,72.3683,0.0,26.4,41.88,1.2,98.1
2025-10-17,Phalodi,27.131,72.3683,0.0,26.63,38.94,1.24,98.21
2025-10-18,Phalodi,27.131,72.3683,0.0,26.13,36.54,1.76,98.15
2025-10-19,Phalodi,27.131,72.3683,0.0,25.81,39.23,1.45,98.03
2025-10-20,Phalodi,27.131,72.3683,0.0,25.9,43.19,1.57,98.01
2025-10-21,Phalodi,27.131,72.3683,0.0,26.58,43.58,1.35,98.19
2025-10-22,Phalodi,27.131,72.3683,0.0,26.99,41.09,1.65,98.33
2025-10-23,Phalodi,27.131,72.3683,0.0,26.16,38.19,1.53,98.24
2025-10-24,Phalodi,27.131,72.3683,0.0,26.3,37.8,1.58,98.18
2025-10-25,Phalodi,27.131,72.3683,0.0,25.63,37.0,1.7,98.1
2025-10-26,Phalodi,27.131,72.3683,0.0,25.06,41.67,2.4,98.13
2025-10-27,Phalodi,27.131,72.3683,0.47,25.1,63.75,3.32,98.18
2025-10-28,Phalodi,27.131,72.3683,0.61,23.99,70.97,3.73,98.25
2025-10-29,Phalodi,27.131,72.3683,0.02,24.28,62.27,2.97,98.18
2025-10-30,Phalodi,27.131,72.3683,0.09,24.97,61.79,2.68,98.11
2025-10-31,Phalodi,27.131,72.3683,0.11,25.09,58.51,1.16,98.14
2025-11-01,Phalodi,27.131,72.3683,0.0,25.63,37.74,1.09,98.14
2025-11-02,Phalodi,27.131,72.3683,0.0,26.56,28.46,1.01,98.17
2025-11-03,Phalodi,27.131,72.3683,2.55,25.51,61.23,2.28,97.95
2025-11-04,Phalodi,27.131,72.3683,0.02,24.45,41.26,2.49,97.84
2025-11-05,Phalodi,27.131,72.3683,0.0,22.41,26.4,1.43,98.11
2025-11-06,Phalodi,27.131,72.3683,0.0,21.16,27.97,1.64,98.31
2025-11-07,Phalodi,27.131,72.3683,0.0,21.69,27.45,1.54,98.44
2025-11-08,Phalodi,27.131,72.3683,0.0,22.01,30.02,1.61,98.47
2025-11-09,Phalodi,27.131,72.3683,0.0,22.47,23.19,1.01,98.36
2025-11-10,Phalodi,27.131,72.3683,0.0,21.41,28.5,1.66,98.28
2025-11-11,Phalodi,27.131,72.3683,0.0,22.08,26.4,1.03,98.42
2025-11-12,Phalodi,27.131,72.3683,0.0,21.76,30.73,1.33,98.52
2025-11-13,Phalodi,27.131,72.3683,0.0,21.45,21.37,1.25,98.69
2025-11-14,Phalodi,27.131,72.3683,0.0,21.14,23.7,1.11,98.64
2025-11-15,Phalodi,27.131,72.3683,0.0,20.7,28.2,1.26,98.74
2025-11-16,Phalodi,27.131,72.3683,0.0,20.69,30.1,1.16,98.92
2025-11-17,Phalodi,27.131,72.3683,0.0,20.5,29.34,1.22,98.81
2025-11-18,Phalodi,27.131,72.3683,0.0,20.81,29.4,1.2,98.64
2025-11-19,Phalodi,27.131,72.3683,0.0,22.15,24.03,1.0,98.56
2025-11-20,Phalodi,27.131,72.3683,0.0,22.78,22.87,0.62,98.61
2025-11-21,Phalodi,27.131,72.3683,0.0,21.33,26.42,1.25,98.69
2025-11-22,Phalodi,27.131,72.3683,0.0,19.52,33.21,1.64,98.6
2025-11-23,Phalodi,27.131,72.3683,0.0,18.73,36.83,1.76,98.56
2025-11-24,Phalodi,27.131,72.3683,0.0,18.78,50.86,2.2,98.64
2025-11-25,Phalodi,27.131,72.3683,0.0,18.58,50.47,2.26,98.68
2025-11-26,Phalodi,27.131,72.3683,0.0,18.29,43.22,2.55,98.61
2025-11-27,Phalodi,27.131,72.3683,0.01,20.06,59.19,2.11,98.67
2025-11-28,Phalodi,27.131,72.3683,0.01,20.11,66.86,1.58,98.66
2025-11-29,Phalodi,27.131,72.3683,0.0,19.61,60.57,1.7,98.56
2025-11-30,Phalodi,27.131,72.3683,0.0,19.16,38.92,1.41,98.49
2025-12-01,Phalodi,27.131,72.3683,0.0,18.64,33.42,1.63,98.39
2025-12-02,Phalodi,27.131,72.3683,0.0,18.0,27.54,1.28,98.45
2025-12-03,Phalodi,27.131,72.3683,0.0,16.63,27.22,1.82,98.76
2025-12-04,Phalodi,27.131,72.3683,0.0,16.82,28.54,1.62,98.86
2025-12-05,Phalodi,27.131,72.3683,0.0,17.22,28.58,1.63,98.96
2025-12-06,Phalodi,27.131,72.3683,0.0,17.14,25.25,1.63,98.96
2025-12-07,Phalodi,27.131,72.3683,0.0,18.11,22.61,1.47,98.86
2025-12-08,Phalodi,27.131,72.3683,0.0,19.18,22.73,1.55,98.88
2025-12-09,Phalodi,27.131,72.3683,0.0,19.33,24.47,1.37,98.83
2025-12-10,Phalodi,27.131,72.3683,0.0,20.08,22.26,1.31,98.78
2025-12-11,Phalodi,27.131,72.3683,0.0,20.76,20.38,1.04,98.68
2025-12-12,Phalodi,27.131,72.3683,0.0,20.98,19.7,1.1,98.55
2025-12-13,Phalodi,27.131,72.3683,0.0,19.84,23.57,1.46,98.58
2025-12-14,Phalodi,27.131,72.3683,0.0,19.72,25.94,1.1,98.71
2025-12-15,Phalodi,27.131,72.3683,0.0,19.1,25.24,1.09,98.76
2025-12-16,Phalodi,27.131,72.3683,0.0,17.84,26.51,1.58,98.74
2025-12-17,Phalodi,27.131,72.3683,0.0,18.69,26.06,1.24,98.8
2025-12-18,Phalodi,27.131,72.3683,0.0,18.66,26.54,1.53,98.79
2025-12-19,Phalodi,27.131,72.3683,0.0,19.76,25.8,1.25,98.59
2025-12-20,Phalodi,27.131,72.3683,0.0,21.0,29.41,1.35,98.36
2025-12-21,Phalodi,27.131,72.3683,0.0,22.02,44.42,1.83,98.43
2025-12-22,Phalodi,27.131,72.3683,0.0,20.75,49.1,1.47,98.57
2025-12-23,Phalodi,27.131,72.3683,0.0,17.72,50.64,2.34,98.65
2025-12-24,Phalodi,27.131,72.3683,0.0,15.93,36.84,1.49,98.64
2025-12-25,Phalodi,27.131,72.3683,0.0,15.76,28.37,1.46,98.59
2025-12-26,Phalodi,27.131,72.3683,0.0,17.03,30.84,1.75,98.58
2025-12-27,Phalodi,27.131,72.3683,0.0,17.19,34.8,2.01,98.61
2025-12-28,Phalodi,27.131,72.3683,0.0,16.93,38.71,1.69,98.62
2025-12-29,Phalodi,27.131,72.3683,0.0,18.56,38.9,1.44,98.55
2025-12-30,Phalodi,27.131,72.3683,0.0,18.01,41.78,1.69,98.31
2025-12-31,Phalodi,27.131,72.3683,2.44,16.93,57.66,2.15,98.06
2025-01-01,Pratapgarh,24.0311,74.778,0.0,16.08,53.15,2.04,96.68
2025-01-02,Pratapgarh,24.0311,74.778,0.0,17.51,48.57,1.43,96.67
2025-01-03,Pratapgarh,24.0311,74.778,0.0,18.58,50.34,1.53,96.63
2025-01-04,Pratapgarh,24.0311,74.778,0.0,19.25,50.24,1.78,96.41
2025-01-05,Pratapgarh,24.0311,74.778,0.06,18.92,52.98,1.94,96.31
2025-01-06,Pratapgarh,24.0311,74.778,0.0,16.09,56.24,1.77,96.46
2025-01-07,Pratapgarh,24.0311,74.778,0.0,13.96,57.13,2.18,96.67
2025-01-08,Pratapgarh,24.0311,74.778,0.0,14.05,48.56,1.23,96.57
2025-01-09,Pratapgarh,24.0311,74.778,0.0,15.66,45.68,1.95,96.56
2025-01-10,Pratapgarh,24.0311,74.778,0.0,16.5,48.02,2.38,96.58
2025-01-11,Pratapgarh,24.0311,74.778,0.0,17.29,57.04,2.46,96.46
2025-01-12,Pratapgarh,24.0311,74.778,0.0,15.65,58.78,1.95,96.66
2025-01-13,Pratapgarh,24.0311,74.778,0.0,13.21,59.43,1.96,96.71
2025-01-14,Pratapgarh,24.0311,74.778,0.0,14.99,56.77,1.85,96.62
2025-01-15,Pratapgarh,24.0311,74.778,0.79,18.17,60.14,2.11,96.58
2025-01-16,Pratapgarh,24.0311,74.778,0.31,17.52,62.99,2.12,96.71
2025-01-17,Pratapgarh,24.0311,74.778,0.0,15.58,62.77,2.52,96.76
2025-01-18,Pratapgarh,24.0311,74.778,0.0,17.53,58.58,1.62,96.56
2025-01-19,Pratapgarh,24.0311,74.778,0.0,20.88,53.6,1.67,96.52
2025-01-20,Pratapgarh,24.0311,74.778,0.0,21.33,48.74,1.07,96.46
2025-01-21,Pratapgarh,24.0311,74.778,0.0,20.9,48.3,1.36,96.32
2025-01-22,Pratapgarh,24.0311,74.778,0.0,19.53,45.73,1.98,96.24
2025-01-23,Pratapgarh,24.0311,74.778,0.0,17.91,40.47,1.88,96.35
2025-01-24,Pratapgarh,24.0311,74.778,0.0,17.57,52.46,2.8,96.46
2025-01-25,Pratapgarh,24.0311,74.778,0.0,17.73,37.83,1.78,96.48
2025-01-26,Pratapgarh,24.0311,74.778,0.0,18.79,33.98,1.58,96.38
2025-01-27,Pratapgarh,24.0311,74.778,0.0,19.78,29.11,1.64,96.23
2025-01-28,Pratapgarh,24.0311,74.778,0.0,21.56,28.56,1.54,96.16
2025-01-29,Pratapgarh,24.0311,74.778,0.0,22.38,31.96,2.16,96.25
2025-01-30,Pratapgarh,24.0311,74.778,0.0,20.85,22.66,2.56,96.11
2025-01-31,Pratapgarh,24.0311,74.778,0.0,19.43,27.09,2.56,96.05
2025-02-01,Pratapgarh,24.0311,74.778,0.0,18.93,28.23,2.08,96.23
2025-02-02,Pratapgarh,24.0311,74.778,0.0,19.26,24.79,1.66,96.33
2025-02-03,Pratapgarh,24.0311,74.778,0.0,21.94,33.08,2.52,96.25
2025-02-04,Pratapgarh,24.0311,74.778,0.0,22.12,30.54,2.26,96.32
2025-02-05,Pratapgarh,24.0311,74.778,0.0,18.47,23.9,2.26,96.42
2025-02-06,Pratapgarh,24.0311,74.778,0.0,18.12,26.22,2.69,96.55
2025-02-07,Pratapgarh,24.0311,74.778,0.0,18.86,25.54,2.08,96.62
2025-02-08,Pratapgarh,24.0311,74.778,0.0,20.84,20.6,1.34,96.46
2025-02-09,Pratapgarh,24.0311,74.778,0.0,22.33,22.19,1.82,96.29
2025-02-10,Pratapgarh,24.0311,74.778,0.0,22.27,17.82,1.75,96.33
2025-02-11,Pratapgarh,24.0311,74.778,0.0,22.2,22.02,2.04,96.35
2025-02-12,Pratapgarh,24.0311,74.778,0.0,21.83,31.6,1.93,96.45
2025-02-13,Pratapgarh,24.0311,74.778,0.0,21.21,25.63,1.63,96.54
2025-02-14,Pratapgarh,24.0311,74.778,0.0,22.66,22.02,1.67,96.4
2025-02-15,Pratapgarh,24.0311,74.778,0.0,23.48,25.45,3.18,96.15
2025-02-16,Pratapgarh,24.0311,74.778,0.0,23.64,30.95,2.29,96.19
2025-02-17,Pratapgarh,24.0311,74.778,0.0,24.45,32.53,1.43,96.32
2025-02-18,Pratapgarh,24.0311,74.778,0.0,24.95,29.02,1.85,96.28
2025-02-19,Pratapgarh,24.0311,74.778,0.0,23.92,33.33,1.67,96.17
2025-02-20,Pratapgarh,24.0311,74.778,0.0,23.74,30.66,2.22,96.28
2025-02-21,Pratapgarh,24.0311,74.778,0.0,23.35,28.67,1.55,96.51
2025-02-22,Pratapgarh,24.0311,74.778,0.0,23.24,27.44,1.58,96.55
2025-02-23,Pratapgarh,24.0311,74.778,0.0,23.64,25.55,1.22,96.57
2025-02-24,Pratapgarh,24.0311,74.778,0.0,23.2,26.97,1.72,96.64
2025-02-25,Pratapgarh,24.0311,74.778,0.0,24.45,25.21,2.06,96.74
2025-02-26,Pratapgarh,24.0311,74.778,0.0,25.96,21.79,2.09,96.73
2025-02-27,Pratapgarh,24.0311,74.778,0.0,26.54,25.47,2.89,96.4
2025-02-28,Pratapgarh,24.0311,74.778,0.0,26.29,26.89,3.17,96.21
2025-03-01,Pratapgarh,24.0311,74.778,0.0,25.79,32.73,2.61,96.21
2025-03-02,Pratapgarh,24.0311,74.778,0.0,25.01,32.51,1.82,96.14
2025-03-03,Pratapgarh,24.0311,74.778,0.0,25.66,29.64,2.51,96.19
2025-03-04,Pratapgarh,24.0311,74.778,0.0,23.53,22.97,3.07,96.38
2025-03-05,Pratapgarh,24.0311,74.778,0.0,20.03,15.97,2.81,96.57
2025-03-06,Pratapgarh,24.0311,74.778,0.0,23.21,12.92,1.79,96.4
2025-03-07,Pratapgarh,24.0311,74.778,0.0,24.96,16.12,1.73,96.15
2025-03-08,Pratapgarh,24.0311,74.778,0.0,26.12,20.87,1.56,95.93
2025-03-09,Pratapgarh,24.0311,74.778,0.0,27.54,19.12,1.53,96.1
2025-03-10,Pratapgarh,24.0311,74.778,0.0,28.67,19.58,1.66,96.37
2025-03-11,Pratapgarh,24.0311,74.778,0.0,28.8,19.49,2.33,96.34
2025-03-12,Pratapgarh,24.0311,74.778,0.0,28.99,17.49,2.78,96.06
2025-03-13,Pratapgarh,24.0311,74.778,0.0,28.55,15.64,3.54,95.9
2025-03-14,Pratapgarh,24.0311,74.778,0.0,28.63,23.42,3.43,95.95
2025-03-15,Pratapgarh,24.0311,74.778,0.0,28.28,26.08,3.06,96.06
2025-03-16,Pratapgarh,24.0311,74.778,0.0,27.55,24.16,2.56,96.13
2025-03-17,Pratapgarh,24.0311,74.778,0.0,26.16,27.48,1.76,96.17
2025-03-18,Pratapgarh,24.0311,74.778,0.0,26.34,23.14,1.64,96.18
2025-03-19,Pratapgarh,24.0311,74.778,0.0,27.41,18.86,1.66,96.18
2025-03-20,Pratapgarh,24.0311,74.778,0.0,27.11,18.46,1.77,96.28
2025-03-21,Pratapgarh,24.0311,74.778,0.0,26.33,22.0,2.13,96.33
2025-03-22,Pratapgarh,24.0311,74.778,0.0,28.58,20.55,1.33,96.28
2025-03-23,Pratapgarh,24.0311,74.778,0.0,28.39,18.06,1.47,96.33
2025-03-24,Pratapgarh,24.0311,74.778,0.0,29.13,14.36,1.53,96.31
2025-03-25,Pratapgarh,24.0311,74.778,0.0,29.46,15.05,1.78,96.0
2025-03-26,Pratapgarh,24.0311,74.778,0.0,29.75,20.12,2.68,95.83
2025-03-27,Pratapgarh,24.0311,74.778,0.0,29.01,23.69,3.14,95.89
2025-03-28,Pratapgarh,24.0311,74.778,0.0,27.39,9.06,2.59,96.02
2025-03-29,Pratapgarh,24.0311,74.778,0.0,26.34,7.85,2.35,96.03
2025-03-30,Pratapgarh,24.0311,74.778,0.0,27.83,9.84,1.99,96.04
2025-03-31,Pratapgarh,24.0311,74.778,0.0,29.28,10.03,1.71,96.02
2025-04-01,Pratapgarh,24.0311,74.778,0.0,28.51,12.86,1.87,95.93
2025-04-02,Pratapgarh,24.0311,74.778,0.01,29.99,21.45,2.39,95.92
2025-04-03,Pratapgarh,24.0311,74.778,0.0,30.17,18.17,2.5,96.07
2025-04-04,Pratapgarh,24.0311,74.778,0.0,29.14,18.44,2.22,96.17
2025-04-05,Pratapgarh,24.0311,74.778,0.0,30.42,14.8,1.93,96.0
2025-04-06,Pratapgarh,24.0311,74.778,0.0,31.89,14.55,1.95,95.84
2025-04-07,Pratapgarh,24.0311,74.778,0.0,32.52,12.97,2.96,95.86
2025-04-08,Pratapgarh,24.0311,74.778,0.0,33.49,14.18,1.75,95.99
2025-04-09,Pratapgarh,24.0311,74.778,0.0,33.76,13.78,2.15,95.89
2025-04-10,Pratapgarh,24.0311,74.778,0.0,33.29,13.38,4.28,95.59
2025-04-11,Pratapgarh,24.0311,74.778,0.0,30.95,17.36,4.02,95.5
2025-04-12,Pratapgarh,24.0311,74.778,0.66,30.28,29.58,3.75,95.73
2025-04-13,Pratapgarh,24.0311,74.778,0.0,32.03,23.42,3.91,95.87
2025-04-14,Pratapgarh,24.0311,74.778,0.0,33.04,19.17,3.63,95.76
2025-04-15,Pratapgarh,24.0311,74.778,0.0,33.56,22.16,1.27,95.72
2025-04-16,Pratapgarh,24.0311,74.778,0.0,33.56,22.69,1.37,95.71
2025-04-17,Pratapgarh,24.0311,74.778,0.0,34.08,21.79,3.56,95.65
2025-04-18,Pratapgarh,24.0311,74.778,0.0,34.71,16.66,4.62,95.58
2025-04-19,Pratapgarh,24.0311,74.778,0.0,32.56,17.12,4.73,95.63
2025-04-20,Pratapgarh,24.0311,74.778,0.0,30.81,21.09,3.94,95.72
2025-04-21,Pratapgarh,24.0311,74.778,0.0,31.37,15.38,2.84,95.97
2025-04-22,Pratapgarh,24.0311,74.778,0.0,32.16,11.85,2.2,96.02
2025-04-23,Pratapgarh,24.0311,74.778,0.0,32.13,7.95,2.21,95.83
2025-04-24,Pratapgarh,24.0311,74.778,0.0,32.49,8.55,2.81,95.67
2025-04-25,Pratapgarh,24.0311,74.778,0.0,32.74,13.65,3.65,95.72
2025-04-26,Pratapgarh,24.0311,74.778,0.01,32.1,19.0,3.36,95.67
2025-04-27,Pratapgarh,24.0311,74.778,0.0,32.68,21.49,3.32,95.74
2025-04-28,Pratapgarh,24.0311,74.778,0.0,33.79,18.37,3.93,95.55
2025-04-29,Pratapgarh,24.0311,74.778,0.0,34.47,19.23,4.63,95.47
2025-04-30,Pratapgarh,24.0311,74.778,0.0,34.72,19.67,3.1,95.6
2025-05-01,Pratapgarh,24.0311,74.778,0.0,34.56,14.63,3.41,95.7
2025-05-02,Pratapgarh,24.0311,74.778,0.04,34.74,15.06,2.53,95.74
2025-05-03,Pratapgarh,24.0311,74.778,0.0,34.06,16.77,3.88,95.65
2025-05-04,Pratapgarh,24.0311,74.778,2.46,32.18,33.71,3.21,95.59
2025-05-05,Pratapgarh,24.0311,74.778,1.35,31.73,37.44,3.64,95.63
2025-05-06,Pratapgarh,24.0311,74.778,20.91,26.71,60.48,4.54,95.71
2025-05-07,Pratapgarh,24.0311,74.778,6.01,24.14,74.66,3.77,95.61
2025-05-08,Pratapgarh,24.0311,74.778,6.37,24.98,75.28,2.06,95.69
2025-05-09,Pratapgarh,24.0311,74.778,0.84,27.54,64.97,2.44,95.83
2025-05-10,Pratapgarh,24.0311,74.778,0.61,29.09,59.14,2.53,95.85
2025-05-11,Pratapgarh,24.0311,74.778,2.64,29.74,56.84,2.61,95.75
2025-05-12,Pratapgarh,24.0311,74.778,0.52,30.19,54.93,2.71,95.67
2025-05-13,Pratapgarh,24.0311,74.778,6.59,29.88,58.93,2.74,95.71
2025-05-14,Pratapgarh,24.0311,74.778,0.86,30.56,56.91,1.65,95.7
2025-05-15,Pratapgarh,24.0311,74.778,0.04,31.41,51.62,2.33,95.7
2025-05-16,Pratapgarh,24.0311,74.778,0.63,31.85,49.8,3.35,95.64
2025-05-17,Pratapgarh,24.0311,74.778,1.88,31.95,54.59,3.66,95.6
2025-05-18,Pratapgarh,24.0311,74.778,0.04,32.69,54.64,3.76,95.56
2025-05-19,Pratapgarh,24.0311,74.778,8.68,32.16,58.82,3.3,95.49
2025-05-20,Pratapgarh,24.0311,74.778,10.13,32.81,56.21,3.14,95.43
2025-05-21,Pratapgarh,24.0311,74.778,0.1,32.61,53.03,3.38,95.43
2025-05-22,Pratapgarh,24.0311,74.778,1.16,31.86,58.49,3.36,95.37
2025-05-23,Pratapgarh,24.0311,74.778,1.0,32.71,52.28,2.5,95.14
2025-05-24,Pratapgarh,24.0311,74.778,0.15,32.55,54.16,4.03,95.04
2025-05-25,Pratapgarh,24.0311,74.778,0.11,32.99,50.85,2.53,95.25
2025-05-26,Pratapgarh,24.0311,74.778,0.24,33.79,47.1,2.49,95.16
2025-05-27,Pratapgarh,24.0311,74.778,2.18,33.07,51.05,4.6,94.98
2025-05-28,Pratapgarh,24.0311,74.778,12.92,32.39,55.48,4.14,95.0
2025-05-29,Pratapgarh,24.0311,74.778,1.48,30.73,59.39,3.44,94.94
2025-05-30,Pratapgarh,24.0311,74.778,6.56,30.8,58.32,4.64,94.94
2025-05-31,Pratapgarh,24.0311,74.778,0.0,30.2,58.58,6.06,95.28
2025-06-01,Pratapgarh,24.0311,74.778,0.26,29.64,60.13,6.03,95.39
2025-06-02,Pratapgarh,24.0311,74.778,3.07,29.23,63.33,5.37,95.3
2025-06-03,Pratapgarh,24.0311,74.778,4.45,28.82,65.05,4.57,95.42
2025-06-04,Pratapgarh,24.0311,74.778,0.37,29.1,62.33,2.68,95.62
2025-06-05,Pratapgarh,24.0311,74.778,0.06,30.39,50.89,1.89,95.83
2025-06-06,Pratapgarh,24.0311,74.778,0.69,31.64,49.45,3.8,95.83
2025-06-07,Pratapgarh,24.0311,74.778,0.26,32.63,40.92,4.47,95.73
2025-06-08,Pratapgarh,24.0311,74.778,0.0,32.94,35.77,4.79,95.63
2025-06-09,Pratapgarh,24.0311,74.778,0.0,35.08,32.67,4.82,95.46
2025-06-10,Pratapgarh,24.0311,74.778,0.0,36.27,29.21,3.99,95.28
2025-06-11,Pratapgarh,24.0311,74.778,0.0,37.42,24.95,3.84,95.2
2025-06-12,Pratapgarh,24.0311,74.778,0.07,37.59,23.96,3.2,95.07
2025-06-13,Pratapgarh,24.0311,74.778,8.84,35.67,37.33,2.42,95.09
2025-06-14,Pratapgarh,24.0311,74.778,6.12,34.36,51.4,1.5,95.03
2025-06-15,Pratapgarh,24.0311,74.778,4.2,32.94,56.85,2.18,94.88
2025-06-16,Pratapgarh,24.0311,74.778,11.25,30.25,68.85,2.42,94.78
2025-06-17,Pratapgarh,24.0311,74.778,4.61,28.56,74.22,6.35,94.85
2025-06-18,Pratapgarh,24.0311,74.778,11.2,28.79,74.58,5.53,94.92
2025-06-19,Pratapgarh,24.0311,74.778,8.05,28.57,76.99,5.74,94.91
2025-06-20,Pratapgarh,24.0311,74.778,29.8,26.92,80.35,5.36,95.2
2025-06-21,Pratapgarh,24.0311,74.778,28.07,26.35,87.9,3.98,95.23
2025-06-22,Pratapgarh,24.0311,74.778,12.34,27.03,81.48,4.96,95.19
2025-06-23,Pratapgarh,24.0311,74.778,6.59,25.72,86.91,4.39,95.03
2025-06-24,Pratapgarh,24.0311,74.778,14.32,27.46,82.24,4.02,94.92
2025-06-25,Pratapgarh,24.0311,74.778,10.24,26.54,87.54,3.42,94.98
2025-06-26,Pratapgarh,24.0311,74.778,24.62,27.86,84.14,1.33,95.08
2025-06-27,Pratapgarh,24.0311,74.778,6.12,27.55,82.77,2.32,95.04
2025-06-28,Pratapgarh,24.0311,74.778,2.28,26.36,80.6,4.9,95.19
2025-06-29,Pratapgarh,24.0311,74.778,4.97,26.86,82.94,5.55,95.04
2025-06-30,Pratapgarh,24.0311,74.778,7.97,27.22,81.57,5.46,95.1
2025-07-01,Pratapgarh,24.0311,74.778,8.78,26.66,85.03,4.83,95.14
2025-07-02,Pratapgarh,24.0311,74.778,54.56,25.05,90.91,4.43,95.04
2025-07-03,Pratapgarh,24.0311,74.778,6.22,26.13,88.91,3.92,95.04
2025-07-04,Pratapgarh,24.0311,74.778,2.41,26.6,85.89,4.1,95.2
2025-07-05,Pratapgarh,24.0311,74.778,10.76,26.24,89.21,3.82,95.19
2025-07-06,Pratapgarh,24.0311,74.778,9.05,25.92,90.44,3.39,95.09
2025-07-07,Pratapgarh,24.0311,74.778,2.15,27.13,82.43,3.97,95.17
2025-07-08,Pratapgarh,24.0311,74.778,0.45,27.21,80.58,3.97,95.29
2025-07-09,Pratapgarh,24.0311,74.778,0.18,26.98,81.94,3.89,95.35
2025-07-10,Pratapgarh,24.0311,74.778,1.09,27.05,80.78,3.47,95.4
2025-07-11,Pratapgarh,24.0311,74.778,6.65,26.29,86.38,3.67,95.4
2025-07-12,Pratapgarh,24.0311,74.778,3.52,25.61,88.75,4.06,95.36
2025-07-13,Pratapgarh,24.0311,74.778,22.53,26.72,87.29,3.54,95.22
2025-07-14,Pratapgarh,24.0311,74.778,32.87,25.65,91.92,4.93,95.03
2025-07-15,Pratapgarh,24.0311,74.778,7.02,27.07,84.36,4.41,95.13
2025-07-16,Pratapgarh,24.0311,74.778,2.76,27.01,85.25,2.53,95.28
2025-07-17,Pratapgarh,24.0311,74.778,2.84,26.38,85.45,3.24,95.38
2025-07-18,Pratapgarh,24.0311,74.778,20.55,25.46,91.02,5.3,95.3
2025-07-19,Pratapgarh,24.0311,74.778,2.79,26.06,83.29,4.93,95.09
2025-07-20,Pratapgarh,24.0311,74.778,0.12,26.67,81.83,3.4,95.09
2025-07-21,Pratapgarh,24.0311,74.778,1.32,27.32,82.37,2.1,95.26
2025-07-22,Pratapgarh,24.0311,74.778,5.63,27.65,84.05,2.7,95.22
2025-07-23,Pratapgarh,24.0311,74.778,8.83,26.27,88.6,3.5,95.05
2025-07-24,Pratapgarh,24.0311,74.778,3.01,26.41,84.93,3.5,94.97
2025-07-25,Pratapgarh,24.0311,74.778,18.66,26.8,86.89,2.81,94.93
2025-07-26,Pratapgarh,24.0311,74.778,39.28,26.56,93.2,2.83,94.81
2025-07-27,Pratapgarh,24.0311,74.778,30.25,26.99,90.05,2.87,94.73
2025-07-28,Pratapgarh,24.0311,74.778,7.51,26.49,90.4,4.0,94.95
2025-07-29,Pratapgarh,24.0311,74.778,10.61,26.47,90.11,3.99,95.01
2025-07-30,Pratapgarh,24.0311,74.778,4.52,24.95,89.47,4.62,95.14
2025-07-31,Pratapgarh,24.0311,74.778,3.16,25.43,87.16,3.98,95.3
2025-08-01,Pratapgarh,24.0311,74.778,0.53,25.8,86.07,3.97,95.39
2025-08-02,Pratapgarh,24.0311,74.778,1.26,25.65,85.65,3.37,95.46
2025-08-03,Pratapgarh,24.0311,74.778,0.73,25.98,85.57,3.26,95.57
2025-08-04,Pratapgarh,24.0311,74.778,0.09,25.78,86.7,3.38,95.7
2025-08-05,Pratapgarh,24.0311,74.778,0.09,25.93,85.57,3.23,95.67
2025-08-06,Pratapgarh,24.0311,74.778,0.02,25.78,84.21,3.1,95.69
2025-08-07,Pratapgarh,24.0311,74.778,0.01,25.76,85.47,2.96,95.65
2025-08-08,Pratapgarh,24.0311,74.778,0.0,25.82,84.39,2.81,95.68
2025-08-09,Pratapgarh,24.0311,74.778,0.95,26.01,83.95,1.99,95.82
2025-08-10,Pratapgarh,24.0311,74.778,1.56,25.98,84.62,2.79,95.73
2025-08-11,Pratapgarh,24.0311,74.778,0.11,26.12,84.17,3.18,95.68
2025-08-12,Pratapgarh,24.0311,74.778,0.01,26.26,83.87,3.42,95.56
2025-08-13,Pratapgarh,24.0311,74.778,0.57,25.81,86.95,2.08,95.43
2025-08-14,Pratapgarh,24.0311,74.778,1.66,26.64,84.53,0.94,95.45
2025-08-15,Pratapgarh,24.0311,74.778,13.07,27.77,81.78,0.79,95.32
2025-08-16,Pratapgarh,24.0311,74.778,6.56,26.42,87.35,1.68,95.19
2025-08-17,Pratapgarh,24.0311,74.778,1.14,28.09,83.89,2.0,95.13
2025-08-18,Pratapgarh,24.0311,74.778,12.68,27.68,86.3,1.2,95.29
2025-08-19,Pratapgarh,24.0311,74.778,6.27,27.36,87.62,2.22,95.14
2025-08-20,Pratapgarh,24.0311,74.778,37.79,26.5,89.25,1.77,95.15
2025-08-21,Pratapgarh,24.0311,74.778,16.03,24.93,92.31,3.61,95.28
2025-08-22,Pratapgarh,24.0311,74.778,41.1,24.85,93.86,5.24,95.3
2025-08-23,Pratapgarh,24.0311,74.778,21.45,24.86,92.32,5.36,95.26
2025-08-24,Pratapgarh,24.0311,74.778,8.26,25.28,90.54,5.17,95.3
2025-08-25,Pratapgarh,24.0311,74.778,8.69,25.21,91.1,4.81,95.3
2025-08-26,Pratapgarh,24.0311,74.778,10.31,26.12,89.59,3.0,95.43
2025-08-27,Pratapgarh,24.0311,74.778,15.58,26.68,88.11,1.92,95.43
2025-08-28,Pratapgarh,24.0311,74.778,8.63,27.35,86.7,1.2,95.3
2025-08-29,Pratapgarh,24.0311,74.778,10.43,27.93,83.19,0.75,95.32
2025-08-30,Pratapgarh,24.0311,74.778,9.07,26.52,90.49,1.73,95.49
2025-08-31,Pratapgarh,24.0311,74.778,20.21,25.44,94.53,3.35,95.44
2025-09-01,Pratapgarh,24.0311,74.778,11.16,25.74,89.58,3.37,95.25
2025-09-02,Pratapgarh,24.0311,74.778,4.71,25.6,88.89,2.91,95.31
2025-09-03,Pratapgarh,24.0311,74.778,33.34,24.71,93.52,2.62,95.33
2025-09-04,Pratapgarh,24.0311,74.778,36.94,25.53,93.16,3.1,95.25
2025-09-05,Pratapgarh,24.0311,74.778,39.88,26.22,90.63,1.93,95.27
2025-09-06,Pratapgarh,24.0311,74.778,32.16,25.06,95.22,3.47,95.33
2025-09-07,Pratapgarh,24.0311,74.778,6.08,24.36,92.84,4.07,95.52
2025-09-08,Pratapgarh,24.0311,74.778,0.68,24.42,90.1,3.06,95.7
2025-09-09,Pratapgarh,24.0311,74.778,0.0,23.78,87.27,1.97,95.99
2025-09-10,Pratapgarh,24.0311,74.778,0.0,23.97,87.77,2.13,95.98
2025-09-11,Pratapgarh,24.0311,74.778,0.0,23.98,86.98,2.27,95.91
2025-09-12,Pratapgarh,24.0311,74.778,0.0,24.48,85.84,1.85,95.97
2025-09-13,Pratapgarh,24.0311,74.778,0.0,24.54,85.45,1.48,95.95
2025-09-14,Pratapgarh,24.0311,74.778,0.07,26.17,84.0,1.33,95.86
2025-09-15,Pratapgarh,24.0311,74.778,5.03,25.53,88.12,2.02,95.73
2025-09-16,Pratapgarh,24.0311,74.778,1.39,24.61,88.32,1.85,95.74
2025-09-17,Pratapgarh,24.0311,74.778,1.42,25.25,88.19,1.76,95.75
2025-09-18,Pratapgarh,24.0311,74.778,4.79,25.23,90.15,2.38,95.74
2025-09-19,Pratapgarh,24.0311,74.778,15.08,25.77,88.11,1.58,95.84
2025-09-20,Pratapgarh,24.0311,74.778,6.13,26.03,88.35,1.42,95.79
2025-09-21,Pratapgarh,24.0311,74.778,11.31,26.58,85.89,1.26,95.73
2025-09-22,Pratapgarh,24.0311,74.778,8.94,26.46,86.43,1.1,95.76
2025-09-23,Pratapgarh,24.0311,74.778,1.03,25.94,85.77,1.56,95.78
2025-09-24,Pratapgarh,24.0311,74.778,0.42,25.28,86.75,2.27,95.69
2025-09-25,Pratapgarh,24.0311,74.778,0.29,25.21,84.78,1.85,95.7
2025-09-26,Pratapgarh,24.0311,74.778,0.01,25.87,82.29,1.94,95.75
2025-09-27,Pratapgarh,24.0311,74.778,1.73,24.62,86.54,2.68,95.74
2025-09-28,Pratapgarh,24.0311,74.778,4.05,26.07,89.82,3.7,95.44
2025-09-29,Pratapgarh,24.0311,74.778,0.21,26.08,87.43,3.17,95.39
2025-09-30,Pratapgarh,24.0311,74.778,1.47,24.21,88.32,2.46,95.51
2025-10-01,Pratapgarh,24.0311,74.778,0.1,24.36,86.03,1.77,95.54
2025-10-02,Pratapgarh,24.0311,74.778,0.04,25.55,83.32,0.75,95.75
2025-10-03,Pratapgarh,24.0311,74.778,17.05,25.32,87.72,2.06,95.99
2025-10-04,Pratapgarh,24.0311,74.778,6.03,24.78,89.47,3.14,96.02
2025-10-05,Pratapgarh,24.0311,74.778,4.61,24.49,88.1,3.02,96.01
2025-10-06,Pratapgarh,24.0311,74.778,3.16,23.86,88.31,3.18,96.07
2025-10-07,Pratapgarh,24.0311,74.778,0.4,23.13,86.37,2.6,96.12
2025-10-08,Pratapgarh,24.0311,74.778,0.0,22.38,76.07,1.18,96.26
2025-10-09,Pratapgarh,24.0311,74.778,0.0,23.01,68.1,0.91,96.37
2025-10-10,Pratapgarh,24.0311,74.778,0.0,22.32,65.24,1.01,96.26
2025-10-11,Pratapgarh,24.0311,74.778,0.0,21.81,64.42,1.26,96.27
2025-10-12,Pratapgarh,24.0311,74.778,0.0,22.35,65.73,1.19,96.21
2025-10-13,Pratapgarh,24.0311,74.778,0.0,22.54,67.68,0.97,96.26
2025-10-14,Pratapgarh,24.0311,74.778,0.0,21.58,73.63,1.48,96.15
2025-10-15,Pratapgarh,24.0311,74.778,0.0,22.37,75.86,1.32,96.09
2025-10-16,Pratapgarh,24.0311,74.778,0.0,23.59,77.55,1.2,96.12
2025-10-17,Pratapgarh,24.0311,74.778,0.08,24.19,72.46,1.01,96.25
2025-10-18,Pratapgarh,24.0311,74.778,0.02,23.51,70.2,1.05,96.18
2025-10-19,Pratapgarh,24.0311,74.778,0.0,23.45,69.56,1.06,96.08
2025-10-20,Pratapgarh,24.0311,74.778,0.0,23.6,71.81,1.05,96.09
2025-10-21,Pratapgarh,24.0311,74.778,0.0,23.13,76.44,1.67,96.24
2025-10-22,Pratapgarh,24.0311,74.778,0.0,22.9,78.52,2.1,96.3
2025-10-23,Pratapgarh,24.0311,74.778,0.0,23.53,81.65,2.31,96.21
2025-10-24,Pratapgarh,24.0311,74.778,0.0,23.77,83.06,2.14,96.17
2025-10-25,Pratapgarh,24.0311,74.778,1.61,23.67,84.12,2.26,96.09
2025-10-26,Pratapgarh,24.0311,74.778,6.44,22.89,87.23,2.05,96.11
2025-10-27,Pratapgarh,24.0311,74.778,57.24,22.26,94.42,2.52,96.09
2025-10-28,Pratapgarh,24.0311,74.778,13.56,21.46,93.56,3.45,96.04
2025-10-29,Pratapgarh,24.0311,74.778,1.67,22.17,88.55,3.58,96.0
2025-10-30,Pratapgarh,24.0311,74.778,6.65,23.07,90.03,3.09,95.92
2025-10-31,Pratapgarh,24.0311,74.778,1.12,22.6,88.51,1.86,96.08
2025-11-01,Pratapgarh,24.0311,74.778,0.05,23.88,83.19,0.95,96.16
2025-11-02,Pratapgarh,24.0311,74.778,0.25,24.73,82.93,1.0,96.23
2025-11-03,Pratapgarh,24.0311,74.778,2.15,24.1,88.97,2.31,96.14
2025-11-04,Pratapgarh,24.0311,74.778,0.37,22.72,84.47,2.83,96.08
2025-11-05,Pratapgarh,24.0311,74.778,0.0,21.73,67.45,1.36,96.14
2025-11-06,Pratapgarh,24.0311,74.778,0.0,19.08,60.99,1.47,96.32
2025-11-07,Pratapgarh,24.0311,74.778,0.0,18.33,57.37,1.27,96.48
2025-11-08,Pratapgarh,24.0311,74.778,0.0,17.56,54.4,1.21,96.54
2025-11-09,Pratapgarh,24.0311,74.778,0.0,18.58,52.94,0.84,96.43
2025-11-10,Pratapgarh,24.0311,74.778,0.0,19.48,51.13,0.79,96.39
2025-11-11,Pratapgarh,24.0311,74.778,0.0,19.08,56.48,0.73,96.47
2025-11-12,Pratapgarh,24.0311,74.778,0.0,19.69,54.44,0.62,96.57
2025-11-13,Pratapgarh,24.0311,74.778,0.0,18.84,59.48,1.06,96.67
2025-11-14,Pratapgarh,24.0311,74.778,0.0,17.52,65.56,1.3,96.63
2025-11-15,Pratapgarh,24.0311,74.778,0.0,16.31,62.03,1.58,96.73
2025-11-16,Pratapgarh,24.0311,74.778,0.0,15.82,63.86,1.77,96.89
2025-11-17,Pratapgarh,24.0311,74.778,0.0,15.24,65.86,1.69,96.81
2025-11-18,Pratapgarh,24.0311,74.778,0.0,15.06,66.65,1.65,96.63
2025-11-19,Pratapgarh,24.0311,74.778,0.0,15.6,65.99,1.4,96.57
2025-11-20,Pratapgarh,24.0311,74.778,0.0,16.15,72.28,1.54,96.64
2025-11-21,Pratapgarh,24.0311,74.778,0.0,16.76,73.93,1.35,96.72
2025-11-22,Pratapgarh,24.0311,74.778,0.0,17.55,67.0,1.25,96.6
2025-11-23,Pratapgarh,24.0311,74.778,0.0,17.76,63.22,1.25,96.53
2025-11-24,Pratapgarh,24.0311,74.778,0.0,18.32,75.64,1.51,96.56
2025-11-25,Pratapgarh,24.0311,74.778,0.0,19.02,81.82,1.78,96.58
2025-11-26,Pratapgarh,24.0311,74.778,0.0,19.78,81.57,1.75,96.54
2025-11-27,Pratapgarh,24.0311,74.778,0.0,20.62,83.48,1.62,96.63
2025-11-28,Pratapgarh,24.0311,74.778,0.0,19.75,82.16,1.76,96.6
2025-11-29,Pratapgarh,24.0311,74.778,0.0,18.83,77.54,1.65,96.5
2025-11-30,Pratapgarh,24.0311,74.778,0.0,18.82,70.98,1.25,96.47
2025-12-01,Pratapgarh,24.0311,74.778,0.0,18.61,72.3,1.03,96.42
2025-12-02,Pratapgarh,24.0311,74.778,0.0,18.42,70.75,1.0,96.4
2025-12-03,Pratapgarh,24.0311,74.778,0.0,17.42,77.29,2.31,96.64
2025-12-04,Pratapgarh,24.0311,74.778,0.0,16.69,74.61,2.07,96.75
2025-12-05,Pratapgarh,24.0311,74.778,0.0,16.15,71.26,1.96,96.88
2025-12-06,Pratapgarh,24.0311,74.778,0.0,15.48,64.04,1.83,96.87
2025-12-07,Pratapgarh,24.0311,74.778,0.0,17.27,54.85,1.64,96.79
2025-12-08,Pratapgarh,24.0311,74.778,0.0,16.57,57.54,1.65,96.8
2025-12-09,Pratapgarh,24.0311,74.778,0.0,16.78,56.09,1.66,96.78
2025-12-10,Pratapgarh,24.0311,74.778,0.0,17.32,51.56,1.14,96.77
2025-12-11,Pratapgarh,24.0311,74.778,0.0,17.74,51.41,1.08,96.68
2025-12-12,Pratapgarh,24.0311,74.778,0.0,17.52,54.21,1.33,96.57
2025-12-13,Pratapgarh,24.0311,74.778,0.0,16.87,57.98,1.75,96.58
2025-12-14,Pratapgarh,24.0311,74.778,0.0,16.7,63.73,1.94,96.67
2025-12-15,Pratapgarh,24.0311,74.778,0.0,16.24,71.6,1.79,96.69
2025-12-16,Pratapgarh,24.0311,74.778,0.0,15.78,66.71,1.81,96.68
2025-12-17,Pratapgarh,24.0311,74.778,0.0,16.27,62.73,1.3,96.76
2025-12-18,Pratapgarh,24.0311,74.778,0.0,16.3,59.75,1.46,96.77
2025-12-19,Pratapgarh,24.0311,74.778,0.0,16.71,56.5,1.64,96.57
2025-12-20,Pratapgarh,24.0311,74.778,0.0,17.11,57.04,1.54,96.41
2025-12-21,Pratapgarh,24.0311,74.778,0.0,16.53,59.46,1.8,96.51
2025-12-22,Pratapgarh,24.0311,74.778,0.0,17.39,62.69,1.82,96.57
2025-12-23,Pratapgarh,24.0311,74.778,0.0,18.32,62.45,1.43,96.53
2025-12-24,Pratapgarh,24.0311,74.778,0.0,16.51,66.96,1.56,96.51
2025-12-25,Pratapgarh,24.0311,74.778,0.0,16.09,65.01,1.41,96.51
2025-12-26,Pratapgarh,24.0311,74.778,0.0,15.31,59.01,2.04,96.54
2025-12-27,Pratapgarh,24.0311,74.778,0.0,15.25,57.88,1.71,96.55
2025-12-28,Pratapgarh,24.0311,74.778,0.0,15.9,57.52,1.74,96.59
2025-12-29,Pratapgarh,24.0311,74.778,0.0,16.78,55.71,1.49,96.54
2025-12-30,Pratapgarh,24.0311,74.778,0.0,17.15,57.7,1.82,96.36
2025-12-31,Pratapgarh,24.0311,74.778,0.03,17.28,60.45,1.31,96.18
2025-01-01,Rajsamand,25.0715,73.8798,0.0,16.39,38.32,1.5,94.75
2025-01-02,Rajsamand,25.0715,73.8798,0.0,18.7,32.13,1.31,94.73
2025-01-03,Rajsamand,25.0715,73.8798,0.0,20.0,29.37,1.73,94.68
2025-01-04,Rajsamand,25.0715,73.8798,0.0,19.86,32.79,1.93,94.47
2025-01-05,Rajsamand,25.0715,73.8798,0.0,18.04,42.72,1.89,94.38
2025-01-06,Rajsamand,25.0715,73.8798,0.0,14.13,37.39,2.52,94.61
2025-01-07,Rajsamand,25.0715,73.8798,0.0,12.49,34.07,2.03,94.78
2025-01-08,Rajsamand,25.0715,73.8798,0.0,14.62,27.84,1.35,94.63
2025-01-09,Rajsamand,25.0715,73.8798,0.0,15.93,28.62,1.99,94.6
2025-01-10,Rajsamand,25.0715,73.8798,0.0,16.38,37.02,2.38,94.62
2025-01-11,Rajsamand,25.0715,73.8798,0.2,16.84,48.47,1.95,94.52
2025-01-12,Rajsamand,25.0715,73.8798,0.0,14.84,52.58,1.73,94.78
2025-01-13,Rajsamand,25.0715,73.8798,0.0,11.98,55.28,1.71,94.78
2025-01-14,Rajsamand,25.0715,73.8798,0.0,12.88,47.55,1.71,94.68
2025-01-15,Rajsamand,25.0715,73.8798,0.14,15.27,55.33,1.73,94.67
2025-01-16,Rajsamand,25.0715,73.8798,0.0,13.79,45.99,2.65,94.86
2025-01-17,Rajsamand,25.0715,73.8798,0.0,12.93,50.36,2.45,94.83
2025-01-18,Rajsamand,25.0715,73.8798,0.0,16.46,52.29,1.76,94.6
2025-01-19,Rajsamand,25.0715,73.8798,0.0,19.15,50.51,1.92,94.6
2025-01-20,Rajsamand,25.0715,73.8798,0.0,19.42,38.72,1.59,94.55
2025-01-21,Rajsamand,25.0715,73.8798,0.0,18.47,36.69,1.41,94.41
2025-01-22,Rajsamand,25.0715,73.8798,0.0,17.7,33.19,1.88,94.33
2025-01-23,Rajsamand,25.0715,73.8798,0.0,15.4,35.94,2.09,94.5
2025-01-24,Rajsamand,25.0715,73.8798,0.0,15.07,34.29,2.22,94.59
2025-01-25,Rajsamand,25.0715,73.8798,0.0,15.64,28.47,1.43,94.59
2025-01-26,Rajsamand,25.0715,73.8798,0.0,17.57,23.41,1.2,94.49
2025-01-27,Rajsamand,25.0715,73.8798,0.0,18.54,21.77,1.53,94.34
2025-01-28,Rajsamand,25.0715,73.8798,0.0,20.36,19.61,1.56,94.26
2025-01-29,Rajsamand,25.0715,73.8798,0.0,21.69,13.83,2.0,94.34
2025-01-30,Rajsamand,25.0715,73.8798,0.0,19.28,21.17,2.18,94.19
2025-01-31,Rajsamand,25.0715,73.8798,0.0,17.67,25.11,1.99,94.1
2025-02-01,Rajsamand,25.0715,73.8798,0.0,17.11,24.03,2.19,94.29
2025-02-02,Rajsamand,25.0715,73.8798,0.0,16.82,23.08,1.24,94.43
2025-02-03,Rajsamand,25.0715,73.8798,0.03,18.33,29.89,2.4,94.35
2025-02-04,Rajsamand,25.0715,73.8798,0.03,18.32,27.71,2.63,94.44
2025-02-05,Rajsamand,25.0715,73.8798,0.0,15.47,22.13,2.04,94.56
2025-02-06,Rajsamand,25.0715,73.8798,0.0,15.47,24.19,2.0,94.68
2025-02-07,Rajsamand,25.0715,73.8798,0.0,16.59,21.51,1.79,94.72
2025-02-08,Rajsamand,25.0715,73.8798,0.0,19.34,16.93,1.34,94.56
2025-02-09,Rajsamand,25.0715,73.8798,0.0,20.66,13.67,1.75,94.39
2025-02-10,Rajsamand,25.0715,73.8798,0.0,20.79,16.48,2.04,94.43
2025-02-11,Rajsamand,25.0715,73.8798,0.0,20.46,24.21,2.33,94.46
2025-02-12,Rajsamand,25.0715,73.8798,0.0,19.87,28.84,2.16,94.6
2025-02-13,Rajsamand,25.0715,73.8798,0.0,20.5,18.14,1.62,94.64
2025-02-14,Rajsamand,25.0715,73.8798,0.0,22.31,18.17,2.26,94.49
2025-02-15,Rajsamand,25.0715,73.8798,0.0,22.69,27.1,3.56,94.22
2025-02-16,Rajsamand,25.0715,73.8798,0.0,22.49,31.58,2.36,94.29
2025-02-17,Rajsamand,25.0715,73.8798,0.0,23.46,31.32,1.97,94.42
2025-02-18,Rajsamand,25.0715,73.8798,0.0,23.35,30.12,2.18,94.43
2025-02-19,Rajsamand,25.0715,73.8798,0.0,22.59,32.37,1.51,94.29
2025-02-20,Rajsamand,25.0715,73.8798,0.0,22.06,34.46,2.93,94.36
2025-02-21,Rajsamand,25.0715,73.8798,0.0,21.03,25.12,1.8,94.65
2025-02-22,Rajsamand,25.0715,73.8798,0.0,20.91,23.42,1.92,94.68
2025-02-23,Rajsamand,25.0715,73.8798,0.0,21.47,25.92,1.39,94.69
2025-02-24,Rajsamand,25.0715,73.8798,0.0,21.74,26.7,1.39,94.77
2025-02-25,Rajsamand,25.0715,73.8798,0.0,24.06,24.85,1.21,94.83
2025-02-26,Rajsamand,25.0715,73.8798,0.0,25.4,21.69,1.67,94.82
2025-02-27,Rajsamand,25.0715,73.8798,0.0,24.57,24.47,2.62,94.5
2025-02-28,Rajsamand,25.0715,73.8798,0.0,23.48,34.05,3.18,94.3
2025-03-01,Rajsamand,25.0715,73.8798,0.0,23.1,37.55,3.19,94.32
2025-03-02,Rajsamand,25.0715,73.8798,0.0,22.89,35.12,1.51,94.27
2025-03-03,Rajsamand,25.0715,73.8798,0.0,23.31,33.34,3.32,94.3
2025-03-04,Rajsamand,25.0715,73.8798,0.0,19.54,20.66,3.53,94.57
2025-03-05,Rajsamand,25.0715,73.8798,0.0,17.67,13.07,2.67,94.72
2025-03-06,Rajsamand,25.0715,73.8798,0.0,21.69,11.07,2.56,94.52
2025-03-07,Rajsamand,25.0715,73.8798,0.0,23.97,17.71,2.28,94.29
2025-03-08,Rajsamand,25.0715,73.8798,0.0,25.89,22.11,1.42,94.06
2025-03-09,Rajsamand,25.0715,73.8798,0.0,27.43,18.32,1.33,94.18
2025-03-10,Rajsamand,25.0715,73.8798,0.0,28.92,14.2,1.12,94.5
2025-03-11,Rajsamand,25.0715,73.8798,0.0,28.17,15.94,2.13,94.47
2025-03-12,Rajsamand,25.0715,73.8798,0.0,27.53,18.47,3.17,94.21
2025-03-13,Rajsamand,25.0715,73.8798,0.0,27.25,23.35,3.38,94.01
2025-03-14,Rajsamand,25.0715,73.8798,0.0,27.35,27.17,3.63,94.03
2025-03-15,Rajsamand,25.0715,73.8798,0.0,26.19,28.87,3.71,94.17
2025-03-16,Rajsamand,25.0715,73.8798,0.0,24.84,29.69,2.31,94.29
2025-03-17,Rajsamand,25.0715,73.8798,0.0,23.75,24.86,1.88,94.35
2025-03-18,Rajsamand,25.0715,73.8798,0.0,24.85,19.47,1.47,94.32
2025-03-19,Rajsamand,25.0715,73.8798,0.0,25.57,17.47,2.1,94.31
2025-03-20,Rajsamand,25.0715,73.8798,0.0,25.55,18.82,0.88,94.42
2025-03-21,Rajsamand,25.0715,73.8798,0.05,25.35,23.27,2.25,94.51
2025-03-22,Rajsamand,25.0715,73.8798,0.0,26.65,21.04,1.74,94.43
2025-03-23,Rajsamand,25.0715,73.8798,0.0,27.09,16.78,1.56,94.48
2025-03-24,Rajsamand,25.0715,73.8798,0.0,28.33,15.16,1.47,94.44
2025-03-25,Rajsamand,25.0715,73.8798,0.0,27.87,15.11,2.1,94.13
2025-03-26,Rajsamand,25.0715,73.8798,0.0,27.76,20.24,3.09,93.96
2025-03-27,Rajsamand,25.0715,73.8798,0.0,26.24,21.17,3.58,94.04
2025-03-28,Rajsamand,25.0715,73.8798,0.0,22.69,7.79,2.73,94.23
2025-03-29,Rajsamand,25.0715,73.8798,0.0,22.99,6.44,1.93,94.21
2025-03-30,Rajsamand,25.0715,73.8798,0.0,24.83,8.15,2.0,94.2
2025-03-31,Rajsamand,25.0715,73.8798,0.0,26.24,8.81,1.95,94.21
2025-04-01,Rajsamand,25.0715,73.8798,0.0,26.63,10.62,1.6,94.11
2025-04-02,Rajsamand,25.0715,73.8798,0.0,27.84,12.5,1.96,94.08
2025-04-03,Rajsamand,25.0715,73.8798,0.0,28.24,11.79,2.19,94.2
2025-04-04,Rajsamand,25.0715,73.8798,0.0,29.04,11.58,2.34,94.3
2025-04-05,Rajsamand,25.0715,73.8798,0.0,29.34,14.25,2.41,94.19
2025-04-06,Rajsamand,25.0715,73.8798,0.0,30.77,12.62,2.97,94.02
2025-04-07,Rajsamand,25.0715,73.8798,0.0,31.58,14.3,3.44,94.04
2025-04-08,Rajsamand,25.0715,73.8798,0.0,32.08,14.67,3.06,94.19
2025-04-09,Rajsamand,25.0715,73.8798,0.0,32.06,13.42,3.66,94.14
2025-04-10,Rajsamand,25.0715,73.8798,0.0,31.63,16.67,4.36,93.76
2025-04-11,Rajsamand,25.0715,73.8798,0.0,29.98,20.76,4.14,93.6
2025-04-12,Rajsamand,25.0715,73.8798,3.27,29.84,30.32,3.77,93.83
2025-04-13,Rajsamand,25.0715,73.8798,0.0,30.54,23.8,4.5,94.04
2025-04-14,Rajsamand,25.0715,73.8798,0.0,30.93,22.44,4.41,93.97
2025-04-15,Rajsamand,25.0715,73.8798,0.0,31.67,28.29,2.76,93.89
2025-04-16,Rajsamand,25.0715,73.8798,0.0,32.79,22.23,1.63,93.87
2025-04-17,Rajsamand,25.0715,73.8798,0.0,33.17,21.07,3.93,93.78
2025-04-18,Rajsamand,25.0715,73.8798,0.0,32.74,19.23,4.92,93.76
2025-04-19,Rajsamand,25.0715,73.8798,0.0,30.88,18.32,5.14,93.71
2025-04-20,Rajsamand,25.0715,73.8798,0.0,29.34,25.09,3.67,93.81
2025-04-21,Rajsamand,25.0715,73.8798,0.0,29.51,15.85,3.1,94.11
2025-04-22,Rajsamand,25.0715,73.8798,0.0,29.99,8.51,2.45,94.21
2025-04-23,Rajsamand,25.0715,73.8798,0.0,29.79,8.0,2.64,94.03
2025-04-24,Rajsamand,25.0715,73.8798,0.0,30.69,10.53,3.07,93.85
2025-04-25,Rajsamand,25.0715,73.8798,0.0,31.42,14.22,2.92,93.85
2025-04-26,Rajsamand,25.0715,73.8798,0.0,31.2,16.45,3.55,93.81
2025-04-27,Rajsamand,25.0715,73.8798,0.0,31.69,17.3,3.1,93.89
2025-04-28,Rajsamand,25.0715,73.8798,0.0,33.28,19.91,3.72,93.71
2025-04-29,Rajsamand,25.0715,73.8798,0.0,33.55,18.92,3.41,93.65
2025-04-30,Rajsamand,25.0715,73.8798,0.0,33.72,16.65,3.47,93.77
2025-05-01,Rajsamand,25.0715,73.8798,0.0,32.82,15.7,4.05,93.88
2025-05-02,Rajsamand,25.0715,73.8798,0.19,33.17,15.95,3.48,93.91
2025-05-03,Rajsamand,25.0715,73.8798,0.0,32.82,21.7,2.87,93.77
2025-05-04,Rajsamand,25.0715,73.8798,4.8,30.63,32.13,2.1,93.71
2025-05-05,Rajsamand,25.0715,73.8798,11.14,29.57,42.74,2.68,93.72
2025-05-06,Rajsamand,25.0715,73.8798,17.57,24.7,68.66,3.07,93.78
2025-05-07,Rajsamand,25.0715,73.8798,4.87,24.28,68.53,2.4,93.72
2025-05-08,Rajsamand,25.0715,73.8798,6.94,24.97,70.75,2.4,93.78
2025-05-09,Rajsamand,25.0715,73.8798,0.12,27.22,62.89,2.1,93.94
2025-05-10,Rajsamand,25.0715,73.8798,0.01,28.42,55.83,2.17,93.96
2025-05-11,Rajsamand,25.0715,73.8798,0.37,29.37,54.69,2.22,93.88
2025-05-12,Rajsamand,25.0715,73.8798,8.93,29.21,55.76,2.27,93.8
2025-05-13,Rajsamand,25.0715,73.8798,0.73,29.51,56.31,1.95,93.82
2025-05-14,Rajsamand,25.0715,73.8798,0.0,30.79,51.17,1.54,93.84
2025-05-15,Rajsamand,25.0715,73.8798,0.0,31.46,45.68,1.9,93.85
2025-05-16,Rajsamand,25.0715,73.8798,0.0,31.77,45.51,2.79,93.77
2025-05-17,Rajsamand,25.0715,73.8798,0.35,31.87,48.51,3.22,93.73
2025-05-18,Rajsamand,25.0715,73.8798,0.0,32.66,49.66,2.88,93.71
2025-05-19,Rajsamand,25.0715,73.8798,0.27,33.06,46.82,3.12,93.64
2025-05-20,Rajsamand,25.0715,73.8798,1.92,33.78,44.62,2.85,93.58
2025-05-21,Rajsamand,25.0715,73.8798,0.23,33.93,42.04,2.88,93.55
2025-05-22,Rajsamand,25.0715,73.8798,0.01,34.02,42.24,3.14,93.46
2025-05-23,Rajsamand,25.0715,73.8798,0.01,33.44,43.58,3.5,93.27
2025-05-24,Rajsamand,25.0715,73.8798,0.01,34.48,29.48,3.03,93.13
2025-05-25,Rajsamand,25.0715,73.8798,0.53,33.76,35.82,2.62,93.34
2025-05-26,Rajsamand,25.0715,73.8798,0.01,34.32,35.32,3.3,93.3
2025-05-27,Rajsamand,25.0715,73.8798,0.02,34.71,32.84,2.43,93.1
2025-05-28,Rajsamand,25.0715,73.8798,9.6,34.82,37.45,4.09,93.1
2025-05-29,Rajsamand,25.0715,73.8798,0.35,31.08,49.61,2.9,93.07
2025-05-30,Rajsamand,25.0715,73.8798,0.59,31.33,43.07,4.35,93.02
2025-05-31,Rajsamand,25.0715,73.8798,0.11,30.3,44.45,5.63,93.32
2025-06-01,Rajsamand,25.0715,73.8798,0.05,29.93,49.07,5.45,93.43
2025-06-02,Rajsamand,25.0715,73.8798,1.44,30.36,47.96,4.17,93.34
2025-06-03,Rajsamand,25.0715,73.8798,0.78,30.11,48.9,4.42,93.47
2025-06-04,Rajsamand,25.0715,73.8798,0.05,30.09,48.43,3.33,93.7
2025-06-05,Rajsamand,25.0715,73.8798,0.0,31.31,37.52,2.71,93.94
2025-06-06,Rajsamand,25.0715,73.8798,0.04,32.54,36.98,3.8,93.97
2025-06-07,Rajsamand,25.0715,73.8798,0.62,32.98,30.0,4.28,93.89
2025-06-08,Rajsamand,25.0715,73.8798,0.0,32.98,29.07,4.72,93.83
2025-06-09,Rajsamand,25.0715,73.8798,0.0,33.54,33.17,5.12,93.74
2025-06-10,Rajsamand,25.0715,73.8798,0.0,34.15,33.39,4.3,93.58
2025-06-11,Rajsamand,25.0715,73.8798,0.0,34.67,28.75,3.4,93.52
2025-06-12,Rajsamand,25.0715,73.8798,0.0,36.02,25.97,2.28,93.34
2025-06-13,Rajsamand,25.0715,73.8798,0.11,37.09,23.73,1.48,93.26
2025-06-14,Rajsamand,25.0715,73.8798,3.58,35.85,34.53,2.11,93.21
2025-06-15,Rajsamand,25.0715,73.8798,3.5,32.68,47.08,2.47,93.08
2025-06-16,Rajsamand,25.0715,73.8798,7.73,29.33,67.04,3.08,92.96
2025-06-17,Rajsamand,25.0715,73.8798,6.47,28.19,75.6,4.12,92.99
2025-06-18,Rajsamand,25.0715,73.8798,8.94,28.71,73.18,4.52,93.02
2025-06-19,Rajsamand,25.0715,73.8798,3.69,28.95,71.24,5.36,93.01
2025-06-20,Rajsamand,25.0715,73.8798,10.04,26.94,75.88,4.68,93.27
2025-06-21,Rajsamand,25.0715,73.8798,22.78,26.79,79.93,3.35,93.35
2025-06-22,Rajsamand,25.0715,73.8798,9.39,27.63,76.1,3.0,93.29
2025-06-23,Rajsamand,25.0715,73.8798,1.95,26.36,83.87,3.19,93.13
2025-06-24,Rajsamand,25.0715,73.8798,0.95,29.5,71.6,1.89,93.02
2025-06-25,Rajsamand,25.0715,73.8798,9.82,27.72,79.65,2.14,93.11
2025-06-26,Rajsamand,25.0715,73.8798,6.51,28.69,79.07,2.2,93.23
2025-06-27,Rajsamand,25.0715,73.8798,5.8,27.99,76.07,2.36,93.18
2025-06-28,Rajsamand,25.0715,73.8798,3.3,27.2,76.19,4.15,93.19
2025-06-29,Rajsamand,25.0715,73.8798,6.44,27.24,78.2,4.6,93.13
2025-06-30,Rajsamand,25.0715,73.8798,1.01,27.74,74.94,4.77,93.15
2025-07-01,Rajsamand,25.0715,73.8798,2.75,27.64,76.25,4.06,93.25
2025-07-02,Rajsamand,25.0715,73.8798,23.82,25.31,83.83,3.89,93.17
2025-07-03,Rajsamand,25.0715,73.8798,21.17,26.23,86.42,2.4,93.15
2025-07-04,Rajsamand,25.0715,73.8798,1.43,26.44,83.46,3.26,93.3
2025-07-05,Rajsamand,25.0715,73.8798,9.46,26.43,85.93,2.85,93.3
2025-07-06,Rajsamand,25.0715,73.8798,6.13,26.42,84.01,2.18,93.2
2025-07-07,Rajsamand,25.0715,73.8798,0.56,26.88,79.52,3.22,93.27
2025-07-08,Rajsamand,25.0715,73.8798,0.02,27.38,76.46,3.12,93.39
2025-07-09,Rajsamand,25.0715,73.8798,0.81,27.25,77.91,3.42,93.42
2025-07-10,Rajsamand,25.0715,73.8798,0.22,27.24,75.88,3.19,93.47
2025-07-11,Rajsamand,25.0715,73.8798,9.18,25.87,84.37,2.9,93.52
2025-07-12,Rajsamand,25.0715,73.8798,25.4,25.47,85.54,3.16,93.5
2025-07-13,Rajsamand,25.0715,73.8798,15.37,25.96,86.91,3.11,93.41
2025-07-14,Rajsamand,25.0715,73.8798,28.33,25.47,89.87,4.81,93.23
2025-07-15,Rajsamand,25.0715,73.8798,13.92,25.88,85.93,4.71,93.2
2025-07-16,Rajsamand,25.0715,73.8798,0.91,26.51,83.35,2.97,93.38
2025-07-17,Rajsamand,25.0715,73.8798,0.69,25.95,83.92,2.33,93.51
2025-07-18,Rajsamand,25.0715,73.8798,22.11,24.62,89.14,5.22,93.44
2025-07-19,Rajsamand,25.0715,73.8798,35.59,24.19,89.18,5.18,93.13
2025-07-20,Rajsamand,25.0715,73.8798,2.22,25.45,84.64,3.36,93.15
2025-07-21,Rajsamand,25.0715,73.8798,1.32,25.76,87.32,3.26,93.36
2025-07-22,Rajsamand,25.0715,73.8798,12.78,26.5,86.23,2.55,93.37
2025-07-23,Rajsamand,25.0715,73.8798,2.76,26.06,85.3,3.55,93.18
2025-07-24,Rajsamand,25.0715,73.8798,0.61,26.01,84.63,3.19,93.09
2025-07-25,Rajsamand,25.0715,73.8798,2.79,26.52,85.01,2.37,93.07
2025-07-26,Rajsamand,25.0715,73.8798,10.47,26.07,90.03,3.46,93.05
2025-07-27,Rajsamand,25.0715,73.8798,20.17,25.92,89.68,3.43,93.02
2025-07-28,Rajsamand,25.0715,73.8798,3.63,25.7,90.56,3.5,93.12
2025-07-29,Rajsamand,25.0715,73.8798,0.41,26.26,86.43,3.91,93.18
2025-07-30,Rajsamand,25.0715,73.8798,0.8,25.04,86.41,4.03,93.22
2025-07-31,Rajsamand,25.0715,73.8798,2.86,24.18,89.96,3.25,93.38
2025-08-01,Rajsamand,25.0715,73.8798,0.12,25.25,85.32,3.43,93.48
2025-08-02,Rajsamand,25.0715,73.8798,0.13,25.17,84.56,3.16,93.55
2025-08-03,Rajsamand,25.0715,73.8798,0.14,25.48,84.71,2.9,93.66
2025-08-04,Rajsamand,25.0715,73.8798,0.0,25.54,84.64,3.45,93.77
2025-08-05,Rajsamand,25.0715,73.8798,0.13,25.37,84.7,3.36,93.73
2025-08-06,Rajsamand,25.0715,73.8798,0.11,25.31,83.21,2.95,93.76
2025-08-07,Rajsamand,25.0715,73.8798,0.0,25.4,83.01,2.78,93.75
2025-08-08,Rajsamand,25.0715,73.8798,0.0,25.44,81.98,2.89,93.78
2025-08-09,Rajsamand,25.0715,73.8798,0.01,25.58,80.94,2.1,93.93
2025-08-10,Rajsamand,25.0715,73.8798,0.0,25.45,81.31,2.7,93.83
2025-08-11,Rajsamand,25.0715,73.8798,0.0,25.15,82.61,3.07,93.78
2025-08-12,Rajsamand,25.0715,73.8798,0.0,25.68,81.62,3.44,93.65
2025-08-13,Rajsamand,25.0715,73.8798,0.01,25.15,85.11,2.18,93.52
2025-08-14,Rajsamand,25.0715,73.8798,0.1,26.07,81.83,1.17,93.61
2025-08-15,Rajsamand,25.0715,73.8798,12.38,26.76,83.25,1.33,93.49
2025-08-16,Rajsamand,25.0715,73.8798,9.69,26.96,84.37,1.49,93.32
2025-08-17,Rajsamand,25.0715,73.8798,0.42,27.32,84.67,2.05,93.34
2025-08-18,Rajsamand,25.0715,73.8798,18.27,26.76,86.81,1.08,93.48
2025-08-19,Rajsamand,25.0715,73.8798,4.64,26.65,86.04,2.07,93.36
2025-08-20,Rajsamand,25.0715,73.8798,6.81,26.46,86.97,2.41,93.29
2025-08-21,Rajsamand,25.0715,73.8798,27.54,24.69,92.93,2.44,93.42
2025-08-22,Rajsamand,25.0715,73.8798,41.92,24.44,92.75,3.81,93.44
2025-08-23,Rajsamand,25.0715,73.8798,12.93,25.06,89.0,3.91,93.38
2025-08-24,Rajsamand,25.0715,73.8798,24.17,24.63,91.24,3.34,93.42
2025-08-25,Rajsamand,25.0715,73.8798,16.83,25.17,89.75,3.59,93.36
2025-08-26,Rajsamand,25.0715,73.8798,4.74,25.59,88.6,2.85,93.56
2025-08-27,Rajsamand,25.0715,73.8798,7.07,25.65,89.23,2.24,93.59
2025-08-28,Rajsamand,25.0715,73.8798,1.31,25.75,88.52,1.94,93.51
2025-08-29,Rajsamand,25.0715,73.8798,18.39,25.9,89.96,1.83,93.51
2025-08-30,Rajsamand,25.0715,73.8798,24.46,26.1,89.69,1.42,93.65
2025-08-31,Rajsamand,25.0715,73.8798,22.33,24.61,92.77,3.2,93.57
2025-09-01,Rajsamand,25.0715,73.8798,10.4,24.52,90.62,3.57,93.34
2025-09-02,Rajsamand,25.0715,73.8798,0.71,24.88,88.37,2.75,93.43
2025-09-03,Rajsamand,25.0715,73.8798,10.26,24.45,92.43,2.48,93.54
2025-09-04,Rajsamand,25.0715,73.8798,10.64,24.58,92.01,2.17,93.54
2025-09-05,Rajsamand,25.0715,73.8798,15.83,25.39,90.88,1.92,93.49
2025-09-06,Rajsamand,25.0715,73.8798,28.75,25.17,92.38,2.62,93.39
2025-09-07,Rajsamand,25.0715,73.8798,9.15,24.44,92.17,5.35,93.32
2025-09-08,Rajsamand,25.0715,73.8798,1.59,23.73,89.53,4.47,93.66
2025-09-09,Rajsamand,25.0715,73.8798,0.25,23.73,87.74,2.33,94.04
2025-09-10,Rajsamand,25.0715,73.8798,0.0,23.28,86.96,1.83,94.09
2025-09-11,Rajsamand,25.0715,73.8798,0.0,22.73,87.93,2.35,94.03
2025-09-12,Rajsamand,25.0715,73.8798,0.0,23.19,87.76,1.83,94.1
2025-09-13,Rajsamand,25.0715,73.8798,0.0,24.13,85.21,1.25,94.08
2025-09-14,Rajsamand,25.0715,73.8798,0.0,24.65,84.45,1.31,94.03
2025-09-15,Rajsamand,25.0715,73.8798,0.02,23.95,87.12,2.12,93.88
2025-09-16,Rajsamand,25.0715,73.8798,0.01,23.92,88.28,1.86,93.85
2025-09-17,Rajsamand,25.0715,73.8798,0.0,24.9,87.15,1.67,93.87
2025-09-18,Rajsamand,25.0715,73.8798,1.92,24.96,86.75,1.81,93.88
2025-09-19,Rajsamand,25.0715,73.8798,12.07,25.58,82.48,1.0,93.98
2025-09-20,Rajsamand,25.0715,73.8798,4.45,24.88,87.96,1.67,93.95
2025-09-21,Rajsamand,25.0715,73.8798,18.08,24.78,87.4,1.76,93.92
2025-09-22,Rajsamand,25.0715,73.8798,0.45,25.01,85.89,1.21,93.94
2025-09-23,Rajsamand,25.0715,73.8798,0.21,24.45,85.97,1.58,93.94
2025-09-24,Rajsamand,25.0715,73.8798,0.05,24.28,86.37,2.11,93.82
2025-09-25,Rajsamand,25.0715,73.8798,0.0,24.02,84.7,1.48,93.85
2025-09-26,Rajsamand,25.0715,73.8798,0.0,24.78,80.23,1.51,93.95
2025-09-27,Rajsamand,25.0715,73.8798,0.07,25.12,81.62,2.08,93.98
2025-09-28,Rajsamand,25.0715,73.8798,1.46,25.21,87.98,3.13,93.72
2025-09-29,Rajsamand,25.0715,73.8798,0.85,25.48,88.53,3.19,93.56
2025-09-30,Rajsamand,25.0715,73.8798,0.43,24.09,88.58,2.57,93.57
2025-10-01,Rajsamand,25.0715,73.8798,0.38,23.74,85.94,1.86,93.61
2025-10-02,Rajsamand,25.0715,73.8798,0.42,24.29,84.73,0.96,93.88
2025-10-03,Rajsamand,25.0715,73.8798,29.18,24.45,88.36,1.19,94.14
2025-10-04,Rajsamand,25.0715,73.8798,9.79,24.04,90.35,2.28,94.16
2025-10-05,Rajsamand,25.0715,73.8798,1.33,23.72,87.8,2.74,94.09
2025-10-06,Rajsamand,25.0715,73.8798,2.62,23.1,88.38,3.35,94.11
2025-10-07,Rajsamand,25.0715,73.8798,0.52,21.56,83.58,2.49,94.19
2025-10-08,Rajsamand,25.0715,73.8798,0.01,20.99,76.63,1.44,94.38
2025-10-09,Rajsamand,25.0715,73.8798,0.0,21.7,67.57,0.86,94.5
2025-10-10,Rajsamand,25.0715,73.8798,0.0,22.0,59.43,0.84,94.37
2025-10-11,Rajsamand,25.0715,73.8798,0.0,21.99,56.99,0.94,94.39
2025-10-12,Rajsamand,25.0715,73.8798,0.0,22.42,56.99,1.0,94.35
2025-10-13,Rajsamand,25.0715,73.8798,0.0,22.3,58.89,1.03,94.39
2025-10-14,Rajsamand,25.0715,73.8798,0.0,20.77,69.71,1.4,94.27
2025-10-15,Rajsamand,25.0715,73.8798,0.0,20.62,72.33,1.29,94.24
2025-10-16,Rajsamand,25.0715,73.8798,0.0,22.19,64.75,0.8,94.27
2025-10-17,Rajsamand,25.0715,73.8798,0.0,22.61,61.62,0.95,94.4
2025-10-18,Rajsamand,25.0715,73.8798,0.0,22.58,55.55,0.95,94.31
2025-10-19,Rajsamand,25.0715,73.8798,0.0,22.09,56.36,0.87,94.2
2025-10-20,Rajsamand,25.0715,73.8798,0.0,22.12,61.14,0.93,94.22
2025-10-21,Rajsamand,25.0715,73.8798,0.0,22.46,68.76,0.88,94.38
2025-10-22,Rajsamand,25.0715,73.8798,0.0,22.54,68.74,1.27,94.47
2025-10-23,Rajsamand,25.0715,73.8798,0.0,21.19,69.58,1.61,94.39
2025-10-24,Rajsamand,25.0715,73.8798,0.0,21.31,70.58,1.45,94.35
2025-10-25,Rajsamand,25.0715,73.8798,0.0,20.51,67.74,1.83,94.26
2025-10-26,Rajsamand,25.0715,73.8798,0.61,21.0,84.89,2.19,94.24
2025-10-27,Rajsamand,25.0715,73.8798,40.22,21.57,91.85,3.09,94.24
2025-10-28,Rajsamand,25.0715,73.8798,10.54,19.78,92.62,3.67,94.23
2025-10-29,Rajsamand,25.0715,73.8798,4.3,19.96,91.63,3.01,94.2
2025-10-30,Rajsamand,25.0715,73.8798,7.72,20.73,94.11,3.06,94.13
2025-10-31,Rajsamand,25.0715,73.8798,0.25,21.66,86.95,1.94,94.24
2025-11-01,Rajsamand,25.0715,73.8798,0.0,22.84,78.75,0.72,94.29
2025-11-02,Rajsamand,25.0715,73.8798,0.01,23.86,68.68,0.78,94.35
2025-11-03,Rajsamand,25.0715,73.8798,7.42,22.86,86.83,1.9,94.2
2025-11-04,Rajsamand,25.0715,73.8798,0.35,21.27,81.23,2.78,94.14
2025-11-05,Rajsamand,25.0715,73.8798,0.0,19.67,61.83,1.49,94.26
2025-11-06,Rajsamand,25.0715,73.8798,0.0,19.41,48.85,1.16,94.43
2025-11-07,Rajsamand,25.0715,73.8798,0.0,19.38,41.26,0.9,94.57
2025-11-08,Rajsamand,25.0715,73.8798,0.0,18.73,45.86,1.0,94.63
2025-11-09,Rajsamand,25.0715,73.8798,0.0,18.32,49.02,1.15,94.52
2025-11-10,Rajsamand,25.0715,73.8798,0.0,18.17,51.1,1.2,94.46
2025-11-11,Rajsamand,25.0715,73.8798,0.0,19.04,48.78,0.59,94.56
2025-11-12,Rajsamand,25.0715,73.8798,0.0,19.5,48.83,0.7,94.66
2025-11-13,Rajsamand,25.0715,73.8798,0.0,19.14,48.58,0.96,94.77
2025-11-14,Rajsamand,25.0715,73.8798,0.0,17.4,53.04,1.07,94.72
2025-11-15,Rajsamand,25.0715,73.8798,0.0,16.26,53.01,1.4,94.83
2025-11-16,Rajsamand,25.0715,73.8798,0.0,16.31,53.11,1.4,94.99
2025-11-17,Rajsamand,25.0715,73.8798,0.0,16.66,51.87,1.16,94.89
2025-11-18,Rajsamand,25.0715,73.8798,0.0,16.69,51.63,1.2,94.72
2025-11-19,Rajsamand,25.0715,73.8798,0.0,17.98,48.76,0.9,94.65
2025-11-20,Rajsamand,25.0715,73.8798,0.0,17.95,55.01,1.06,94.72
2025-11-21,Rajsamand,25.0715,73.8798,0.0,17.03,62.04,1.15,94.8
2025-11-22,Rajsamand,25.0715,73.8798,0.0,18.56,52.82,0.86,94.67
2025-11-23,Rajsamand,25.0715,73.8798,0.0,18.9,46.12,0.88,94.62
2025-11-24,Rajsamand,25.0715,73.8798,0.0,16.3,69.51,1.61,94.68
2025-11-25,Rajsamand,25.0715,73.8798,0.0,16.66,77.52,1.71,94.68
2025-11-26,Rajsamand,25.0715,73.8798,0.0,17.28,80.06,1.82,94.64
2025-11-27,Rajsamand,25.0715,73.8798,0.0,19.25,83.81,1.61,94.72
2025-11-28,Rajsamand,25.0715,73.8798,0.0,19.53,79.75,1.2,94.69
2025-11-29,Rajsamand,25.0715,73.8798,0.0,19.48,76.78,0.86,94.59
2025-11-30,Rajsamand,25.0715,73.8798,0.0,19.39,70.78,1.21,94.55
2025-12-01,Rajsamand,25.0715,73.8798,0.0,18.94,63.82,1.15,94.49
2025-12-02,Rajsamand,25.0715,73.8798,0.0,17.64,58.69,1.24,94.5
2025-12-03,Rajsamand,25.0715,73.8798,0.0,15.81,69.05,1.6,94.75
2025-12-04,Rajsamand,25.0715,73.8798,0.0,15.47,69.34,1.44,94.85
2025-12-05,Rajsamand,25.0715,73.8798,0.0,15.27,69.92,1.4,94.96
2025-12-06,Rajsamand,25.0715,73.8798,0.0,15.24,56.67,1.66,94.96
2025-12-07,Rajsamand,25.0715,73.8798,0.0,17.81,45.43,1.24,94.88
2025-12-08,Rajsamand,25.0715,73.8798,0.0,18.99,40.13,0.99,94.89
2025-12-09,Rajsamand,25.0715,73.8798,0.0,18.19,39.99,1.08,94.87
2025-12-10,Rajsamand,25.0715,73.8798,0.0,18.3,38.04,1.0,94.85
2025-12-11,Rajsamand,25.0715,73.8798,0.0,18.14,38.17,0.94,94.77
2025-12-12,Rajsamand,25.0715,73.8798,0.0,18.69,37.7,0.95,94.66
2025-12-13,Rajsamand,25.0715,73.8798,0.0,18.8,45.44,1.09,94.66
2025-12-14,Rajsamand,25.0715,73.8798,0.0,17.87,56.48,1.0,94.74
2025-12-15,Rajsamand,25.0715,73.8798,0.0,17.59,60.93,1.09,94.78
2025-12-16,Rajsamand,25.0715,73.8798,0.0,16.36,62.06,1.53,94.77
2025-12-17,Rajsamand,25.0715,73.8798,0.0,17.34,49.12,1.16,94.84
2025-12-18,Rajsamand,25.0715,73.8798,0.0,18.32,41.61,0.98,94.84
2025-12-19,Rajsamand,25.0715,73.8798,0.0,18.77,45.24,1.32,94.65
2025-12-20,Rajsamand,25.0715,73.8798,0.0,19.01,49.26,1.2,94.49
2025-12-21,Rajsamand,25.0715,73.8798,0.0,17.82,55.75,1.55,94.58
2025-12-22,Rajsamand,25.0715,73.8798,0.0,18.5,51.22,0.82,94.66
2025-12-23,Rajsamand,25.0715,73.8798,0.0,18.41,51.72,1.22,94.64
2025-12-24,Rajsamand,25.0715,73.8798,0.0,14.76,59.7,1.31,94.61
2025-12-25,Rajsamand,25.0715,73.8798,0.0,15.06,56.43,1.24,94.58
2025-12-26,Rajsamand,25.0715,73.8798,0.0,14.73,61.63,1.4,94.6
2025-12-27,Rajsamand,25.0715,73.8798,0.0,14.59,56.4,1.44,94.62
2025-12-28,Rajsamand,25.0715,73.8798,0.0,15.62,53.58,1.48,94.65
2025-12-29,Rajsamand,25.0715,73.8798,0.0,16.59,54.93,1.26,94.6
2025-12-30,Rajsamand,25.0715,73.8798,0.0,16.35,58.46,1.66,94.42
2025-12-31,Rajsamand,25.0715,73.8798,0.46,15.84,67.9,1.88,94.21
2025-01-01,Sawai Madhopur,26.0173,76.3441,0.0,13.94,54.98,0.89,98.7
2025-01-02,Sawai Madhopur,26.0173,76.3441,0.0,14.39,59.09,1.07,98.67
2025-01-03,Sawai Madhopur,26.0173,76.3441,0.0,15.44,60.11,1.11,98.62
2025-01-04,Sawai Madhopur,26.0173,76.3441,0.0,15.86,61.68,1.41,98.38
2025-01-05,Sawai Madhopur,26.0173,76.3441,1.84,16.04,66.94,2.09,98.26
2025-01-06,Sawai Madhopur,26.0173,76.3441,0.0,14.57,75.52,1.09,98.43
2025-01-07,Sawai Madhopur,26.0173,76.3441,0.0,12.86,61.04,1.51,98.65
2025-01-08,Sawai Madhopur,26.0173,76.3441,0.0,13.53,46.44,1.2,98.52
2025-01-09,Sawai Madhopur,26.0173,76.3441,0.0,13.91,52.25,1.42,98.6
2025-01-10,Sawai Madhopur,26.0173,76.3441,0.0,13.62,62.17,2.06,98.65
2025-01-11,Sawai Madhopur,26.0173,76.3441,3.38,13.42,70.86,1.81,98.5
2025-01-12,Sawai Madhopur,26.0173,76.3441,0.35,13.98,70.87,1.43,98.66
2025-01-13,Sawai Madhopur,26.0173,76.3441,0.0,12.51,67.83,1.09,98.75
2025-01-14,Sawai Madhopur,26.0173,76.3441,0.0,13.36,62.41,1.16,98.7
2025-01-15,Sawai Madhopur,26.0173,76.3441,2.42,13.3,71.42,1.43,98.71
2025-01-16,Sawai Madhopur,26.0173,76.3441,2.37,14.98,76.92,1.38,98.75
2025-01-17,Sawai Madhopur,26.0173,76.3441,0.0,13.08,73.46,1.4,98.84
2025-01-18,Sawai Madhopur,26.0173,76.3441,0.0,13.7,69.51,1.09,98.61
2025-01-19,Sawai Madhopur,26.0173,76.3441,0.0,17.85,66.85,1.38,98.49
2025-01-20,Sawai Madhopur,26.0173,76.3441,0.0,19.37,62.18,1.11,98.4
2025-01-21,Sawai Madhopur,26.0173,76.3441,0.0,18.74,62.22,0.87,98.26
2025-01-22,Sawai Madhopur,26.0173,76.3441,0.0,18.03,67.21,1.58,98.16
2025-01-23,Sawai Madhopur,26.0173,76.3441,0.0,17.11,69.21,1.47,98.28
2025-01-24,Sawai Madhopur,26.0173,76.3441,0.0,15.68,49.73,1.49,98.47
2025-01-25,Sawai Madhopur,26.0173,76.3441,0.0,16.53,37.75,1.11,98.46
2025-01-26,Sawai Madhopur,26.0173,76.3441,0.0,16.8,33.09,0.91,98.39
2025-01-27,Sawai Madhopur,26.0173,76.3441,0.0,16.8,35.04,1.1,98.23
2025-01-28,Sawai Madhopur,26.0173,76.3441,0.0,17.1,38.6,0.91,98.17
2025-01-29,Sawai Madhopur,26.0173,76.3441,0.0,17.83,50.51,1.52,98.19
2025-01-30,Sawai Madhopur,26.0173,76.3441,0.0,18.87,45.3,1.33,97.94
2025-01-31,Sawai Madhopur,26.0173,76.3441,0.0,18.2,43.54,1.13,97.9
2025-02-01,Sawai Madhopur,26.0173,76.3441,0.0,18.13,43.94,1.19,98.08
2025-02-02,Sawai Madhopur,26.0173,76.3441,0.0,17.45,47.49,1.08,98.3
2025-02-03,Sawai Madhopur,26.0173,76.3441,0.03,18.33,52.02,1.71,98.22
2025-02-04,Sawai Madhopur,26.0173,76.3441,0.06,19.25,56.88,1.47,98.21
2025-02-05,Sawai Madhopur,26.0173,76.3441,0.0,15.99,42.63,2.16,98.41
2025-02-06,Sawai Madhopur,26.0173,76.3441,0.0,15.57,42.11,1.23,98.6
2025-02-07,Sawai Madhopur,26.0173,76.3441,0.0,15.4,38.23,1.31,98.62
2025-02-08,Sawai Madhopur,26.0173,76.3441,0.0,17.1,34.13,0.95,98.45
2025-02-09,Sawai Madhopur,26.0173,76.3441,0.0,18.29,35.09,1.1,98.27
2025-02-10,Sawai Madhopur,26.0173,76.3441,0.0,20.12,36.97,1.27,98.21
2025-02-11,Sawai Madhopur,26.0173,76.3441,0.0,21.01,35.14,1.29,98.18
2025-02-12,Sawai Madhopur,26.0173,76.3441,0.0,18.78,42.18,1.92,98.34
2025-02-13,Sawai Madhopur,26.0173,76.3441,0.0,18.75,35.19,1.48,98.46
2025-02-14,Sawai Madhopur,26.0173,76.3441,0.0,21.09,31.14,1.37,98.25
2025-02-15,Sawai Madhopur,26.0173,76.3441,0.0,22.14,37.28,2.18,97.87
2025-02-16,Sawai Madhopur,26.0173,76.3441,0.0,20.9,44.2,1.31,98.03
2025-02-17,Sawai Madhopur,26.0173,76.3441,0.0,21.51,44.52,2.15,98.28
2025-02-18,Sawai Madhopur,26.0173,76.3441,0.41,22.28,44.7,1.8,98.24
2025-02-19,Sawai Madhopur,26.0173,76.3441,0.5,22.38,46.55,1.42,98.11
2025-02-20,Sawai Madhopur,26.0173,76.3441,0.17,23.06,45.52,1.49,98.11
2025-02-21,Sawai Madhopur,26.0173,76.3441,0.0,20.89,42.81,2.19,98.44
2025-02-22,Sawai Madhopur,26.0173,76.3441,0.0,19.81,38.54,1.55,98.53
2025-02-23,Sawai Madhopur,26.0173,76.3441,0.0,20.73,44.12,1.11,98.56
2025-02-24,Sawai Madhopur,26.0173,76.3441,0.0,21.43,40.12,1.07,98.68
2025-02-25,Sawai Madhopur,26.0173,76.3441,0.0,22.02,36.83,1.15,98.72
2025-02-26,Sawai Madhopur,26.0173,76.3441,0.0,23.06,35.21,1.46,98.69
2025-02-27,Sawai Madhopur,26.0173,76.3441,0.0,22.39,39.67,1.23,98.34
2025-02-28,Sawai Madhopur,26.0173,76.3441,0.0,24.56,36.79,2.23,97.99
2025-03-01,Sawai Madhopur,26.0173,76.3441,0.0,23.66,43.23,2.03,98.04
2025-03-02,Sawai Madhopur,26.0173,76.3441,0.01,23.16,46.15,1.45,98.05
2025-03-03,Sawai Madhopur,26.0173,76.3441,0.0,23.69,36.85,2.27,97.99
2025-03-04,Sawai Madhopur,26.0173,76.3441,0.0,21.49,26.94,3.45,98.27
2025-03-05,Sawai Madhopur,26.0173,76.3441,0.0,18.08,21.19,2.76,98.45
2025-03-06,Sawai Madhopur,26.0173,76.3441,0.0,21.54,17.9,1.81,98.25
2025-03-07,Sawai Madhopur,26.0173,76.3441,0.0,24.43,17.47,1.61,97.95
2025-03-08,Sawai Madhopur,26.0173,76.3441,0.0,24.43,20.62,1.31,97.82
2025-03-09,Sawai Madhopur,26.0173,76.3441,0.0,24.89,20.2,2.16,98.03
2025-03-10,Sawai Madhopur,26.0173,76.3441,0.0,26.93,25.18,2.25,98.29
2025-03-11,Sawai Madhopur,26.0173,76.3441,0.0,27.97,22.52,2.12,98.17
2025-03-12,Sawai Madhopur,26.0173,76.3441,0.0,28.08,25.84,2.04,97.8
2025-03-13,Sawai Madhopur,26.0173,76.3441,0.0,28.94,27.6,1.84,97.6
2025-03-14,Sawai Madhopur,26.0173,76.3441,0.04,29.17,25.25,1.44,97.65
2025-03-15,Sawai Madhopur,26.0173,76.3441,0.2,28.17,29.08,2.41,97.81
2025-03-16,Sawai Madhopur,26.0173,76.3441,0.0,26.89,31.16,2.45,97.99
2025-03-17,Sawai Madhopur,26.0173,76.3441,0.0,26.37,24.53,2.32,98.11
2025-03-18,Sawai Madhopur,26.0173,76.3441,0.0,25.2,23.87,1.73,98.13
2025-03-19,Sawai Madhopur,26.0173,76.3441,0.0,25.88,18.75,1.89,98.15
2025-03-20,Sawai Madhopur,26.0173,76.3441,0.0,27.07,17.95,2.93,98.22
2025-03-21,Sawai Madhopur,26.0173,76.3441,0.0,27.1,21.39,2.22,98.27
2025-03-22,Sawai Madhopur,26.0173,76.3441,0.0,27.63,19.37,2.52,98.14
2025-03-23,Sawai Madhopur,26.0173,76.3441,0.0,26.51,16.1,1.5,98.26
2025-03-24,Sawai Madhopur,26.0173,76.3441,0.0,27.27,16.77,1.65,98.19
2025-03-25,Sawai Madhopur,26.0173,76.3441,0.0,29.39,15.73,1.62,97.8
2025-03-26,Sawai Madhopur,26.0173,76.3441,0.0,30.25,15.49,1.97,97.56
2025-03-27,Sawai Madhopur,26.0173,76.3441,0.0,30.33,19.17,3.34,97.62
2025-03-28,Sawai Madhopur,26.0173,76.3441,0.0,26.36,7.06,3.22,97.87
2025-03-29,Sawai Madhopur,26.0173,76.3441,0.0,24.11,8.15,2.2,97.94
2025-03-30,Sawai Madhopur,26.0173,76.3441,0.0,26.36,8.92,1.46,97.94
2025-03-31,Sawai Madhopur,26.0173,76.3441,0.0,27.17,10.46,1.53,97.95
2025-04-01,Sawai Madhopur,26.0173,76.3441,0.0,28.0,12.14,1.38,97.85
2025-04-02,Sawai Madhopur,26.0173,76.3441,0.0,28.78,12.07,2.09,97.88
2025-04-03,Sawai Madhopur,26.0173,76.3441,0.24,29.94,22.15,1.9,97.91
2025-04-04,Sawai Madhopur,26.0173,76.3441,0.49,30.83,16.32,1.72,97.9
2025-04-05,Sawai Madhopur,26.0173,76.3441,0.0,30.13,16.8,2.15,97.79
2025-04-06,Sawai Madhopur,26.0173,76.3441,0.0,32.86,15.91,1.63,97.6
2025-04-07,Sawai Madhopur,26.0173,76.3441,0.0,33.86,14.42,1.04,97.62
2025-04-08,Sawai Madhopur,26.0173,76.3441,0.0,33.34,15.84,1.16,97.8
2025-04-09,Sawai Madhopur,26.0173,76.3441,0.0,34.36,14.36,1.89,97.62
2025-04-10,Sawai Madhopur,26.0173,76.3441,0.0,34.24,13.41,2.66,97.27
2025-04-11,Sawai Madhopur,26.0173,76.3441,0.0,33.05,18.91,2.35,97.14
2025-04-12,Sawai Madhopur,26.0173,76.3441,1.24,31.64,26.98,1.57,97.47
2025-04-13,Sawai Madhopur,26.0173,76.3441,0.01,32.15,24.29,2.16,97.63
2025-04-14,Sawai Madhopur,26.0173,76.3441,0.0,32.06,24.39,2.6,97.63
2025-04-15,Sawai Madhopur,26.0173,76.3441,0.0,32.16,26.12,2.71,97.67
2025-04-16,Sawai Madhopur,26.0173,76.3441,0.0,33.04,24.81,1.8,97.59
2025-04-17,Sawai Madhopur,26.0173,76.3441,0.0,35.42,20.42,3.04,97.31
2025-04-18,Sawai Madhopur,26.0173,76.3441,0.0,36.42,15.5,3.02,97.19
2025-04-19,Sawai Madhopur,26.0173,76.3441,0.0,34.5,13.98,3.47,97.28
2025-04-20,Sawai Madhopur,26.0173,76.3441,0.0,33.53,17.12,3.29,97.34
2025-04-21,Sawai Madhopur,26.0173,76.3441,0.0,32.73,9.43,2.94,97.67
2025-04-22,Sawai Madhopur,26.0173,76.3441,0.0,32.15,8.33,2.52,97.76
2025-04-23,Sawai Madhopur,26.0173,76.3441,0.0,31.81,5.76,2.64,97.56
2025-04-24,Sawai Madhopur,26.0173,76.3441,0.0,32.7,8.37,3.09,97.36
2025-04-25,Sawai Madhopur,26.0173,76.3441,0.0,34.33,11.32,2.4,97.35
2025-04-26,Sawai Madhopur,26.0173,76.3441,0.04,34.35,14.81,2.53,97.35
2025-04-27,Sawai Madhopur,26.0173,76.3441,0.0,34.24,18.0,2.11,97.49
2025-04-28,Sawai Madhopur,26.0173,76.3441,0.0,34.25,13.86,2.15,97.3
2025-04-29,Sawai Madhopur,26.0173,76.3441,0.0,33.58,14.02,2.44,97.26
2025-04-30,Sawai Madhopur,26.0173,76.3441,0.0,34.04,17.38,2.18,97.44
2025-05-01,Sawai Madhopur,26.0173,76.3441,0.0,34.63,23.07,2.98,97.52
2025-05-02,Sawai Madhopur,26.0173,76.3441,0.06,34.02,26.57,2.96,97.6
2025-05-03,Sawai Madhopur,26.0173,76.3441,1.04,34.72,26.14,2.29,97.42
2025-05-04,Sawai Madhopur,26.0173,76.3441,0.58,34.56,24.71,1.97,97.31
2025-05-05,Sawai Madhopur,26.0173,76.3441,2.58,33.73,30.4,2.25,97.35
2025-05-06,Sawai Madhopur,26.0173,76.3441,0.04,29.08,50.89,2.04,97.47
2025-05-07,Sawai Madhopur,26.0173,76.3441,1.2,29.02,48.08,2.57,97.37
2025-05-08,Sawai Madhopur,26.0173,76.3441,1.11,28.01,56.03,2.42,97.44
2025-05-09,Sawai Madhopur,26.0173,76.3441,0.14,31.02,47.47,2.65,97.54
2025-05-10,Sawai Madhopur,26.0173,76.3441,0.72,32.81,42.27,2.72,97.54
2025-05-11,Sawai Madhopur,26.0173,76.3441,0.93,34.75,38.32,2.49,97.37
2025-05-12,Sawai Madhopur,26.0173,76.3441,2.21,34.77,34.67,1.88,97.33
2025-05-13,Sawai Madhopur,26.0173,76.3441,0.13,34.99,37.19,2.18,97.37
2025-05-14,Sawai Madhopur,26.0173,76.3441,0.05,36.18,32.21,2.07,97.35
2025-05-15,Sawai Madhopur,26.0173,76.3441,0.0,36.68,24.02,2.92,97.32
2025-05-16,Sawai Madhopur,26.0173,76.3441,0.0,37.31,22.95,1.86,97.23
2025-05-17,Sawai Madhopur,26.0173,76.3441,0.01,38.57,26.39,3.01,97.19
2025-05-18,Sawai Madhopur,26.0173,76.3441,0.0,38.89,26.42,2.95,97.15
2025-05-19,Sawai Madhopur,26.0173,76.3441,3.4,39.06,26.75,3.02,97.08
2025-05-20,Sawai Madhopur,26.0173,76.3441,0.04,38.61,26.91,3.65,97.0
2025-05-21,Sawai Madhopur,26.0173,76.3441,1.04,38.68,25.25,2.62,96.97
2025-05-22,Sawai Madhopur,26.0173,76.3441,0.1,37.75,27.28,2.53,96.96
2025-05-23,Sawai Madhopur,26.0173,76.3441,0.11,37.71,34.28,3.2,96.79
2025-05-24,Sawai Madhopur,26.0173,76.3441,0.03,38.64,29.53,3.65,96.71
2025-05-25,Sawai Madhopur,26.0173,76.3441,3.1,36.9,35.6,3.3,97.05
2025-05-26,Sawai Madhopur,26.0173,76.3441,0.34,36.61,34.1,3.71,96.96
2025-05-27,Sawai Madhopur,26.0173,76.3441,0.83,36.42,33.89,3.02,96.78
2025-05-28,Sawai Madhopur,26.0173,76.3441,0.22,37.47,34.11,3.12,96.67
2025-05-29,Sawai Madhopur,26.0173,76.3441,14.53,35.1,45.45,1.46,96.61
2025-05-30,Sawai Madhopur,26.0173,76.3441,4.37,33.71,48.73,2.06,96.56
2025-05-31,Sawai Madhopur,26.0173,76.3441,0.36,32.91,40.19,4.18,96.84
2025-06-01,Sawai Madhopur,26.0173,76.3441,0.1,32.8,40.95,4.76,96.95
2025-06-02,Sawai Madhopur,26.0173,76.3441,2.25,31.67,50.58,3.96,96.96
2025-06-03,Sawai Madhopur,26.0173,76.3441,1.98,31.82,51.93,2.72,97.1
2025-06-04,Sawai Madhopur,26.0173,76.3441,0.04,32.53,45.88,2.06,97.33
2025-06-05,Sawai Madhopur,26.0173,76.3441,0.0,33.31,39.89,1.5,97.59
2025-06-06,Sawai Madhopur,26.0173,76.3441,2.94,33.06,43.17,1.77,97.54
2025-06-07,Sawai Madhopur,26.0173,76.3441,0.01,36.79,30.89,3.46,97.29
2025-06-08,Sawai Madhopur,26.0173,76.3441,0.0,37.52,22.52,4.3,97.2
2025-06-09,Sawai Madhopur,26.0173,76.3441,0.0,37.82,18.66,5.07,97.07
2025-06-10,Sawai Madhopur,26.0173,76.3441,0.0,38.51,19.78,4.89,96.95
2025-06-11,Sawai Madhopur,26.0173,76.3441,0.0,39.32,20.07,3.19,96.93
2025-06-12,Sawai Madhopur,26.0173,76.3441,0.0,40.12,20.28,2.17,96.86
2025-06-13,Sawai Madhopur,26.0173,76.3441,0.12,40.14,27.18,2.77,96.82
2025-06-14,Sawai Madhopur,26.0173,76.3441,1.53,38.87,30.37,2.29,96.78
2025-06-15,Sawai Madhopur,26.0173,76.3441,5.05,36.47,42.02,3.38,96.68
2025-06-16,Sawai Madhopur,26.0173,76.3441,17.55,32.18,63.44,2.46,96.67
2025-06-17,Sawai Madhopur,26.0173,76.3441,16.49,30.25,73.04,2.2,96.8
2025-06-18,Sawai Madhopur,26.0173,76.3441,7.41,29.48,74.7,3.17,96.56
2025-06-19,Sawai Madhopur,26.0173,76.3441,5.79,29.71,77.01,2.72,96.49
2025-06-20,Sawai Madhopur,26.0173,76.3441,42.23,28.05,85.72,4.22,96.82
2025-06-21,Sawai Madhopur,26.0173,76.3441,27.44,29.74,80.51,1.29,96.93
2025-06-22,Sawai Madhopur,26.0173,76.3441,11.32,30.05,79.34,1.43,96.87
2025-06-23,Sawai Madhopur,26.0173,76.3441,25.16,29.74,80.47,2.34,96.68
2025-06-24,Sawai Madhopur,26.0173,76.3441,27.02,30.7,77.75,1.68,96.63
2025-06-25,Sawai Madhopur,26.0173,76.3441,12.0,30.53,78.03,2.48,96.77
2025-06-26,Sawai Madhopur,26.0173,76.3441,12.49,29.97,80.5,2.93,96.95
2025-06-27,Sawai Madhopur,26.0173,76.3441,3.1,30.18,77.34,2.43,96.87
2025-06-28,Sawai Madhopur,26.0173,76.3441,2.41,29.1,76.44,3.44,96.92
2025-06-29,Sawai Madhopur,26.0173,76.3441,2.76,29.97,76.52,2.49,96.71
2025-06-30,Sawai Madhopur,26.0173,76.3441,9.36,29.57,76.22,3.81,96.75
2025-07-01,Sawai Madhopur,26.0173,76.3441,26.81,27.74,88.18,2.38,96.82
2025-07-02,Sawai Madhopur,26.0173,76.3441,18.66,29.17,82.27,2.04,96.73
2025-07-03,Sawai Madhopur,26.0173,76.3441,5.58,29.44,82.25,2.64,96.79
2025-07-04,Sawai Madhopur,26.0173,76.3441,66.98,29.39,86.2,1.08,96.88
2025-07-05,Sawai Madhopur,26.0173,76.3441,29.3,28.45,89.08,2.46,96.88
2025-07-06,Sawai Madhopur,26.0173,76.3441,3.09,28.51,87.32,1.53,96.81
2025-07-07,Sawai Madhopur,26.0173,76.3441,2.96,29.13,84.07,1.48,96.87
2025-07-08,Sawai Madhopur,26.0173,76.3441,2.53,29.05,83.27,2.24,96.97
2025-07-09,Sawai Madhopur,26.0173,76.3441,9.09,28.94,82.96,2.5,97.04
2025-07-10,Sawai Madhopur,26.0173,76.3441,5.91,28.9,81.36,1.77,97.13
2025-07-11,Sawai Madhopur,26.0173,76.3441,8.01,28.16,85.23,1.0,97.12
2025-07-12,Sawai Madhopur,26.0173,76.3441,6.76,28.46,82.5,1.02,97.1
2025-07-13,Sawai Madhopur,26.0173,76.3441,50.37,28.46,85.64,1.92,96.96
2025-07-14,Sawai Madhopur,26.0173,76.3441,14.14,28.37,86.1,2.29,96.68
2025-07-15,Sawai Madhopur,26.0173,76.3441,13.08,28.33,84.93,4.78,96.73
2025-07-16,Sawai Madhopur,26.0173,76.3441,4.63,27.81,87.67,1.7,97.03
2025-07-17,Sawai Madhopur,26.0173,76.3441,8.38,28.44,86.07,1.73,97.09
2025-07-18,Sawai Madhopur,26.0173,76.3441,35.48,27.92,89.73,2.52,96.82
2025-07-19,Sawai Madhopur,26.0173,76.3441,12.68,27.52,86.91,4.26,96.72
2025-07-20,Sawai Madhopur,26.0173,76.3441,0.04,28.04,84.6,2.1,96.86
2025-07-21,Sawai Madhopur,26.0173,76.3441,0.05,28.58,82.49,1.27,97.06
2025-07-22,Sawai Madhopur,26.0173,76.3441,4.21,29.18,83.86,1.77,96.96
2025-07-23,Sawai Madhopur,26.0173,76.3441,19.47,28.12,88.73,2.64,96.75
2025-07-24,Sawai Madhopur,26.0173,76.3441,4.51,28.11,86.97,2.55,96.65
2025-07-25,Sawai Madhopur,26.0173,76.3441,26.06,28.66,86.17,2.46,96.63
2025-07-26,Sawai Madhopur,26.0173,76.3441,27.66,28.46,89.21,2.07,96.6
2025-07-27,Sawai Madhopur,26.0173,76.3441,9.12,28.4,88.21,2.49,96.53
2025-07-28,Sawai Madhopur,26.0173,76.3441,39.13,28.09,92.08,2.55,96.63
2025-07-29,Sawai Madhopur,26.0173,76.3441,28.13,28.84,87.9,2.64,96.69
2025-07-30,Sawai Madhopur,26.0173,76.3441,65.35,26.86,92.94,3.61,96.74
2025-07-31,Sawai Madhopur,26.0173,76.3441,9.55,25.38,92.84,4.17,96.94
2025-08-01,Sawai Madhopur,26.0173,76.3441,4.81,26.68,90.05,2.75,97.09
2025-08-02,Sawai Madhopur,26.0173,76.3441,2.77,27.42,88.31,2.83,97.16
2025-08-03,Sawai Madhopur,26.0173,76.3441,19.45,27.32,88.67,2.26,97.29
2025-08-04,Sawai Madhopur,26.0173,76.3441,2.64,27.68,87.68,2.84,97.38
2025-08-05,Sawai Madhopur,26.0173,76.3441,0.18,27.19,87.2,2.47,97.4
2025-08-06,Sawai Madhopur,26.0173,76.3441,0.01,27.39,86.21,2.22,97.41
2025-08-07,Sawai Madhopur,26.0173,76.3441,0.03,27.61,85.52,2.38,97.36
2025-08-08,Sawai Madhopur,26.0173,76.3441,0.02,27.65,84.96,2.2,97.4
2025-08-09,Sawai Madhopur,26.0173,76.3441,1.67,27.4,85.47,1.83,97.58
2025-08-10,Sawai Madhopur,26.0173,76.3441,1.88,27.49,85.31,2.36,97.44
2025-08-11,Sawai Madhopur,26.0173,76.3441,0.64,27.33,85.99,2.34,97.39
2025-08-12,Sawai Madhopur,26.0173,76.3441,0.33,27.95,84.96,2.29,97.26
2025-08-13,Sawai Madhopur,26.0173,76.3441,2.42,27.26,86.18,1.65,97.2
2025-08-14,Sawai Madhopur,26.0173,76.3441,7.09,27.26,88.94,1.09,97.31
2025-08-15,Sawai Madhopur,26.0173,76.3441,3.36,28.05,86.34,2.07,97.18
2025-08-16,Sawai Madhopur,26.0173,76.3441,0.25,28.16,85.78,2.01,97.04
2025-08-17,Sawai Madhopur,26.0173,76.3441,3.22,28.6,86.66,2.68,97.08
2025-08-18,Sawai Madhopur,26.0173,76.3441,4.11,28.09,88.24,2.58,97.23
2025-08-19,Sawai Madhopur,26.0173,76.3441,0.23,28.27,86.56,2.66,97.11
2025-08-20,Sawai Madhopur,26.0173,76.3441,11.7,28.2,86.63,2.69,97.03
2025-08-21,Sawai Madhopur,26.0173,76.3441,25.65,27.92,88.33,1.43,97.05
2025-08-22,Sawai Madhopur,26.0173,76.3441,66.48,27.52,91.67,2.29,96.92
2025-08-23,Sawai Madhopur,26.0173,76.3441,50.24,27.65,89.44,2.1,96.9
2025-08-24,Sawai Madhopur,26.0173,76.3441,12.98,27.74,87.46,1.71,96.97
2025-08-25,Sawai Madhopur,26.0173,76.3441,5.54,27.31,87.84,2.29,96.95
2025-08-26,Sawai Madhopur,26.0173,76.3441,2.23,26.82,93.26,2.29,97.09
2025-08-27,Sawai Madhopur,26.0173,76.3441,7.94,28.12,88.39,1.49,97.17
2025-08-28,Sawai Madhopur,26.0173,76.3441,0.95,28.49,87.81,1.22,97.1
2025-08-29,Sawai Madhopur,26.0173,76.3441,3.12,28.38,87.46,1.72,97.2
2025-08-30,Sawai Madhopur,26.0173,76.3441,6.46,27.9,89.69,1.89,97.32
2025-08-31,Sawai Madhopur,26.0173,76.3441,12.87,27.66,89.26,1.18,97.16
2025-09-01,Sawai Madhopur,26.0173,76.3441,33.62,26.82,90.72,2.72,96.94
2025-09-02,Sawai Madhopur,26.0173,76.3441,10.37,27.65,86.36,1.95,97.03
2025-09-03,Sawai Madhopur,26.0173,76.3441,12.81,26.67,91.04,1.98,97.21
2025-09-04,Sawai Madhopur,26.0173,76.3441,24.75,26.75,91.69,2.57,97.19
2025-09-05,Sawai Madhopur,26.0173,76.3441,21.05,26.91,91.14,2.41,97.14
2025-09-06,Sawai Madhopur,26.0173,76.3441,5.98,26.93,91.33,3.66,97.19
2025-09-07,Sawai Madhopur,26.0173,76.3441,2.94,26.59,88.86,2.66,97.36
2025-09-08,Sawai Madhopur,26.0173,76.3441,0.18,26.24,87.82,2.12,97.54
2025-09-09,Sawai Madhopur,26.0173,76.3441,0.0,26.38,86.14,1.86,97.76
2025-09-10,Sawai Madhopur,26.0173,76.3441,0.0,26.33,87.39,2.48,97.71
2025-09-11,Sawai Madhopur,26.0173,76.3441,0.0,25.84,86.51,2.2,97.66
2025-09-12,Sawai Madhopur,26.0173,76.3441,0.0,26.52,85.06,1.5,97.74
2025-09-13,Sawai Madhopur,26.0173,76.3441,0.0,27.27,82.33,1.36,97.72
2025-09-14,Sawai Madhopur,26.0173,76.3441,0.01,27.97,82.09,1.29,97.65
2025-09-15,Sawai Madhopur,26.0173,76.3441,0.04,27.28,84.93,1.8,97.5
2025-09-16,Sawai Madhopur,26.0173,76.3441,1.07,27.69,83.25,1.34,97.49
2025-09-17,Sawai Madhopur,26.0173,76.3441,1.28,27.37,87.03,1.39,97.5
2025-09-18,Sawai Madhopur,26.0173,76.3441,3.07,27.5,84.57,0.88,97.53
2025-09-19,Sawai Madhopur,26.0173,76.3441,2.47,28.21,81.83,0.96,97.62
2025-09-20,Sawai Madhopur,26.0173,76.3441,4.0,28.07,81.41,1.39,97.59
2025-09-21,Sawai Madhopur,26.0173,76.3441,0.15,28.12,80.23,1.66,97.53
2025-09-22,Sawai Madhopur,26.0173,76.3441,0.0,27.45,79.38,1.78,97.58
2025-09-23,Sawai Madhopur,26.0173,76.3441,0.0,26.81,80.0,1.93,97.54
2025-09-24,Sawai Madhopur,26.0173,76.3441,0.01,26.8,80.9,2.25,97.43
2025-09-25,Sawai Madhopur,26.0173,76.3441,0.0,26.85,79.51,1.99,97.45
2025-09-26,Sawai Madhopur,26.0173,76.3441,0.0,27.39,70.86,1.65,97.55
2025-09-27,Sawai Madhopur,26.0173,76.3441,1.62,26.77,82.41,1.96,97.65
2025-09-28,Sawai Madhopur,26.0173,76.3441,0.05,27.03,88.88,2.89,97.5
2025-09-29,Sawai Madhopur,26.0173,76.3441,0.42,27.4,87.49,2.29,97.37
2025-09-30,Sawai Madhopur,26.0173,76.3441,6.04,26.57,90.58,1.11,97.28
2025-10-01,Sawai Madhopur,26.0173,76.3441,8.39,26.13,85.14,1.67,97.34
2025-10-02,Sawai Madhopur,26.0173,76.3441,0.1,26.83,83.02,0.87,97.59
2025-10-03,Sawai Madhopur,26.0173,76.3441,0.04,26.48,87.22,1.52,97.83
2025-10-04,Sawai Madhopur,26.0173,76.3441,0.1,26.53,84.44,1.15,97.79
2025-10-05,Sawai Madhopur,26.0173,76.3441,20.65,26.35,83.63,1.68,97.75
2025-10-06,Sawai Madhopur,26.0173,76.3441,12.11,25.69,84.23,1.76,97.84
2025-10-07,Sawai Madhopur,26.0173,76.3441,5.12,24.07,81.71,2.15,97.89
2025-10-08,Sawai Madhopur,26.0173,76.3441,0.0,22.76,77.78,1.42,98.1
2025-10-09,Sawai Madhopur,26.0173,76.3441,0.0,23.41,68.69,0.93,98.25
2025-10-10,Sawai Madhopur,26.0173,76.3441,0.0,23.05,64.77,0.87,98.14
2025-10-11,Sawai Madhopur,26.0173,76.3441,0.0,22.75,66.66,1.09,98.13
2025-10-12,Sawai Madhopur,26.0173,76.3441,0.0,22.72,68.7,1.08,98.07
2025-10-13,Sawai Madhopur,26.0173,76.3441,0.0,23.01,68.92,0.9,98.16
2025-10-14,Sawai Madhopur,26.0173,76.3441,0.0,22.68,69.69,1.11,98.07
2025-10-15,Sawai Madhopur,26.0173,76.3441,0.0,22.92,67.9,0.9,98.05
2025-10-16,Sawai Madhopur,26.0173,76.3441,0.0,24.38,60.16,0.65,98.05
2025-10-17,Sawai Madhopur,26.0173,76.3441,0.0,24.48,59.06,0.62,98.16
2025-10-18,Sawai Madhopur,26.0173,76.3441,0.0,23.68,59.62,0.75,98.09
2025-10-19,Sawai Madhopur,26.0173,76.3441,0.0,23.05,62.92,0.94,98.02
2025-10-20,Sawai Madhopur,26.0173,76.3441,0.0,22.36,69.81,1.41,98.05
2025-10-21,Sawai Madhopur,26.0173,76.3441,0.0,23.7,65.34,1.04,98.18
2025-10-22,Sawai Madhopur,26.0173,76.3441,0.0,24.18,63.13,0.71,98.24
2025-10-23,Sawai Madhopur,26.0173,76.3441,0.0,24.39,63.39,0.68,98.15
2025-10-24,Sawai Madhopur,26.0173,76.3441,0.0,23.65,69.27,0.94,98.12
2025-10-25,Sawai Madhopur,26.0173,76.3441,2.64,22.77,77.12,1.19,98.05
2025-10-26,Sawai Madhopur,26.0173,76.3441,1.48,22.57,82.59,2.07,98.11
2025-10-27,Sawai Madhopur,26.0173,76.3441,62.12,22.03,92.66,2.49,98.15
2025-10-28,Sawai Madhopur,26.0173,76.3441,23.11,19.45,92.66,3.51,98.17
2025-10-29,Sawai Madhopur,26.0173,76.3441,0.74,20.81,90.79,2.48,98.07
2025-10-30,Sawai Madhopur,26.0173,76.3441,3.17,22.06,92.02,2.79,97.99
2025-10-31,Sawai Madhopur,26.0173,76.3441,0.05,22.2,88.89,1.67,98.03
2025-11-01,Sawai Madhopur,26.0173,76.3441,0.0,23.63,81.17,0.65,98.06
2025-11-02,Sawai Madhopur,26.0173,76.3441,0.0,23.26,73.57,1.27,98.1
2025-11-03,Sawai Madhopur,26.0173,76.3441,1.07,21.73,64.86,1.41,97.96
2025-11-04,Sawai Madhopur,26.0173,76.3441,5.32,23.01,85.15,2.28,97.83
2025-11-05,Sawai Madhopur,26.0173,76.3441,0.11,20.27,76.29,1.81,97.96
2025-11-06,Sawai Madhopur,26.0173,76.3441,0.0,17.75,61.12,1.49,98.2
2025-11-07,Sawai Madhopur,26.0173,76.3441,0.0,17.1,50.43,1.14,98.39
2025-11-08,Sawai Madhopur,26.0173,76.3441,0.0,17.44,50.06,1.19,98.44
2025-11-09,Sawai Madhopur,26.0173,76.3441,0.0,17.76,59.1,1.29,98.31
2025-11-10,Sawai Madhopur,26.0173,76.3441,0.0,17.95,60.35,1.29,98.26
2025-11-11,Sawai Madhopur,26.0173,76.3441,0.0,18.3,60.6,1.1,98.36
2025-11-12,Sawai Madhopur,26.0173,76.3441,0.0,18.37,62.76,1.13,98.46
2025-11-13,Sawai Madhopur,26.0173,76.3441,0.0,18.48,58.2,1.01,98.58
2025-11-14,Sawai Madhopur,26.0173,76.3441,0.0,18.08,50.2,0.83,98.57
2025-11-15,Sawai Madhopur,26.0173,76.3441,0.0,17.02,55.62,1.07,98.69
2025-11-16,Sawai Madhopur,26.0173,76.3441,0.0,17.25,54.47,1.03,98.85
2025-11-17,Sawai Madhopur,26.0173,76.3441,0.0,16.38,57.94,1.09,98.76
2025-11-18,Sawai Madhopur,26.0173,76.3441,0.0,15.94,62.95,0.98,98.58
2025-11-19,Sawai Madhopur,26.0173,76.3441,0.0,16.0,65.98,1.04,98.53
2025-11-20,Sawai Madhopur,26.0173,76.3441,0.0,16.48,71.25,0.96,98.61
2025-11-21,Sawai Madhopur,26.0173,76.3441,0.0,16.31,75.72,1.12,98.69
2025-11-22,Sawai Madhopur,26.0173,76.3441,0.0,16.6,76.29,1.14,98.55
2025-11-23,Sawai Madhopur,26.0173,76.3441,0.0,16.27,75.49,1.17,98.53
2025-11-24,Sawai Madhopur,26.0173,76.3441,0.0,15.54,80.79,1.49,98.63
2025-11-25,Sawai Madhopur,26.0173,76.3441,0.0,15.77,72.49,1.57,98.62
2025-11-26,Sawai Madhopur,26.0173,76.3441,0.0,16.05,69.71,1.64,98.61
2025-11-27,Sawai Madhopur,26.0173,76.3441,0.0,16.5,74.78,1.69,98.71
2025-11-28,Sawai Madhopur,26.0173,76.3441,0.03,16.89,73.13,0.94,98.63
2025-11-29,Sawai Madhopur,26.0173,76.3441,0.0,18.6,72.99,0.62,98.46
2025-11-30,Sawai Madhopur,26.0173,76.3441,0.0,18.73,76.06,0.97,98.41
2025-12-01,Sawai Madhopur,26.0173,76.3441,0.0,18.09,82.06,0.97,98.36
2025-12-02,Sawai Madhopur,26.0173,76.3441,0.0,18.42,73.1,1.02,98.35
2025-12-03,Sawai Madhopur,26.0173,76.3441,0.0,16.2,64.33,1.14,98.66
2025-12-04,Sawai Madhopur,26.0173,76.3441,0.0,15.46,57.08,0.82,98.78
2025-12-05,Sawai Madhopur,26.0173,76.3441,0.0,15.8,49.81,0.75,98.9
2025-12-06,Sawai Madhopur,26.0173,76.3441,0.0,14.68,52.49,1.03,98.85
2025-12-07,Sawai Madhopur,26.0173,76.3441,0.0,16.02,50.73,0.96,98.76
2025-12-08,Sawai Madhopur,26.0173,76.3441,0.0,16.18,52.65,1.13,98.75
2025-12-09,Sawai Madhopur,26.0173,76.3441,0.0,15.85,53.14,1.19,98.72
2025-12-10,Sawai Madhopur,26.0173,76.3441,0.0,15.95,51.8,1.17,98.7
2025-12-11,Sawai Madhopur,26.0173,76.3441,0.0,16.37,52.04,1.07,98.61
2025-12-12,Sawai Madhopur,26.0173,76.3441,0.0,16.56,51.42,0.95,98.5
2025-12-13,Sawai Madhopur,26.0173,76.3441,0.0,17.05,53.48,0.73,98.56
2025-12-14,Sawai Madhopur,26.0173,76.3441,0.0,16.55,63.47,0.81,98.67
2025-12-15,Sawai Madhopur,26.0173,76.3441,0.0,16.56,66.45,0.91,98.66
2025-12-16,Sawai Madhopur,26.0173,76.3441,0.0,16.04,58.31,0.87,98.64
2025-12-17,Sawai Madhopur,26.0173,76.3441,0.0,15.59,56.01,1.08,98.71
2025-12-18,Sawai Madhopur,26.0173,76.3441,0.0,15.81,58.46,1.01,98.74
2025-12-19,Sawai Madhopur,26.0173,76.3441,0.0,15.67,53.94,1.02,98.51
2025-12-20,Sawai Madhopur,26.0173,76.3441,0.0,14.87,63.61,1.08,98.37
2025-12-21,Sawai Madhopur,26.0173,76.3441,0.0,14.53,70.9,0.96,98.51
2025-12-22,Sawai Madhopur,26.0173,76.3441,0.0,16.42,68.89,0.77,98.54
2025-12-23,Sawai Madhopur,26.0173,76.3441,0.0,16.52,72.96,1.42,98.44
2025-12-24,Sawai Madhopur,26.0173,76.3441,0.0,14.49,61.78,1.53,98.48
2025-12-25,Sawai Madhopur,26.0173,76.3441,0.0,13.05,55.55,1.08,98.53
2025-12-26,Sawai Madhopur,26.0173,76.3441,0.0,12.96,60.46,1.01,98.58
2025-12-27,Sawai Madhopur,26.0173,76.3441,0.0,13.58,57.72,0.82,98.58
2025-12-28,Sawai Madhopur,26.0173,76.3441,0.0,13.17,60.42,0.99,98.62
2025-12-29,Sawai Madhopur,26.0173,76.3441,0.0,13.2,66.04,1.04,98.57
2025-12-30,Sawai Madhopur,26.0173,76.3441,0.0,14.11,68.87,1.27,98.33
2025-12-31,Sawai Madhopur,26.0173,76.3441,0.0,14.55,73.78,1.18,98.11
2025-01-01,Salumbar,24.135,74.043,0.0,17.12,50.04,2.09,97.58
2025-01-02,Salumbar,24.135,74.043,0.0,18.72,43.03,1.25,97.58
2025-01-03,Salumbar,24.135,74.043,0.0,19.69,43.46,1.46,97.54
2025-01-04,Salumbar,24.135,74.043,0.0,19.5,47.08,1.57,97.33
2025-01-05,Salumbar,24.135,74.043,0.0,18.8,49.54,1.73,97.24
2025-01-06,Salumbar,24.135,74.043,0.0,16.82,38.83,2.49,97.39
2025-01-07,Salumbar,24.135,74.043,0.0,14.89,36.77,2.6,97.6
2025-01-08,Salumbar,24.135,74.043,0.0,15.01,38.51,1.64,97.5
2025-01-09,Salumbar,24.135,74.043,0.0,16.11,39.44,1.8,97.47
2025-01-10,Salumbar,24.135,74.043,0.0,17.26,44.67,1.91,97.48
2025-01-11,Salumbar,24.135,74.043,0.0,17.1,58.03,1.65,97.39
2025-01-12,Salumbar,24.135,74.043,0.0,16.85,49.06,2.14,97.59
2025-01-13,Salumbar,24.135,74.043,0.0,14.4,49.76,2.51,97.63
2025-01-14,Salumbar,24.135,74.043,0.0,15.64,46.77,1.84,97.54
2025-01-15,Salumbar,24.135,74.043,0.03,17.97,53.84,2.2,97.5
2025-01-16,Salumbar,24.135,74.043,0.0,17.62,38.5,3.11,97.64
2025-01-17,Salumbar,24.135,74.043,0.0,16.35,47.74,2.96,97.65
2025-01-18,Salumbar,24.135,74.043,0.0,19.12,50.98,1.76,97.45
2025-01-19,Salumbar,24.135,74.043,0.0,21.25,52.28,1.29,97.44
2025-01-20,Salumbar,24.135,74.043,0.0,21.52,44.68,1.27,97.37
2025-01-21,Salumbar,24.135,74.043,0.0,20.49,38.82,1.53,97.23
2025-01-22,Salumbar,24.135,74.043,0.0,19.37,33.76,1.91,97.17
2025-01-23,Salumbar,24.135,74.043,0.0,18.72,30.66,2.18,97.28
2025-01-24,Salumbar,24.135,74.043,0.0,18.06,35.59,3.2,97.37
2025-01-25,Salumbar,24.135,74.043,0.0,19.1,32.06,1.83,97.39
2025-01-26,Salumbar,24.135,74.043,0.0,19.44,30.19,1.48,97.3
2025-01-27,Salumbar,24.135,74.043,0.0,20.9,24.99,1.36,97.13
2025-01-28,Salumbar,24.135,74.043,0.0,21.72,25.26,1.58,97.07
2025-01-29,Salumbar,24.135,74.043,0.0,23.09,21.6,1.84,97.16
2025-01-30,Salumbar,24.135,74.043,0.0,21.14,22.04,2.44,97.03
2025-01-31,Salumbar,24.135,74.043,0.0,19.4,25.22,2.13,96.97
2025-02-01,Salumbar,24.135,74.043,0.0,18.88,25.27,2.0,97.16
2025-02-02,Salumbar,24.135,74.043,0.0,19.14,19.23,1.59,97.25
2025-02-03,Salumbar,24.135,74.043,0.0,21.17,26.1,2.31,97.19
2025-02-04,Salumbar,24.135,74.043,0.0,21.5,25.16,2.54,97.27
2025-02-05,Salumbar,24.135,74.043,0.0,18.77,19.06,2.45,97.35
2025-02-06,Salumbar,24.135,74.043,0.0,18.54,21.83,3.08,97.46
2025-02-07,Salumbar,24.135,74.043,0.0,19.4,22.93,2.5,97.52
2025-02-08,Salumbar,24.135,74.043,0.0,21.84,19.67,1.59,97.37
2025-02-09,Salumbar,24.135,74.043,0.0,22.14,17.88,1.82,97.2
2025-02-10,Salumbar,24.135,74.043,0.0,22.53,15.6,1.8,97.25
2025-02-11,Salumbar,24.135,74.043,0.0,22.56,21.7,2.13,97.28
2025-02-12,Salumbar,24.135,74.043,0.0,22.73,28.25,1.71,97.37
2025-02-13,Salumbar,24.135,74.043,0.0,22.51,18.28,1.7,97.44
2025-02-14,Salumbar,24.135,74.043,0.0,23.82,18.21,1.56,97.31
2025-02-15,Salumbar,24.135,74.043,0.0,24.06,25.82,3.05,97.07
2025-02-16,Salumbar,24.135,74.043,0.0,24.48,30.11,2.11,97.1
2025-02-17,Salumbar,24.135,74.043,0.0,25.03,30.56,1.61,97.22
2025-02-18,Salumbar,24.135,74.043,0.0,25.75,26.26,2.1,97.2
2025-02-19,Salumbar,24.135,74.043,0.0,24.65,30.17,1.92,97.1
2025-02-20,Salumbar,24.135,74.043,0.0,24.26,31.37,2.42,97.19
2025-02-21,Salumbar,24.135,74.043,0.0,24.38,23.61,1.68,97.42
2025-02-22,Salumbar,24.135,74.043,0.0,23.89,21.99,2.25,97.46
2025-02-23,Salumbar,24.135,74.043,0.0,24.37,21.91,1.61,97.47
2025-02-24,Salumbar,24.135,74.043,0.0,24.16,23.39,1.74,97.55
2025-02-25,Salumbar,24.135,74.043,0.0,25.44,23.77,1.83,97.63
2025-02-26,Salumbar,24.135,74.043,0.0,27.32,20.09,1.56,97.6
2025-02-27,Salumbar,24.135,74.043,0.0,26.56,23.42,2.43,97.31
2025-02-28,Salumbar,24.135,74.043,0.0,26.37,27.48,2.86,97.12
2025-03-01,Salumbar,24.135,74.043,0.0,25.84,33.94,2.72,97.13
2025-03-02,Salumbar,24.135,74.043,0.0,25.5,31.58,1.76,97.05
2025-03-03,Salumbar,24.135,74.043,0.0,25.98,29.66,2.74,97.12
2025-03-04,Salumbar,24.135,74.043,0.0,23.73,19.92,3.47,97.33
2025-03-05,Salumbar,24.135,74.043,0.0,20.96,9.84,3.01,97.49
2025-03-06,Salumbar,24.135,74.043,0.0,23.61,10.72,2.06,97.31
2025-03-07,Salumbar,24.135,74.043,0.0,26.05,15.19,1.74,97.06
2025-03-08,Salumbar,24.135,74.043,0.0,27.59,19.32,1.64,96.81
2025-03-09,Salumbar,24.135,74.043,0.0,28.64,19.22,1.38,96.97
2025-03-10,Salumbar,24.135,74.043,0.0,30.35,17.03,1.15,97.25
2025-03-11,Salumbar,24.135,74.043,0.0,29.31,17.86,1.96,97.24
2025-03-12,Salumbar,24.135,74.043,0.0,29.87,15.92,2.86,96.97
2025-03-13,Salumbar,24.135,74.043,0.0,29.0,18.61,3.28,96.8
2025-03-14,Salumbar,24.135,74.043,0.0,29.15,23.73,3.48,96.85
2025-03-15,Salumbar,24.135,74.043,0.0,28.57,27.17,3.1,96.97
2025-03-16,Salumbar,24.135,74.043,0.0,27.83,23.21,2.58,97.05
2025-03-17,Salumbar,24.135,74.043,0.0,27.25,22.11,1.62,97.08
2025-03-18,Salumbar,24.135,74.043,0.0,27.36,18.73,2.02,97.08
2025-03-19,Salumbar,24.135,74.043,0.0,27.84,16.55,1.85,97.09
2025-03-20,Salumbar,24.135,74.043,0.0,27.23,17.11,1.98,97.21
2025-03-21,Salumbar,24.135,74.043,0.0,27.39,21.31,2.28,97.25
2025-03-22,Salumbar,24.135,74.043,0.0,28.66,20.37,1.17,97.17
2025-03-23,Salumbar,24.135,74.043,0.0,29.51,15.5,1.13,97.22
2025-03-24,Salumbar,24.135,74.043,0.0,29.57,14.03,1.11,97.2
2025-03-25,Salumbar,24.135,74.043,0.0,29.85,14.83,1.94,96.89
2025-03-26,Salumbar,24.135,74.043,0.0,30.02,19.11,2.65,96.73
2025-03-27,Salumbar,24.135,74.043,0.0,28.6,21.79,3.3,96.82
2025-03-28,Salumbar,24.135,74.043,0.0,27.63,6.15,2.89,96.94
2025-03-29,Salumbar,24.135,74.043,0.0,27.22,5.21,2.45,96.93
2025-03-30,Salumbar,24.135,74.043,0.0,27.72,7.37,2.36,96.94
2025-03-31,Salumbar,24.135,74.043,0.0,29.55,7.57,2.41,96.91
2025-04-01,Salumbar,24.135,74.043,0.0,29.82,9.04,2.16,96.82
2025-04-02,Salumbar,24.135,74.043,0.0,29.53,14.92,2.27,96.8
2025-04-03,Salumbar,24.135,74.043,0.0,29.88,11.31,2.31,96.97
2025-04-04,Salumbar,24.135,74.043,0.0,29.86,17.71,1.73,97.06
2025-04-05,Salumbar,24.135,74.043,0.0,31.52,12.66,2.15,96.9
2025-04-06,Salumbar,24.135,74.043,0.0,32.85,12.07,2.67,96.74
2025-04-07,Salumbar,24.135,74.043,0.0,33.28,12.94,4.09,96.79
2025-04-08,Salumbar,24.135,74.043,0.0,33.85,13.19,3.35,96.91
2025-04-09,Salumbar,24.135,74.043,0.0,34.69,11.99,3.95,96.82
2025-04-10,Salumbar,24.135,74.043,0.0,33.67,13.75,4.65,96.5
2025-04-11,Salumbar,24.135,74.043,0.0,31.14,19.25,3.72,96.4
2025-04-12,Salumbar,24.135,74.043,1.85,30.82,30.57,3.42,96.63
2025-04-13,Salumbar,24.135,74.043,0.0,32.12,22.13,4.12,96.8
2025-04-14,Salumbar,24.135,74.043,0.0,32.97,19.01,4.76,96.71
2025-04-15,Salumbar,24.135,74.043,0.0,33.33,27.78,2.77,96.6
2025-04-16,Salumbar,24.135,74.043,0.0,34.33,22.68,2.24,96.58
2025-04-17,Salumbar,24.135,74.043,0.0,33.99,24.6,3.39,96.54
2025-04-18,Salumbar,24.135,74.043,0.0,33.94,21.02,4.31,96.51
2025-04-19,Salumbar,24.135,74.043,0.0,32.23,19.08,4.38,96.53
2025-04-20,Salumbar,24.135,74.043,0.0,30.26,27.27,3.25,96.62
2025-04-21,Salumbar,24.135,74.043,0.0,31.43,17.0,2.83,96.87
2025-04-22,Salumbar,24.135,74.043,0.0,32.35,9.29,2.18,96.93
2025-04-23,Salumbar,24.135,74.043,0.0,32.43,7.0,2.35,96.74
2025-04-24,Salumbar,24.135,74.043,0.0,32.65,9.06,2.65,96.58
2025-04-25,Salumbar,24.135,74.043,0.0,32.5,13.17,2.68,96.62
2025-04-26,Salumbar,24.135,74.043,0.0,31.95,17.52,2.95,96.57
2025-04-27,Salumbar,24.135,74.043,0.0,32.64,22.77,3.0,96.64
2025-04-28,Salumbar,24.135,74.043,0.0,34.47,18.88,3.86,96.46
2025-04-29,Salumbar,24.135,74.043,0.0,34.58,21.19,4.34,96.39
2025-04-30,Salumbar,24.135,74.043,0.0,34.8,17.24,3.56,96.51
2025-05-01,Salumbar,24.135,74.043,0.0,34.15,15.21,3.65,96.63
2025-05-02,Salumbar,24.135,74.043,0.01,34.53,15.77,3.36,96.64
2025-05-03,Salumbar,24.135,74.043,0.0,33.64,18.81,3.09,96.54
2025-05-04,Salumbar,24.135,74.043,0.54,32.15,32.45,2.68,96.48
2025-05-05,Salumbar,24.135,74.043,15.02,31.25,39.93,3.75,96.52
2025-05-06,Salumbar,24.135,74.043,14.67,25.8,69.36,3.3,96.62
2025-05-07,Salumbar,24.135,74.043,11.43,24.87,74.77,2.55,96.54
2025-05-08,Salumbar,24.135,74.043,12.44,26.03,74.33,1.51,96.58
2025-05-09,Salumbar,24.135,74.043,2.21,28.06,65.48,1.58,96.72
2025-05-10,Salumbar,24.135,74.043,0.01,29.3,60.32,1.66,96.75
2025-05-11,Salumbar,24.135,74.043,0.89,30.12,56.76,1.83,96.66
2025-05-12,Salumbar,24.135,74.043,3.19,29.95,58.78,2.01,96.58
2025-05-13,Salumbar,24.135,74.043,2.23,30.1,60.08,2.19,96.6
2025-05-14,Salumbar,24.135,74.043,0.02,31.1,56.02,1.64,96.6
2025-05-15,Salumbar,24.135,74.043,0.07,31.82,51.71,1.93,96.6
2025-05-16,Salumbar,24.135,74.043,0.02,31.75,52.44,2.53,96.56
2025-05-17,Salumbar,24.135,74.043,0.21,31.98,56.24,3.14,96.5
2025-05-18,Salumbar,24.135,74.043,0.0,32.55,55.92,2.91,96.47
2025-05-19,Salumbar,24.135,74.043,4.19,32.56,56.2,2.5,96.38
2025-05-20,Salumbar,24.135,74.043,1.65,33.72,52.36,2.47,96.32
2025-05-21,Salumbar,24.135,74.043,0.16,33.16,53.73,2.52,96.32
2025-05-22,Salumbar,24.135,74.043,0.26,33.3,54.58,2.68,96.23
2025-05-23,Salumbar,24.135,74.043,0.18,33.79,51.88,2.34,96.0
2025-05-24,Salumbar,24.135,74.043,0.03,34.55,45.23,2.56,95.85
2025-05-25,Salumbar,24.135,74.043,0.73,33.05,51.66,2.85,96.12
2025-05-26,Salumbar,24.135,74.043,0.29,34.42,44.4,2.19,96.03
2025-05-27,Salumbar,24.135,74.043,0.56,34.86,42.21,3.67,95.83
2025-05-28,Salumbar,24.135,74.043,14.14,32.92,50.71,4.32,95.89
2025-05-29,Salumbar,24.135,74.043,0.6,30.65,56.91,2.69,95.85
2025-05-30,Salumbar,24.135,74.043,0.02,31.75,54.28,4.37,95.81
2025-05-31,Salumbar,24.135,74.043,0.01,30.79,56.77,5.37,96.15
2025-06-01,Salumbar,24.135,74.043,1.71,30.35,57.99,5.3,96.26
2025-06-02,Salumbar,24.135,74.043,3.72,29.73,61.61,4.57,96.18
2025-06-03,Salumbar,24.135,74.043,4.71,29.61,63.73,4.11,96.3
2025-06-04,Salumbar,24.135,74.043,0.12,29.85,59.81,2.82,96.5
2025-06-05,Salumbar,24.135,74.043,0.12,30.71,52.4,2.16,96.73
2025-06-06,Salumbar,24.135,74.043,0.07,32.34,46.41,3.26,96.74
2025-06-07,Salumbar,24.135,74.043,0.49,33.02,36.78,3.78,96.66
2025-06-08,Salumbar,24.135,74.043,0.0,33.14,35.44,4.11,96.58
2025-06-09,Salumbar,24.135,74.043,0.0,34.65,36.72,4.91,96.45
2025-06-10,Salumbar,24.135,74.043,0.0,35.72,33.65,4.35,96.25
2025-06-11,Salumbar,24.135,74.043,0.0,36.89,26.97,3.94,96.14
2025-06-12,Salumbar,24.135,74.043,0.0,37.9,25.37,3.08,95.98
2025-06-13,Salumbar,24.135,74.043,1.78,37.14,28.4,2.38,95.94
2025-06-14,Salumbar,24.135,74.043,4.89,36.06,42.35,2.81,95.91
2025-06-15,Salumbar,24.135,74.043,2.32,32.82,54.18,2.51,95.79
2025-06-16,Salumbar,24.135,74.043,11.14,30.69,66.24,2.15,95.64
2025-06-17,Salumbar,24.135,74.043,9.0,28.29,80.06,4.31,95.66
2025-06-18,Salumbar,24.135,74.043,10.51,29.26,75.42,4.7,95.83
2025-06-19,Salumbar,24.135,74.043,6.76,29.7,72.92,5.68,95.83
2025-06-20,Salumbar,24.135,74.043,5.84,27.39,79.32,4.4,96.1
2025-06-21,Salumbar,24.135,74.043,11.57,27.78,80.26,3.91,96.12
2025-06-22,Salumbar,24.135,74.043,12.82,27.79,78.93,4.14,96.1
2025-06-23,Salumbar,24.135,74.043,4.66,26.57,85.24,3.64,95.92
2025-06-24,Salumbar,24.135,74.043,6.46,28.45,77.98,3.53,95.81
2025-06-25,Salumbar,24.135,74.043,9.99,27.58,82.45,2.99,95.88
2025-06-26,Salumbar,24.135,74.043,10.6,28.09,82.92,2.02,95.97
2025-06-27,Salumbar,24.135,74.043,9.24,27.34,83.48,2.68,95.96
2025-06-28,Salumbar,24.135,74.043,5.85,26.67,82.74,5.16,96.0
2025-06-29,Salumbar,24.135,74.043,7.03,27.79,79.53,5.13,95.94
2025-06-30,Salumbar,24.135,74.043,5.01,27.81,79.89,4.97,95.98
2025-07-01,Salumbar,24.135,74.043,5.47,27.85,79.55,4.51,96.05
2025-07-02,Salumbar,24.135,74.043,22.64,25.69,89.12,3.17,95.96
2025-07-03,Salumbar,24.135,74.043,20.11,26.54,88.62,2.92,95.94
2025-07-04,Salumbar,24.135,74.043,5.08,27.49,84.1,3.43,96.09
2025-07-05,Salumbar,24.135,74.043,13.33,26.73,88.76,3.14,96.09
2025-07-06,Salumbar,24.135,74.043,15.3,26.47,89.83,3.06,95.98
2025-07-07,Salumbar,24.135,74.043,3.08,27.14,83.39,3.64,96.08
2025-07-08,Salumbar,24.135,74.043,0.44,27.3,82.11,3.24,96.21
2025-07-09,Salumbar,24.135,74.043,0.78,27.3,82.54,3.39,96.24
2025-07-10,Salumbar,24.135,74.043,0.67,27.29,81.86,3.14,96.29
2025-07-11,Salumbar,24.135,74.043,8.28,27.03,84.29,3.0,96.31
2025-07-12,Salumbar,24.135,74.043,28.86,26.48,86.79,3.18,96.29
2025-07-13,Salumbar,24.135,74.043,20.94,26.66,89.85,3.26,96.15
2025-07-14,Salumbar,24.135,74.043,31.91,26.1,91.01,4.37,96.03
2025-07-15,Salumbar,24.135,74.043,4.45,27.15,86.63,3.69,96.03
2025-07-16,Salumbar,24.135,74.043,0.66,27.4,84.82,2.69,96.17
2025-07-17,Salumbar,24.135,74.043,0.25,26.82,84.28,2.45,96.3
2025-07-18,Salumbar,24.135,74.043,22.74,26.17,89.29,3.9,96.26
2025-07-19,Salumbar,24.135,74.043,14.01,26.1,86.24,3.82,95.98
2025-07-20,Salumbar,24.135,74.043,1.87,26.77,84.8,3.1,95.96
2025-07-21,Salumbar,24.135,74.043,8.71,27.06,86.03,2.65,96.15
2025-07-22,Salumbar,24.135,74.043,12.67,27.5,86.35,2.57,96.13
2025-07-23,Salumbar,24.135,74.043,6.99,26.95,86.34,3.58,95.97
2025-07-24,Salumbar,24.135,74.043,0.22,26.53,85.38,3.02,95.88
2025-07-25,Salumbar,24.135,74.043,3.18,27.15,86.31,2.51,95.83
2025-07-26,Salumbar,24.135,74.043,16.66,26.82,89.8,3.74,95.78
2025-07-27,Salumbar,24.135,74.043,35.49,26.91,90.59,3.74,95.71
2025-07-28,Salumbar,24.135,74.043,8.23,26.59,90.64,3.85,95.89
2025-07-29,Salumbar,24.135,74.043,1.15,26.54,88.82,4.03,95.96
2025-07-30,Salumbar,24.135,74.043,0.8,25.55,88.9,4.1,96.05
2025-07-31,Salumbar,24.135,74.043,1.15,26.03,86.95,3.48,96.19
2025-08-01,Salumbar,24.135,74.043,0.18,26.41,85.3,3.62,96.3
2025-08-02,Salumbar,24.135,74.043,1.2,25.95,85.05,3.14,96.37
2025-08-03,Salumbar,24.135,74.043,1.48,26.32,85.84,3.02,96.47
2025-08-04,Salumbar,24.135,74.043,0.01,25.99,87.39,2.92,96.6
2025-08-05,Salumbar,24.135,74.043,0.68,26.19,85.82,2.95,96.57
2025-08-06,Salumbar,24.135,74.043,0.42,25.95,85.6,2.84,96.59
2025-08-07,Salumbar,24.135,74.043,0.0,26.03,84.64,2.62,96.56
2025-08-08,Salumbar,24.135,74.043,0.0,26.16,83.69,2.52,96.59
2025-08-09,Salumbar,24.135,74.043,0.11,26.34,83.34,2.16,96.73
2025-08-10,Salumbar,24.135,74.043,0.08,26.13,84.08,2.46,96.65
2025-08-11,Salumbar,24.135,74.043,0.01,26.32,83.81,2.81,96.59
2025-08-12,Salumbar,24.135,74.043,0.05,26.46,83.55,3.12,96.47
2025-08-13,Salumbar,24.135,74.043,0.06,26.15,85.62,2.11,96.32
2025-08-14,Salumbar,24.135,74.043,0.28,26.51,84.99,1.19,96.37
2025-08-15,Salumbar,24.135,74.043,4.85,27.58,83.87,1.22,96.23
2025-08-16,Salumbar,24.135,74.043,20.11,27.18,87.5,1.71,96.07
2025-08-17,Salumbar,24.135,74.043,1.6,28.38,85.19,1.66,96.02
2025-08-18,Salumbar,24.135,74.043,22.13,28.18,85.44,0.78,96.18
2025-08-19,Salumbar,24.135,74.043,9.66,27.8,87.19,1.86,96.03
2025-08-20,Salumbar,24.135,74.043,19.02,26.97,88.2,2.32,96.0
2025-08-21,Salumbar,24.135,74.043,34.95,25.13,94.15,2.73,96.2
2025-08-22,Salumbar,24.135,74.043,29.26,25.42,92.89,3.97,96.26
2025-08-23,Salumbar,24.135,74.043,16.31,25.56,90.74,4.28,96.21
2025-08-24,Salumbar,24.135,74.043,22.04,25.66,90.93,4.1,96.24
2025-08-25,Salumbar,24.135,74.043,13.66,25.78,90.67,3.91,96.2
2025-08-26,Salumbar,24.135,74.043,4.75,26.33,89.22,2.72,96.35
2025-08-27,Salumbar,24.135,74.043,3.27,26.75,88.08,1.98,96.35
2025-08-28,Salumbar,24.135,74.043,5.53,26.83,88.9,1.82,96.23
2025-08-29,Salumbar,24.135,74.043,15.93,27.26,89.55,1.7,96.21
2025-08-30,Salumbar,24.135,74.043,20.03,27.0,90.09,2.01,96.39
2025-08-31,Salumbar,24.135,74.043,15.27,25.78,92.9,2.85,96.37
2025-09-01,Salumbar,24.135,74.043,3.93,25.84,89.29,3.11,96.15
2025-09-02,Salumbar,24.135,74.043,1.45,25.62,88.12,2.55,96.23
2025-09-03,Salumbar,24.135,74.043,12.46,25.65,90.72,2.28,96.28
2025-09-04,Salumbar,24.135,74.043,20.95,25.95,90.76,2.53,96.23
2025-09-05,Salumbar,24.135,74.043,22.29,26.64,89.71,2.31,96.21
2025-09-06,Salumbar,24.135,74.043,24.17,25.46,94.98,3.54,96.23
2025-09-07,Salumbar,24.135,74.043,33.34,24.64,94.21,5.05,96.28
2025-09-08,Salumbar,24.135,74.043,3.74,24.61,91.29,3.97,96.52
2025-09-09,Salumbar,24.135,74.043,0.35,24.44,88.66,2.08,96.87
2025-09-10,Salumbar,24.135,74.043,0.0,24.07,87.76,1.64,96.91
2025-09-11,Salumbar,24.135,74.043,0.0,23.82,87.92,1.83,96.84
2025-09-12,Salumbar,24.135,74.043,0.0,24.36,87.15,1.63,96.9
2025-09-13,Salumbar,24.135,74.043,0.0,24.67,85.78,1.23,96.86
2025-09-14,Salumbar,24.135,74.043,0.0,26.06,83.88,1.42,96.78
2025-09-15,Salumbar,24.135,74.043,0.07,24.68,88.6,2.1,96.67
2025-09-16,Salumbar,24.135,74.043,0.1,24.47,89.05,1.41,96.66
2025-09-17,Salumbar,24.135,74.043,0.07,25.84,87.74,1.42,96.65
2025-09-18,Salumbar,24.135,74.043,1.78,25.93,87.62,1.48,96.65
2025-09-19,Salumbar,24.135,74.043,16.66,26.79,82.58,0.76,96.74
2025-09-20,Salumbar,24.135,74.043,2.21,26.26,87.48,1.66,96.71
2025-09-21,Salumbar,24.135,74.043,22.38,25.86,89.06,1.96,96.66
2025-09-22,Salumbar,24.135,74.043,3.71,25.25,90.87,1.61,96.69
2025-09-23,Salumbar,24.135,74.043,0.52,24.98,88.36,2.02,96.73
2025-09-24,Salumbar,24.135,74.043,0.03,24.86,87.14,2.11,96.62
2025-09-25,Salumbar,24.135,74.043,0.01,25.07,84.95,1.35,96.62
2025-09-26,Salumbar,24.135,74.043,0.0,26.34,80.71,1.47,96.68
2025-09-27,Salumbar,24.135,74.043,0.28,26.27,82.56,2.28,96.65
2025-09-28,Salumbar,24.135,74.043,5.91,26.23,89.76,3.25,96.36
2025-09-29,Salumbar,24.135,74.043,1.22,26.43,88.97,3.32,96.24
2025-09-30,Salumbar,24.135,74.043,0.34,24.02,91.33,2.76,96.38
2025-10-01,Salumbar,24.135,74.043,0.02,24.46,88.31,1.68,96.42
2025-10-02,Salumbar,24.135,74.043,0.35,24.91,87.01,1.13,96.67
2025-10-03,Salumbar,24.135,74.043,14.59,25.19,87.82,1.57,96.93
2025-10-04,Salumbar,24.135,74.043,11.81,24.94,89.24,2.33,96.97
2025-10-05,Salumbar,24.135,74.043,3.95,24.46,89.39,2.46,96.93
2025-10-06,Salumbar,24.135,74.043,5.8,24.09,89.3,2.94,96.98
2025-10-07,Salumbar,24.135,74.043,0.96,23.07,85.1,2.12,97.04
2025-10-08,Salumbar,24.135,74.043,0.0,22.6,77.09,1.12,97.19
2025-10-09,Salumbar,24.135,74.043,0.0,23.54,66.74,0.82,97.28
2025-10-10,Salumbar,24.135,74.043,0.0,23.39,59.26,0.75,97.16
2025-10-11,Salumbar,24.135,74.043,0.0,22.51,62.38,1.09,97.18
2025-10-12,Salumbar,24.135,74.043,0.0,22.92,63.74,1.05,97.13
2025-10-13,Salumbar,24.135,74.043,0.0,23.21,64.44,0.85,97.18
2025-10-14,Salumbar,24.135,74.043,0.0,21.68,74.56,1.47,97.06
2025-10-15,Salumbar,24.135,74.043,0.0,22.0,73.05,1.22,97.0
2025-10-16,Salumbar,24.135,74.043,0.0,23.19,74.36,1.3,97.03
2025-10-17,Salumbar,24.135,74.043,0.02,23.97,70.51,0.98,97.15
2025-10-18,Salumbar,24.135,74.043,0.0,23.71,62.25,0.97,97.09
2025-10-19,Salumbar,24.135,74.043,0.0,23.49,58.04,0.93,96.98
2025-10-20,Salumbar,24.135,74.043,0.0,24.52,57.52,0.73,96.99
2025-10-21,Salumbar,24.135,74.043,0.0,23.47,76.58,1.35,97.14
2025-10-22,Salumbar,24.135,74.043,0.0,22.92,76.76,2.04,97.21
2025-10-23,Salumbar,24.135,74.043,0.0,22.8,79.6,2.3,97.12
2025-10-24,Salumbar,24.135,74.043,0.0,23.54,80.47,2.28,97.07
2025-10-25,Salumbar,24.135,74.043,0.08,23.31,80.71,2.63,96.98
2025-10-26,Salumbar,24.135,74.043,2.79,23.09,87.49,2.2,96.99
2025-10-27,Salumbar,24.135,74.043,41.62,22.97,92.87,2.75,96.97
2025-10-28,Salumbar,24.135,74.043,17.7,21.48,93.56,3.88,96.94
2025-10-29,Salumbar,24.135,74.043,4.71,22.21,89.25,3.56,96.91
2025-10-30,Salumbar,24.135,74.043,17.53,22.77,92.39,2.64,96.84
2025-10-31,Salumbar,24.135,74.043,1.43,23.03,88.87,1.99,97.0
2025-11-01,Salumbar,24.135,74.043,0.08,24.23,82.62,0.76,97.07
2025-11-02,Salumbar,24.135,74.043,0.35,24.87,85.95,0.88,97.14
2025-11-03,Salumbar,24.135,74.043,4.88,24.32,90.58,2.24,97.04
2025-11-04,Salumbar,24.135,74.043,0.46,22.28,85.23,2.24,97.0
2025-11-05,Salumbar,24.135,74.043,0.0,21.41,67.8,1.01,97.06
2025-11-06,Salumbar,24.135,74.043,0.0,20.05,59.22,1.4,97.23
2025-11-07,Salumbar,24.135,74.043,0.0,18.92,57.21,1.23,97.4
2025-11-08,Salumbar,24.135,74.043,0.0,18.18,56.26,1.04,97.47
2025-11-09,Salumbar,24.135,74.043,0.0,18.82,55.38,0.71,97.36
2025-11-10,Salumbar,24.135,74.043,0.0,18.89,54.82,0.94,97.32
2025-11-11,Salumbar,24.135,74.043,0.0,18.98,58.27,0.89,97.4
2025-11-12,Salumbar,24.135,74.043,0.0,19.64,57.6,0.77,97.49
2025-11-13,Salumbar,24.135,74.043,0.0,19.16,59.86,1.11,97.59
2025-11-14,Salumbar,24.135,74.043,0.0,17.75,66.47,1.36,97.55
2025-11-15,Salumbar,24.135,74.043,0.0,16.4,66.4,1.66,97.65
2025-11-16,Salumbar,24.135,74.043,0.0,16.13,64.59,1.78,97.82
2025-11-17,Salumbar,24.135,74.043,0.0,15.76,66.08,1.67,97.74
2025-11-18,Salumbar,24.135,74.043,0.0,15.48,67.21,1.71,97.56
2025-11-19,Salumbar,24.135,74.043,0.0,15.83,66.18,1.45,97.5
2025-11-20,Salumbar,24.135,74.043,0.0,16.22,71.82,1.6,97.56
2025-11-21,Salumbar,24.135,74.043,0.0,16.72,74.02,1.47,97.65
2025-11-22,Salumbar,24.135,74.043,0.0,17.66,67.99,1.35,97.52
2025-11-23,Salumbar,24.135,74.043,0.0,17.99,63.51,1.26,97.45
2025-11-24,Salumbar,24.135,74.043,0.0,17.95,73.36,1.52,97.47
2025-11-25,Salumbar,24.135,74.043,0.0,18.85,82.21,2.2,97.47
2025-11-26,Salumbar,24.135,74.043,0.0,19.88,82.61,1.66,97.43
2025-11-27,Salumbar,24.135,74.043,0.0,21.0,84.29,1.63,97.52
2025-11-28,Salumbar,24.135,74.043,0.0,21.0,81.51,1.3,97.5
2025-11-29,Salumbar,24.135,74.043,0.0,20.18,78.8,1.46,97.41
2025-11-30,Salumbar,24.135,74.043,0.0,20.05,71.87,0.85,97.38
2025-12-01,Salumbar,24.135,74.043,0.0,20.08,67.31,0.71,97.33
2025-12-02,Salumbar,24.135,74.043,0.0,19.88,63.24,0.73,97.32
2025-12-03,Salumbar,24.135,74.043,0.0,17.74,75.16,2.19,97.55
2025-12-04,Salumbar,24.135,74.043,0.0,17.11,73.26,2.38,97.67
2025-12-05,Salumbar,24.135,74.043,0.0,16.78,72.73,2.15,97.79
2025-12-06,Salumbar,24.135,74.043,0.0,16.3,66.62,2.09,97.79
2025-12-07,Salumbar,24.135,74.043,0.0,17.35,57.41,1.87,97.72
2025-12-08,Salumbar,24.135,74.043,0.0,17.12,57.89,1.77,97.73
2025-12-09,Salumbar,24.135,74.043,0.0,17.37,55.92,1.77,97.69
2025-12-10,Salumbar,24.135,74.043,0.0,18.24,49.23,1.09,97.68
2025-12-11,Salumbar,24.135,74.043,0.0,18.4,48.66,1.0,97.6
2025-12-12,Salumbar,24.135,74.043,0.0,18.0,51.05,1.42,97.48
2025-12-13,Salumbar,24.135,74.043,0.0,17.83,56.19,1.63,97.49
2025-12-14,Salumbar,24.135,74.043,0.0,17.58,61.56,1.63,97.58
2025-12-15,Salumbar,24.135,74.043,0.0,17.16,70.76,1.69,97.61
2025-12-16,Salumbar,24.135,74.043,0.0,16.41,66.93,2.05,97.6
2025-12-17,Salumbar,24.135,74.043,0.0,16.97,60.83,1.62,97.68
2025-12-18,Salumbar,24.135,74.043,0.0,17.11,56.75,1.56,97.69
2025-12-19,Salumbar,24.135,74.043,0.0,17.94,57.5,1.49,97.47
2025-12-20,Salumbar,24.135,74.043,0.0,18.2,59.0,1.41,97.32
2025-12-21,Salumbar,24.135,74.043,0.0,17.26,59.27,1.71,97.43
2025-12-22,Salumbar,24.135,74.043,0.0,18.14,59.99,1.7,97.48
2025-12-23,Salumbar,24.135,74.043,0.0,18.8,60.06,1.23,97.44
2025-12-24,Salumbar,24.135,74.043,0.0,17.39,62.32,1.83,97.42
2025-12-25,Salumbar,24.135,74.043,0.0,16.99,63.61,1.49,97.42
2025-12-26,Salumbar,24.135,74.043,0.0,16.02,62.41,1.82,97.45
2025-12-27,Salumbar,24.135,74.043,0.0,15.93,59.56,1.7,97.47
2025-12-28,Salumbar,24.135,74.043,0.0,16.42,57.55,1.62,97.5
2025-12-29,Salumbar,24.135,74.043,0.0,17.17,58.56,1.55,97.46
2025-12-30,Salumbar,24.135,74.043,0.0,17.03,61.34,1.47,97.29
2025-12-31,Salumbar,24.135,74.043,0.04,17.6,64.44,1.46,97.09
2025-01-01,Sikar,27.6094,75.1399,0.0,13.77,39.08,1.14,97.15
2025-01-02,Sikar,27.6094,75.1399,0.0,15.28,40.34,1.07,97.11
2025-01-03,Sikar,27.6094,75.1399,0.0,16.92,47.05,1.65,97.04
2025-01-04,Sikar,27.6094,75.1399,0.0,17.46,48.71,2.39,96.77
2025-01-05,Sikar,27.6094,75.1399,0.0,16.63,55.38,2.24,96.71
2025-01-06,Sikar,27.6094,75.1399,0.0,13.55,52.88,2.18,96.99
2025-01-07,Sikar,27.6094,75.1399,0.0,11.52,44.11,1.87,97.16
2025-01-08,Sikar,27.6094,75.1399,0.0,14.18,27.47,1.67,96.96
2025-01-09,Sikar,27.6094,75.1399,0.0,14.8,33.91,1.69,97.01
2025-01-10,Sikar,27.6094,75.1399,0.0,14.11,46.77,3.15,97.08
2025-01-11,Sikar,27.6094,75.1399,6.76,11.48,74.8,1.93,96.99
2025-01-12,Sikar,27.6094,75.1399,0.08,12.24,70.1,1.76,97.17
2025-01-13,Sikar,27.6094,75.1399,0.0,11.2,73.41,1.42,97.23
2025-01-14,Sikar,27.6094,75.1399,0.0,13.0,62.3,1.43,97.15
2025-01-15,Sikar,27.6094,75.1399,0.67,13.07,63.01,2.09,97.17
2025-01-16,Sikar,27.6094,75.1399,0.37,12.95,64.81,1.8,97.28
2025-01-17,Sikar,27.6094,75.1399,0.0,11.67,61.38,1.84,97.33
2025-01-18,Sikar,27.6094,75.1399,0.0,13.06,52.72,1.79,97.04
2025-01-19,Sikar,27.6094,75.1399,0.0,16.72,55.81,2.5,96.94
2025-01-20,Sikar,27.6094,75.1399,0.0,16.2,52.39,1.62,96.91
2025-01-21,Sikar,27.6094,75.1399,0.0,15.67,43.65,1.48,96.78
2025-01-22,Sikar,27.6094,75.1399,0.0,16.38,50.97,1.62,96.67
2025-01-23,Sikar,27.6094,75.1399,0.0,15.32,52.87,2.02,96.88
2025-01-24,Sikar,27.6094,75.1399,0.0,14.53,40.37,1.88,96.99
2025-01-25,Sikar,27.6094,75.1399,0.0,14.69,26.47,1.73,96.95
2025-01-26,Sikar,27.6094,75.1399,0.0,15.62,19.63,1.37,96.87
2025-01-27,Sikar,27.6094,75.1399,0.0,16.82,18.41,1.16,96.71
2025-01-28,Sikar,27.6094,75.1399,0.0,17.41,22.74,1.25,96.6
2025-01-29,Sikar,27.6094,75.1399,0.0,18.44,31.28,2.19,96.62
2025-01-30,Sikar,27.6094,75.1399,0.0,16.45,33.57,2.2,96.41
2025-01-31,Sikar,27.6094,75.1399,0.0,17.36,31.26,1.55,96.38
2025-02-01,Sikar,27.6094,75.1399,0.0,16.32,38.6,1.49,96.62
2025-02-02,Sikar,27.6094,75.1399,0.0,15.54,45.88,1.78,96.84
2025-02-03,Sikar,27.6094,75.1399,0.01,17.61,38.93,1.89,96.71
2025-02-04,Sikar,27.6094,75.1399,0.34,17.42,41.2,1.63,96.75
2025-02-05,Sikar,27.6094,75.1399,0.0,15.14,33.32,1.89,96.93
2025-02-06,Sikar,27.6094,75.1399,0.0,14.72,32.74,1.77,97.1
2025-02-07,Sikar,27.6094,75.1399,0.0,14.37,28.11,1.9,97.11
2025-02-08,Sikar,27.6094,75.1399,0.0,16.91,22.89,1.32,96.94
2025-02-09,Sikar,27.6094,75.1399,0.0,19.03,22.65,1.37,96.74
2025-02-10,Sikar,27.6094,75.1399,0.0,20.03,27.9,1.61,96.69
2025-02-11,Sikar,27.6094,75.1399,0.0,20.8,27.57,1.68,96.66
2025-02-12,Sikar,27.6094,75.1399,0.0,17.87,34.52,2.15,96.88
2025-02-13,Sikar,27.6094,75.1399,0.0,17.91,28.69,1.68,96.94
2025-02-14,Sikar,27.6094,75.1399,0.0,21.12,23.53,1.66,96.7
2025-02-15,Sikar,27.6094,75.1399,0.0,21.89,32.34,2.31,96.35
2025-02-16,Sikar,27.6094,75.1399,0.0,19.99,34.83,1.78,96.56
2025-02-17,Sikar,27.6094,75.1399,0.05,21.33,36.36,2.6,96.79
2025-02-18,Sikar,27.6094,75.1399,0.25,21.32,40.17,2.02,96.76
2025-02-19,Sikar,27.6094,75.1399,1.59,21.61,40.2,1.82,96.6
2025-02-20,Sikar,27.6094,75.1399,0.02,21.25,43.42,3.62,96.57
2025-02-21,Sikar,27.6094,75.1399,0.0,18.19,43.63,2.37,97.03
2025-02-22,Sikar,27.6094,75.1399,0.0,18.06,44.3,2.24,97.05
2025-02-23,Sikar,27.6094,75.1399,0.0,19.62,41.64,1.42,97.06
2025-02-24,Sikar,27.6094,75.1399,0.0,20.2,38.08,1.33,97.18
2025-02-25,Sikar,27.6094,75.1399,0.0,22.57,36.74,2.16,97.13
2025-02-26,Sikar,27.6094,75.1399,0.0,23.94,31.97,2.03,97.13
2025-02-27,Sikar,27.6094,75.1399,0.0,22.57,38.71,2.28,96.78
2025-02-28,Sikar,27.6094,75.1399,4.28,21.1,53.7,1.74,96.51
2025-03-01,Sikar,27.6094,75.1399,0.99,21.28,56.94,2.3,96.57
2025-03-02,Sikar,27.6094,75.1399,1.03,20.49,48.45,2.3,96.63
2025-03-03,Sikar,27.6094,75.1399,0.0,22.13,35.81,3.62,96.43
2025-03-04,Sikar,27.6094,75.1399,0.0,17.92,27.02,3.75,96.82
2025-03-05,Sikar,27.6094,75.1399,0.0,16.07,28.66,3.25,96.99
2025-03-06,Sikar,27.6094,75.1399,0.0,19.69,20.73,2.48,96.71
2025-03-07,Sikar,27.6094,75.1399,0.0,22.62,22.43,1.98,96.46
2025-03-08,Sikar,27.6094,75.1399,0.0,23.38,23.0,1.72,96.33
2025-03-09,Sikar,27.6094,75.1399,0.0,24.6,25.04,2.18,96.47
2025-03-10,Sikar,27.6094,75.1399,0.0,25.2,27.78,1.87,96.8
2025-03-11,Sikar,27.6094,75.1399,0.0,26.43,27.28,1.96,96.69
2025-03-12,Sikar,27.6094,75.1399,0.0,26.48,31.34,2.09,96.38
2025-03-13,Sikar,27.6094,75.1399,2.49,27.58,35.08,1.89,96.14
2025-03-14,Sikar,27.6094,75.1399,0.62,26.72,35.11,1.97,96.16
2025-03-15,Sikar,27.6094,75.1399,0.06,24.51,39.52,2.69,96.35
2025-03-16,Sikar,27.6094,75.1399,0.05,23.11,37.45,2.48,96.63
2025-03-17,Sikar,27.6094,75.1399,0.19,22.96,33.04,2.14,96.69
2025-03-18,Sikar,27.6094,75.1399,0.0,23.61,27.62,1.63,96.68
2025-03-19,Sikar,27.6094,75.1399,0.0,24.56,23.69,2.1,96.67
2025-03-20,Sikar,27.6094,75.1399,0.0,25.36,23.42,2.61,96.81
2025-03-21,Sikar,27.6094,75.1399,0.0,25.56,26.17,1.88,96.84
2025-03-22,Sikar,27.6094,75.1399,0.0,25.39,23.48,2.53,96.68
2025-03-23,Sikar,27.6094,75.1399,0.0,25.31,19.75,1.79,96.78
2025-03-24,Sikar,27.6094,75.1399,0.0,26.96,17.54,2.23,96.67
2025-03-25,Sikar,27.6094,75.1399,0.0,28.38,17.99,1.94,96.31
2025-03-26,Sikar,27.6094,75.1399,0.0,28.76,20.38,2.54,96.1
2025-03-27,Sikar,27.6094,75.1399,0.0,26.93,20.47,3.87,96.16
2025-03-28,Sikar,27.6094,75.1399,0.0,22.23,11.14,3.18,96.48
2025-03-29,Sikar,27.6094,75.1399,0.0,20.92,13.32,2.53,96.53
2025-03-30,Sikar,27.6094,75.1399,0.0,24.15,12.92,1.79,96.5
2025-03-31,Sikar,27.6094,75.1399,0.0,25.82,13.43,1.95,96.51
2025-04-01,Sikar,27.6094,75.1399,0.0,26.5,15.17,1.91,96.39
2025-04-02,Sikar,27.6094,75.1399,0.0,28.14,12.73,1.75,96.39
2025-04-03,Sikar,27.6094,75.1399,0.0,29.1,17.65,2.98,96.43
2025-04-04,Sikar,27.6094,75.1399,0.0,29.06,16.9,2.6,96.49
2025-04-05,Sikar,27.6094,75.1399,0.0,28.48,21.1,2.5,96.36
2025-04-06,Sikar,27.6094,75.1399,0.0,31.59,17.69,2.02,96.13
2025-04-07,Sikar,27.6094,75.1399,0.0,32.2,17.77,1.85,96.15
2025-04-08,Sikar,27.6094,75.1399,0.0,33.11,17.63,1.66,96.3
2025-04-09,Sikar,27.6094,75.1399,0.0,33.56,17.91,3.23,96.16
2025-04-10,Sikar,27.6094,75.1399,0.1,31.73,18.06,2.41,95.8
2025-04-11,Sikar,27.6094,75.1399,0.04,29.76,26.36,3.42,95.69
2025-04-12,Sikar,27.6094,75.1399,0.08,30.1,30.01,2.73,95.97
2025-04-13,Sikar,27.6094,75.1399,0.17,30.59,28.78,2.09,96.19
2025-04-14,Sikar,27.6094,75.1399,0.0,31.77,23.97,1.84,96.14
2025-04-15,Sikar,27.6094,75.1399,0.0,31.66,25.85,2.88,96.17
2025-04-16,Sikar,27.6094,75.1399,0.0,32.96,25.09,2.02,96.07
2025-04-17,Sikar,27.6094,75.1399,0.0,34.36,21.65,2.42,95.81
2025-04-18,Sikar,27.6094,75.1399,0.13,34.75,19.03,4.03,95.71
2025-04-19,Sikar,27.6094,75.1399,0.0,32.71,17.5,4.58,95.71
2025-04-20,Sikar,27.6094,75.1399,0.0,32.02,20.0,4.0,95.82
2025-04-21,Sikar,27.6094,75.1399,0.0,30.53,9.54,2.8,96.2
2025-04-22,Sikar,27.6094,75.1399,0.0,30.21,8.2,2.31,96.33
2025-04-23,Sikar,27.6094,75.1399,0.0,30.53,7.46,2.62,96.11
2025-04-24,Sikar,27.6094,75.1399,0.0,31.78,10.54,3.16,95.86
2025-04-25,Sikar,27.6094,75.1399,0.0,32.58,13.5,3.02,95.9
2025-04-26,Sikar,27.6094,75.1399,0.0,32.6,12.9,2.28,95.87
2025-04-27,Sikar,27.6094,75.1399,0.0,33.51,12.29,1.39,96.0
2025-04-28,Sikar,27.6094,75.1399,0.0,33.31,13.08,2.11,95.84
2025-04-29,Sikar,27.6094,75.1399,0.0,33.11,14.46,2.67,95.84
2025-04-30,Sikar,27.6094,75.1399,0.0,33.42,18.11,3.06,95.94
2025-05-01,Sikar,27.6094,75.1399,0.06,33.71,25.86,3.78,96.03
2025-05-02,Sikar,27.6094,75.1399,2.4,32.68,32.45,3.66,96.11
2025-05-03,Sikar,27.6094,75.1399,0.68,33.21,34.29,4.74,95.87
2025-05-04,Sikar,27.6094,75.1399,10.16,31.93,34.89,3.39,95.81
2025-05-05,Sikar,27.6094,75.1399,0.36,29.55,47.03,2.25,95.94
2025-05-06,Sikar,27.6094,75.1399,0.43,29.46,40.88,1.74,95.89
2025-05-07,Sikar,27.6094,75.1399,0.25,27.97,50.12,2.16,95.91
2025-05-08,Sikar,27.6094,75.1399,2.09,29.7,44.88,2.79,95.93
2025-05-09,Sikar,27.6094,75.1399,2.56,30.6,44.5,1.05,96.04
2025-05-10,Sikar,27.6094,75.1399,0.0,32.09,38.49,1.58,96.02
2025-05-11,Sikar,27.6094,75.1399,0.34,34.25,32.78,1.96,95.89
2025-05-12,Sikar,27.6094,75.1399,4.8,33.95,33.57,2.75,95.83
2025-05-13,Sikar,27.6094,75.1399,9.95,32.11,50.97,2.62,95.9
2025-05-14,Sikar,27.6094,75.1399,0.03,34.46,33.61,2.75,95.9
2025-05-15,Sikar,27.6094,75.1399,0.0,34.64,25.83,3.07,95.89
2025-05-16,Sikar,27.6094,75.1399,0.0,35.5,24.73,4.2,95.76
2025-05-17,Sikar,27.6094,75.1399,0.0,36.0,29.32,5.31,95.75
2025-05-18,Sikar,27.6094,75.1399,0.0,36.82,29.71,4.83,95.73
2025-05-19,Sikar,27.6094,75.1399,0.0,37.13,29.11,4.69,95.68
2025-05-20,Sikar,27.6094,75.1399,0.0,36.96,24.58,4.65,95.57
2025-05-21,Sikar,27.6094,75.1399,0.0,37.24,22.34,3.64,95.55
2025-05-22,Sikar,27.6094,75.1399,0.0,37.17,25.58,2.76,95.5
2025-05-23,Sikar,27.6094,75.1399,0.0,36.85,26.28,3.42,95.28
2025-05-24,Sikar,27.6094,75.1399,0.16,37.54,28.85,4.15,95.25
2025-05-25,Sikar,27.6094,75.1399,6.44,34.54,41.86,4.74,95.59
2025-05-26,Sikar,27.6094,75.1399,0.0,34.5,41.55,3.04,95.5
2025-05-27,Sikar,27.6094,75.1399,0.0,35.29,37.94,2.4,95.33
2025-05-28,Sikar,27.6094,75.1399,0.01,36.67,34.5,3.35,95.22
2025-05-29,Sikar,27.6094,75.1399,0.27,36.8,33.08,2.9,95.09
2025-05-30,Sikar,27.6094,75.1399,1.42,35.37,32.06,2.93,95.05
2025-05-31,Sikar,27.6094,75.1399,0.71,34.41,29.2,5.07,95.29
2025-06-01,Sikar,27.6094,75.1399,1.96,33.37,38.6,4.98,95.42
2025-06-02,Sikar,27.6094,75.1399,9.86,32.29,45.43,3.74,95.4
2025-06-03,Sikar,27.6094,75.1399,11.67,29.21,61.12,3.24,95.59
2025-06-04,Sikar,27.6094,75.1399,0.32,31.02,46.74,3.48,95.83
2025-06-05,Sikar,27.6094,75.1399,0.13,32.67,38.7,2.21,96.08
2025-06-06,Sikar,27.6094,75.1399,0.54,34.58,35.02,3.04,96.0
2025-06-07,Sikar,27.6094,75.1399,0.0,36.19,29.11,2.64,95.87
2025-06-08,Sikar,27.6094,75.1399,0.0,36.63,24.68,3.99,95.78
2025-06-09,Sikar,27.6094,75.1399,0.0,36.57,19.51,5.31,95.69
2025-06-10,Sikar,27.6094,75.1399,0.0,36.87,23.47,4.59,95.59
2025-06-11,Sikar,27.6094,75.1399,0.0,37.31,22.67,3.11,95.58
2025-06-12,Sikar,27.6094,75.1399,0.0,38.4,20.27,1.62,95.45
2025-06-13,Sikar,27.6094,75.1399,0.0,39.23,24.28,3.02,95.38
2025-06-14,Sikar,27.6094,75.1399,0.17,39.36,26.03,3.1,95.28
2025-06-15,Sikar,27.6094,75.1399,0.92,37.64,31.35,3.06,95.18
2025-06-16,Sikar,27.6094,75.1399,10.42,33.43,52.55,3.22,95.23
2025-06-17,Sikar,27.6094,75.1399,20.88,29.75,74.77,2.5,95.37
2025-06-18,Sikar,27.6094,75.1399,3.95,30.91,65.15,2.16,95.17
2025-06-19,Sikar,27.6094,75.1399,2.01,32.48,57.66,2.54,95.07
2025-06-20,Sikar,27.6094,75.1399,7.08,30.65,68.87,2.65,95.33
2025-06-21,Sikar,27.6094,75.1399,8.37,31.38,65.41,1.2,95.45
2025-06-22,Sikar,27.6094,75.1399,2.33,32.78,60.96,1.53,95.36
2025-06-23,Sikar,27.6094,75.1399,8.97,32.3,63.73,2.41,95.18
2025-06-24,Sikar,27.6094,75.1399,15.25,31.68,68.69,2.35,95.14
2025-06-25,Sikar,27.6094,75.1399,3.57,31.34,70.95,2.85,95.31
2025-06-26,Sikar,27.6094,75.1399,6.88,31.88,65.73,3.55,95.49
2025-06-27,Sikar,27.6094,75.1399,7.1,31.21,68.41,2.95,95.42
2025-06-28,Sikar,27.6094,75.1399,1.63,31.36,65.7,2.06,95.33
2025-06-29,Sikar,27.6094,75.1399,6.29,31.59,65.41,2.85,95.17
2025-06-30,Sikar,27.6094,75.1399,9.7,30.37,68.62,3.43,95.19
2025-07-01,Sikar,27.6094,75.1399,4.46,31.18,66.17,2.56,95.31
2025-07-02,Sikar,27.6094,75.1399,9.16,31.07,68.01,2.67,95.27
2025-07-03,Sikar,27.6094,75.1399,1.51,31.07,70.17,2.93,95.33
2025-07-04,Sikar,27.6094,75.1399,2.28,30.86,70.04,2.07,95.41
2025-07-05,Sikar,27.6094,75.1399,8.48,30.94,70.21,2.24,95.36
2025-07-06,Sikar,27.6094,75.1399,32.37,29.34,81.87,1.7,95.31
2025-07-07,Sikar,27.6094,75.1399,5.08,27.65,83.79,2.49,95.39
2025-07-08,Sikar,27.6094,75.1399,1.25,29.83,71.21,2.49,95.47
2025-07-09,Sikar,27.6094,75.1399,21.61,29.22,77.3,2.55,95.52
2025-07-10,Sikar,27.6094,75.1399,24.76,28.23,81.62,2.36,95.61
2025-07-11,Sikar,27.6094,75.1399,3.31,28.75,77.56,1.37,95.64
2025-07-12,Sikar,27.6094,75.1399,10.0,27.72,85.19,1.24,95.61
2025-07-13,Sikar,27.6094,75.1399,9.69,29.09,76.65,1.39,95.55
2025-07-14,Sikar,27.6094,75.1399,16.53,27.73,85.16,2.61,95.28
2025-07-15,Sikar,27.6094,75.1399,15.83,27.91,84.86,2.77,95.13
2025-07-16,Sikar,27.6094,75.1399,1.32,29.18,75.11,2.74,95.43
2025-07-17,Sikar,27.6094,75.1399,9.05,28.5,77.51,1.67,95.64
2025-07-18,Sikar,27.6094,75.1399,20.73,28.16,84.11,3.42,95.49
2025-07-19,Sikar,27.6094,75.1399,13.71,27.92,83.0,2.97,95.1
2025-07-20,Sikar,27.6094,75.1399,0.36,28.58,76.93,3.47,95.29
2025-07-21,Sikar,27.6094,75.1399,0.64,28.42,78.78,2.38,95.53
2025-07-22,Sikar,27.6094,75.1399,4.65,29.33,78.29,2.89,95.46
2025-07-23,Sikar,27.6094,75.1399,0.58,29.53,73.86,3.68,95.23
2025-07-24,Sikar,27.6094,75.1399,0.01,29.93,70.13,3.44,95.15
2025-07-25,Sikar,27.6094,75.1399,5.78,30.07,72.06,3.01,95.15
2025-07-26,Sikar,27.6094,75.1399,14.61,29.77,79.75,1.44,95.16
2025-07-27,Sikar,27.6094,75.1399,2.43,30.73,71.8,1.46,95.15
2025-07-28,Sikar,27.6094,75.1399,10.38,29.92,74.67,2.58,95.15
2025-07-29,Sikar,27.6094,75.1399,1.42,29.97,72.92,3.07,95.21
2025-07-30,Sikar,27.6094,75.1399,4.03,28.67,75.91,2.1,95.29
2025-07-31,Sikar,27.6094,75.1399,22.37,26.07,91.02,3.17,95.43
2025-08-01,Sikar,27.6094,75.1399,10.02,27.06,84.36,3.31,95.56
2025-08-02,Sikar,27.6094,75.1399,0.96,28.47,75.4,3.74,95.61
2025-08-03,Sikar,27.6094,75.1399,0.01,29.04,72.07,3.76,95.74
2025-08-04,Sikar,27.6094,75.1399,0.0,29.19,71.34,4.05,95.81
2025-08-05,Sikar,27.6094,75.1399,0.0,28.26,74.71,4.19,95.81
2025-08-06,Sikar,27.6094,75.1399,0.0,28.48,71.25,3.44,95.87
2025-08-07,Sikar,27.6094,75.1399,0.0,29.07,70.46,3.55,95.81
2025-08-08,Sikar,27.6094,75.1399,0.19,29.39,67.19,3.33,95.86
2025-08-09,Sikar,27.6094,75.1399,2.33,29.13,68.37,2.44,96.05
2025-08-10,Sikar,27.6094,75.1399,0.2,29.42,67.39,2.55,95.91
2025-08-11,Sikar,27.6094,75.1399,0.07,29.36,67.22,3.63,95.84
2025-08-12,Sikar,27.6094,75.1399,0.0,29.56,67.04,3.56,95.72
2025-08-13,Sikar,27.6094,75.1399,0.03,29.0,71.9,2.69,95.64
2025-08-14,Sikar,27.6094,75.1399,2.8,27.28,79.84,1.23,95.84
2025-08-15,Sikar,27.6094,75.1399,0.28,28.81,74.69,1.62,95.74
2025-08-16,Sikar,27.6094,75.1399,0.87,29.42,75.48,2.23,95.56
2025-08-17,Sikar,27.6094,75.1399,0.09,29.96,73.49,3.48,95.64
2025-08-18,Sikar,27.6094,75.1399,0.01,29.44,75.0,3.39,95.79
2025-08-19,Sikar,27.6094,75.1399,0.04,29.57,72.92,2.86,95.68
2025-08-20,Sikar,27.6094,75.1399,2.39,29.5,73.59,3.08,95.61
2025-08-21,Sikar,27.6094,75.1399,4.93,28.27,79.52,2.0,95.64
2025-08-22,Sikar,27.6094,75.1399,6.69,28.12,81.59,2.16,95.49
2025-08-23,Sikar,27.6094,75.1399,25.91,26.82,88.5,2.21,95.51
2025-08-24,Sikar,27.6094,75.1399,40.93,27.71,83.62,1.03,95.53
2025-08-25,Sikar,27.6094,75.1399,3.29,28.34,81.12,1.19,95.4
2025-08-26,Sikar,27.6094,75.1399,0.68,28.66,76.64,1.7,95.62
2025-08-27,Sikar,27.6094,75.1399,1.82,29.36,73.77,1.41,95.71
2025-08-28,Sikar,27.6094,75.1399,2.1,29.58,74.49,1.34,95.65
2025-08-29,Sikar,27.6094,75.1399,8.51,28.07,85.86,1.91,95.71
2025-08-30,Sikar,27.6094,75.1399,12.05,27.38,87.25,2.03,95.87
2025-08-31,Sikar,27.6094,75.1399,69.03,27.16,89.78,1.16,95.65
2025-09-01,Sikar,27.6094,75.1399,22.19,26.09,87.64,1.91,95.36
2025-09-02,Sikar,27.6094,75.1399,6.11,26.92,82.78,2.4,95.52
2025-09-03,Sikar,27.6094,75.1399,6.27,27.5,80.77,1.52,95.77
2025-09-04,Sikar,27.6094,75.1399,15.36,26.6,85.78,2.09,95.85
2025-09-05,Sikar,27.6094,75.1399,10.85,26.68,86.24,3.47,95.78
2025-09-06,Sikar,27.6094,75.1399,10.44,27.18,86.38,4.04,95.7
2025-09-07,Sikar,27.6094,75.1399,3.22,26.78,84.12,4.25,95.76
2025-09-08,Sikar,27.6094,75.1399,0.22,26.63,82.25,3.13,95.97
2025-09-09,Sikar,27.6094,75.1399,0.0,27.12,78.2,1.94,96.25
2025-09-10,Sikar,27.6094,75.1399,0.0,26.69,76.57,3.09,96.22
2025-09-11,Sikar,27.6094,75.1399,0.0,26.09,78.59,3.47,96.13
2025-09-12,Sikar,27.6094,75.1399,0.0,26.56,77.8,2.54,96.24
2025-09-13,Sikar,27.6094,75.1399,0.0,27.33,73.72,1.72,96.23
2025-09-14,Sikar,27.6094,75.1399,0.02,28.13,73.0,2.01,96.18
2025-09-15,Sikar,27.6094,75.1399,0.01,27.5,72.82,2.58,96.0
2025-09-16,Sikar,27.6094,75.1399,0.0,27.98,73.91,1.79,95.98
2025-09-17,Sikar,27.6094,75.1399,0.0,29.01,70.61,1.64,96.0
2025-09-18,Sikar,27.6094,75.1399,0.2,28.65,71.5,1.87,96.03
2025-09-19,Sikar,27.6094,75.1399,0.08,28.79,68.72,1.62,96.12
2025-09-20,Sikar,27.6094,75.1399,0.17,28.5,68.26,1.83,96.11
2025-09-21,Sikar,27.6094,75.1399,0.0,28.52,63.83,1.78,96.04
2025-09-22,Sikar,27.6094,75.1399,0.0,27.94,65.23,2.06,96.09
2025-09-23,Sikar,27.6094,75.1399,0.0,27.62,66.12,2.32,96.06
2025-09-24,Sikar,27.6094,75.1399,0.0,27.42,69.14,2.58,95.95
2025-09-25,Sikar,27.6094,75.1399,0.0,27.47,67.38,1.89,95.99
2025-09-26,Sikar,27.6094,75.1399,0.0,28.02,58.8,1.74,96.11
2025-09-27,Sikar,27.6094,75.1399,0.0,28.58,60.76,1.96,96.22
2025-09-28,Sikar,27.6094,75.1399,0.0,28.63,73.01,3.12,96.08
2025-09-29,Sikar,27.6094,75.1399,1.08,28.25,76.93,2.71,95.92
2025-09-30,Sikar,27.6094,75.1399,5.76,26.98,84.9,2.12,95.8
2025-10-01,Sikar,27.6094,75.1399,5.98,26.62,81.58,1.24,95.81
2025-10-02,Sikar,27.6094,75.1399,1.53,27.0,76.67,1.42,96.1
2025-10-03,Sikar,27.6094,75.1399,0.33,26.21,80.21,1.83,96.4
2025-10-04,Sikar,27.6094,75.1399,0.01,27.91,69.69,1.52,96.29
2025-10-05,Sikar,27.6094,75.1399,0.57,26.78,74.13,2.83,96.21
2025-10-06,Sikar,27.6094,75.1399,33.3,24.76,86.27,2.66,96.26
2025-10-07,Sikar,27.6094,75.1399,6.42,23.16,78.31,2.21,96.34
2025-10-08,Sikar,27.6094,75.1399,0.09,21.74,69.2,1.44,96.62
2025-10-09,Sikar,27.6094,75.1399,0.0,22.77,58.27,1.19,96.76
2025-10-10,Sikar,27.6094,75.1399,0.0,23.55,52.24,1.13,96.61
2025-10-11,Sikar,27.6094,75.1399,0.0,23.25,54.99,1.36,96.61
2025-10-12,Sikar,27.6094,75.1399,0.0,23.7,54.35,1.47,96.57
2025-10-13,Sikar,27.6094,75.1399,0.0,24.31,46.9,1.1,96.63
2025-10-14,Sikar,27.6094,75.1399,0.0,23.27,54.9,1.18,96.53
2025-10-15,Sikar,27.6094,75.1399,0.0,22.85,59.2,1.46,96.52
2025-10-16,Sikar,27.6094,75.1399,0.0,24.22,48.39,0.77,96.53
2025-10-17,Sikar,27.6094,75.1399,0.0,24.74,43.7,0.84,96.66
2025-10-18,Sikar,27.6094,75.1399,0.0,24.41,44.63,1.02,96.58
2025-10-19,Sikar,27.6094,75.1399,0.0,23.03,53.08,1.62,96.51
2025-10-20,Sikar,27.6094,75.1399,0.0,23.16,54.8,1.66,96.53
2025-10-21,Sikar,27.6094,75.1399,0.0,24.22,54.58,1.01,96.68
2025-10-22,Sikar,27.6094,75.1399,0.0,25.21,48.2,1.18,96.74
2025-10-23,Sikar,27.6094,75.1399,0.0,23.72,48.74,1.33,96.67
2025-10-24,Sikar,27.6094,75.1399,0.0,23.42,47.45,1.34,96.63
2025-10-25,Sikar,27.6094,75.1399,0.0,23.3,48.7,1.49,96.55
2025-10-26,Sikar,27.6094,75.1399,0.01,22.45,59.77,1.9,96.62
2025-10-27,Sikar,27.6094,75.1399,3.12,22.54,74.35,2.62,96.69
2025-10-28,Sikar,27.6094,75.1399,0.7,20.75,79.18,2.74,96.74
2025-10-29,Sikar,27.6094,75.1399,0.05,22.22,69.01,2.04,96.61
2025-10-30,Sikar,27.6094,75.1399,0.51,22.34,77.6,2.2,96.57
2025-10-31,Sikar,27.6094,75.1399,0.01,23.87,65.27,1.04,96.53
2025-11-01,Sikar,27.6094,75.1399,0.0,23.99,51.84,0.96,96.55
2025-11-02,Sikar,27.6094,75.1399,0.0,24.09,40.23,0.98,96.59
2025-11-03,Sikar,27.6094,75.1399,0.51,23.23,41.43,1.83,96.4
2025-11-04,Sikar,27.6094,75.1399,2.6,22.63,67.4,1.53,96.3
2025-11-05,Sikar,27.6094,75.1399,0.0,19.51,56.1,2.33,96.47
2025-11-06,Sikar,27.6094,75.1399,0.0,18.29,41.23,1.78,96.71
2025-11-07,Sikar,27.6094,75.1399,0.0,19.22,26.13,1.26,96.86
2025-11-08,Sikar,27.6094,75.1399,0.0,19.82,28.57,1.25,96.89
2025-11-09,Sikar,27.6094,75.1399,0.0,19.62,32.9,1.2,96.76
2025-11-10,Sikar,27.6094,75.1399,0.0,19.57,35.37,1.27,96.7
2025-11-11,Sikar,27.6094,75.1399,0.0,19.71,39.65,0.99,96.82
2025-11-12,Sikar,27.6094,75.1399,0.0,20.26,32.06,1.18,96.91
2025-11-13,Sikar,27.6094,75.1399,0.0,19.43,30.31,1.37,97.06
2025-11-14,Sikar,27.6094,75.1399,0.0,19.01,30.86,1.29,97.04
2025-11-15,Sikar,27.6094,75.1399,0.0,18.94,29.29,1.08,97.14
2025-11-16,Sikar,27.6094,75.1399,0.0,18.33,32.06,1.53,97.32
2025-11-17,Sikar,27.6094,75.1399,0.0,18.47,30.94,1.28,97.21
2025-11-18,Sikar,27.6094,75.1399,0.0,18.07,37.86,1.42,97.03
2025-11-19,Sikar,27.6094,75.1399,0.0,19.27,34.28,1.2,96.96
2025-11-20,Sikar,27.6094,75.1399,0.0,18.52,50.08,1.08,97.01
2025-11-21,Sikar,27.6094,75.1399,0.0,18.37,55.94,1.41,97.11
2025-11-22,Sikar,27.6094,75.1399,0.0,18.13,54.29,1.11,96.99
2025-11-23,Sikar,27.6094,75.1399,0.0,17.99,57.62,1.17,96.98
2025-11-24,Sikar,27.6094,75.1399,0.0,17.52,51.54,1.56,97.09
2025-11-25,Sikar,27.6094,75.1399,0.0,16.52,49.54,1.43,97.11
2025-11-26,Sikar,27.6094,75.1399,0.0,16.26,40.22,1.85,97.08
2025-11-27,Sikar,27.6094,75.1399,0.01,17.34,52.74,1.79,97.16
2025-11-28,Sikar,27.6094,75.1399,0.09,17.97,61.08,0.84,97.1
2025-11-29,Sikar,27.6094,75.1399,0.0,18.75,55.16,1.17,96.95
2025-11-30,Sikar,27.6094,75.1399,0.0,17.6,43.45,1.38,96.89
2025-12-01,Sikar,27.6094,75.1399,0.0,18.37,46.88,1.35,96.78
2025-12-02,Sikar,27.6094,75.1399,0.0,16.82,48.96,1.72,96.8
2025-12-03,Sikar,27.6094,75.1399,0.0,15.13,35.53,1.31,97.16
2025-12-04,Sikar,27.6094,75.1399,0.0,15.51,29.94,1.29,97.24
2025-12-05,Sikar,27.6094,75.1399,0.0,15.83,28.39,1.23,97.35
2025-12-06,Sikar,27.6094,75.1399,0.0,16.12,29.83,1.39,97.31
2025-12-07,Sikar,27.6094,75.1399,0.0,17.35,28.56,1.22,97.22
2025-12-08,Sikar,27.6094,75.1399,0.0,17.95,31.0,1.38,97.23
2025-12-09,Sikar,27.6094,75.1399,0.0,17.88,30.06,1.45,97.19
2025-12-10,Sikar,27.6094,75.1399,0.0,17.57,30.15,1.36,97.15
2025-12-11,Sikar,27.6094,75.1399,0.0,18.82,26.67,1.17,97.05
2025-12-12,Sikar,27.6094,75.1399,0.0,18.78,26.68,1.07,96.95
2025-12-13,Sikar,27.6094,75.1399,0.0,19.02,30.67,1.16,97.0
2025-12-14,Sikar,27.6094,75.1399,0.0,18.57,41.66,1.1,97.11
2025-12-15,Sikar,27.6094,75.1399,0.0,18.75,37.55,1.02,97.12
2025-12-16,Sikar,27.6094,75.1399,0.0,17.46,33.4,1.28,97.1
2025-12-17,Sikar,27.6094,75.1399,0.0,17.94,32.8,1.21,97.17
2025-12-18,Sikar,27.6094,75.1399,0.0,17.71,35.13,1.05,97.19
2025-12-19,Sikar,27.6094,75.1399,0.0,18.62,29.14,1.04,96.98
2025-12-20,Sikar,27.6094,75.1399,0.0,18.86,29.86,1.05,96.78
2025-12-21,Sikar,27.6094,75.1399,0.0,18.78,46.63,1.33,96.9
2025-12-22,Sikar,27.6094,75.1399,0.0,19.93,48.78,0.93,96.97
2025-12-23,Sikar,27.6094,75.1399,0.0,17.27,53.75,2.06,96.96
2025-12-24,Sikar,27.6094,75.1399,0.0,13.89,43.9,1.94,96.96
2025-12-25,Sikar,27.6094,75.1399,0.0,15.15,32.24,0.9,96.96
2025-12-26,Sikar,27.6094,75.1399,0.0,14.94,35.03,1.27,97.0
2025-12-27,Sikar,27.6094,75.1399,0.0,15.7,30.31,1.11,97.01
2025-12-28,Sikar,27.6094,75.1399,0.0,15.7,32.19,1.25,97.04
2025-12-29,Sikar,27.6094,75.1399,0.0,15.96,35.8,1.05,96.98
2025-12-30,Sikar,27.6094,75.1399,0.0,15.88,49.99,1.5,96.75
2025-12-31,Sikar,27.6094,75.1399,0.12,15.21,60.1,2.03,96.49
2025-01-01,Sirohi,24.885,72.858,0.0,19.34,27.15,1.44,97.09
2025-01-02,Sirohi,24.885,72.858,0.0,20.69,27.99,1.27,97.09
2025-01-03,Sirohi,24.885,72.858,0.0,21.84,27.98,1.72,97.03
2025-01-04,Sirohi,24.885,72.858,0.0,21.08,33.35,1.96,96.82
2025-01-05,Sirohi,24.885,72.858,0.0,18.52,41.79,1.62,96.8
2025-01-06,Sirohi,24.885,72.858,0.0,14.47,35.33,2.34,97.04
2025-01-07,Sirohi,24.885,72.858,0.0,13.71,30.4,2.22,97.19
2025-01-08,Sirohi,24.885,72.858,0.0,15.92,24.24,1.56,97.01
2025-01-09,Sirohi,24.885,72.858,0.0,18.2,21.76,1.57,96.93
2025-01-10,Sirohi,24.885,72.858,0.0,18.74,30.42,2.35,96.96
2025-01-11,Sirohi,24.885,72.858,0.23,18.66,43.79,1.51,96.92
2025-01-12,Sirohi,24.885,72.858,0.0,16.43,47.96,1.75,97.18
2025-01-13,Sirohi,24.885,72.858,0.0,14.03,47.95,2.0,97.19
2025-01-14,Sirohi,24.885,72.858,0.0,14.71,40.49,1.85,97.08
2025-01-15,Sirohi,24.885,72.858,0.0,17.06,41.62,2.3,97.05
2025-01-16,Sirohi,24.885,72.858,0.0,14.63,41.39,2.56,97.29
2025-01-17,Sirohi,24.885,72.858,0.0,15.53,37.68,2.52,97.19
2025-01-18,Sirohi,24.885,72.858,0.0,18.78,46.23,2.03,96.96
2025-01-19,Sirohi,24.885,72.858,0.0,20.2,45.94,1.86,96.97
2025-01-20,Sirohi,24.885,72.858,0.0,20.04,36.38,1.67,96.93
2025-01-21,Sirohi,24.885,72.858,0.0,19.44,32.59,1.42,96.8
2025-01-22,Sirohi,24.885,72.858,0.0,18.81,29.71,1.74,96.73
2025-01-23,Sirohi,24.885,72.858,0.0,16.46,34.8,2.05,96.91
2025-01-24,Sirohi,24.885,72.858,0.0,16.62,31.13,2.33,96.97
2025-01-25,Sirohi,24.885,72.858,0.0,17.02,25.35,1.7,96.96
2025-01-26,Sirohi,24.885,72.858,0.0,18.62,19.47,1.35,96.84
2025-01-27,Sirohi,24.885,72.858,0.0,19.77,18.53,1.7,96.69
2025-01-28,Sirohi,24.885,72.858,0.0,21.66,15.34,1.65,96.6
2025-01-29,Sirohi,24.885,72.858,0.0,22.89,12.26,1.78,96.71
2025-01-30,Sirohi,24.885,72.858,0.0,20.55,20.73,1.73,96.56
2025-01-31,Sirohi,24.885,72.858,0.0,19.02,24.07,1.73,96.5
2025-02-01,Sirohi,24.885,72.858,0.0,18.56,22.39,2.03,96.68
2025-02-02,Sirohi,24.885,72.858,0.0,18.02,24.25,1.38,96.81
2025-02-03,Sirohi,24.885,72.858,0.0,19.87,24.61,2.14,96.72
2025-02-04,Sirohi,24.885,72.858,0.0,19.23,23.71,2.04,96.85
2025-02-05,Sirohi,24.885,72.858,0.0,16.5,22.27,1.96,96.96
2025-02-06,Sirohi,24.885,72.858,0.0,17.31,21.09,1.99,97.04
2025-02-07,Sirohi,24.885,72.858,0.0,18.58,18.48,1.97,97.06
2025-02-08,Sirohi,24.885,72.858,0.0,21.19,14.63,1.41,96.9
2025-02-09,Sirohi,24.885,72.858,0.0,21.94,11.46,1.68,96.76
2025-02-10,Sirohi,24.885,72.858,0.0,22.5,14.36,1.85,96.8
2025-02-11,Sirohi,24.885,72.858,0.0,21.36,25.85,2.09,96.83
2025-02-12,Sirohi,24.885,72.858,0.0,21.07,27.8,1.81,96.98
2025-02-13,Sirohi,24.885,72.858,0.0,22.51,15.25,1.67,96.99
2025-02-14,Sirohi,24.885,72.858,0.0,23.79,16.86,2.01,96.84
2025-02-15,Sirohi,24.885,72.858,0.0,23.08,28.85,2.96,96.57
2025-02-16,Sirohi,24.885,72.858,0.0,23.88,31.25,2.04,96.64
2025-02-17,Sirohi,24.885,72.858,0.0,24.96,28.86,1.86,96.76
2025-02-18,Sirohi,24.885,72.858,0.0,24.94,27.46,1.96,96.78
2025-02-19,Sirohi,24.885,72.858,0.0,23.85,30.51,1.89,96.64
2025-02-20,Sirohi,24.885,72.858,0.0,22.87,35.3,2.67,96.72
2025-02-21,Sirohi,24.885,72.858,0.0,22.05,23.9,1.77,97.02
2025-02-22,Sirohi,24.885,72.858,0.0,22.47,21.47,1.9,97.04
2025-02-23,Sirohi,24.885,72.858,0.0,23.16,23.66,1.58,97.04
2025-02-24,Sirohi,24.885,72.858,0.0,23.64,24.28,1.44,97.11
2025-02-25,Sirohi,24.885,72.858,0.0,25.83,22.36,1.45,97.15
2025-02-26,Sirohi,24.885,72.858,0.0,27.5,19.9,1.74,97.13
2025-02-27,Sirohi,24.885,72.858,0.0,26.22,22.76,2.45,96.83
2025-02-28,Sirohi,24.885,72.858,0.0,24.41,36.2,2.73,96.65
2025-03-01,Sirohi,24.885,72.858,0.0,23.96,37.21,2.75,96.68
2025-03-02,Sirohi,24.885,72.858,0.0,24.56,32.88,1.38,96.62
2025-03-03,Sirohi,24.885,72.858,0.0,24.28,32.76,3.03,96.66
2025-03-04,Sirohi,24.885,72.858,0.0,20.13,19.29,2.86,96.97
2025-03-05,Sirohi,24.885,72.858,0.0,19.05,11.99,2.7,97.1
2025-03-06,Sirohi,24.885,72.858,0.0,23.98,9.71,1.99,96.88
2025-03-07,Sirohi,24.885,72.858,0.0,25.94,16.54,1.83,96.62
2025-03-08,Sirohi,24.885,72.858,0.0,28.0,20.6,1.21,96.37
2025-03-09,Sirohi,24.885,72.858,0.0,29.19,16.87,1.71,96.49
2025-03-10,Sirohi,24.885,72.858,0.0,30.37,13.72,1.28,96.79
2025-03-11,Sirohi,24.885,72.858,0.0,29.66,15.49,2.11,96.77
2025-03-12,Sirohi,24.885,72.858,0.0,28.62,18.11,2.57,96.53
2025-03-13,Sirohi,24.885,72.858,0.0,28.21,23.99,2.9,96.32
2025-03-14,Sirohi,24.885,72.858,0.0,28.0,27.91,3.37,96.35
2025-03-15,Sirohi,24.885,72.858,0.0,26.75,29.88,3.15,96.51
2025-03-16,Sirohi,24.885,72.858,0.0,26.02,28.75,1.92,96.63
2025-03-17,Sirohi,24.885,72.858,0.0,25.09,23.5,1.82,96.7
2025-03-18,Sirohi,24.885,72.858,0.0,26.45,17.4,1.55,96.63
2025-03-19,Sirohi,24.885,72.858,0.0,27.06,15.39,1.95,96.65
2025-03-20,Sirohi,24.885,72.858,0.0,26.49,18.88,1.45,96.78
2025-03-21,Sirohi,24.885,72.858,0.06,26.93,22.81,2.08,96.83
2025-03-22,Sirohi,24.885,72.858,0.0,28.34,20.04,1.67,96.75
2025-03-23,Sirohi,24.885,72.858,0.0,29.5,14.95,1.54,96.79
2025-03-24,Sirohi,24.885,72.858,0.0,29.39,14.82,1.48,96.76
2025-03-25,Sirohi,24.885,72.858,0.0,28.96,14.84,2.07,96.44
2025-03-26,Sirohi,24.885,72.858,0.0,28.25,20.71,3.05,96.27
2025-03-27,Sirohi,24.885,72.858,0.0,26.35,21.21,3.1,96.39
2025-03-28,Sirohi,24.885,72.858,0.0,23.34,8.0,2.37,96.59
2025-03-29,Sirohi,24.885,72.858,0.0,23.95,6.4,2.1,96.54
2025-03-30,Sirohi,24.885,72.858,0.0,26.14,7.42,1.97,96.53
2025-03-31,Sirohi,24.885,72.858,0.0,27.62,8.13,1.95,96.53
2025-04-01,Sirohi,24.885,72.858,0.0,28.38,9.5,2.05,96.4
2025-04-02,Sirohi,24.885,72.858,0.0,29.39,9.58,1.93,96.36
2025-04-03,Sirohi,24.885,72.858,0.0,30.32,9.6,2.24,96.5
2025-04-04,Sirohi,24.885,72.858,0.0,30.33,11.6,2.26,96.6
2025-04-05,Sirohi,24.885,72.858,0.0,30.8,13.37,2.26,96.49
2025-04-06,Sirohi,24.885,72.858,0.0,32.18,12.23,2.8,96.3
2025-04-07,Sirohi,24.885,72.858,0.0,32.08,15.79,3.04,96.34
2025-04-08,Sirohi,24.885,72.858,0.0,32.49,15.69,2.92,96.5
2025-04-09,Sirohi,24.885,72.858,0.0,32.47,13.86,3.08,96.44
2025-04-10,Sirohi,24.885,72.858,0.0,32.22,17.65,3.65,96.04
2025-04-11,Sirohi,24.885,72.858,0.0,30.63,23.46,3.84,95.88
2025-04-12,Sirohi,24.885,72.858,2.32,30.65,32.95,3.61,96.12
2025-04-13,Sirohi,24.885,72.858,0.0,31.45,24.11,4.13,96.33
2025-04-14,Sirohi,24.885,72.858,0.0,31.81,22.79,3.81,96.27
2025-04-15,Sirohi,24.885,72.858,0.0,32.65,30.3,2.74,96.16
2025-04-16,Sirohi,24.885,72.858,0.0,33.4,24.66,2.15,96.13
2025-04-17,Sirohi,24.885,72.858,0.0,33.31,24.75,3.68,96.06
2025-04-18,Sirohi,24.885,72.858,0.0,32.99,23.81,4.28,96.05
2025-04-19,Sirohi,24.885,72.858,0.0,31.58,19.72,4.77,95.99
2025-04-20,Sirohi,24.885,72.858,0.0,29.81,28.65,3.42,96.12
2025-04-21,Sirohi,24.885,72.858,0.0,30.52,16.66,2.88,96.4
2025-04-22,Sirohi,24.885,72.858,0.0,31.8,7.73,2.06,96.51
2025-04-23,Sirohi,24.885,72.858,0.0,31.69,7.64,2.24,96.32
2025-04-24,Sirohi,24.885,72.858,0.0,31.57,11.39,2.84,96.14
2025-04-25,Sirohi,24.885,72.858,0.0,32.01,15.54,2.85,96.15
2025-04-26,Sirohi,24.885,72.858,0.0,31.91,18.56,3.43,96.1
2025-04-27,Sirohi,24.885,72.858,0.0,32.64,19.02,2.85,96.16
2025-04-28,Sirohi,24.885,72.858,0.0,34.4,20.31,3.42,95.97
2025-04-29,Sirohi,24.885,72.858,0.0,34.17,20.85,3.25,95.92
2025-04-30,Sirohi,24.885,72.858,0.0,34.48,16.83,3.47,96.03
2025-05-01,Sirohi,24.885,72.858,0.0,33.26,17.75,3.49,96.15
2025-05-02,Sirohi,24.885,72.858,0.03,33.78,17.14,3.41,96.18
2025-05-03,Sirohi,24.885,72.858,0.0,33.63,23.24,2.82,96.04
2025-05-04,Sirohi,24.885,72.858,2.95,32.17,32.13,2.55,95.99
2025-05-05,Sirohi,24.885,72.858,11.14,31.11,41.92,2.87,95.99
2025-05-06,Sirohi,24.885,72.858,15.99,25.74,67.98,2.79,96.1
2025-05-07,Sirohi,24.885,72.858,2.79,25.75,67.18,1.87,96.03
2025-05-08,Sirohi,24.885,72.858,7.24,26.9,67.15,2.37,96.08
2025-05-09,Sirohi,24.885,72.858,0.07,28.6,61.86,1.97,96.24
2025-05-10,Sirohi,24.885,72.858,0.0,29.69,55.86,1.84,96.26
2025-05-11,Sirohi,24.885,72.858,0.14,30.78,54.37,2.01,96.16
2025-05-12,Sirohi,24.885,72.858,9.29,30.39,56.03,2.48,96.08
2025-05-13,Sirohi,24.885,72.858,0.27,30.81,56.23,2.11,96.1
2025-05-14,Sirohi,24.885,72.858,0.0,31.84,51.73,1.74,96.11
2025-05-15,Sirohi,24.885,72.858,0.0,32.06,47.4,2.04,96.13
2025-05-16,Sirohi,24.885,72.858,0.0,32.38,48.14,2.74,96.05
2025-05-17,Sirohi,24.885,72.858,0.02,32.57,48.96,3.26,96.01
2025-05-18,Sirohi,24.885,72.858,0.0,33.65,49.18,2.93,95.98
2025-05-19,Sirohi,24.885,72.858,0.01,34.92,43.13,3.12,95.9
2025-05-20,Sirohi,24.885,72.858,0.79,35.86,39.29,2.92,95.83
2025-05-21,Sirohi,24.885,72.858,0.18,35.94,36.87,3.0,95.81
2025-05-22,Sirohi,24.885,72.858,0.0,36.19,35.69,2.92,95.7
2025-05-23,Sirohi,24.885,72.858,0.0,35.64,35.94,3.35,95.5
2025-05-24,Sirohi,24.885,72.858,0.0,36.03,24.24,2.84,95.36
2025-05-25,Sirohi,24.885,72.858,0.52,35.71,27.93,2.44,95.56
2025-05-26,Sirohi,24.885,72.858,0.03,35.93,31.3,2.82,95.54
2025-05-27,Sirohi,24.885,72.858,0.0,36.38,28.44,2.61,95.35
2025-05-28,Sirohi,24.885,72.858,5.26,35.97,36.07,4.28,95.36
2025-05-29,Sirohi,24.885,72.858,3.17,31.92,48.83,3.21,95.35
2025-05-30,Sirohi,24.885,72.858,2.04,32.37,42.58,4.22,95.26
2025-05-31,Sirohi,24.885,72.858,0.01,31.46,46.51,5.64,95.58
2025-06-01,Sirohi,24.885,72.858,0.03,31.22,50.22,5.3,95.7
2025-06-02,Sirohi,24.885,72.858,0.22,31.63,48.16,4.2,95.61
2025-06-03,Sirohi,24.885,72.858,0.16,31.67,46.11,4.6,95.75
2025-06-04,Sirohi,24.885,72.858,0.03,31.63,45.43,3.66,95.97
2025-06-05,Sirohi,24.885,72.858,0.02,32.26,38.82,3.02,96.23
2025-06-06,Sirohi,24.885,72.858,0.0,33.36,37.13,3.36,96.27
2025-06-07,Sirohi,24.885,72.858,0.29,33.57,30.85,3.93,96.19
2025-06-08,Sirohi,24.885,72.858,0.0,33.59,30.7,4.03,96.12
2025-06-09,Sirohi,24.885,72.858,0.0,34.31,35.28,4.23,96.04
2025-06-10,Sirohi,24.885,72.858,0.0,34.88,35.05,3.68,95.86
2025-06-11,Sirohi,24.885,72.858,0.0,35.33,30.45,2.82,95.79
2025-06-12,Sirohi,24.885,72.858,0.0,36.34,29.0,2.6,95.61
2025-06-13,Sirohi,24.885,72.858,0.0,37.74,24.13,1.65,95.49
2025-06-14,Sirohi,24.885,72.858,1.8,35.72,40.37,2.89,95.49
2025-06-15,Sirohi,24.885,72.858,2.54,33.6,46.64,1.71,95.33
2025-06-16,Sirohi,24.885,72.858,7.58,30.66,64.6,1.62,95.21
2025-06-17,Sirohi,24.885,72.858,4.37,30.8,67.36,3.03,95.23
2025-06-18,Sirohi,24.885,72.858,8.56,29.98,71.01,4.22,95.32
2025-06-19,Sirohi,24.885,72.858,2.19,30.77,67.42,5.48,95.28
2025-06-20,Sirohi,24.885,72.858,4.06,28.68,71.74,4.74,95.54
2025-06-21,Sirohi,24.885,72.858,9.37,28.57,74.77,3.41,95.63
2025-06-22,Sirohi,24.885,72.858,11.16,28.69,74.29,3.13,95.57
2025-06-23,Sirohi,24.885,72.858,1.82,27.75,80.83,3.29,95.41
2025-06-24,Sirohi,24.885,72.858,1.73,30.57,70.07,2.16,95.27
2025-06-25,Sirohi,24.885,72.858,6.7,28.3,78.88,2.58,95.39
2025-06-26,Sirohi,24.885,72.858,4.12,30.07,74.11,1.73,95.47
2025-06-27,Sirohi,24.885,72.858,8.47,29.02,73.99,2.36,95.43
2025-06-28,Sirohi,24.885,72.858,2.85,28.88,73.07,3.95,95.43
2025-06-29,Sirohi,24.885,72.858,6.74,28.65,75.28,4.67,95.41
2025-06-30,Sirohi,24.885,72.858,1.52,28.94,73.47,4.72,95.43
2025-07-01,Sirohi,24.885,72.858,0.78,29.29,71.74,4.21,95.53
2025-07-02,Sirohi,24.885,72.858,16.41,26.71,80.7,3.5,95.47
2025-07-03,Sirohi,24.885,72.858,20.64,27.08,86.01,2.87,95.42
2025-07-04,Sirohi,24.885,72.858,7.26,27.8,80.79,3.56,95.58
2025-07-05,Sirohi,24.885,72.858,6.41,27.79,82.41,2.99,95.58
2025-07-06,Sirohi,24.885,72.858,4.54,27.78,80.97,2.6,95.47
2025-07-07,Sirohi,24.885,72.858,0.93,27.77,78.09,3.44,95.56
2025-07-08,Sirohi,24.885,72.858,0.15,28.56,73.94,3.3,95.68
2025-07-09,Sirohi,24.885,72.858,0.28,28.63,74.54,3.53,95.7
2025-07-10,Sirohi,24.885,72.858,0.12,28.71,72.58,3.42,95.75
2025-07-11,Sirohi,24.885,72.858,9.72,27.19,80.97,2.73,95.82
2025-07-12,Sirohi,24.885,72.858,37.37,26.66,83.1,2.76,95.83
2025-07-13,Sirohi,24.885,72.858,12.35,27.13,85.67,2.86,95.73
2025-07-14,Sirohi,24.885,72.858,24.08,26.58,87.66,3.92,95.55
2025-07-15,Sirohi,24.885,72.858,11.48,27.1,85.84,4.28,95.5
2025-07-16,Sirohi,24.885,72.858,0.76,27.74,80.38,3.19,95.67
2025-07-17,Sirohi,24.885,72.858,0.05,27.32,79.87,2.54,95.8
2025-07-18,Sirohi,24.885,72.858,30.89,25.61,88.44,3.9,95.79
2025-07-19,Sirohi,24.885,72.858,38.76,25.1,89.21,4.68,95.44
2025-07-20,Sirohi,24.885,72.858,8.89,26.54,84.24,3.53,95.42
2025-07-21,Sirohi,24.885,72.858,4.87,26.26,88.89,3.61,95.62
2025-07-22,Sirohi,24.885,72.858,5.05,27.27,85.62,2.64,95.67
2025-07-23,Sirohi,24.885,72.858,2.51,27.21,83.51,3.63,95.47
2025-07-24,Sirohi,24.885,72.858,0.15,26.9,83.5,3.25,95.38
2025-07-25,Sirohi,24.885,72.858,0.57,27.48,83.26,2.45,95.36
2025-07-26,Sirohi,24.885,72.858,12.33,27.26,87.15,2.91,95.35
2025-07-27,Sirohi,24.885,72.858,29.82,26.92,89.29,3.14,95.32
2025-07-28,Sirohi,24.885,72.858,1.89,27.38,86.16,3.55,95.41
2025-07-29,Sirohi,24.885,72.858,0.24,27.08,85.34,3.87,95.47
2025-07-30,Sirohi,24.885,72.858,0.07,26.15,84.96,4.02,95.51
2025-07-31,Sirohi,24.885,72.858,0.68,25.56,87.5,3.12,95.68
2025-08-01,Sirohi,24.885,72.858,0.11,26.55,82.82,3.57,95.78
2025-08-02,Sirohi,24.885,72.858,0.27,26.22,83.01,3.35,95.85
2025-08-03,Sirohi,24.885,72.858,0.16,26.42,83.21,3.05,95.97
2025-08-04,Sirohi,24.885,72.858,0.0,26.47,83.43,3.55,96.08
2025-08-05,Sirohi,24.885,72.858,0.1,26.3,84.4,3.32,96.03
2025-08-06,Sirohi,24.885,72.858,0.09,26.21,83.08,3.12,96.08
2025-08-07,Sirohi,24.885,72.858,0.0,26.3,81.41,2.91,96.07
2025-08-08,Sirohi,24.885,72.858,0.0,26.56,79.78,3.0,96.09
2025-08-09,Sirohi,24.885,72.858,0.0,26.43,79.31,2.32,96.25
2025-08-10,Sirohi,24.885,72.858,0.0,26.49,79.53,2.8,96.14
2025-08-11,Sirohi,24.885,72.858,0.0,26.34,79.78,3.19,96.08
2025-08-12,Sirohi,24.885,72.858,0.0,26.8,79.25,3.53,95.95
2025-08-13,Sirohi,24.885,72.858,0.0,25.91,83.86,2.37,95.82
2025-08-14,Sirohi,24.885,72.858,0.02,27.14,81.15,1.43,95.87
2025-08-15,Sirohi,24.885,72.858,15.04,27.91,80.92,1.23,95.78
2025-08-16,Sirohi,24.885,72.858,15.0,28.3,82.12,1.21,95.57
2025-08-17,Sirohi,24.885,72.858,1.09,29.0,81.26,1.7,95.56
2025-08-18,Sirohi,24.885,72.858,27.96,28.55,82.36,0.82,95.72
2025-08-19,Sirohi,24.885,72.858,2.61,28.59,80.81,1.69,95.58
2025-08-20,Sirohi,24.885,72.858,6.94,28.17,82.88,2.16,95.51
2025-08-21,Sirohi,24.885,72.858,38.19,25.82,92.08,2.36,95.74
2025-08-22,Sirohi,24.885,72.858,30.32,25.64,91.66,3.3,95.77
2025-08-23,Sirohi,24.885,72.858,11.4,26.11,87.98,3.79,95.7
2025-08-24,Sirohi,24.885,72.858,24.26,25.86,90.06,3.07,95.73
2025-08-25,Sirohi,24.885,72.858,24.87,26.01,90.13,3.57,95.7
2025-08-26,Sirohi,24.885,72.858,4.91,26.26,89.44,2.69,95.87
2025-08-27,Sirohi,24.885,72.858,8.02,26.4,88.68,1.97,95.9
2025-08-28,Sirohi,24.885,72.858,1.46,26.63,88.0,1.78,95.8
2025-08-29,Sirohi,24.885,72.858,9.74,26.54,89.49,1.75,95.8
2025-08-30,Sirohi,24.885,72.858,37.72,26.03,92.55,1.79,95.95
2025-08-31,Sirohi,24.885,72.858,22.6,25.16,93.65,2.83,95.88
2025-09-01,Sirohi,24.885,72.858,7.09,25.37,89.82,3.43,95.65
2025-09-02,Sirohi,24.885,72.858,0.41,25.47,88.56,2.57,95.75
2025-09-03,Sirohi,24.885,72.858,9.16,25.83,89.67,2.09,95.85
2025-09-04,Sirohi,24.885,72.858,4.12,25.48,91.57,2.13,95.85
2025-09-05,Sirohi,24.885,72.858,6.31,26.18,90.02,1.61,95.8
2025-09-06,Sirohi,24.885,72.858,23.75,26.0,92.8,2.2,95.67
2025-09-07,Sirohi,24.885,72.858,15.94,25.83,91.38,4.7,95.53
2025-09-08,Sirohi,24.885,72.858,5.09,25.1,89.12,4.63,95.89
2025-09-09,Sirohi,24.885,72.858,0.68,24.82,87.47,2.34,96.35
2025-09-10,Sirohi,24.885,72.858,0.0,23.96,87.7,1.74,96.43
2025-09-11,Sirohi,24.885,72.858,0.0,23.57,87.94,2.15,96.37
2025-09-12,Sirohi,24.885,72.858,0.0,24.27,87.52,1.75,96.42
2025-09-13,Sirohi,24.885,72.858,0.0,24.87,86.15,1.43,96.4
2025-09-14,Sirohi,24.885,72.858,0.0,25.37,84.98,1.32,96.35
2025-09-15,Sirohi,24.885,72.858,0.0,24.65,86.57,2.03,96.2
2025-09-16,Sirohi,24.885,72.858,0.0,25.16,87.6,1.98,96.16
2025-09-17,Sirohi,24.885,72.858,0.0,25.86,86.61,1.66,96.18
2025-09-18,Sirohi,24.885,72.858,0.92,25.93,86.26,1.47,96.2
2025-09-19,Sirohi,24.885,72.858,5.81,26.5,82.04,1.04,96.29
2025-09-20,Sirohi,24.885,72.858,2.07,25.83,85.97,1.6,96.27
2025-09-21,Sirohi,24.885,72.858,7.88,25.65,86.19,1.61,96.24
2025-09-22,Sirohi,24.885,72.858,0.08,25.53,84.82,1.51,96.26
2025-09-23,Sirohi,24.885,72.858,0.02,24.93,85.87,1.86,96.27
2025-09-24,Sirohi,24.885,72.858,0.0,24.82,85.99,2.07,96.15
2025-09-25,Sirohi,24.885,72.858,0.0,24.86,84.05,1.27,96.17
2025-09-26,Sirohi,24.885,72.858,0.0,26.18,76.95,1.04,96.25
2025-09-27,Sirohi,24.885,72.858,0.0,26.71,77.58,1.73,96.25
2025-09-28,Sirohi,24.885,72.858,3.05,26.95,83.17,2.49,95.95
2025-09-29,Sirohi,24.885,72.858,1.07,27.07,84.89,2.71,95.78
2025-09-30,Sirohi,24.885,72.858,0.14,25.42,86.29,2.41,95.83
2025-10-01,Sirohi,24.885,72.858,0.1,25.03,84.2,1.83,95.91
2025-10-02,Sirohi,24.885,72.858,0.2,25.01,84.2,1.21,96.18
2025-10-03,Sirohi,24.885,72.858,18.86,25.4,86.81,0.96,96.46
2025-10-04,Sirohi,24.885,72.858,4.97,24.77,89.52,1.95,96.5
2025-10-05,Sirohi,24.885,72.858,1.78,24.69,86.76,2.75,96.42
2025-10-06,Sirohi,24.885,72.858,2.85,24.33,87.04,3.48,96.43
2025-10-07,Sirohi,24.885,72.858,0.23,22.91,81.8,2.26,96.54
2025-10-08,Sirohi,24.885,72.858,0.0,22.28,76.44,1.5,96.72
2025-10-09,Sirohi,24.885,72.858,0.0,23.24,66.25,0.9,96.83
2025-10-10,Sirohi,24.885,72.858,0.0,23.32,58.89,0.96,96.7
2025-10-11,Sirohi,24.885,72.858,0.0,23.46,55.95,0.86,96.71
2025-10-12,Sirohi,24.885,72.858,0.0,23.86,54.13,0.92,96.67
2025-10-13,Sirohi,24.885,72.858,0.0,23.81,54.55,0.98,96.71
2025-10-14,Sirohi,24.885,72.858,0.0,22.98,62.27,1.22,96.55
2025-10-15,Sirohi,24.885,72.858,0.0,22.57,65.81,1.33,96.53
2025-10-16,Sirohi,24.885,72.858,0.0,23.94,57.65,0.84,96.59
2025-10-17,Sirohi,24.885,72.858,0.0,24.43,53.57,1.32,96.7
2025-10-18,Sirohi,24.885,72.858,0.0,24.5,52.83,0.95,96.61
2025-10-19,Sirohi,24.885,72.858,0.0,24.49,49.87,0.89,96.51
2025-10-20,Sirohi,24.885,72.858,0.0,24.25,52.25,0.82,96.52
2025-10-21,Sirohi,24.885,72.858,0.0,24.56,59.7,0.97,96.68
2025-10-22,Sirohi,24.885,72.858,0.0,24.67,64.85,1.33,96.76
2025-10-23,Sirohi,24.885,72.858,0.0,23.35,62.82,1.78,96.68
2025-10-24,Sirohi,24.885,72.858,0.0,23.42,62.65,1.59,96.64
2025-10-25,Sirohi,24.885,72.858,0.0,22.84,57.4,2.1,96.54
2025-10-26,Sirohi,24.885,72.858,0.27,23.1,74.56,2.2,96.53
2025-10-27,Sirohi,24.885,72.858,15.58,23.64,84.93,2.72,96.51
2025-10-28,Sirohi,24.885,72.858,9.93,21.76,86.45,3.48,96.52
2025-10-29,Sirohi,24.885,72.858,8.44,22.0,86.5,2.77,96.5
2025-10-30,Sirohi,24.885,72.858,5.97,22.28,89.25,2.92,96.46
2025-10-31,Sirohi,24.885,72.858,0.49,23.69,80.39,1.82,96.54
2025-11-01,Sirohi,24.885,72.858,0.0,24.74,71.79,0.81,96.6
2025-11-02,Sirohi,24.885,72.858,0.01,25.72,63.09,0.75,96.67
2025-11-03,Sirohi,24.885,72.858,8.17,24.39,86.1,2.23,96.51
2025-11-04,Sirohi,24.885,72.858,0.6,22.46,78.27,2.74,96.49
2025-11-05,Sirohi,24.885,72.858,0.0,21.82,58.29,1.27,96.6
2025-11-06,Sirohi,24.885,72.858,0.0,22.26,44.65,1.06,96.76
2025-11-07,Sirohi,24.885,72.858,0.0,21.29,40.32,1.05,96.92
2025-11-08,Sirohi,24.885,72.858,0.0,20.4,45.12,1.2,96.99
2025-11-09,Sirohi,24.885,72.858,0.0,20.01,45.78,1.28,96.89
2025-11-10,Sirohi,24.885,72.858,0.0,19.6,49.66,1.45,96.82
2025-11-11,Sirohi,24.885,72.858,0.0,20.59,46.9,0.81,96.92
2025-11-12,Sirohi,24.885,72.858,0.0,21.29,47.58,0.87,97.02
2025-11-13,Sirohi,24.885,72.858,0.0,21.06,45.7,0.99,97.12
2025-11-14,Sirohi,24.885,72.858,0.0,19.33,49.09,1.14,97.07
2025-11-15,Sirohi,24.885,72.858,0.0,17.98,51.79,1.52,97.16
2025-11-16,Sirohi,24.885,72.858,0.0,18.03,50.38,1.51,97.33
2025-11-17,Sirohi,24.885,72.858,0.0,18.53,49.15,1.28,97.24
2025-11-18,Sirohi,24.885,72.858,0.0,18.8,47.71,1.31,97.06
2025-11-19,Sirohi,24.885,72.858,0.0,19.72,44.79,1.01,97.0
2025-11-20,Sirohi,24.885,72.858,0.0,20.18,45.77,1.04,97.06
2025-11-21,Sirohi,24.885,72.858,0.0,19.42,52.32,1.18,97.14
2025-11-22,Sirohi,24.885,72.858,0.0,20.26,46.96,1.18,97.02
2025-11-23,Sirohi,24.885,72.858,0.0,20.35,43.58,1.13,96.97
2025-11-24,Sirohi,24.885,72.858,0.0,18.77,56.03,1.4,97.01
2025-11-25,Sirohi,24.885,72.858,0.0,19.49,67.23,1.69,97.0
2025-11-26,Sirohi,24.885,72.858,0.0,20.02,73.89,1.67,96.96
2025-11-27,Sirohi,24.885,72.858,0.0,21.68,75.63,1.39,97.05
2025-11-28,Sirohi,24.885,72.858,0.0,21.56,75.47,1.24,97.04
2025-11-29,Sirohi,24.885,72.858,0.0,21.68,70.76,1.04,96.94
2025-11-30,Sirohi,24.885,72.858,0.0,21.24,64.59,1.22,96.91
2025-12-01,Sirohi,24.885,72.858,0.0,20.33,59.7,1.49,96.86
2025-12-02,Sirohi,24.885,72.858,0.0,19.34,50.43,1.04,96.88
2025-12-03,Sirohi,24.885,72.858,0.0,17.74,61.15,1.49,97.1
2025-12-04,Sirohi,24.885,72.858,0.0,17.79,63.3,1.61,97.21
2025-12-05,Sirohi,24.885,72.858,0.0,17.55,63.01,1.47,97.31
2025-12-06,Sirohi,24.885,72.858,0.0,17.61,51.4,1.71,97.29
2025-12-07,Sirohi,24.885,72.858,0.0,18.99,45.41,1.17,97.23
2025-12-08,Sirohi,24.885,72.858,0.0,19.82,39.69,1.38,97.25
2025-12-09,Sirohi,24.885,72.858,0.0,19.15,41.44,1.33,97.22
2025-12-10,Sirohi,24.885,72.858,0.0,19.45,37.18,1.27,97.21
2025-12-11,Sirohi,24.885,72.858,0.0,19.17,38.3,1.21,97.13
2025-12-12,Sirohi,24.885,72.858,0.0,19.99,36.45,1.01,97.01
2025-12-13,Sirohi,24.885,72.858,0.0,20.2,42.52,1.12,97.01
2025-12-14,Sirohi,24.885,72.858,0.0,19.12,53.78,1.25,97.1
2025-12-15,Sirohi,24.885,72.858,0.0,18.88,56.87,1.31,97.13
2025-12-16,Sirohi,24.885,72.858,0.0,18.32,56.09,1.54,97.1
2025-12-17,Sirohi,24.885,72.858,0.0,18.83,47.1,1.13,97.18
2025-12-18,Sirohi,24.885,72.858,0.0,19.63,42.18,1.28,97.2
2025-12-19,Sirohi,24.885,72.858,0.0,20.57,42.14,1.41,97.0
2025-12-20,Sirohi,24.885,72.858,0.0,21.11,47.21,1.25,96.82
2025-12-21,Sirohi,24.885,72.858,0.0,20.39,52.74,1.28,96.9
2025-12-22,Sirohi,24.885,72.858,0.0,19.93,51.12,1.21,97.02
2025-12-23,Sirohi,24.885,72.858,0.0,19.33,52.53,1.4,97.01
2025-12-24,Sirohi,24.885,72.858,0.0,16.12,55.74,1.52,97.0
2025-12-25,Sirohi,24.885,72.858,0.0,16.8,52.3,1.48,96.94
2025-12-26,Sirohi,24.885,72.858,0.0,17.36,53.96,1.38,96.96
2025-12-27,Sirohi,24.885,72.858,0.0,17.18,51.39,1.76,96.98
2025-12-28,Sirohi,24.885,72.858,0.0,17.92,48.74,1.66,97.01
2025-12-29,Sirohi,24.885,72.858,0.0,19.27,46.28,1.1,96.97
2025-12-30,Sirohi,24.885,72.858,0.0,18.22,52.91,1.66,96.8
2025-12-31,Sirohi,24.885,72.858,0.94,17.15,66.53,1.91,96.59
2025-01-01,Sri Ganganagar,29.9038,73.8772,0.0,15.5,23.08,0.98,99.86
2025-01-02,Sri Ganganagar,29.9038,73.8772,0.0,17.15,26.31,0.62,99.77
2025-01-03,Sri Ganganagar,29.9038,73.8772,0.0,17.88,29.43,0.83,99.69
2025-01-04,Sri Ganganagar,29.9038,73.8772,0.0,17.12,37.95,2.1,99.35
2025-01-05,Sri Ganganagar,29.9038,73.8772,0.01,14.99,41.78,1.42,99.4
2025-01-06,Sri Ganganagar,29.9038,73.8772,0.15,13.09,38.13,1.89,99.73
2025-01-07,Sri Ganganagar,29.9038,73.8772,0.0,12.46,26.8,1.84,99.82
2025-01-08,Sri Ganganagar,29.9038,73.8772,0.0,14.43,20.76,1.81,99.55
2025-01-09,Sri Ganganagar,29.9038,73.8772,0.0,15.32,18.95,1.18,99.67
2025-01-10,Sri Ganganagar,29.9038,73.8772,0.0,13.2,28.66,1.69,99.8
2025-01-11,Sri Ganganagar,29.9038,73.8772,4.53,11.21,60.56,2.86,99.73
2025-01-12,Sri Ganganagar,29.9038,73.8772,2.01,12.3,75.18,1.56,99.97
2025-01-13,Sri Ganganagar,29.9038,73.8772,0.0,13.56,63.6,1.24,99.97
2025-01-14,Sri Ganganagar,29.9038,73.8772,0.0,14.64,44.89,0.98,99.84
2025-01-15,Sri Ganganagar,29.9038,73.8772,0.0,15.13,42.93,0.78,99.92
2025-01-16,Sri Ganganagar,29.9038,73.8772,0.0,14.18,41.6,0.8,100.0
2025-01-17,Sri Ganganagar,29.9038,73.8772,0.0,13.77,39.65,1.44,100.08
2025-01-18,Sri Ganganagar,29.9038,73.8772,0.0,14.22,34.81,1.15,99.74
2025-01-19,Sri Ganganagar,29.9038,73.8772,0.0,13.4,41.19,1.53,99.69
2025-01-20,Sri Ganganagar,29.9038,73.8772,0.0,15.16,33.55,1.47,99.62
2025-01-21,Sri Ganganagar,29.9038,73.8772,0.0,14.76,48.51,1.66,99.47
2025-01-22,Sri Ganganagar,29.9038,73.8772,0.0,15.23,46.14,1.25,99.37
2025-01-23,Sri Ganganagar,29.9038,73.8772,0.0,15.28,37.57,1.64,99.61
2025-01-24,Sri Ganganagar,29.9038,73.8772,0.0,14.32,28.84,1.98,99.66
2025-01-25,Sri Ganganagar,29.9038,73.8772,0.0,13.89,16.3,1.98,99.54
2025-01-26,Sri Ganganagar,29.9038,73.8772,0.0,15.54,12.78,1.45,99.46
2025-01-27,Sri Ganganagar,29.9038,73.8772,0.0,16.37,14.05,1.43,99.32
2025-01-28,Sri Ganganagar,29.9038,73.8772,0.0,16.47,15.95,1.39,99.17
2025-01-29,Sri Ganganagar,29.9038,73.8772,0.0,16.85,22.81,1.82,99.2
2025-01-30,Sri Ganganagar,29.9038,73.8772,0.0,14.86,35.6,1.45,99.08
2025-01-31,Sri Ganganagar,29.9038,73.8772,0.0,14.96,33.31,0.95,99.06
2025-02-01,Sri Ganganagar,29.9038,73.8772,0.0,15.35,30.2,1.06,99.34
2025-02-02,Sri Ganganagar,29.9038,73.8772,0.0,15.46,28.24,1.43,99.57
2025-02-03,Sri Ganganagar,29.9038,73.8772,0.0,16.8,23.32,1.19,99.38
2025-02-04,Sri Ganganagar,29.9038,73.8772,0.0,15.77,24.86,1.44,99.44
2025-02-05,Sri Ganganagar,29.9038,73.8772,0.0,15.85,24.01,1.37,99.53
2025-02-06,Sri Ganganagar,29.9038,73.8772,0.0,14.98,24.36,1.31,99.81
2025-02-07,Sri Ganganagar,29.9038,73.8772,0.0,14.25,26.27,1.84,99.76
2025-02-08,Sri Ganganagar,29.9038,73.8772,0.0,18.02,17.95,1.36,99.54
2025-02-09,Sri Ganganagar,29.9038,73.8772,0.0,19.64,18.29,0.81,99.39
2025-02-10,Sri Ganganagar,29.9038,73.8772,0.0,19.91,21.03,1.42,99.29
2025-02-11,Sri Ganganagar,29.9038,73.8772,0.0,18.49,27.14,1.25,99.32
2025-02-12,Sri Ganganagar,29.9038,73.8772,0.0,17.47,31.01,1.65,99.54
2025-02-13,Sri Ganganagar,29.9038,73.8772,0.0,17.98,21.01,1.6,99.55
2025-02-14,Sri Ganganagar,29.9038,73.8772,0.0,18.98,17.31,1.47,99.29
2025-02-15,Sri Ganganagar,29.9038,73.8772,0.0,21.2,31.1,1.52,99.04
2025-02-16,Sri Ganganagar,29.9038,73.8772,0.0,20.92,36.49,1.16,99.2
2025-02-17,Sri Ganganagar,29.9038,73.8772,0.0,20.75,29.58,1.46,99.48
2025-02-18,Sri Ganganagar,29.9038,73.8772,0.0,21.35,27.42,1.16,99.46
2025-02-19,Sri Ganganagar,29.9038,73.8772,2.35,20.36,34.8,1.34,99.23
2025-02-20,Sri Ganganagar,29.9038,73.8772,3.52,18.68,60.66,2.77,99.26
2025-02-21,Sri Ganganagar,29.9038,73.8772,0.02,17.61,59.12,1.44,99.75
2025-02-22,Sri Ganganagar,29.9038,73.8772,0.06,18.72,45.45,1.7,99.67
2025-02-23,Sri Ganganagar,29.9038,73.8772,0.13,20.53,39.11,0.92,99.69
2025-02-24,Sri Ganganagar,29.9038,73.8772,0.0,21.57,36.93,0.96,99.8
2025-02-25,Sri Ganganagar,29.9038,73.8772,0.21,22.48,38.88,1.97,99.67
2025-02-26,Sri Ganganagar,29.9038,73.8772,0.26,24.86,39.0,2.09,99.61
2025-02-27,Sri Ganganagar,29.9038,73.8772,3.5,20.52,71.1,1.09,99.35
2025-02-28,Sri Ganganagar,29.9038,73.8772,3.75,19.71,71.52,1.12,99.03
2025-03-01,Sri Ganganagar,29.9038,73.8772,0.17,18.9,58.74,2.08,99.31
2025-03-02,Sri Ganganagar,29.9038,73.8772,0.0,18.51,33.25,1.46,99.32
2025-03-03,Sri Ganganagar,29.9038,73.8772,0.09,19.94,37.52,2.36,98.9
2025-03-04,Sri Ganganagar,29.9038,73.8772,0.06,16.53,47.03,2.34,99.44
2025-03-05,Sri Ganganagar,29.9038,73.8772,0.0,16.54,31.84,2.58,99.62
2025-03-06,Sri Ganganagar,29.9038,73.8772,0.0,20.59,18.87,1.58,99.2
2025-03-07,Sri Ganganagar,29.9038,73.8772,0.0,21.81,21.21,1.58,99.04
2025-03-08,Sri Ganganagar,29.9038,73.8772,0.0,22.91,23.66,1.6,98.89
2025-03-09,Sri Ganganagar,29.9038,73.8772,0.0,23.76,22.37,1.54,99.08
2025-03-10,Sri Ganganagar,29.9038,73.8772,0.0,24.51,27.0,1.71,99.43
2025-03-11,Sri Ganganagar,29.9038,73.8772,0.0,25.0,29.75,1.54,99.37
2025-03-12,Sri Ganganagar,29.9038,73.8772,0.0,25.12,35.93,1.63,98.99
2025-03-13,Sri Ganganagar,29.9038,73.8772,0.0,25.49,34.42,2.24,98.67
2025-03-14,Sri Ganganagar,29.9038,73.8772,1.52,23.75,42.82,2.15,98.85
2025-03-15,Sri Ganganagar,29.9038,73.8772,0.33,22.51,49.37,1.65,99.13
2025-03-16,Sri Ganganagar,29.9038,73.8772,0.11,23.79,37.79,1.11,99.25
2025-03-17,Sri Ganganagar,29.9038,73.8772,0.0,24.72,31.24,1.03,99.27
2025-03-18,Sri Ganganagar,29.9038,73.8772,0.0,25.36,24.77,1.13,99.24
2025-03-19,Sri Ganganagar,29.9038,73.8772,0.0,27.02,20.09,1.6,99.21
2025-03-20,Sri Ganganagar,29.9038,73.8772,0.0,25.8,24.7,1.14,99.45
2025-03-21,Sri Ganganagar,29.9038,73.8772,0.0,26.17,23.71,1.49,99.41
2025-03-22,Sri Ganganagar,29.9038,73.8772,0.0,26.35,19.12,1.45,99.23
2025-03-23,Sri Ganganagar,29.9038,73.8772,0.0,27.62,15.2,0.98,99.33
2025-03-24,Sri Ganganagar,29.9038,73.8772,0.0,27.31,16.39,1.52,99.24
2025-03-25,Sri Ganganagar,29.9038,73.8772,0.0,28.42,16.1,2.0,98.81
2025-03-26,Sri Ganganagar,29.9038,73.8772,0.0,28.93,18.52,2.49,98.48
2025-03-27,Sri Ganganagar,29.9038,73.8772,0.0,26.6,18.81,2.73,98.53
2025-03-28,Sri Ganganagar,29.9038,73.8772,0.0,21.84,11.06,2.39,99.06
2025-03-29,Sri Ganganagar,29.9038,73.8772,0.0,21.32,15.85,2.29,99.12
2025-03-30,Sri Ganganagar,29.9038,73.8772,0.0,24.77,11.97,1.31,99.03
2025-03-31,Sri Ganganagar,29.9038,73.8772,0.0,26.69,12.05,1.29,99.06
2025-04-01,Sri Ganganagar,29.9038,73.8772,0.0,27.39,14.22,1.6,98.92
2025-04-02,Sri Ganganagar,29.9038,73.8772,0.0,28.94,12.29,1.43,98.93
2025-04-03,Sri Ganganagar,29.9038,73.8772,0.0,28.65,13.29,2.03,99.0
2025-04-04,Sri Ganganagar,29.9038,73.8772,0.0,27.79,22.6,2.07,99.16
2025-04-05,Sri Ganganagar,29.9038,73.8772,0.0,29.8,19.91,1.83,98.86
2025-04-06,Sri Ganganagar,29.9038,73.8772,0.0,33.45,16.3,0.72,98.58
2025-04-07,Sri Ganganagar,29.9038,73.8772,0.0,33.65,18.24,1.46,98.65
2025-04-08,Sri Ganganagar,29.9038,73.8772,0.0,33.65,18.68,1.81,98.8
2025-04-09,Sri Ganganagar,29.9038,73.8772,0.0,33.23,18.59,2.09,98.71
2025-04-10,Sri Ganganagar,29.9038,73.8772,0.11,33.14,31.99,1.79,98.24
2025-04-11,Sri Ganganagar,29.9038,73.8772,0.39,31.85,29.28,1.83,98.08
2025-04-12,Sri Ganganagar,29.9038,73.8772,0.12,30.26,34.78,1.67,98.54
2025-04-13,Sri Ganganagar,29.9038,73.8772,0.19,31.55,27.12,1.45,98.75
2025-04-14,Sri Ganganagar,29.9038,73.8772,0.0,32.84,25.05,1.59,98.69
2025-04-15,Sri Ganganagar,29.9038,73.8772,0.0,33.99,23.15,1.81,98.66
2025-04-16,Sri Ganganagar,29.9038,73.8772,0.0,35.25,22.43,1.46,98.49
2025-04-17,Sri Ganganagar,29.9038,73.8772,0.01,35.05,21.83,2.07,98.32
2025-04-18,Sri Ganganagar,29.9038,73.8772,0.04,35.99,20.4,2.07,98.02
2025-04-19,Sri Ganganagar,29.9038,73.8772,0.0,34.36,17.81,3.23,97.94
2025-04-20,Sri Ganganagar,29.9038,73.8772,0.0,33.17,14.42,2.46,98.11
2025-04-21,Sri Ganganagar,29.9038,73.8772,0.0,31.14,7.87,1.76,98.58
2025-04-22,Sri Ganganagar,29.9038,73.8772,0.0,31.35,9.95,1.34,98.77
2025-04-23,Sri Ganganagar,29.9038,73.8772,0.0,31.95,7.04,1.64,98.53
2025-04-24,Sri Ganganagar,29.9038,73.8772,0.0,33.05,8.14,1.12,98.28
2025-04-25,Sri Ganganagar,29.9038,73.8772,0.0,34.09,9.69,1.62,98.3
2025-04-26,Sri Ganganagar,29.9038,73.8772,0.0,34.44,10.5,1.63,98.34
2025-04-27,Sri Ganganagar,29.9038,73.8772,0.0,34.09,11.55,1.48,98.49
2025-04-28,Sri Ganganagar,29.9038,73.8772,0.0,36.03,8.88,1.32,98.33
2025-04-29,Sri Ganganagar,29.9038,73.8772,0.0,34.94,11.61,1.64,98.32
2025-04-30,Sri Ganganagar,29.9038,73.8772,0.0,34.67,17.51,2.15,98.42
2025-05-01,Sri Ganganagar,29.9038,73.8772,3.8,35.06,26.15,3.22,98.49
2025-05-02,Sri Ganganagar,29.9038,73.8772,3.49,31.97,39.97,3.24,98.67
2025-05-03,Sri Ganganagar,29.9038,73.8772,0.23,32.24,46.57,1.86,98.43
2025-05-04,Sri Ganganagar,29.9038,73.8772,0.29,31.15,42.81,2.0,98.39
2025-05-05,Sri Ganganagar,29.9038,73.8772,0.13,29.96,44.32,1.65,98.57
2025-05-06,Sri Ganganagar,29.9038,73.8772,0.0,32.09,35.65,2.31,98.44
2025-05-07,Sri Ganganagar,29.9038,73.8772,0.12,32.5,33.57,2.56,98.4
2025-05-08,Sri Ganganagar,29.9038,73.8772,0.1,31.35,38.67,1.84,98.5
2025-05-09,Sri Ganganagar,29.9038,73.8772,2.42,32.43,39.36,2.17,98.62
2025-05-10,Sri Ganganagar,29.9038,73.8772,0.05,33.7,37.31,1.07,98.53
2025-05-11,Sri Ganganagar,29.9038,73.8772,0.0,36.14,30.51,1.01,98.31
2025-05-12,Sri Ganganagar,29.9038,73.8772,0.47,35.56,25.52,2.42,98.2
2025-05-13,Sri Ganganagar,29.9038,73.8772,0.0,35.46,24.8,2.85,98.21
2025-05-14,Sri Ganganagar,29.9038,73.8772,0.15,37.03,22.63,1.59,98.27
2025-05-15,Sri Ganganagar,29.9038,73.8772,0.0,38.42,20.69,2.03,98.22
2025-05-16,Sri Ganganagar,29.9038,73.8772,0.0,38.51,16.84,3.97,98.06
2025-05-17,Sri Ganganagar,29.9038,73.8772,0.0,38.98,16.73,3.87,98.0
2025-05-18,Sri Ganganagar,29.9038,73.8772,0.0,39.24,20.47,4.07,98.02
2025-05-19,Sri Ganganagar,29.9038,73.8772,0.0,39.29,26.0,3.36,97.98
2025-05-20,Sri Ganganagar,29.9038,73.8772,0.0,39.26,18.13,1.97,97.87
2025-05-21,Sri Ganganagar,29.9038,73.8772,0.0,39.7,18.0,3.18,97.86
2025-05-22,Sri Ganganagar,29.9038,73.8772,0.0,39.21,17.53,2.23,97.81
2025-05-23,Sri Ganganagar,29.9038,73.8772,0.0,37.74,25.49,3.36,97.75
2025-05-24,Sri Ganganagar,29.9038,73.8772,0.0,38.33,26.07,3.44,97.79
2025-05-25,Sri Ganganagar,29.9038,73.8772,2.12,35.66,34.72,3.46,98.18
2025-05-26,Sri Ganganagar,29.9038,73.8772,0.0,35.05,35.54,2.29,98.15
2025-05-27,Sri Ganganagar,29.9038,73.8772,0.0,36.6,31.63,2.41,97.84
2025-05-28,Sri Ganganagar,29.9038,73.8772,0.0,38.2,25.04,2.06,97.68
2025-05-29,Sri Ganganagar,29.9038,73.8772,0.01,38.28,19.2,1.89,97.44
2025-05-30,Sri Ganganagar,29.9038,73.8772,0.03,37.67,19.64,2.06,97.36
2025-05-31,Sri Ganganagar,29.9038,73.8772,0.47,36.81,18.32,2.55,97.54
2025-06-01,Sri Ganganagar,29.9038,73.8772,0.36,35.39,22.93,2.5,97.76
2025-06-02,Sri Ganganagar,29.9038,73.8772,0.13,35.84,19.72,1.9,97.7
2025-06-03,Sri Ganganagar,29.9038,73.8772,8.01,35.04,32.96,3.76,97.85
2025-06-04,Sri Ganganagar,29.9038,73.8772,0.77,31.51,50.9,3.47,98.26
2025-06-05,Sri Ganganagar,29.9038,73.8772,0.05,33.11,39.41,2.29,98.59
2025-06-06,Sri Ganganagar,29.9038,73.8772,0.02,35.61,32.33,1.24,98.49
2025-06-07,Sri Ganganagar,29.9038,73.8772,0.0,38.48,26.3,1.32,98.26
2025-06-08,Sri Ganganagar,29.9038,73.8772,0.0,39.89,18.67,2.57,98.13
2025-06-09,Sri Ganganagar,29.9038,73.8772,0.0,40.31,13.65,4.72,97.97
2025-06-10,Sri Ganganagar,29.9038,73.8772,0.0,39.9,17.6,4.96,97.85
2025-06-11,Sri Ganganagar,29.9038,73.8772,0.0,40.16,16.39,4.01,97.9
2025-06-12,Sri Ganganagar,29.9038,73.8772,0.0,40.64,14.65,2.3,97.82
2025-06-13,Sri Ganganagar,29.9038,73.8772,0.0,41.4,16.82,2.1,97.76
2025-06-14,Sri Ganganagar,29.9038,73.8772,1.58,40.74,23.97,3.32,97.72
2025-06-15,Sri Ganganagar,29.9038,73.8772,1.6,38.66,28.11,1.94,97.65
2025-06-16,Sri Ganganagar,29.9038,73.8772,3.03,35.74,39.65,2.24,97.78
2025-06-17,Sri Ganganagar,29.9038,73.8772,1.91,32.04,59.75,3.1,97.94
2025-06-18,Sri Ganganagar,29.9038,73.8772,0.04,34.75,51.52,2.97,97.66
2025-06-19,Sri Ganganagar,29.9038,73.8772,0.0,36.47,44.17,3.15,97.52
2025-06-20,Sri Ganganagar,29.9038,73.8772,0.0,37.62,41.91,3.75,97.65
2025-06-21,Sri Ganganagar,29.9038,73.8772,0.03,38.3,40.73,3.91,97.74
2025-06-22,Sri Ganganagar,29.9038,73.8772,0.19,38.59,40.45,3.49,97.66
2025-06-23,Sri Ganganagar,29.9038,73.8772,3.19,39.14,37.98,2.36,97.42
2025-06-24,Sri Ganganagar,29.9038,73.8772,0.04,40.73,32.16,2.89,97.25
2025-06-25,Sri Ganganagar,29.9038,73.8772,3.14,39.12,37.33,3.95,97.57
2025-06-26,Sri Ganganagar,29.9038,73.8772,18.04,33.47,65.1,3.39,97.98
2025-06-27,Sri Ganganagar,29.9038,73.8772,20.49,33.02,65.65,2.26,97.92
2025-06-28,Sri Ganganagar,29.9038,73.8772,2.65,34.84,56.83,1.94,97.72
2025-06-29,Sri Ganganagar,29.9038,73.8772,8.13,35.39,57.02,2.79,97.44
2025-06-30,Sri Ganganagar,29.9038,73.8772,3.08,34.81,56.65,3.39,97.48
2025-07-01,Sri Ganganagar,29.9038,73.8772,0.35,35.27,54.72,2.72,97.66
2025-07-02,Sri Ganganagar,29.9038,73.8772,0.21,34.98,55.52,2.42,97.73
2025-07-03,Sri Ganganagar,29.9038,73.8772,0.0,35.8,50.43,3.06,97.75
2025-07-04,Sri Ganganagar,29.9038,73.8772,0.01,35.97,51.7,1.39,97.77
2025-07-05,Sri Ganganagar,29.9038,73.8772,1.21,36.75,50.41,2.0,97.64
2025-07-06,Sri Ganganagar,29.9038,73.8772,1.59,35.39,54.77,2.39,97.62
2025-07-07,Sri Ganganagar,29.9038,73.8772,8.31,32.59,63.63,2.73,97.76
2025-07-08,Sri Ganganagar,29.9038,73.8772,9.93,33.36,61.1,2.95,97.79
2025-07-09,Sri Ganganagar,29.9038,73.8772,12.7,31.2,72.8,2.7,97.85
2025-07-10,Sri Ganganagar,29.9038,73.8772,10.51,33.27,61.23,3.11,97.9
2025-07-11,Sri Ganganagar,29.9038,73.8772,13.21,32.39,67.18,1.12,98.01
2025-07-12,Sri Ganganagar,29.9038,73.8772,5.67,32.58,66.67,1.08,98.07
2025-07-13,Sri Ganganagar,29.9038,73.8772,22.64,32.19,71.25,1.38,98.04
2025-07-14,Sri Ganganagar,29.9038,73.8772,24.44,29.64,80.29,2.82,97.99
2025-07-15,Sri Ganganagar,29.9038,73.8772,41.48,29.61,81.52,3.48,97.75
2025-07-16,Sri Ganganagar,29.9038,73.8772,33.63,29.26,87.67,2.21,97.74
2025-07-17,Sri Ganganagar,29.9038,73.8772,0.98,30.33,76.12,1.9,98.08
2025-07-18,Sri Ganganagar,29.9038,73.8772,3.46,29.68,79.5,2.19,98.17
2025-07-19,Sri Ganganagar,29.9038,73.8772,0.15,30.86,73.77,3.4,97.77
2025-07-20,Sri Ganganagar,29.9038,73.8772,0.0,31.67,71.76,2.61,97.64
2025-07-21,Sri Ganganagar,29.9038,73.8772,0.07,31.54,69.71,2.8,97.87
2025-07-22,Sri Ganganagar,29.9038,73.8772,5.15,32.5,70.06,2.03,97.75
2025-07-23,Sri Ganganagar,29.9038,73.8772,0.48,32.35,66.54,2.42,97.52
2025-07-24,Sri Ganganagar,29.9038,73.8772,2.2,32.75,66.23,1.99,97.48
2025-07-25,Sri Ganganagar,29.9038,73.8772,2.97,32.76,68.58,1.75,97.5
2025-07-26,Sri Ganganagar,29.9038,73.8772,1.37,33.56,67.01,0.89,97.58
2025-07-27,Sri Ganganagar,29.9038,73.8772,0.18,34.2,62.72,1.05,97.54
2025-07-28,Sri Ganganagar,29.9038,73.8772,0.02,34.39,58.81,1.58,97.47
2025-07-29,Sri Ganganagar,29.9038,73.8772,0.67,34.03,61.3,2.53,97.5
2025-07-30,Sri Ganganagar,29.9038,73.8772,1.02,32.79,65.77,1.68,97.66
2025-07-31,Sri Ganganagar,29.9038,73.8772,42.06,30.01,85.16,2.26,97.78
2025-08-01,Sri Ganganagar,29.9038,73.8772,47.36,29.33,86.04,2.82,97.88
2025-08-02,Sri Ganganagar,29.9038,73.8772,20.63,30.26,77.75,1.9,97.95
2025-08-03,Sri Ganganagar,29.9038,73.8772,1.58,31.54,68.35,2.49,98.04
2025-08-04,Sri Ganganagar,29.9038,73.8772,0.16,31.84,66.2,3.23,98.06
2025-08-05,Sri Ganganagar,29.9038,73.8772,0.46,31.97,65.84,3.05,98.03
2025-08-06,Sri Ganganagar,29.9038,73.8772,0.04,31.1,65.89,2.69,98.18
2025-08-07,Sri Ganganagar,29.9038,73.8772,0.0,31.6,65.69,2.24,98.13
2025-08-08,Sri Ganganagar,29.9038,73.8772,0.0,31.7,62.29,2.31,98.18
2025-08-09,Sri Ganganagar,29.9038,73.8772,0.62,31.59,61.97,1.58,98.42
2025-08-10,Sri Ganganagar,29.9038,73.8772,0.28,31.84,63.33,1.62,98.28
2025-08-11,Sri Ganganagar,29.9038,73.8772,0.1,32.13,61.5,2.45,98.13
2025-08-12,Sri Ganganagar,29.9038,73.8772,0.16,31.54,63.46,1.81,98.07
2025-08-13,Sri Ganganagar,29.9038,73.8772,0.1,31.97,62.38,1.6,97.98
2025-08-14,Sri Ganganagar,29.9038,73.8772,0.97,28.8,76.22,1.68,98.31
2025-08-15,Sri Ganganagar,29.9038,73.8772,1.13,29.65,73.91,0.98,98.27
2025-08-16,Sri Ganganagar,29.9038,73.8772,0.05,30.91,71.22,1.57,98.06
2025-08-17,Sri Ganganagar,29.9038,73.8772,0.12,31.42,71.44,2.61,98.09
2025-08-18,Sri Ganganagar,29.9038,73.8772,0.5,30.77,72.6,2.89,98.32
2025-08-19,Sri Ganganagar,29.9038,73.8772,0.2,30.35,71.63,2.19,98.27
2025-08-20,Sri Ganganagar,29.9038,73.8772,1.27,30.06,72.43,2.49,98.22
2025-08-21,Sri Ganganagar,29.9038,73.8772,1.47,30.14,73.2,1.86,98.21
2025-08-22,Sri Ganganagar,29.9038,73.8772,0.02,32.52,63.09,0.78,97.88
2025-08-23,Sri Ganganagar,29.9038,73.8772,5.52,31.17,71.1,2.18,97.87
2025-08-24,Sri Ganganagar,29.9038,73.8772,19.75,28.82,82.58,2.07,98.11
2025-08-25,Sri Ganganagar,29.9038,73.8772,5.66,28.31,83.12,3.17,98.08
2025-08-26,Sri Ganganagar,29.9038,73.8772,2.79,29.41,80.7,1.79,98.1
2025-08-27,Sri Ganganagar,29.9038,73.8772,0.56,30.39,75.32,1.0,98.19
2025-08-28,Sri Ganganagar,29.9038,73.8772,0.09,31.14,70.93,0.86,98.09
2025-08-29,Sri Ganganagar,29.9038,73.8772,1.33,31.33,70.15,2.04,98.13
2025-08-30,Sri Ganganagar,29.9038,73.8772,27.62,28.75,86.22,3.01,98.4
2025-08-31,Sri Ganganagar,29.9038,73.8772,24.86,27.17,91.68,2.16,98.17
2025-09-01,Sri Ganganagar,29.9038,73.8772,3.73,27.79,85.76,2.46,97.91
2025-09-02,Sri Ganganagar,29.9038,73.8772,2.26,27.72,81.74,1.49,98.05
2025-09-03,Sri Ganganagar,29.9038,73.8772,0.32,28.29,78.06,0.98,98.32
2025-09-04,Sri Ganganagar,29.9038,73.8772,0.36,28.19,77.7,1.61,98.49
2025-09-05,Sri Ganganagar,29.9038,73.8772,0.49,28.82,75.49,1.57,98.5
2025-09-06,Sri Ganganagar,29.9038,73.8772,6.72,28.85,78.19,2.52,98.47
2025-09-07,Sri Ganganagar,29.9038,73.8772,3.89,28.34,82.53,2.72,98.38
2025-09-08,Sri Ganganagar,29.9038,73.8772,6.43,28.77,78.48,2.12,98.47
2025-09-09,Sri Ganganagar,29.9038,73.8772,0.04,29.76,71.22,1.08,98.72
2025-09-10,Sri Ganganagar,29.9038,73.8772,0.0,29.06,68.0,2.54,98.64
2025-09-11,Sri Ganganagar,29.9038,73.8772,0.0,29.24,66.89,2.36,98.47
2025-09-12,Sri Ganganagar,29.9038,73.8772,0.0,29.64,66.42,2.11,98.61
2025-09-13,Sri Ganganagar,29.9038,73.8772,0.07,30.35,64.29,1.48,98.63
2025-09-14,Sri Ganganagar,29.9038,73.8772,0.0,30.75,61.93,1.85,98.56
2025-09-15,Sri Ganganagar,29.9038,73.8772,0.0,30.42,60.77,2.03,98.35
2025-09-16,Sri Ganganagar,29.9038,73.8772,0.0,31.06,58.69,1.64,98.36
2025-09-17,Sri Ganganagar,29.9038,73.8772,0.0,31.62,59.56,0.91,98.43
2025-09-18,Sri Ganganagar,29.9038,73.8772,0.13,31.88,57.91,1.14,98.41
2025-09-19,Sri Ganganagar,29.9038,73.8772,0.24,31.86,55.88,1.25,98.54
2025-09-20,Sri Ganganagar,29.9038,73.8772,0.0,30.86,54.06,1.72,98.55
2025-09-21,Sri Ganganagar,29.9038,73.8772,0.0,30.12,50.37,2.06,98.47
2025-09-22,Sri Ganganagar,29.9038,73.8772,0.0,29.83,45.0,2.39,98.5
2025-09-23,Sri Ganganagar,29.9038,73.8772,0.0,29.57,45.17,1.95,98.46
2025-09-24,Sri Ganganagar,29.9038,73.8772,0.0,30.06,49.1,2.17,98.31
2025-09-25,Sri Ganganagar,29.9038,73.8772,0.0,30.52,49.9,1.66,98.4
2025-09-26,Sri Ganganagar,29.9038,73.8772,0.0,31.51,49.63,1.64,98.57
2025-09-27,Sri Ganganagar,29.9038,73.8772,0.0,31.09,48.8,0.89,98.78
2025-09-28,Sri Ganganagar,29.9038,73.8772,0.0,30.85,56.24,1.31,98.67
2025-09-29,Sri Ganganagar,29.9038,73.8772,0.46,31.21,59.36,1.55,98.48
2025-09-30,Sri Ganganagar,29.9038,73.8772,0.01,31.25,58.33,1.06,98.3
2025-10-01,Sri Ganganagar,29.9038,73.8772,0.01,30.35,56.54,0.94,98.31
2025-10-02,Sri Ganganagar,29.9038,73.8772,0.0,29.88,53.08,1.41,98.61
2025-10-03,Sri Ganganagar,29.9038,73.8772,0.0,29.51,62.06,1.62,98.93
2025-10-04,Sri Ganganagar,29.9038,73.8772,0.01,30.21,54.3,0.95,98.76
2025-10-05,Sri Ganganagar,29.9038,73.8772,2.43,29.56,52.41,1.89,98.53
2025-10-06,Sri Ganganagar,29.9038,73.8772,12.22,25.7,74.59,1.42,98.67
2025-10-07,Sri Ganganagar,29.9038,73.8772,1.7,23.27,65.34,2.33,98.98
2025-10-08,Sri Ganganagar,29.9038,73.8772,0.01,23.26,61.2,1.56,99.21
2025-10-09,Sri Ganganagar,29.9038,73.8772,0.01,24.86,52.84,1.15,99.31
2025-10-10,Sri Ganganagar,29.9038,73.8772,0.0,25.75,48.67,1.23,99.13
2025-10-11,Sri Ganganagar,29.9038,73.8772,0.0,25.95,47.98,1.25,99.16
2025-10-12,Sri Ganganagar,29.9038,73.8772,0.0,26.96,42.2,0.86,99.11
2025-10-13,Sri Ganganagar,29.9038,73.8772,0.0,26.62,39.83,1.13,99.17
2025-10-14,Sri Ganganagar,29.9038,73.8772,0.0,25.16,41.89,1.35,99.04
2025-10-15,Sri Ganganagar,29.9038,73.8772,0.0,25.05,44.58,1.34,99.05
2025-10-16,Sri Ganganagar,29.9038,73.8772,0.0,26.4,40.81,0.88,99.08
2025-10-17,Sri Ganganagar,29.9038,73.8772,0.0,26.65,45.14,0.94,99.21
2025-10-18,Sri Ganganagar,29.9038,73.8772,0.0,26.43,43.68,0.9,99.17
2025-10-19,Sri Ganganagar,29.9038,73.8772,0.0,26.08,46.92,1.3,99.08
2025-10-20,Sri Ganganagar,29.9038,73.8772,0.0,25.96,46.92,1.53,99.1
2025-10-21,Sri Ganganagar,29.9038,73.8772,0.0,26.24,47.51,1.08,99.29
2025-10-22,Sri Ganganagar,29.9038,73.8772,0.0,25.68,43.44,1.22,99.33
2025-10-23,Sri Ganganagar,29.9038,73.8772,0.0,26.38,38.32,1.1,99.22
2025-10-24,Sri Ganganagar,29.9038,73.8772,0.0,25.66,41.94,1.13,99.18
2025-10-25,Sri Ganganagar,29.9038,73.8772,0.0,24.99,46.96,1.21,99.12
2025-10-26,Sri Ganganagar,29.9038,73.8772,0.0,24.77,45.93,1.48,99.22
2025-10-27,Sri Ganganagar,29.9038,73.8772,0.0,24.81,43.53,1.18,99.28
2025-10-28,Sri Ganganagar,29.9038,73.8772,0.0,24.23,46.87,1.29,99.34
2025-10-29,Sri Ganganagar,29.9038,73.8772,0.0,23.91,49.92,1.19,99.26
2025-10-30,Sri Ganganagar,29.9038,73.8772,0.0,24.48,50.8,1.18,99.18
2025-10-31,Sri Ganganagar,29.9038,73.8772,0.0,25.75,42.02,0.92,99.09
2025-11-01,Sri Ganganagar,29.9038,73.8772,0.0,26.36,31.35,0.71,99.09
2025-11-02,Sri Ganganagar,29.9038,73.8772,0.0,25.6,28.3,1.54,99.08
2025-11-03,Sri Ganganagar,29.9038,73.8772,0.0,24.38,26.47,1.86,98.84
2025-11-04,Sri Ganganagar,29.9038,73.8772,0.0,23.74,27.35,2.61,98.71
2025-11-05,Sri Ganganagar,29.9038,73.8772,0.02,20.63,38.03,2.28,99.08
2025-11-06,Sri Ganganagar,29.9038,73.8772,0.0,19.61,25.95,1.62,99.31
2025-11-07,Sri Ganganagar,29.9038,73.8772,0.0,20.84,20.38,1.25,99.42
2025-11-08,Sri Ganganagar,29.9038,73.8772,0.0,21.73,20.28,1.17,99.44
2025-11-09,Sri Ganganagar,29.9038,73.8772,0.0,20.63,23.88,1.22,99.34
2025-11-10,Sri Ganganagar,29.9038,73.8772,0.0,19.78,23.5,1.25,99.29
2025-11-11,Sri Ganganagar,29.9038,73.8772,0.0,19.24,27.49,1.27,99.44
2025-11-12,Sri Ganganagar,29.9038,73.8772,0.0,20.04,26.32,1.34,99.51
2025-11-13,Sri Ganganagar,29.9038,73.8772,0.0,20.52,23.59,1.05,99.66
2025-11-14,Sri Ganganagar,29.9038,73.8772,0.0,20.83,20.3,1.06,99.62
2025-11-15,Sri Ganganagar,29.9038,73.8772,0.0,20.81,17.47,1.37,99.73
2025-11-16,Sri Ganganagar,29.9038,73.8772,0.0,21.06,18.26,1.43,99.93
2025-11-17,Sri Ganganagar,29.9038,73.8772,0.0,20.95,18.61,1.45,99.78
2025-11-18,Sri Ganganagar,29.9038,73.8772,0.0,19.98,20.93,1.33,99.65
2025-11-19,Sri Ganganagar,29.9038,73.8772,0.0,20.17,24.12,1.23,99.58
2025-11-20,Sri Ganganagar,29.9038,73.8772,0.0,20.47,25.26,1.08,99.63
2025-11-21,Sri Ganganagar,29.9038,73.8772,0.0,18.18,37.21,1.27,99.76
2025-11-22,Sri Ganganagar,29.9038,73.8772,0.0,18.09,42.24,1.23,99.67
2025-11-23,Sri Ganganagar,29.9038,73.8772,0.0,17.97,36.22,1.16,99.65
2025-11-24,Sri Ganganagar,29.9038,73.8772,0.0,17.8,32.49,1.25,99.77
2025-11-25,Sri Ganganagar,29.9038,73.8772,0.0,17.33,29.38,1.27,99.8
2025-11-26,Sri Ganganagar,29.9038,73.8772,0.0,17.93,23.85,0.94,99.77
2025-11-27,Sri Ganganagar,29.9038,73.8772,0.0,15.4,33.53,1.64,99.91
2025-11-28,Sri Ganganagar,29.9038,73.8772,0.0,16.17,34.83,1.38,99.81
2025-11-29,Sri Ganganagar,29.9038,73.8772,0.0,16.18,28.53,1.39,99.65
2025-11-30,Sri Ganganagar,29.9038,73.8772,0.0,17.17,21.76,1.06,99.53
2025-12-01,Sri Ganganagar,29.9038,73.8772,0.0,17.76,19.12,0.96,99.42
2025-12-02,Sri Ganganagar,29.9038,73.8772,0.0,14.93,30.44,1.29,99.49
2025-12-03,Sri Ganganagar,29.9038,73.8772,0.0,15.44,29.76,1.31,99.85
2025-12-04,Sri Ganganagar,29.9038,73.8772,0.0,16.63,21.03,1.12,99.88
2025-12-05,Sri Ganganagar,29.9038,73.8772,0.0,17.25,16.96,1.06,100.0
2025-12-06,Sri Ganganagar,29.9038,73.8772,0.0,16.45,20.89,1.26,99.96
2025-12-07,Sri Ganganagar,29.9038,73.8772,0.0,17.39,20.01,1.16,99.84
2025-12-08,Sri Ganganagar,29.9038,73.8772,0.0,17.76,24.69,1.4,99.88
2025-12-09,Sri Ganganagar,29.9038,73.8772,0.0,18.24,24.1,1.44,99.81
2025-12-10,Sri Ganganagar,29.9038,73.8772,0.0,18.46,22.08,1.37,99.72
2025-12-11,Sri Ganganagar,29.9038,73.8772,0.0,19.54,17.98,1.15,99.62
2025-12-12,Sri Ganganagar,29.9038,73.8772,0.0,19.27,17.06,1.17,99.51
2025-12-13,Sri Ganganagar,29.9038,73.8772,0.0,17.3,24.39,1.35,99.62
2025-12-14,Sri Ganganagar,29.9038,73.8772,0.0,15.89,44.64,1.32,99.78
2025-12-15,Sri Ganganagar,29.9038,73.8772,0.0,16.1,39.8,1.24,99.76
2025-12-16,Sri Ganganagar,29.9038,73.8772,0.0,16.47,32.87,1.53,99.74
2025-12-17,Sri Ganganagar,29.9038,73.8772,0.0,18.56,28.19,1.65,99.74
2025-12-18,Sri Ganganagar,29.9038,73.8772,0.0,18.92,22.45,1.05,99.8
2025-12-19,Sri Ganganagar,29.9038,73.8772,0.0,18.89,22.0,1.39,99.54
2025-12-20,Sri Ganganagar,29.9038,73.8772,0.0,19.02,21.83,1.12,99.33
2025-12-21,Sri Ganganagar,29.9038,73.8772,0.0,19.72,29.34,1.51,99.5
2025-12-22,Sri Ganganagar,29.9038,73.8772,0.0,18.53,39.74,1.54,99.62
2025-12-23,Sri Ganganagar,29.9038,73.8772,0.0,16.07,47.93,1.75,99.63
2025-12-24,Sri Ganganagar,29.9038,73.8772,0.0,15.04,38.97,2.08,99.56
2025-12-25,Sri Ganganagar,29.9038,73.8772,0.0,16.55,21.41,1.16,99.57
2025-12-26,Sri Ganganagar,29.9038,73.8772,0.0,18.21,17.56,1.03,99.62
2025-12-27,Sri Ganganagar,29.9038,73.8772,0.0,17.1,19.09,1.26,99.65
2025-12-28,Sri Ganganagar,29.9038,73.8772,0.0,15.66,24.03,1.27,99.7
2025-12-29,Sri Ganganagar,29.9038,73.8772,0.0,15.14,28.46,1.23,99.65
2025-12-30,Sri Ganganagar,29.9038,73.8772,0.0,15.48,29.97,1.17,99.4
2025-12-31,Sri Ganganagar,29.9038,73.8772,0.02,13.89,40.81,2.22,99.1
2025-01-01,Tonk,26.1664,75.7885,0.0,14.28,53.77,0.9,98.25
2025-01-02,Tonk,26.1664,75.7885,0.0,14.85,57.5,1.06,98.21
2025-01-03,Tonk,26.1664,75.7885,0.0,15.97,57.98,1.3,98.15
2025-01-04,Tonk,26.1664,75.7885,0.0,16.72,57.48,1.57,97.9
2025-01-05,Tonk,26.1664,75.7885,0.54,17.23,58.78,1.61,97.78
2025-01-06,Tonk,26.1664,75.7885,0.0,14.87,69.13,1.63,97.99
2025-01-07,Tonk,26.1664,75.7885,0.0,12.57,56.67,1.78,98.22
2025-01-08,Tonk,26.1664,75.7885,0.0,13.72,43.88,1.28,98.07
2025-01-09,Tonk,26.1664,75.7885,0.0,14.21,49.34,1.56,98.13
2025-01-10,Tonk,26.1664,75.7885,0.0,13.7,61.04,2.19,98.18
2025-01-11,Tonk,26.1664,75.7885,2.24,13.72,70.12,1.67,98.04
2025-01-12,Tonk,26.1664,75.7885,0.54,13.86,67.65,1.48,98.22
2025-01-13,Tonk,26.1664,75.7885,0.0,12.3,67.58,1.27,98.3
2025-01-14,Tonk,26.1664,75.7885,0.0,13.07,61.91,1.32,98.25
2025-01-15,Tonk,26.1664,75.7885,4.71,12.48,72.78,1.48,98.26
2025-01-16,Tonk,26.1664,75.7885,1.03,14.5,69.57,1.57,98.31
2025-01-17,Tonk,26.1664,75.7885,0.0,12.87,71.26,1.49,98.39
2025-01-18,Tonk,26.1664,75.7885,0.0,13.62,70.32,1.33,98.15
2025-01-19,Tonk,26.1664,75.7885,0.0,18.35,63.59,1.32,98.03
2025-01-20,Tonk,26.1664,75.7885,0.0,19.04,58.9,1.01,97.95
2025-01-21,Tonk,26.1664,75.7885,0.0,18.25,60.2,1.03,97.82
2025-01-22,Tonk,26.1664,75.7885,0.0,18.14,62.78,1.4,97.71
2025-01-23,Tonk,26.1664,75.7885,0.0,16.62,66.18,1.82,97.87
2025-01-24,Tonk,26.1664,75.7885,0.0,15.19,49.2,1.55,98.04
2025-01-25,Tonk,26.1664,75.7885,0.0,16.01,38.44,1.33,98.02
2025-01-26,Tonk,26.1664,75.7885,0.0,16.37,33.55,1.03,97.94
2025-01-27,Tonk,26.1664,75.7885,0.0,16.71,34.31,1.07,97.78
2025-01-28,Tonk,26.1664,75.7885,0.0,17.48,37.03,0.98,97.71
2025-01-29,Tonk,26.1664,75.7885,0.0,18.69,44.55,1.35,97.72
2025-01-30,Tonk,26.1664,75.7885,0.0,18.85,38.3,1.51,97.51
2025-01-31,Tonk,26.1664,75.7885,0.0,18.21,38.19,1.03,97.45
2025-02-01,Tonk,26.1664,75.7885,0.0,17.79,42.04,1.4,97.65
2025-02-02,Tonk,26.1664,75.7885,0.0,16.71,47.99,1.25,97.86
2025-02-03,Tonk,26.1664,75.7885,0.21,18.76,47.55,1.53,97.77
2025-02-04,Tonk,26.1664,75.7885,0.29,19.94,46.67,1.74,97.77
2025-02-05,Tonk,26.1664,75.7885,0.0,15.97,36.09,2.34,97.98
2025-02-06,Tonk,26.1664,75.7885,0.0,15.6,39.02,1.25,98.16
2025-02-07,Tonk,26.1664,75.7885,0.0,15.54,33.35,1.23,98.17
2025-02-08,Tonk,26.1664,75.7885,0.0,17.19,29.92,0.93,98.01
2025-02-09,Tonk,26.1664,75.7885,0.0,18.62,30.49,1.2,97.81
2025-02-10,Tonk,26.1664,75.7885,0.0,21.42,27.79,0.92,97.76
2025-02-11,Tonk,26.1664,75.7885,0.0,21.71,26.66,1.41,97.74
2025-02-12,Tonk,26.1664,75.7885,0.0,19.62,34.06,2.24,97.91
2025-02-13,Tonk,26.1664,75.7885,0.0,19.16,29.05,1.35,98.01
2025-02-14,Tonk,26.1664,75.7885,0.0,22.12,24.68,1.54,97.79
2025-02-15,Tonk,26.1664,75.7885,0.0,23.04,27.68,2.62,97.44
2025-02-16,Tonk,26.1664,75.7885,0.0,22.37,33.07,1.36,97.58
2025-02-17,Tonk,26.1664,75.7885,0.0,22.22,38.4,2.07,97.81
2025-02-18,Tonk,26.1664,75.7885,0.51,22.88,39.79,1.72,97.78
2025-02-19,Tonk,26.1664,75.7885,0.18,23.37,39.9,1.6,97.66
2025-02-20,Tonk,26.1664,75.7885,0.02,23.87,35.01,1.98,97.65
2025-02-21,Tonk,26.1664,75.7885,0.0,21.27,32.28,2.38,98.02
2025-02-22,Tonk,26.1664,75.7885,0.0,20.43,31.5,1.62,98.08
2025-02-23,Tonk,26.1664,75.7885,0.0,21.3,37.48,1.06,98.11
2025-02-24,Tonk,26.1664,75.7885,0.0,21.44,35.19,1.25,98.23
2025-02-25,Tonk,26.1664,75.7885,0.0,22.76,30.71,1.37,98.25
2025-02-26,Tonk,26.1664,75.7885,0.0,23.83,28.02,1.62,98.22
2025-02-27,Tonk,26.1664,75.7885,0.0,23.2,31.49,1.28,97.88
2025-02-28,Tonk,26.1664,75.7885,0.0,24.83,31.64,2.47,97.56
2025-03-01,Tonk,26.1664,75.7885,0.01,23.99,39.0,2.26,97.61
2025-03-02,Tonk,26.1664,75.7885,0.06,22.97,44.16,1.34,97.62
2025-03-03,Tonk,26.1664,75.7885,0.0,24.16,32.7,2.78,97.56
2025-03-04,Tonk,26.1664,75.7885,0.0,21.63,22.46,3.79,97.86
2025-03-05,Tonk,26.1664,75.7885,0.0,18.23,18.52,2.83,98.04
2025-03-06,Tonk,26.1664,75.7885,0.0,21.76,13.88,2.17,97.81
2025-03-07,Tonk,26.1664,75.7885,0.0,23.95,18.7,2.01,97.52
2025-03-08,Tonk,26.1664,75.7885,0.0,24.47,18.88,1.35,97.38
2025-03-09,Tonk,26.1664,75.7885,0.0,25.38,18.19,2.22,97.56
2025-03-10,Tonk,26.1664,75.7885,0.0,26.94,22.43,1.94,97.83
2025-03-11,Tonk,26.1664,75.7885,0.0,28.37,20.73,2.22,97.72
2025-03-12,Tonk,26.1664,75.7885,0.0,28.43,24.15,2.36,97.38
2025-03-13,Tonk,26.1664,75.7885,0.0,28.81,27.32,2.02,97.19
2025-03-14,Tonk,26.1664,75.7885,0.08,29.04,25.92,1.96,97.23
2025-03-15,Tonk,26.1664,75.7885,0.27,28.0,28.63,2.9,97.39
2025-03-16,Tonk,26.1664,75.7885,0.0,26.46,33.17,2.59,97.58
2025-03-17,Tonk,26.1664,75.7885,0.0,25.83,24.53,2.23,97.69
2025-03-18,Tonk,26.1664,75.7885,0.0,25.0,22.91,1.64,97.7
2025-03-19,Tonk,26.1664,75.7885,0.0,25.75,18.15,2.14,97.7
2025-03-20,Tonk,26.1664,75.7885,0.0,26.48,18.65,2.62,97.79
2025-03-21,Tonk,26.1664,75.7885,0.0,26.64,22.09,2.2,97.85
2025-03-22,Tonk,26.1664,75.7885,0.0,27.28,19.61,2.39,97.71
2025-03-23,Tonk,26.1664,75.7885,0.0,26.56,15.19,1.55,97.81
2025-03-24,Tonk,26.1664,75.7885,0.0,28.15,14.48,1.5,97.73
2025-03-25,Tonk,26.1664,75.7885,0.0,29.94,15.47,1.33,97.35
2025-03-26,Tonk,26.1664,75.7885,0.0,29.95,15.99,2.41,97.15
2025-03-27,Tonk,26.1664,75.7885,0.0,29.83,18.13,3.65,97.22
2025-03-28,Tonk,26.1664,75.7885,0.0,25.62,6.87,3.26,97.47
2025-03-29,Tonk,26.1664,75.7885,0.0,23.86,8.32,2.21,97.53
2025-03-30,Tonk,26.1664,75.7885,0.0,26.14,9.01,1.38,97.51
2025-03-31,Tonk,26.1664,75.7885,0.0,26.66,10.93,1.47,97.53
2025-04-01,Tonk,26.1664,75.7885,0.0,27.66,12.39,1.27,97.43
2025-04-02,Tonk,26.1664,75.7885,0.0,28.33,12.01,2.24,97.45
2025-04-03,Tonk,26.1664,75.7885,0.06,29.94,20.85,1.88,97.47
2025-04-04,Tonk,26.1664,75.7885,0.04,30.4,14.69,1.85,97.49
2025-04-05,Tonk,26.1664,75.7885,0.0,29.87,16.99,2.11,97.38
2025-04-06,Tonk,26.1664,75.7885,0.0,32.64,15.99,1.76,97.17
2025-04-07,Tonk,26.1664,75.7885,0.0,33.59,13.39,0.97,97.19
2025-04-08,Tonk,26.1664,75.7885,0.0,33.81,14.44,1.45,97.36
2025-04-09,Tonk,26.1664,75.7885,0.0,34.35,13.17,3.39,97.21
2025-04-10,Tonk,26.1664,75.7885,0.0,34.28,12.59,3.72,96.85
2025-04-11,Tonk,26.1664,75.7885,0.0,33.1,18.31,2.99,96.71
2025-04-12,Tonk,26.1664,75.7885,0.68,31.91,26.59,1.53,97.03
2025-04-13,Tonk,26.1664,75.7885,0.05,32.43,24.35,2.02,97.18
2025-04-14,Tonk,26.1664,75.7885,0.0,32.49,22.56,2.03,97.18
2025-04-15,Tonk,26.1664,75.7885,0.0,32.21,24.98,2.77,97.21
2025-04-16,Tonk,26.1664,75.7885,0.0,33.03,23.98,1.75,97.14
2025-04-17,Tonk,26.1664,75.7885,0.0,35.66,19.08,3.09,96.88
2025-04-18,Tonk,26.1664,75.7885,0.0,36.24,14.98,4.1,96.78
2025-04-19,Tonk,26.1664,75.7885,0.0,34.26,14.07,4.1,96.85
2025-04-20,Tonk,26.1664,75.7885,0.0,33.53,18.74,3.62,96.93
2025-04-21,Tonk,26.1664,75.7885,0.0,32.31,9.0,3.12,97.27
2025-04-22,Tonk,26.1664,75.7885,0.0,32.02,7.46,2.74,97.36
2025-04-23,Tonk,26.1664,75.7885,0.0,31.6,5.86,2.95,97.16
2025-04-24,Tonk,26.1664,75.7885,0.0,32.92,8.62,3.53,96.96
2025-04-25,Tonk,26.1664,75.7885,0.0,34.52,11.73,2.89,96.93
2025-04-26,Tonk,26.1664,75.7885,0.05,34.4,15.75,3.19,96.94
2025-04-27,Tonk,26.1664,75.7885,0.0,34.12,15.92,2.22,97.06
2025-04-28,Tonk,26.1664,75.7885,0.0,34.13,13.13,2.13,96.86
2025-04-29,Tonk,26.1664,75.7885,0.0,33.51,13.02,2.31,96.83
2025-04-30,Tonk,26.1664,75.7885,0.0,33.84,16.24,2.02,96.99
2025-05-01,Tonk,26.1664,75.7885,0.01,34.51,21.07,2.48,97.07
2025-05-02,Tonk,26.1664,75.7885,0.24,34.75,25.03,2.23,97.14
2025-05-03,Tonk,26.1664,75.7885,0.5,34.69,24.37,2.24,96.98
2025-05-04,Tonk,26.1664,75.7885,2.58,34.06,26.13,2.16,96.88
2025-05-05,Tonk,26.1664,75.7885,4.29,33.31,35.68,1.93,96.93
2025-05-06,Tonk,26.1664,75.7885,0.21,28.95,53.31,2.01,97.01
2025-05-07,Tonk,26.1664,75.7885,0.52,28.97,50.13,2.11,96.92
2025-05-08,Tonk,26.1664,75.7885,3.59,28.71,54.91,1.1,96.97
2025-05-09,Tonk,26.1664,75.7885,0.86,30.32,52.7,1.88,97.11
2025-05-10,Tonk,26.1664,75.7885,0.85,31.98,45.58,2.7,97.12
2025-05-11,Tonk,26.1664,75.7885,0.16,33.82,40.28,3.23,96.97
2025-05-12,Tonk,26.1664,75.7885,3.8,33.84,41.67,1.7,96.94
2025-05-13,Tonk,26.1664,75.7885,0.13,34.36,40.47,1.78,96.97
2025-05-14,Tonk,26.1664,75.7885,0.05,35.49,34.47,2.22,96.94
2025-05-15,Tonk,26.1664,75.7885,0.0,36.17,25.16,3.25,96.92
2025-05-16,Tonk,26.1664,75.7885,0.0,37.31,24.19,2.46,96.82
2025-05-17,Tonk,26.1664,75.7885,0.07,38.1,28.0,3.66,96.79
2025-05-18,Tonk,26.1664,75.7885,0.0,38.42,28.15,3.57,96.76
2025-05-19,Tonk,26.1664,75.7885,0.63,38.93,26.33,3.62,96.67
2025-05-20,Tonk,26.1664,75.7885,0.05,38.65,24.95,4.19,96.6
2025-05-21,Tonk,26.1664,75.7885,0.01,38.85,23.83,3.36,96.57
2025-05-22,Tonk,26.1664,75.7885,0.08,38.27,26.68,2.48,96.53
2025-05-23,Tonk,26.1664,75.7885,0.01,38.19,32.42,3.94,96.33
2025-05-24,Tonk,26.1664,75.7885,0.03,38.54,26.5,2.79,96.24
2025-05-25,Tonk,26.1664,75.7885,2.55,36.82,36.13,3.86,96.6
2025-05-26,Tonk,26.1664,75.7885,0.01,37.29,31.36,3.31,96.49
2025-05-27,Tonk,26.1664,75.7885,0.22,37.04,32.22,3.34,96.32
2025-05-28,Tonk,26.1664,75.7885,0.1,38.17,32.22,2.84,96.23
2025-05-29,Tonk,26.1664,75.7885,21.26,34.75,47.99,2.03,96.19
2025-05-30,Tonk,26.1664,75.7885,1.9,34.09,43.44,2.45,96.14
2025-05-31,Tonk,26.1664,75.7885,1.63,32.83,39.42,4.34,96.42
2025-06-01,Tonk,26.1664,75.7885,0.01,32.76,40.16,4.69,96.54
2025-06-02,Tonk,26.1664,75.7885,3.33,30.45,54.83,3.15,96.56
2025-06-03,Tonk,26.1664,75.7885,2.98,31.48,54.81,2.82,96.66
2025-06-04,Tonk,26.1664,75.7885,0.15,31.95,49.5,1.89,96.9
2025-06-05,Tonk,26.1664,75.7885,0.01,32.85,42.74,1.37,97.15
2025-06-06,Tonk,26.1664,75.7885,1.49,33.58,42.5,1.98,97.09
2025-06-07,Tonk,26.1664,75.7885,0.01,36.68,27.38,4.43,96.91
2025-06-08,Tonk,26.1664,75.7885,0.0,37.08,21.62,5.25,96.81
2025-06-09,Tonk,26.1664,75.7885,0.0,37.66,18.54,5.84,96.69
2025-06-10,Tonk,26.1664,75.7885,0.0,38.24,21.2,5.28,96.6
2025-06-11,Tonk,26.1664,75.7885,0.0,38.98,20.91,3.57,96.55
2025-06-12,Tonk,26.1664,75.7885,0.0,39.57,20.12,2.67,96.45
2025-06-13,Tonk,26.1664,75.7885,0.0,39.94,26.74,2.54,96.39
2025-06-14,Tonk,26.1664,75.7885,0.78,39.22,29.77,2.73,96.35
2025-06-15,Tonk,26.1664,75.7885,2.48,37.27,37.24,3.31,96.22
2025-06-16,Tonk,26.1664,75.7885,25.29,31.37,65.71,2.69,96.25
2025-06-17,Tonk,26.1664,75.7885,18.12,29.71,74.98,2.63,96.36
2025-06-18,Tonk,26.1664,75.7885,6.66,28.55,78.75,2.63,96.13
2025-06-19,Tonk,26.1664,75.7885,5.8,31.0,71.17,2.65,96.09
2025-06-20,Tonk,26.1664,75.7885,42.56,28.28,82.55,3.5,96.42
2025-06-21,Tonk,26.1664,75.7885,40.59,29.73,79.76,1.31,96.51
2025-06-22,Tonk,26.1664,75.7885,8.46,29.98,78.91,1.6,96.44
2025-06-23,Tonk,26.1664,75.7885,15.94,29.24,81.4,2.47,96.28
2025-06-24,Tonk,26.1664,75.7885,34.16,30.6,77.59,1.52,96.21
2025-06-25,Tonk,26.1664,75.7885,12.72,30.35,79.84,2.36,96.34
2025-06-26,Tonk,26.1664,75.7885,8.86,29.72,81.99,2.93,96.52
2025-06-27,Tonk,26.1664,75.7885,3.32,29.78,79.1,2.43,96.44
2025-06-28,Tonk,26.1664,75.7885,0.69,28.75,77.34,3.42,96.49
2025-06-29,Tonk,26.1664,75.7885,1.05,29.66,77.53,2.62,96.28
2025-06-30,Tonk,26.1664,75.7885,2.56,29.61,74.76,3.93,96.32
2025-07-01,Tonk,26.1664,75.7885,20.59,28.2,84.78,2.48,96.39
2025-07-02,Tonk,26.1664,75.7885,31.26,29.16,83.08,1.68,96.31
2025-07-03,Tonk,26.1664,75.7885,7.68,29.35,83.0,2.43,96.36
2025-07-04,Tonk,26.1664,75.7885,34.17,28.93,85.87,1.84,96.47
2025-07-05,Tonk,26.1664,75.7885,15.94,28.33,86.89,2.62,96.46
2025-07-06,Tonk,26.1664,75.7885,3.0,28.2,86.71,1.72,96.39
2025-07-07,Tonk,26.1664,75.7885,1.54,28.11,86.38,1.67,96.46
2025-07-08,Tonk,26.1664,75.7885,0.42,28.95,80.59,2.41,96.56
2025-07-09,Tonk,26.1664,75.7885,16.36,28.78,82.33,2.68,96.61
2025-07-10,Tonk,26.1664,75.7885,3.79,28.73,80.75,2.02,96.7
2025-07-11,Tonk,26.1664,75.7885,7.72,27.32,87.93,1.77,96.7
2025-07-12,Tonk,26.1664,75.7885,4.93,27.94,83.74,1.28,96.68
2025-07-13,Tonk,26.1664,75.7885,48.81,28.53,84.65,1.86,96.55
2025-07-14,Tonk,26.1664,75.7885,14.31,27.96,87.56,3.11,96.27
2025-07-15,Tonk,26.1664,75.7885,18.04,28.11,84.71,4.68,96.29
2025-07-16,Tonk,26.1664,75.7885,1.88,27.93,86.09,2.11,96.58
2025-07-17,Tonk,26.1664,75.7885,10.0,28.09,86.14,2.11,96.69
2025-07-18,Tonk,26.1664,75.7885,30.76,27.76,89.02,2.58,96.44
2025-07-19,Tonk,26.1664,75.7885,27.99,27.14,87.77,4.46,96.26
2025-07-20,Tonk,26.1664,75.7885,0.05,27.65,84.39,2.26,96.42
2025-07-21,Tonk,26.1664,75.7885,0.52,28.09,84.62,1.61,96.62
2025-07-22,Tonk,26.1664,75.7885,2.05,28.89,84.3,2.01,96.55
2025-07-23,Tonk,26.1664,75.7885,17.74,27.95,87.19,2.86,96.34
2025-07-24,Tonk,26.1664,75.7885,0.63,28.03,85.64,2.7,96.25
2025-07-25,Tonk,26.1664,75.7885,18.22,28.51,85.23,2.43,96.23
2025-07-26,Tonk,26.1664,75.7885,20.84,28.54,88.84,2.23,96.19
2025-07-27,Tonk,26.1664,75.7885,10.8,28.33,87.86,2.39,96.14
2025-07-28,Tonk,26.1664,75.7885,34.94,27.57,91.84,2.66,96.25
2025-07-29,Tonk,26.1664,75.7885,18.48,28.62,86.65,3.02,96.29
2025-07-30,Tonk,26.1664,75.7885,31.84,26.21,92.46,3.53,96.36
2025-07-31,Tonk,26.1664,75.7885,12.17,25.15,92.85,3.82,96.54
2025-08-01,Tonk,26.1664,75.7885,3.93,26.8,88.26,2.87,96.67
2025-08-02,Tonk,26.1664,75.7885,1.9,27.11,87.82,2.92,96.74
2025-08-03,Tonk,26.1664,75.7885,11.02,27.4,86.48,2.45,96.87
2025-08-04,Tonk,26.1664,75.7885,0.32,27.6,86.09,2.99,96.96
2025-08-05,Tonk,26.1664,75.7885,0.01,26.88,86.64,2.53,96.97
2025-08-06,Tonk,26.1664,75.7885,0.0,27.22,85.35,2.27,96.99
2025-08-07,Tonk,26.1664,75.7885,0.03,27.33,84.92,2.4,96.94
2025-08-08,Tonk,26.1664,75.7885,0.01,27.55,83.31,2.33,96.98
2025-08-09,Tonk,26.1664,75.7885,2.12,27.29,83.56,2.05,97.15
2025-08-10,Tonk,26.1664,75.7885,0.96,27.34,83.8,2.34,97.03
2025-08-11,Tonk,26.1664,75.7885,0.24,27.19,84.24,2.5,96.97
2025-08-12,Tonk,26.1664,75.7885,0.01,27.67,83.91,2.51,96.84
2025-08-13,Tonk,26.1664,75.7885,0.56,26.88,86.6,1.68,96.77
2025-08-14,Tonk,26.1664,75.7885,2.69,27.32,88.08,0.85,96.88
2025-08-15,Tonk,26.1664,75.7885,3.18,28.13,85.97,1.52,96.75
2025-08-16,Tonk,26.1664,75.7885,1.54,28.21,85.87,2.01,96.6
2025-08-17,Tonk,26.1664,75.7885,1.85,28.53,86.48,2.66,96.65
2025-08-18,Tonk,26.1664,75.7885,3.3,27.93,88.66,2.4,96.79
2025-08-19,Tonk,26.1664,75.7885,0.11,28.19,86.07,2.59,96.67
2025-08-20,Tonk,26.1664,75.7885,10.63,28.17,86.1,2.64,96.6
2025-08-21,Tonk,26.1664,75.7885,30.17,28.05,87.93,1.23,96.6
2025-08-22,Tonk,26.1664,75.7885,50.13,26.78,93.01,3.1,96.54
2025-08-23,Tonk,26.1664,75.7885,50.4,26.96,91.15,2.76,96.5
2025-08-24,Tonk,26.1664,75.7885,23.58,27.53,87.68,2.01,96.55
2025-08-25,Tonk,26.1664,75.7885,5.02,26.99,88.13,2.48,96.52
2025-08-26,Tonk,26.1664,75.7885,1.54,26.54,92.84,2.59,96.68
2025-08-27,Tonk,26.1664,75.7885,2.84,27.8,87.29,1.77,96.76
2025-08-28,Tonk,26.1664,75.7885,1.52,27.9,88.85,1.66,96.69
2025-08-29,Tonk,26.1664,75.7885,9.97,28.32,87.41,1.19,96.75
2025-08-30,Tonk,26.1664,75.7885,5.37,27.82,89.6,1.32,96.89
2025-08-31,Tonk,26.1664,75.7885,28.45,27.29,90.63,1.32,96.73
2025-09-01,Tonk,26.1664,75.7885,38.1,26.42,90.9,3.33,96.5
2025-09-02,Tonk,26.1664,75.7885,4.35,27.27,87.59,2.37,96.61
2025-09-03,Tonk,26.1664,75.7885,13.3,26.4,92.08,2.0,96.78
2025-09-04,Tonk,26.1664,75.7885,23.53,26.26,92.39,2.21,96.79
2025-09-05,Tonk,26.1664,75.7885,26.53,26.71,91.2,2.18,96.72
2025-09-06,Tonk,26.1664,75.7885,16.98,26.86,92.44,3.3,96.7
2025-09-07,Tonk,26.1664,75.7885,3.75,26.03,90.35,3.34,96.89
2025-09-08,Tonk,26.1664,75.7885,0.19,25.77,88.86,2.43,97.09
2025-09-09,Tonk,26.1664,75.7885,0.0,26.07,86.32,1.77,97.34
2025-09-10,Tonk,26.1664,75.7885,0.0,25.88,87.02,2.5,97.31
2025-09-11,Tonk,26.1664,75.7885,0.0,25.33,86.68,2.47,97.25
2025-09-12,Tonk,26.1664,75.7885,0.0,26.1,85.28,1.63,97.33
2025-09-13,Tonk,26.1664,75.7885,0.0,26.68,82.57,1.61,97.31
2025-09-14,Tonk,26.1664,75.7885,0.02,27.44,82.73,1.57,97.24
2025-09-15,Tonk,26.1664,75.7885,0.05,26.79,84.76,1.95,97.09
2025-09-16,Tonk,26.1664,75.7885,0.03,27.03,84.12,1.63,97.07
2025-09-17,Tonk,26.1664,75.7885,0.14,27.4,85.62,1.49,97.08
2025-09-18,Tonk,26.1664,75.7885,1.24,27.5,84.57,1.33,97.09
2025-09-19,Tonk,26.1664,75.7885,1.81,27.81,82.55,1.17,97.2
2025-09-20,Tonk,26.1664,75.7885,2.51,27.83,81.76,1.43,97.18
2025-09-21,Tonk,26.1664,75.7885,0.06,27.85,80.01,1.7,97.11
2025-09-22,Tonk,26.1664,75.7885,0.0,27.36,78.76,1.79,97.17
2025-09-23,Tonk,26.1664,75.7885,0.02,26.81,79.88,1.87,97.14
2025-09-24,Tonk,26.1664,75.7885,0.02,26.6,81.08,2.21,97.03
2025-09-25,Tonk,26.1664,75.7885,0.0,26.57,79.53,2.11,97.05
2025-09-26,Tonk,26.1664,75.7885,0.0,26.86,73.82,1.95,97.15
2025-09-27,Tonk,26.1664,75.7885,0.92,26.56,80.61,1.99,97.22
2025-09-28,Tonk,26.1664,75.7885,0.03,26.94,88.15,2.88,97.06
2025-09-29,Tonk,26.1664,75.7885,0.55,27.24,87.76,2.29,96.93
2025-09-30,Tonk,26.1664,75.7885,8.31,26.67,88.83,1.23,96.84
2025-10-01,Tonk,26.1664,75.7885,9.49,25.81,84.6,1.59,96.9
2025-10-02,Tonk,26.1664,75.7885,0.21,26.6,82.64,0.97,97.16
2025-10-03,Tonk,26.1664,75.7885,0.65,26.46,86.91,1.29,97.4
2025-10-04,Tonk,26.1664,75.7885,0.91,26.54,84.67,1.14,97.37
2025-10-05,Tonk,26.1664,75.7885,11.58,26.08,83.74,1.98,97.33
2025-10-06,Tonk,26.1664,75.7885,16.02,25.32,85.47,2.13,97.4
2025-10-07,Tonk,26.1664,75.7885,3.76,23.51,80.9,2.27,97.46
2025-10-08,Tonk,26.1664,75.7885,0.25,22.51,78.28,1.6,97.68
2025-10-09,Tonk,26.1664,75.7885,0.0,23.19,69.6,0.99,97.82
2025-10-10,Tonk,26.1664,75.7885,0.0,23.13,62.72,0.82,97.7
2025-10-11,Tonk,26.1664,75.7885,0.0,22.85,64.48,1.08,97.69
2025-10-12,Tonk,26.1664,75.7885,0.0,22.73,67.84,1.23,97.64
2025-10-13,Tonk,26.1664,75.7885,0.0,23.17,66.31,0.87,97.72
2025-10-14,Tonk,26.1664,75.7885,0.0,22.47,71.28,1.23,97.62
2025-10-15,Tonk,26.1664,75.7885,0.0,22.67,67.74,0.93,97.61
2025-10-16,Tonk,26.1664,75.7885,0.0,24.18,59.88,0.53,97.62
2025-10-17,Tonk,26.1664,75.7885,0.0,24.44,58.22,0.67,97.73
2025-10-18,Tonk,26.1664,75.7885,0.0,23.72,57.13,0.74,97.65
2025-10-19,Tonk,26.1664,75.7885,0.0,22.88,62.46,1.07,97.58
2025-10-20,Tonk,26.1664,75.7885,0.0,22.3,70.91,1.37,97.6
2025-10-21,Tonk,26.1664,75.7885,0.0,23.72,66.16,0.89,97.74
2025-10-22,Tonk,26.1664,75.7885,0.0,24.61,57.38,0.71,97.81
2025-10-23,Tonk,26.1664,75.7885,0.0,24.32,58.84,0.77,97.72
2025-10-24,Tonk,26.1664,75.7885,0.0,23.79,62.27,0.82,97.69
2025-10-25,Tonk,26.1664,75.7885,0.88,22.56,70.58,1.12,97.62
2025-10-26,Tonk,26.1664,75.7885,1.29,22.24,84.14,2.07,97.66
2025-10-27,Tonk,26.1664,75.7885,56.83,22.15,92.22,2.53,97.71
2025-10-28,Tonk,26.1664,75.7885,13.67,19.52,92.46,3.44,97.73
2025-10-29,Tonk,26.1664,75.7885,1.51,20.56,90.59,2.32,97.64
2025-10-30,Tonk,26.1664,75.7885,2.62,21.61,92.79,2.7,97.56
2025-10-31,Tonk,26.1664,75.7885,0.01,22.2,88.04,1.48,97.6
2025-11-01,Tonk,26.1664,75.7885,0.0,23.67,79.84,0.66,97.62
2025-11-02,Tonk,26.1664,75.7885,0.0,23.44,70.2,1.2,97.67
2025-11-03,Tonk,26.1664,75.7885,4.28,22.45,63.7,1.39,97.52
2025-11-04,Tonk,26.1664,75.7885,4.65,23.46,82.65,2.45,97.38
2025-11-05,Tonk,26.1664,75.7885,0.01,19.87,73.94,2.07,97.54
2025-11-06,Tonk,26.1664,75.7885,0.0,17.78,59.52,1.46,97.78
2025-11-07,Tonk,26.1664,75.7885,0.0,17.65,46.79,1.12,97.95
2025-11-08,Tonk,26.1664,75.7885,0.0,18.19,47.97,1.11,98.0
2025-11-09,Tonk,26.1664,75.7885,0.0,18.38,56.15,1.42,97.86
2025-11-10,Tonk,26.1664,75.7885,0.0,18.12,58.82,1.27,97.81
2025-11-11,Tonk,26.1664,75.7885,0.0,18.41,60.61,1.17,97.92
2025-11-12,Tonk,26.1664,75.7885,0.0,18.62,60.97,1.13,98.01
2025-11-13,Tonk,26.1664,75.7885,0.0,18.71,55.72,1.11,98.14
2025-11-14,Tonk,26.1664,75.7885,0.0,18.37,45.76,0.77,98.13
2025-11-15,Tonk,26.1664,75.7885,0.0,17.48,51.26,1.02,98.24
2025-11-16,Tonk,26.1664,75.7885,0.0,17.78,50.53,0.99,98.4
2025-11-17,Tonk,26.1664,75.7885,0.0,16.97,53.6,1.09,98.31
2025-11-18,Tonk,26.1664,75.7885,0.0,16.67,58.85,0.95,98.13
2025-11-19,Tonk,26.1664,75.7885,0.0,16.51,63.76,1.09,98.07
2025-11-20,Tonk,26.1664,75.7885,0.0,16.72,68.73,1.18,98.15
2025-11-21,Tonk,26.1664,75.7885,0.0,16.29,75.25,1.24,98.24
2025-11-22,Tonk,26.1664,75.7885,0.0,16.47,76.59,1.25,98.1
2025-11-23,Tonk,26.1664,75.7885,0.0,16.29,75.72,1.27,98.07
2025-11-24,Tonk,26.1664,75.7885,0.0,15.48,81.22,1.52,98.18
2025-11-25,Tonk,26.1664,75.7885,0.0,15.78,72.91,1.57,98.18
2025-11-26,Tonk,26.1664,75.7885,0.0,15.89,70.6,1.66,98.16
2025-11-27,Tonk,26.1664,75.7885,0.05,16.61,77.45,1.77,98.25
2025-11-28,Tonk,26.1664,75.7885,0.09,16.92,77.09,0.98,98.18
2025-11-29,Tonk,26.1664,75.7885,0.0,19.11,73.23,0.56,98.02
2025-11-30,Tonk,26.1664,75.7885,0.0,19.15,74.8,0.9,97.96
2025-12-01,Tonk,26.1664,75.7885,0.0,18.28,79.48,0.99,97.91
2025-12-02,Tonk,26.1664,75.7885,0.0,18.33,68.93,1.15,97.9
2025-12-03,Tonk,26.1664,75.7885,0.0,15.85,61.86,1.14,98.22
2025-12-04,Tonk,26.1664,75.7885,0.0,15.34,57.03,0.8,98.33
2025-12-05,Tonk,26.1664,75.7885,0.0,16.09,49.35,0.63,98.45
2025-12-06,Tonk,26.1664,75.7885,0.0,15.33,47.24,0.84,98.41
2025-12-07,Tonk,26.1664,75.7885,0.0,16.56,46.98,0.86,98.32
2025-12-08,Tonk,26.1664,75.7885,0.0,17.17,47.45,1.01,98.31
2025-12-09,Tonk,26.1664,75.7885,0.0,16.64,48.14,1.0,98.28
2025-12-10,Tonk,26.1664,75.7885,0.0,16.72,47.47,1.09,98.25
2025-12-11,Tonk,26.1664,75.7885,0.0,17.49,44.93,0.91,98.16
2025-12-12,Tonk,26.1664,75.7885,0.0,17.02,47.87,1.02,98.05
2025-12-13,Tonk,26.1664,75.7885,0.0,17.46,50.87,0.83,98.11
2025-12-14,Tonk,26.1664,75.7885,0.0,17.1,60.73,0.85,98.21
2025-12-15,Tonk,26.1664,75.7885,0.0,17.58,61.47,0.76,98.21
2025-12-16,Tonk,26.1664,75.7885,0.0,16.8,52.64,0.73,98.19
2025-12-17,Tonk,26.1664,75.7885,0.0,16.5,50.53,1.01,98.26
2025-12-18,Tonk,26.1664,75.7885,0.0,16.98,49.53,0.68,98.29
2025-12-19,Tonk,26.1664,75.7885,0.0,16.44,49.58,1.13,98.07
2025-12-20,Tonk,26.1664,75.7885,0.0,15.78,59.37,1.15,97.91
2025-12-21,Tonk,26.1664,75.7885,0.0,15.24,69.06,1.17,98.05
2025-12-22,Tonk,26.1664,75.7885,0.0,16.95,67.72,0.81,98.09
2025-12-23,Tonk,26.1664,75.7885,0.0,16.97,67.82,1.67,98.0
2025-12-24,Tonk,26.1664,75.7885,0.0,14.47,60.17,1.69,98.04
2025-12-25,Tonk,26.1664,75.7885,0.0,13.21,53.58,1.07,98.07
2025-12-26,Tonk,26.1664,75.7885,0.0,13.24,59.02,1.08,98.12
2025-12-27,Tonk,26.1664,75.7885,0.0,14.12,53.17,0.64,98.13
2025-12-28,Tonk,26.1664,75.7885,0.0,13.65,57.98,0.95,98.16
2025-12-29,Tonk,26.1664,75.7885,0.0,13.86,63.49,1.07,98.1
2025-12-30,Tonk,26.1664,75.7885,0.0,15.03,65.29,1.23,97.86
2025-12-31,Tonk,26.1664,75.7885,0.06,15.51,67.64,1.0,97.64
2025-01-01,Udaipur,24.5854,73.7125,0.0,16.5,41.6,1.67,95.36
2025-01-02,Udaipur,24.5854,73.7125,0.0,18.89,34.48,0.86,95.35
2025-01-03,Udaipur,24.5854,73.7125,0.0,19.81,33.48,1.42,95.31
2025-01-04,Udaipur,24.5854,73.7125,0.0,19.46,37.05,1.72,95.1
2025-01-05,Udaipur,24.5854,73.7125,0.0,18.46,42.46,1.95,95.0
2025-01-06,Udaipur,24.5854,73.7125,0.0,15.6,34.01,2.86,95.18
2025-01-07,Udaipur,24.5854,73.7125,0.0,13.88,31.14,2.39,95.36
2025-01-08,Udaipur,24.5854,73.7125,0.0,15.01,29.15,1.38,95.24
2025-01-09,Udaipur,24.5854,73.7125,0.0,15.77,30.85,1.83,95.23
2025-01-10,Udaipur,24.5854,73.7125,0.0,16.64,38.54,2.03,95.25
2025-01-11,Udaipur,24.5854,73.7125,0.03,16.84,50.97,1.9,95.13
2025-01-12,Udaipur,24.5854,73.7125,0.0,15.71,49.17,2.06,95.36
2025-01-13,Udaipur,24.5854,73.7125,0.0,13.1,50.83,2.16,95.38
2025-01-14,Udaipur,24.5854,73.7125,0.0,14.08,44.43,1.63,95.29
2025-01-15,Udaipur,24.5854,73.7125,0.08,16.28,54.24,1.88,95.28
2025-01-16,Udaipur,24.5854,73.7125,0.0,15.55,39.24,3.12,95.43
2025-01-17,Udaipur,24.5854,73.7125,0.0,14.38,46.46,2.6,95.43
2025-01-18,Udaipur,24.5854,73.7125,0.0,17.27,52.29,1.7,95.22
2025-01-19,Udaipur,24.5854,73.7125,0.0,20.11,50.77,1.48,95.22
2025-01-20,Udaipur,24.5854,73.7125,0.0,20.43,40.26,1.43,95.15
2025-01-21,Udaipur,24.5854,73.7125,0.0,19.31,35.77,1.57,95.01
2025-01-22,Udaipur,24.5854,73.7125,0.0,18.38,30.97,1.99,94.94
2025-01-23,Udaipur,24.5854,73.7125,0.0,17.02,31.85,2.31,95.08
2025-01-24,Udaipur,24.5854,73.7125,0.0,16.31,33.38,2.77,95.18
2025-01-25,Udaipur,24.5854,73.7125,0.0,17.01,28.95,1.5,95.18
2025-01-26,Udaipur,24.5854,73.7125,0.0,18.25,26.82,1.3,95.09
2025-01-27,Udaipur,24.5854,73.7125,0.0,19.58,22.77,1.23,94.93
2025-01-28,Udaipur,24.5854,73.7125,0.0,20.86,21.66,1.51,94.87
2025-01-29,Udaipur,24.5854,73.7125,0.0,22.5,15.6,1.96,94.95
2025-01-30,Udaipur,24.5854,73.7125,0.0,20.07,20.55,2.37,94.81
2025-01-31,Udaipur,24.5854,73.7125,0.0,18.47,23.97,2.13,94.73
2025-02-01,Udaipur,24.5854,73.7125,0.0,17.8,23.9,2.21,94.91
2025-02-02,Udaipur,24.5854,73.7125,0.0,17.88,18.94,1.37,95.02
2025-02-03,Udaipur,24.5854,73.7125,0.0,19.24,28.31,2.34,94.97
2025-02-04,Udaipur,24.5854,73.7125,0.0,19.7,26.14,2.7,95.04
2025-02-05,Udaipur,24.5854,73.7125,0.0,16.89,20.0,2.36,95.14
2025-02-06,Udaipur,24.5854,73.7125,0.0,16.48,22.39,2.52,95.26
2025-02-07,Udaipur,24.5854,73.7125,0.0,17.47,21.75,2.08,95.31
2025-02-08,Udaipur,24.5854,73.7125,0.0,20.14,18.81,1.41,95.17
2025-02-09,Udaipur,24.5854,73.7125,0.0,21.14,15.31,1.73,95.0
2025-02-10,Udaipur,24.5854,73.7125,0.0,21.53,16.09,1.91,95.04
2025-02-11,Udaipur,24.5854,73.7125,0.0,21.35,22.83,2.26,95.06
2025-02-12,Udaipur,24.5854,73.7125,0.0,20.94,28.26,2.09,95.18
2025-02-13,Udaipur,24.5854,73.7125,0.0,21.14,17.99,1.6,95.23
2025-02-14,Udaipur,24.5854,73.7125,0.0,22.93,17.87,1.9,95.1
2025-02-15,Udaipur,24.5854,73.7125,0.0,23.1,26.86,3.39,94.84
2025-02-16,Udaipur,24.5854,73.7125,0.0,23.21,31.1,2.33,94.9
2025-02-17,Udaipur,24.5854,73.7125,0.0,24.02,30.55,1.71,95.01
2025-02-18,Udaipur,24.5854,73.7125,0.0,24.17,28.45,2.24,95.01
2025-02-19,Udaipur,24.5854,73.7125,0.0,23.2,31.9,1.72,94.9
2025-02-20,Udaipur,24.5854,73.7125,0.0,22.82,33.27,2.67,94.98
2025-02-21,Udaipur,24.5854,73.7125,0.0,22.41,24.2,1.82,95.22
2025-02-22,Udaipur,24.5854,73.7125,0.0,22.13,21.94,2.07,95.26
2025-02-23,Udaipur,24.5854,73.7125,0.0,22.53,23.73,1.4,95.28
2025-02-24,Udaipur,24.5854,73.7125,0.0,22.47,25.65,1.62,95.36
2025-02-25,Udaipur,24.5854,73.7125,0.0,24.16,25.08,1.42,95.44
2025-02-26,Udaipur,24.5854,73.7125,0.0,25.88,21.23,1.56,95.43
2025-02-27,Udaipur,24.5854,73.7125,0.0,25.32,23.72,2.58,95.12
2025-02-28,Udaipur,24.5854,73.7125,0.0,24.68,30.56,3.12,94.91
2025-03-01,Udaipur,24.5854,73.7125,0.0,24.18,36.17,3.04,94.93
2025-03-02,Udaipur,24.5854,73.7125,0.0,23.88,33.36,1.6,94.86
2025-03-03,Udaipur,24.5854,73.7125,0.0,24.31,32.13,3.05,94.92
2025-03-04,Udaipur,24.5854,73.7125,0.0,21.23,20.43,3.62,95.14
2025-03-05,Udaipur,24.5854,73.7125,0.0,19.09,10.8,2.94,95.29
2025-03-06,Udaipur,24.5854,73.7125,0.0,22.5,10.92,2.44,95.11
2025-03-07,Udaipur,24.5854,73.7125,0.0,24.69,16.79,2.1,94.88
2025-03-08,Udaipur,24.5854,73.7125,0.0,26.49,21.04,1.58,94.64
2025-03-09,Udaipur,24.5854,73.7125,0.0,27.62,19.07,1.35,94.79
2025-03-10,Udaipur,24.5854,73.7125,0.0,29.14,15.44,1.07,95.09
2025-03-11,Udaipur,24.5854,73.7125,0.0,28.14,16.79,2.12,95.07
2025-03-12,Udaipur,24.5854,73.7125,0.0,28.32,16.94,3.06,94.81
2025-03-13,Udaipur,24.5854,73.7125,0.0,27.82,21.01,3.42,94.62
2025-03-14,Udaipur,24.5854,73.7125,0.0,27.92,25.6,3.59,94.66
2025-03-15,Udaipur,24.5854,73.7125,0.0,27.16,28.13,3.52,94.78
2025-03-16,Udaipur,24.5854,73.7125,0.0,26.04,26.18,2.6,94.87
2025-03-17,Udaipur,24.5854,73.7125,0.0,25.03,23.73,1.82,94.92
2025-03-18,Udaipur,24.5854,73.7125,0.0,25.84,18.41,1.9,94.92
2025-03-19,Udaipur,24.5854,73.7125,0.0,26.51,17.05,1.9,94.91
2025-03-20,Udaipur,24.5854,73.7125,0.0,26.0,18.02,1.61,95.02
2025-03-21,Udaipur,24.5854,73.7125,0.01,25.8,22.48,2.56,95.08
2025-03-22,Udaipur,24.5854,73.7125,0.0,27.18,21.13,1.54,95.01
2025-03-23,Udaipur,24.5854,73.7125,0.0,27.95,16.18,1.15,95.07
2025-03-24,Udaipur,24.5854,73.7125,0.0,28.56,14.94,1.04,95.03
2025-03-25,Udaipur,24.5854,73.7125,0.0,28.6,14.93,2.12,94.73
2025-03-26,Udaipur,24.5854,73.7125,0.0,28.56,19.75,2.94,94.57
2025-03-27,Udaipur,24.5854,73.7125,0.0,27.19,21.7,3.45,94.64
2025-03-28,Udaipur,24.5854,73.7125,0.0,24.89,6.73,3.06,94.79
2025-03-29,Udaipur,24.5854,73.7125,0.0,24.82,5.6,2.17,94.78
2025-03-30,Udaipur,24.5854,73.7125,0.0,25.92,7.65,2.22,94.78
2025-03-31,Udaipur,24.5854,73.7125,0.0,27.6,8.15,2.26,94.78
2025-04-01,Udaipur,24.5854,73.7125,0.0,27.89,9.52,1.69,94.68
2025-04-02,Udaipur,24.5854,73.7125,0.0,28.15,13.61,2.16,94.66
2025-04-03,Udaipur,24.5854,73.7125,0.0,28.74,11.91,2.23,94.81
2025-04-04,Udaipur,24.5854,73.7125,0.0,29.56,12.61,1.94,94.89
2025-04-05,Udaipur,24.5854,73.7125,0.0,30.15,13.4,2.48,94.77
2025-04-06,Udaipur,24.5854,73.7125,0.0,31.44,12.28,2.88,94.61
2025-04-07,Udaipur,24.5854,73.7125,0.0,32.16,13.71,3.77,94.64
2025-04-08,Udaipur,24.5854,73.7125,0.0,32.81,13.72,3.11,94.78
2025-04-09,Udaipur,24.5854,73.7125,0.0,33.2,12.64,3.85,94.71
2025-04-10,Udaipur,24.5854,73.7125,0.0,32.15,15.35,4.6,94.36
2025-04-11,Udaipur,24.5854,73.7125,0.0,30.19,19.98,3.98,94.22
2025-04-12,Udaipur,24.5854,73.7125,2.75,29.92,30.76,3.58,94.45
2025-04-13,Udaipur,24.5854,73.7125,0.0,31.02,23.02,4.41,94.64
2025-04-14,Udaipur,24.5854,73.7125,0.0,31.59,20.53,4.73,94.56
2025-04-15,Udaipur,24.5854,73.7125,0.0,32.25,27.39,2.76,94.45
2025-04-16,Udaipur,24.5854,73.7125,0.0,33.13,21.86,1.42,94.45
2025-04-17,Udaipur,24.5854,73.7125,0.0,33.35,22.25,3.68,94.38
2025-04-18,Udaipur,24.5854,73.7125,0.0,33.09,19.07,4.66,94.37
2025-04-19,Udaipur,24.5854,73.7125,0.0,31.12,18.78,4.82,94.35
2025-04-20,Udaipur,24.5854,73.7125,0.0,29.36,26.52,3.5,94.43
2025-04-21,Udaipur,24.5854,73.7125,0.0,30.12,16.62,2.96,94.71
2025-04-22,Udaipur,24.5854,73.7125,0.0,30.84,8.82,2.33,94.79
2025-04-23,Udaipur,24.5854,73.7125,0.0,30.74,7.44,2.52,94.61
2025-04-24,Udaipur,24.5854,73.7125,0.0,31.34,9.72,2.73,94.44
2025-04-25,Udaipur,24.5854,73.7125,0.0,31.61,13.21,2.71,94.46
2025-04-26,Udaipur,24.5854,73.7125,0.0,31.32,16.71,3.33,94.41
2025-04-27,Udaipur,24.5854,73.7125,0.0,31.81,18.97,3.06,94.49
2025-04-28,Udaipur,24.5854,73.7125,0.0,33.54,19.76,3.76,94.31
2025-04-29,Udaipur,24.5854,73.7125,0.0,33.99,19.94,3.99,94.24
2025-04-30,Udaipur,24.5854,73.7125,0.0,34.14,16.24,3.6,94.36
2025-05-01,Udaipur,24.5854,73.7125,0.0,33.16,15.2,3.95,94.48
2025-05-02,Udaipur,24.5854,73.7125,0.06,33.61,15.39,3.66,94.5
2025-05-03,Udaipur,24.5854,73.7125,0.0,32.86,19.93,3.01,94.39
2025-05-04,Udaipur,24.5854,73.7125,1.85,31.1,29.77,2.35,94.32
2025-05-05,Udaipur,24.5854,73.7125,14.43,30.05,39.88,3.44,94.34
2025-05-06,Udaipur,24.5854,73.7125,16.99,24.55,70.14,3.4,94.41
2025-05-07,Udaipur,24.5854,73.7125,7.87,24.11,72.13,2.4,94.33
2025-05-08,Udaipur,24.5854,73.7125,9.61,24.94,73.83,1.92,94.4
2025-05-09,Udaipur,24.5854,73.7125,0.4,27.38,63.9,1.51,94.54
2025-05-10,Udaipur,24.5854,73.7125,0.01,28.51,58.18,1.58,94.57
2025-05-11,Udaipur,24.5854,73.7125,0.88,29.15,56.89,1.81,94.5
2025-05-12,Udaipur,24.5854,73.7125,6.68,28.96,58.52,2.12,94.43
2025-05-13,Udaipur,24.5854,73.7125,1.03,29.24,58.87,2.1,94.44
2025-05-14,Udaipur,24.5854,73.7125,0.01,30.46,54.49,1.6,94.45
2025-05-15,Udaipur,24.5854,73.7125,0.02,31.37,48.09,1.76,94.46
2025-05-16,Udaipur,24.5854,73.7125,0.02,31.36,48.86,2.8,94.4
2025-05-17,Udaipur,24.5854,73.7125,0.33,31.46,53.12,3.09,94.35
2025-05-18,Udaipur,24.5854,73.7125,0.0,32.18,53.35,2.8,94.32
2025-05-19,Udaipur,24.5854,73.7125,1.66,32.55,51.2,2.78,94.24
2025-05-20,Udaipur,24.5854,73.7125,2.41,33.22,49.92,2.45,94.19
2025-05-21,Udaipur,24.5854,73.7125,0.05,32.82,49.59,2.64,94.18
2025-05-22,Udaipur,24.5854,73.7125,0.06,32.98,50.32,2.77,94.08
2025-05-23,Udaipur,24.5854,73.7125,0.06,32.99,50.65,2.69,93.87
2025-05-24,Udaipur,24.5854,73.7125,0.0,34.03,39.56,2.56,93.73
2025-05-25,Udaipur,24.5854,73.7125,0.22,32.62,46.51,2.95,93.97
2025-05-26,Udaipur,24.5854,73.7125,0.06,33.99,40.2,2.52,93.9
2025-05-27,Udaipur,24.5854,73.7125,0.17,34.67,35.65,2.95,93.69
2025-05-28,Udaipur,24.5854,73.7125,12.31,33.54,44.4,4.07,93.71
2025-05-29,Udaipur,24.5854,73.7125,0.2,30.51,53.11,2.86,93.69
2025-05-30,Udaipur,24.5854,73.7125,0.15,30.98,49.52,4.37,93.65
2025-05-31,Udaipur,24.5854,73.7125,0.0,29.83,51.73,5.38,93.96
2025-06-01,Udaipur,24.5854,73.7125,0.46,29.54,54.18,5.37,94.07
2025-06-02,Udaipur,24.5854,73.7125,1.37,29.42,55.02,4.48,93.98
2025-06-03,Udaipur,24.5854,73.7125,2.04,29.07,58.24,4.23,94.12
2025-06-04,Udaipur,24.5854,73.7125,0.06,29.32,55.26,3.14,94.33
2025-06-05,Udaipur,24.5854,73.7125,0.02,30.65,43.75,2.43,94.56
2025-06-06,Udaipur,24.5854,73.7125,0.02,32.46,39.45,3.5,94.57
2025-06-07,Udaipur,24.5854,73.7125,0.74,33.11,31.16,3.98,94.49
2025-06-08,Udaipur,24.5854,73.7125,0.0,33.01,30.83,4.37,94.43
2025-06-09,Udaipur,24.5854,73.7125,0.0,33.97,34.12,4.91,94.31
2025-06-10,Udaipur,24.5854,73.7125,0.0,34.78,32.79,4.29,94.14
2025-06-11,Udaipur,24.5854,73.7125,0.0,35.65,27.16,3.68,94.06
2025-06-12,Udaipur,24.5854,73.7125,0.0,36.84,24.82,2.28,93.9
2025-06-13,Udaipur,24.5854,73.7125,0.61,37.18,24.73,1.62,93.82
2025-06-14,Udaipur,24.5854,73.7125,4.72,35.52,38.76,2.07,93.8
2025-06-15,Udaipur,24.5854,73.7125,1.81,32.81,49.12,2.21,93.66
2025-06-16,Udaipur,24.5854,73.7125,7.5,29.72,65.8,2.83,93.53
2025-06-17,Udaipur,24.5854,73.7125,7.91,27.87,78.22,4.44,93.54
2025-06-18,Udaipur,24.5854,73.7125,9.67,28.77,74.26,4.52,93.64
2025-06-19,Udaipur,24.5854,73.7125,3.69,29.02,71.76,5.6,93.64
2025-06-20,Udaipur,24.5854,73.7125,7.53,26.56,78.23,4.62,93.91
2025-06-21,Udaipur,24.5854,73.7125,13.58,26.83,80.26,3.41,93.95
2025-06-22,Udaipur,24.5854,73.7125,12.4,27.54,77.18,3.59,93.91
2025-06-23,Udaipur,24.5854,73.7125,3.36,26.09,84.92,3.34,93.74
2025-06-24,Udaipur,24.5854,73.7125,2.59,28.77,74.56,2.52,93.63
2025-06-25,Udaipur,24.5854,73.7125,11.51,27.27,81.13,2.6,93.72
2025-06-26,Udaipur,24.5854,73.7125,7.85,28.29,80.49,1.85,93.81
2025-06-27,Udaipur,24.5854,73.7125,8.25,27.38,79.23,2.49,93.79
2025-06-28,Udaipur,24.5854,73.7125,4.47,26.4,80.73,4.78,93.82
2025-06-29,Udaipur,24.5854,73.7125,6.43,27.15,78.75,4.9,93.76
2025-06-30,Udaipur,24.5854,73.7125,2.53,27.32,78.2,4.91,93.79
2025-07-01,Udaipur,24.5854,73.7125,3.09,27.33,78.25,4.26,93.87
2025-07-02,Udaipur,24.5854,73.7125,26.93,24.85,87.45,3.38,93.78
2025-07-03,Udaipur,24.5854,73.7125,19.21,25.89,88.2,2.5,93.77
2025-07-04,Udaipur,24.5854,73.7125,2.97,26.59,84.57,3.34,93.92
2025-07-05,Udaipur,24.5854,73.7125,13.72,26.16,88.27,2.96,93.92
2025-07-06,Udaipur,24.5854,73.7125,10.17,25.82,88.72,2.62,93.81
2025-07-07,Udaipur,24.5854,73.7125,1.09,26.58,82.45,3.53,93.9
2025-07-08,Udaipur,24.5854,73.7125,0.13,26.83,80.39,3.26,94.02
2025-07-09,Udaipur,24.5854,73.7125,0.28,26.8,81.48,3.41,94.06
2025-07-10,Udaipur,24.5854,73.7125,0.21,26.6,80.52,3.22,94.11
2025-07-11,Udaipur,24.5854,73.7125,7.88,26.03,85.18,2.91,94.13
2025-07-12,Udaipur,24.5854,73.7125,34.44,25.59,87.15,2.95,94.11
2025-07-13,Udaipur,24.5854,73.7125,17.78,25.87,89.52,3.06,94.0
2025-07-14,Udaipur,24.5854,73.7125,34.95,25.49,91.01,4.56,93.84
2025-07-15,Udaipur,24.5854,73.7125,10.65,25.89,87.78,4.1,93.85
2025-07-16,Udaipur,24.5854,73.7125,0.56,26.45,85.26,2.72,94.0
2025-07-17,Udaipur,24.5854,73.7125,0.24,25.9,84.95,2.41,94.12
2025-07-18,Udaipur,24.5854,73.7125,24.7,24.91,90.03,4.45,94.06
2025-07-19,Udaipur,24.5854,73.7125,25.31,24.61,88.64,4.39,93.78
2025-07-20,Udaipur,24.5854,73.7125,1.59,25.47,86.24,3.28,93.78
2025-07-21,Udaipur,24.5854,73.7125,4.31,25.94,87.76,2.96,93.98
2025-07-22,Udaipur,24.5854,73.7125,15.64,26.59,87.22,2.5,93.97
2025-07-23,Udaipur,24.5854,73.7125,5.84,26.05,86.86,3.54,93.79
2025-07-24,Udaipur,24.5854,73.7125,0.38,25.73,86.17,3.15,93.71
2025-07-25,Udaipur,24.5854,73.7125,2.89,26.48,86.37,2.36,93.67
2025-07-26,Udaipur,24.5854,73.7125,11.63,26.1,90.4,3.5,93.63
2025-07-27,Udaipur,24.5854,73.7125,28.57,26.33,89.7,3.47,93.58
2025-07-28,Udaipur,24.5854,73.7125,4.73,25.73,91.47,3.56,93.72
2025-07-29,Udaipur,24.5854,73.7125,0.6,25.95,88.82,3.82,93.78
2025-07-30,Udaipur,24.5854,73.7125,0.76,24.84,88.46,4.21,93.85
2025-07-31,Udaipur,24.5854,73.7125,1.94,24.71,89.23,3.37,94.0
2025-08-01,Udaipur,24.5854,73.7125,0.1,25.43,86.11,3.52,94.1
2025-08-02,Udaipur,24.5854,73.7125,0.49,25.02,85.83,3.14,94.18
2025-08-03,Udaipur,24.5854,73.7125,0.54,25.37,86.54,2.95,94.29
2025-08-04,Udaipur,24.5854,73.7125,0.0,25.27,87.27,3.24,94.41
2025-08-05,Udaipur,24.5854,73.7125,0.34,25.27,86.34,3.26,94.37
2025-08-06,Udaipur,24.5854,73.7125,0.25,25.12,85.56,2.97,94.39
2025-08-07,Udaipur,24.5854,73.7125,0.0,25.23,85.01,2.66,94.37
2025-08-08,Udaipur,24.5854,73.7125,0.0,25.3,84.1,2.7,94.4
2025-08-09,Udaipur,24.5854,73.7125,0.05,25.48,83.23,2.1,94.54
2025-08-10,Udaipur,24.5854,73.7125,0.02,25.3,83.88,2.55,94.45
2025-08-11,Udaipur,24.5854,73.7125,0.0,25.26,84.54,2.96,94.4
2025-08-12,Udaipur,24.5854,73.7125,0.0,25.54,84.12,3.3,94.28
2025-08-13,Udaipur,24.5854,73.7125,0.0,25.08,86.85,2.2,94.14
2025-08-14,Udaipur,24.5854,73.7125,0.18,25.78,84.36,1.14,94.21
2025-08-15,Udaipur,24.5854,73.7125,7.99,26.75,84.7,1.09,94.07
2025-08-16,Udaipur,24.5854,73.7125,17.11,26.83,86.68,1.04,93.91
2025-08-17,Udaipur,24.5854,73.7125,0.94,27.28,86.44,1.94,93.91
2025-08-18,Udaipur,24.5854,73.7125,26.55,27.12,86.23,0.86,94.06
2025-08-19,Udaipur,24.5854,73.7125,6.91,26.71,87.72,2.01,93.93
2025-08-20,Udaipur,24.5854,73.7125,13.4,26.13,89.26,2.35,93.87
2025-08-21,Udaipur,24.5854,73.7125,29.72,24.35,94.22,2.23,94.02
2025-08-22,Udaipur,24.5854,73.7125,43.13,24.63,93.1,3.87,94.06
2025-08-23,Udaipur,24.5854,73.7125,15.61,24.92,90.46,4.13,94.01
2025-08-24,Udaipur,24.5854,73.7125,22.79,24.86,91.34,3.71,94.03
2025-08-25,Udaipur,24.5854,73.7125,16.91,25.2,90.24,3.76,93.99
2025-08-26,Udaipur,24.5854,73.7125,4.33,25.69,89.34,2.67,94.17
2025-08-27,Udaipur,24.5854,73.7125,3.23,26.01,88.68,2.0,94.18
2025-08-28,Udaipur,24.5854,73.7125,2.19,26.11,88.27,1.93,94.08
2025-08-29,Udaipur,24.5854,73.7125,17.62,26.3,90.04,1.74,94.08
2025-08-30,Udaipur,24.5854,73.7125,25.1,26.57,88.98,1.49,94.23
2025-08-31,Udaipur,24.5854,73.7125,16.19,24.87,93.1,3.03,94.18
2025-09-01,Udaipur,24.5854,73.7125,5.96,24.91,90.32,3.31,93.96
2025-09-02,Udaipur,24.5854,73.7125,1.1,24.94,88.86,2.58,94.04
2025-09-03,Udaipur,24.5854,73.7125,10.63,24.69,92.16,2.37,94.12
2025-09-04,Udaipur,24.5854,73.7125,13.14,24.88,91.83,2.51,94.09
2025-09-05,Udaipur,24.5854,73.7125,17.79,25.72,90.38,2.17,94.06
2025-09-06,Udaipur,24.5854,73.7125,29.98,25.08,93.93,3.21,94.02
2025-09-07,Udaipur,24.5854,73.7125,19.48,24.05,94.23,5.39,94.01
2025-09-08,Udaipur,24.5854,73.7125,2.47,23.63,91.54,4.37,94.31
2025-09-09,Udaipur,24.5854,73.7125,0.4,23.53,89.43,2.31,94.67
2025-09-10,Udaipur,24.5854,73.7125,0.0,23.25,88.01,1.76,94.71
2025-09-11,Udaipur,24.5854,73.7125,0.0,22.84,88.65,2.08,94.65
2025-09-12,Udaipur,24.5854,73.7125,0.0,23.37,87.91,1.73,94.71
2025-09-13,Udaipur,24.5854,73.7125,0.0,24.09,85.5,1.18,94.68
2025-09-14,Udaipur,24.5854,73.7125,0.0,25.22,83.57,1.2,94.62
2025-09-15,Udaipur,24.5854,73.7125,0.05,23.98,88.37,2.09,94.48
2025-09-16,Udaipur,24.5854,73.7125,0.05,23.38,90.55,1.58,94.47
2025-09-17,Udaipur,24.5854,73.7125,0.02,24.98,87.65,1.46,94.47
2025-09-18,Udaipur,24.5854,73.7125,2.23,24.99,87.75,1.7,94.48
2025-09-19,Udaipur,24.5854,73.7125,17.83,25.85,82.29,0.8,94.58
2025-09-20,Udaipur,24.5854,73.7125,3.22,25.23,87.86,1.64,94.54
2025-09-21,Udaipur,24.5854,73.7125,25.18,25.06,88.35,1.94,94.5
2025-09-22,Udaipur,24.5854,73.7125,1.38,25.13,87.72,1.22,94.53
2025-09-23,Udaipur,24.5854,73.7125,0.3,24.67,86.89,1.6,94.54
2025-09-24,Udaipur,24.5854,73.7125,0.05,24.27,87.46,2.1,94.43
2025-09-25,Udaipur,24.5854,73.7125,0.0,24.26,84.89,1.31,94.45
2025-09-26,Udaipur,24.5854,73.7125,0.0,25.14,81.76,1.58,94.53
2025-09-27,Udaipur,24.5854,73.7125,0.21,25.38,82.22,2.33,94.53
2025-09-28,Udaipur,24.5854,73.7125,3.24,25.27,89.41,3.31,94.26
2025-09-29,Udaipur,24.5854,73.7125,1.18,25.48,89.67,3.24,94.12
2025-09-30,Udaipur,24.5854,73.7125,0.27,23.53,91.04,2.82,94.19
2025-10-01,Udaipur,24.5854,73.7125,0.09,23.5,88.29,1.89,94.24
2025-10-02,Udaipur,24.5854,73.7125,0.16,24.14,87.1,1.1,94.49
2025-10-03,Udaipur,24.5854,73.7125,25.52,24.89,87.3,1.05,94.73
2025-10-04,Udaipur,24.5854,73.7125,12.07,24.33,89.94,2.32,94.77
2025-10-05,Udaipur,24.5854,73.7125,2.13,23.71,89.26,2.65,94.72
2025-10-06,Udaipur,24.5854,73.7125,3.39,23.15,89.7,3.23,94.75
2025-10-07,Udaipur,24.5854,73.7125,0.61,21.9,85.11,2.21,94.82
2025-10-08,Udaipur,24.5854,73.7125,0.0,21.24,78.43,1.29,94.99
2025-10-09,Udaipur,24.5854,73.7125,0.0,21.99,68.6,0.88,95.1
2025-10-10,Udaipur,24.5854,73.7125,0.0,22.2,60.13,0.66,94.97
2025-10-11,Udaipur,24.5854,73.7125,0.0,21.87,59.61,0.93,94.99
2025-10-12,Udaipur,24.5854,73.7125,0.0,22.28,60.77,1.05,94.94
2025-10-13,Udaipur,24.5854,73.7125,0.0,22.4,62.06,0.82,94.99
2025-10-14,Udaipur,24.5854,73.7125,0.0,20.69,73.4,1.39,94.88
2025-10-15,Udaipur,24.5854,73.7125,0.0,20.92,72.64,1.22,94.83
2025-10-16,Udaipur,24.5854,73.7125,0.0,22.26,69.91,1.0,94.87
2025-10-17,Udaipur,24.5854,73.7125,0.0,22.74,66.67,0.98,94.99
2025-10-18,Udaipur,24.5854,73.7125,0.0,22.78,56.82,0.89,94.92
2025-10-19,Udaipur,24.5854,73.7125,0.0,22.64,54.18,0.74,94.81
2025-10-20,Udaipur,24.5854,73.7125,0.0,23.2,56.06,0.59,94.82
2025-10-21,Udaipur,24.5854,73.7125,0.0,22.57,72.46,0.91,94.98
2025-10-22,Udaipur,24.5854,73.7125,0.0,22.21,73.24,1.58,95.05
2025-10-23,Udaipur,24.5854,73.7125,0.0,21.27,74.9,1.85,94.97
2025-10-24,Udaipur,24.5854,73.7125,0.0,21.76,77.35,1.71,94.93
2025-10-25,Udaipur,24.5854,73.7125,0.01,21.09,75.92,2.12,94.84
2025-10-26,Udaipur,24.5854,73.7125,1.53,21.62,87.63,2.06,94.82
2025-10-27,Udaipur,24.5854,73.7125,46.76,21.79,93.26,2.85,94.82
2025-10-28,Udaipur,24.5854,73.7125,12.03,20.15,93.94,3.72,94.79
2025-10-29,Udaipur,24.5854,73.7125,6.26,20.63,91.37,3.33,94.77
2025-10-30,Udaipur,24.5854,73.7125,12.2,21.26,94.24,2.84,94.69
2025-10-31,Udaipur,24.5854,73.7125,0.58,21.91,88.88,1.98,94.83
2025-11-01,Udaipur,24.5854,73.7125,0.02,22.96,82.13,0.64,94.89
2025-11-02,Udaipur,24.5854,73.7125,0.08,23.97,80.57,0.66,94.95
2025-11-03,Udaipur,24.5854,73.7125,6.12,23.2,90.82,2.13,94.83
2025-11-04,Udaipur,24.5854,73.7125,0.41,21.22,84.71,2.48,94.78
2025-11-05,Udaipur,24.5854,73.7125,0.0,19.95,66.45,1.3,94.86
2025-11-06,Udaipur,24.5854,73.7125,0.0,19.4,54.5,1.29,95.03
2025-11-07,Udaipur,24.5854,73.7125,0.0,19.11,47.34,1.01,95.18
2025-11-08,Udaipur,24.5854,73.7125,0.0,18.38,49.71,0.76,95.24
2025-11-09,Udaipur,24.5854,73.7125,0.0,18.58,50.45,0.75,95.13
2025-11-10,Udaipur,24.5854,73.7125,0.0,18.3,53.09,1.0,95.08
2025-11-11,Udaipur,24.5854,73.7125,0.0,18.75,53.79,0.7,95.17
2025-11-12,Udaipur,24.5854,73.7125,0.0,19.34,52.07,0.64,95.27
2025-11-13,Udaipur,24.5854,73.7125,0.0,19.08,53.31,0.94,95.37
2025-11-14,Udaipur,24.5854,73.7125,0.0,17.37,59.74,1.12,95.34
2025-11-15,Udaipur,24.5854,73.7125,0.0,15.91,59.56,1.37,95.43
2025-11-16,Udaipur,24.5854,73.7125,0.0,15.81,58.55,1.46,95.6
2025-11-17,Udaipur,24.5854,73.7125,0.0,15.99,58.25,1.34,95.5
2025-11-18,Udaipur,24.5854,73.7125,0.0,15.78,59.19,1.36,95.33
2025-11-19,Udaipur,24.5854,73.7125,0.0,16.67,56.93,1.07,95.27
2025-11-20,Udaipur,24.5854,73.7125,0.0,16.55,64.59,1.22,95.34
2025-11-21,Udaipur,24.5854,73.7125,0.0,16.21,69.0,1.15,95.42
2025-11-22,Udaipur,24.5854,73.7125,0.0,17.82,59.96,0.79,95.28
2025-11-23,Udaipur,24.5854,73.7125,0.0,18.44,54.07,0.73,95.23
2025-11-24,Udaipur,24.5854,73.7125,0.0,16.58,72.17,1.4,95.27
2025-11-25,Udaipur,24.5854,73.7125,0.0,17.17,80.79,1.75,95.28
2025-11-26,Udaipur,24.5854,73.7125,0.0,18.01,83.73,1.54,95.24
2025-11-27,Udaipur,24.5854,73.7125,0.0,19.64,85.98,1.52,95.33
2025-11-28,Udaipur,24.5854,73.7125,0.0,19.9,80.61,0.89,95.3
2025-11-29,Udaipur,24.5854,73.7125,0.0,19.42,78.06,0.74,95.2
2025-11-30,Udaipur,24.5854,73.7125,0.0,19.72,70.93,0.73,95.16
2025-12-01,Udaipur,24.5854,73.7125,0.0,19.64,63.9,0.73,95.11
2025-12-02,Udaipur,24.5854,73.7125,0.0,18.73,59.32,0.86,95.1
2025-12-03,Udaipur,24.5854,73.7125,0.0,16.2,73.85,1.77,95.35
2025-12-04,Udaipur,24.5854,73.7125,0.0,15.68,72.32,1.82,95.46
2025-12-05,Udaipur,24.5854,73.7125,0.0,15.47,72.98,1.6,95.57
2025-12-06,Udaipur,24.5854,73.7125,0.0,15.19,63.28,1.7,95.57
2025-12-07,Udaipur,24.5854,73.7125,0.0,17.19,51.49,1.43,95.5
2025-12-08,Udaipur,24.5854,73.7125,0.0,17.83,49.17,1.31,95.5
2025-12-09,Udaipur,24.5854,73.7125,0.0,17.57,47.71,1.39,95.48
2025-12-10,Udaipur,24.5854,73.7125,0.0,18.59,40.93,0.74,95.45
2025-12-11,Udaipur,24.5854,73.7125,0.0,18.24,41.53,0.85,95.37
2025-12-12,Udaipur,24.5854,73.7125,0.0,18.05,44.01,1.2,95.26
2025-12-13,Udaipur,24.5854,73.7125,0.0,18.37,49.17,1.12,95.28
2025-12-14,Udaipur,24.5854,73.7125,0.0,17.42,58.94,1.14,95.36
2025-12-15,Udaipur,24.5854,73.7125,0.0,17.08,66.71,1.19,95.38
2025-12-16,Udaipur,24.5854,73.7125,0.0,15.89,66.57,1.74,95.38
2025-12-17,Udaipur,24.5854,73.7125,0.0,17.06,53.68,1.23,95.45
2025-12-18,Udaipur,24.5854,73.7125,0.0,17.66,47.24,1.03,95.46
2025-12-19,Udaipur,24.5854,73.7125,0.0,18.53,50.21,1.19,95.25
2025-12-20,Udaipur,24.5854,73.7125,0.0,18.65,53.68,0.99,95.1
2025-12-21,Udaipur,24.5854,73.7125,0.0,17.1,57.52,1.46,95.21
2025-12-22,Udaipur,24.5854,73.7125,0.0,18.07,54.94,1.09,95.26
2025-12-23,Udaipur,24.5854,73.7125,0.0,18.45,55.05,1.2,95.23
2025-12-24,Udaipur,24.5854,73.7125,0.0,16.04,60.21,1.39,95.21
2025-12-25,Udaipur,24.5854,73.7125,0.0,15.8,61.16,1.2,95.2
2025-12-26,Udaipur,24.5854,73.7125,0.0,14.9,63.2,1.37,95.22
2025-12-27,Udaipur,24.5854,73.7125,0.0,15.04,58.3,1.3,95.23
2025-12-28,Udaipur,24.5854,73.7125,0.0,15.73,55.42,1.37,95.27
2025-12-29,Udaipur,24.5854,73.7125,0.0,16.71,56.06,1.18,95.23
2025-12-30,Udaipur,24.5854,73.7125,0.0,16.23,60.27,1.42,95.05
2025-12-31,Udaipur,24.5854,73.7125,0.19,16.51,65.95,1.74,94.84
